2026-05-29 15:44:42.060 [   DEBUG] (         protocol.py: 363) Exception caught
Traceback (most recent call last):
  File "C:\Users\awsch\miniconda3\envs\nsp\Lib\site-packages\rpyc\core\protocol.py", line 356, in _dispatch_request
    res = self._HANDLERS[handler](self, *args)
          ^^^^^^^^^^^^^^^^^^^^^^^^^^^^^^^^^^^^
  File "C:\Users\awsch\miniconda3\envs\nsp\Lib\site-packages\rpyc\core\protocol.py", line 853, in _handle_getattr
    return self._access_attr(obj, name, (), "_rpyc_getattr", "allow_getattr", getattr)
           ^^^^^^^^^^^^^^^^^^^^^^^^^^^^^^^^^^^^^^^^^^^^^^^^^^^^^^^^^^^^^^^^^^^^^^^^^^^
  File "C:\Users\awsch\miniconda3\envs\nsp\Lib\site-packages\rpyc\core\protocol.py", line 781, in _access_attr
    return accessor(obj, name, *args)
           ^^^^^^^^^^^^^^^^^^^^^^^^^^
AttributeError: 'list' object has no attribute '__array__'
2026-05-29 15:44:42.152 [   DEBUG] (         protocol.py: 363) Exception caught
Traceback (most recent call last):
  File "C:\Users\awsch\miniconda3\envs\nsp\Lib\site-packages\rpyc\core\protocol.py", line 356, in _dispatch_request
    res = self._HANDLERS[handler](self, *args)
          ^^^^^^^^^^^^^^^^^^^^^^^^^^^^^^^^^^^^
  File "C:\Users\awsch\miniconda3\envs\nsp\Lib\site-packages\rpyc\core\protocol.py", line 853, in _handle_getattr
    return self._access_attr(obj, name, (), "_rpyc_getattr", "allow_getattr", getattr)
           ^^^^^^^^^^^^^^^^^^^^^^^^^^^^^^^^^^^^^^^^^^^^^^^^^^^^^^^^^^^^^^^^^^^^^^^^^^^
  File "C:\Users\awsch\miniconda3\envs\nsp\Lib\site-packages\rpyc\core\protocol.py", line 781, in _access_attr
    return accessor(obj, name, *args)
           ^^^^^^^^^^^^^^^^^^^^^^^^^^
AttributeError: 'list' object has no attribute '__array_wrap__'
2026-05-29 15:44:42.153 [   DEBUG] (         protocol.py: 363) Exception caught
Traceback (most recent call last):
  File "C:\Users\awsch\miniconda3\envs\nsp\Lib\site-packages\rpyc\core\protocol.py", line 356, in _dispatch_request
    res = self._HANDLERS[handler](self, *args)
          ^^^^^^^^^^^^^^^^^^^^^^^^^^^^^^^^^^^^
  File "C:\Users\awsch\miniconda3\envs\nsp\Lib\site-packages\rpyc\core\protocol.py", line 853, in _handle_getattr
    return self._access_attr(obj, name, (), "_rpyc_getattr", "allow_getattr", getattr)
           ^^^^^^^^^^^^^^^^^^^^^^^^^^^^^^^^^^^^^^^^^^^^^^^^^^^^^^^^^^^^^^^^^^^^^^^^^^^
  File "C:\Users\awsch\miniconda3\envs\nsp\Lib\site-packages\rpyc\core\protocol.py", line 781, in _access_attr
    return accessor(obj, name, *args)
           ^^^^^^^^^^^^^^^^^^^^^^^^^^
AttributeError: 'list' object has no attribute '__array_wrap__'
2026-05-29 15:44:42.154 [   DEBUG] (         protocol.py: 363) Exception caught
Traceback (most recent call last):
  File "C:\Users\awsch\miniconda3\envs\nsp\Lib\site-packages\rpyc\core\protocol.py", line 356, in _dispatch_request
    res = self._HANDLERS[handler](self, *args)
          ^^^^^^^^^^^^^^^^^^^^^^^^^^^^^^^^^^^^
  File "C:\Users\awsch\miniconda3\envs\nsp\Lib\site-packages\rpyc\core\protocol.py", line 853, in _handle_getattr
    return self._access_attr(obj, name, (), "_rpyc_getattr", "allow_getattr", getattr)
           ^^^^^^^^^^^^^^^^^^^^^^^^^^^^^^^^^^^^^^^^^^^^^^^^^^^^^^^^^^^^^^^^^^^^^^^^^^^
  File "C:\Users\awsch\miniconda3\envs\nsp\Lib\site-packages\rpyc\core\protocol.py", line 781, in _access_attr
    return accessor(obj, name, *args)
           ^^^^^^^^^^^^^^^^^^^^^^^^^^
AttributeError: 'list' object has no attribute 'sum'
2026-05-29 15:44:42.155 [   DEBUG] (         protocol.py: 363) Exception caught
Traceback (most recent call last):
  File "C:\Users\awsch\miniconda3\envs\nsp\Lib\site-packages\rpyc\core\protocol.py", line 356, in _dispatch_request
    res = self._HANDLERS[handler](self, *args)
          ^^^^^^^^^^^^^^^^^^^^^^^^^^^^^^^^^^^^
  File "C:\Users\awsch\miniconda3\envs\nsp\Lib\site-packages\rpyc\core\protocol.py", line 853, in _handle_getattr
    return self._access_attr(obj, name, (), "_rpyc_getattr", "allow_getattr", getattr)
           ^^^^^^^^^^^^^^^^^^^^^^^^^^^^^^^^^^^^^^^^^^^^^^^^^^^^^^^^^^^^^^^^^^^^^^^^^^^
  File "C:\Users\awsch\miniconda3\envs\nsp\Lib\site-packages\rpyc\core\protocol.py", line 781, in _access_attr
    return accessor(obj, name, *args)
           ^^^^^^^^^^^^^^^^^^^^^^^^^^
AttributeError: 'list' object has no attribute 'sum'
2026-05-29 15:44:42.156 [   DEBUG] (         protocol.py: 363) Exception caught
Traceback (most recent call last):
  File "C:\Users\awsch\miniconda3\envs\nsp\Lib\site-packages\rpyc\core\protocol.py", line 356, in _dispatch_request
    res = self._HANDLERS[handler](self, *args)
          ^^^^^^^^^^^^^^^^^^^^^^^^^^^^^^^^^^^^
  File "C:\Users\awsch\miniconda3\envs\nsp\Lib\site-packages\rpyc\core\protocol.py", line 853, in _handle_getattr
    return self._access_attr(obj, name, (), "_rpyc_getattr", "allow_getattr", getattr)
           ^^^^^^^^^^^^^^^^^^^^^^^^^^^^^^^^^^^^^^^^^^^^^^^^^^^^^^^^^^^^^^^^^^^^^^^^^^^
  File "C:\Users\awsch\miniconda3\envs\nsp\Lib\site-packages\rpyc\core\protocol.py", line 781, in _access_attr
    return accessor(obj, name, *args)
           ^^^^^^^^^^^^^^^^^^^^^^^^^^
AttributeError: 'list' object has no attribute '__array__'
2026-05-29 15:44:42.174 [   DEBUG] (         protocol.py: 363) Exception caught
Traceback (most recent call last):
  File "C:\Users\awsch\miniconda3\envs\nsp\Lib\site-packages\rpyc\core\protocol.py", line 356, in _dispatch_request
    res = self._HANDLERS[handler](self, *args)
          ^^^^^^^^^^^^^^^^^^^^^^^^^^^^^^^^^^^^
  File "C:\Users\awsch\miniconda3\envs\nsp\Lib\site-packages\rpyc\core\protocol.py", line 853, in _handle_getattr
    return self._access_attr(obj, name, (), "_rpyc_getattr", "allow_getattr", getattr)
           ^^^^^^^^^^^^^^^^^^^^^^^^^^^^^^^^^^^^^^^^^^^^^^^^^^^^^^^^^^^^^^^^^^^^^^^^^^^
  File "C:\Users\awsch\miniconda3\envs\nsp\Lib\site-packages\rpyc\core\protocol.py", line 781, in _access_attr
    return accessor(obj, name, *args)
           ^^^^^^^^^^^^^^^^^^^^^^^^^^
AttributeError: 'list' object has no attribute '__array_wrap__'
2026-05-29 15:44:42.175 [   DEBUG] (         protocol.py: 363) Exception caught
Traceback (most recent call last):
  File "C:\Users\awsch\miniconda3\envs\nsp\Lib\site-packages\rpyc\core\protocol.py", line 356, in _dispatch_request
    res = self._HANDLERS[handler](self, *args)
          ^^^^^^^^^^^^^^^^^^^^^^^^^^^^^^^^^^^^
  File "C:\Users\awsch\miniconda3\envs\nsp\Lib\site-packages\rpyc\core\protocol.py", line 853, in _handle_getattr
    return self._access_attr(obj, name, (), "_rpyc_getattr", "allow_getattr", getattr)
           ^^^^^^^^^^^^^^^^^^^^^^^^^^^^^^^^^^^^^^^^^^^^^^^^^^^^^^^^^^^^^^^^^^^^^^^^^^^
  File "C:\Users\awsch\miniconda3\envs\nsp\Lib\site-packages\rpyc\core\protocol.py", line 781, in _access_attr
    return accessor(obj, name, *args)
           ^^^^^^^^^^^^^^^^^^^^^^^^^^
AttributeError: 'list' object has no attribute '__array_wrap__'
2026-05-29 15:44:42.177 [   DEBUG] (        highlevel.py: 186) viWrite(1, b'MEAS:POWER?\r\n', 13, 'c_ulong(13)') -> 0
2026-05-29 15:44:42.178 [   DEBUG] (     messagebased.py: 435) USB0::0x1313::0x8072::1916964::0::INSTR - reading 20480 bytes (last status <StatusCode.success_max_count_read: 1073676294>)
2026-05-29 15:44:42.180 [   DEBUG] (        highlevel.py: 186) viRead(1, <ctypes.c_char_Array_20480 object at 0x000001E05E506150>, 20480, 'c_ulong(15)') -> 0
2026-05-29 15:44:42.186 [   DEBUG] (        highlevel.py: 186) viWrite(2, b'FREQ 9680000000.00\r\n', 20, 'c_ulong(20)') -> 0
2026-05-29 15:44:43.264 [   DEBUG] (         protocol.py: 363) Exception caught
Traceback (most recent call last):
  File "C:\Users\awsch\miniconda3\envs\nsp\Lib\site-packages\rpyc\core\protocol.py", line 356, in _dispatch_request
    res = self._HANDLERS[handler](self, *args)
          ^^^^^^^^^^^^^^^^^^^^^^^^^^^^^^^^^^^^
  File "C:\Users\awsch\miniconda3\envs\nsp\Lib\site-packages\rpyc\core\protocol.py", line 853, in _handle_getattr
    return self._access_attr(obj, name, (), "_rpyc_getattr", "allow_getattr", getattr)
           ^^^^^^^^^^^^^^^^^^^^^^^^^^^^^^^^^^^^^^^^^^^^^^^^^^^^^^^^^^^^^^^^^^^^^^^^^^^
  File "C:\Users\awsch\miniconda3\envs\nsp\Lib\site-packages\rpyc\core\protocol.py", line 781, in _access_attr
    return accessor(obj, name, *args)
           ^^^^^^^^^^^^^^^^^^^^^^^^^^
AttributeError: 'list' object has no attribute 'sum'
2026-05-29 15:44:43.267 [   DEBUG] (         protocol.py: 363) Exception caught
Traceback (most recent call last):
  File "C:\Users\awsch\miniconda3\envs\nsp\Lib\site-packages\rpyc\core\protocol.py", line 356, in _dispatch_request
    res = self._HANDLERS[handler](self, *args)
          ^^^^^^^^^^^^^^^^^^^^^^^^^^^^^^^^^^^^
  File "C:\Users\awsch\miniconda3\envs\nsp\Lib\site-packages\rpyc\core\protocol.py", line 853, in _handle_getattr
    return self._access_attr(obj, name, (), "_rpyc_getattr", "allow_getattr", getattr)
           ^^^^^^^^^^^^^^^^^^^^^^^^^^^^^^^^^^^^^^^^^^^^^^^^^^^^^^^^^^^^^^^^^^^^^^^^^^^
  File "C:\Users\awsch\miniconda3\envs\nsp\Lib\site-packages\rpyc\core\protocol.py", line 781, in _access_attr
    return accessor(obj, name, *args)
           ^^^^^^^^^^^^^^^^^^^^^^^^^^
AttributeError: 'list' object has no attribute 'sum'
2026-05-29 15:44:43.269 [   DEBUG] (         protocol.py: 363) Exception caught
Traceback (most recent call last):
  File "C:\Users\awsch\miniconda3\envs\nsp\Lib\site-packages\rpyc\core\protocol.py", line 356, in _dispatch_request
    res = self._HANDLERS[handler](self, *args)
          ^^^^^^^^^^^^^^^^^^^^^^^^^^^^^^^^^^^^
  File "C:\Users\awsch\miniconda3\envs\nsp\Lib\site-packages\rpyc\core\protocol.py", line 853, in _handle_getattr
    return self._access_attr(obj, name, (), "_rpyc_getattr", "allow_getattr", getattr)
           ^^^^^^^^^^^^^^^^^^^^^^^^^^^^^^^^^^^^^^^^^^^^^^^^^^^^^^^^^^^^^^^^^^^^^^^^^^^
  File "C:\Users\awsch\miniconda3\envs\nsp\Lib\site-packages\rpyc\core\protocol.py", line 781, in _access_attr
    return accessor(obj, name, *args)
           ^^^^^^^^^^^^^^^^^^^^^^^^^^
AttributeError: 'list' object has no attribute '__array__'
2026-05-29 15:44:43.297 [   DEBUG] (         protocol.py: 363) Exception caught
Traceback (most recent call last):
  File "C:\Users\awsch\miniconda3\envs\nsp\Lib\site-packages\rpyc\core\protocol.py", line 356, in _dispatch_request
    res = self._HANDLERS[handler](self, *args)
          ^^^^^^^^^^^^^^^^^^^^^^^^^^^^^^^^^^^^
  File "C:\Users\awsch\miniconda3\envs\nsp\Lib\site-packages\rpyc\core\protocol.py", line 853, in _handle_getattr
    return self._access_attr(obj, name, (), "_rpyc_getattr", "allow_getattr", getattr)
           ^^^^^^^^^^^^^^^^^^^^^^^^^^^^^^^^^^^^^^^^^^^^^^^^^^^^^^^^^^^^^^^^^^^^^^^^^^^
  File "C:\Users\awsch\miniconda3\envs\nsp\Lib\site-packages\rpyc\core\protocol.py", line 781, in _access_attr
    return accessor(obj, name, *args)
           ^^^^^^^^^^^^^^^^^^^^^^^^^^
AttributeError: 'list' object has no attribute '__array_wrap__'
2026-05-29 15:44:43.299 [   DEBUG] (         protocol.py: 363) Exception caught
Traceback (most recent call last):
  File "C:\Users\awsch\miniconda3\envs\nsp\Lib\site-packages\rpyc\core\protocol.py", line 356, in _dispatch_request
    res = self._HANDLERS[handler](self, *args)
          ^^^^^^^^^^^^^^^^^^^^^^^^^^^^^^^^^^^^
  File "C:\Users\awsch\miniconda3\envs\nsp\Lib\site-packages\rpyc\core\protocol.py", line 853, in _handle_getattr
    return self._access_attr(obj, name, (), "_rpyc_getattr", "allow_getattr", getattr)
           ^^^^^^^^^^^^^^^^^^^^^^^^^^^^^^^^^^^^^^^^^^^^^^^^^^^^^^^^^^^^^^^^^^^^^^^^^^^
  File "C:\Users\awsch\miniconda3\envs\nsp\Lib\site-packages\rpyc\core\protocol.py", line 781, in _access_attr
    return accessor(obj, name, *args)
           ^^^^^^^^^^^^^^^^^^^^^^^^^^
AttributeError: 'list' object has no attribute '__array_wrap__'
2026-05-29 15:44:43.300 [   DEBUG] (         protocol.py: 363) Exception caught
Traceback (most recent call last):
  File "C:\Users\awsch\miniconda3\envs\nsp\Lib\site-packages\rpyc\core\protocol.py", line 356, in _dispatch_request
    res = self._HANDLERS[handler](self, *args)
          ^^^^^^^^^^^^^^^^^^^^^^^^^^^^^^^^^^^^
  File "C:\Users\awsch\miniconda3\envs\nsp\Lib\site-packages\rpyc\core\protocol.py", line 853, in _handle_getattr
    return self._access_attr(obj, name, (), "_rpyc_getattr", "allow_getattr", getattr)
           ^^^^^^^^^^^^^^^^^^^^^^^^^^^^^^^^^^^^^^^^^^^^^^^^^^^^^^^^^^^^^^^^^^^^^^^^^^^
  File "C:\Users\awsch\miniconda3\envs\nsp\Lib\site-packages\rpyc\core\protocol.py", line 781, in _access_attr
    return accessor(obj, name, *args)
           ^^^^^^^^^^^^^^^^^^^^^^^^^^
AttributeError: 'list' object has no attribute 'sum'
2026-05-29 15:44:43.301 [   DEBUG] (         protocol.py: 363) Exception caught
Traceback (most recent call last):
  File "C:\Users\awsch\miniconda3\envs\nsp\Lib\site-packages\rpyc\core\protocol.py", line 356, in _dispatch_request
    res = self._HANDLERS[handler](self, *args)
          ^^^^^^^^^^^^^^^^^^^^^^^^^^^^^^^^^^^^
  File "C:\Users\awsch\miniconda3\envs\nsp\Lib\site-packages\rpyc\core\protocol.py", line 853, in _handle_getattr
    return self._access_attr(obj, name, (), "_rpyc_getattr", "allow_getattr", getattr)
           ^^^^^^^^^^^^^^^^^^^^^^^^^^^^^^^^^^^^^^^^^^^^^^^^^^^^^^^^^^^^^^^^^^^^^^^^^^^
  File "C:\Users\awsch\miniconda3\envs\nsp\Lib\site-packages\rpyc\core\protocol.py", line 781, in _access_attr
    return accessor(obj, name, *args)
           ^^^^^^^^^^^^^^^^^^^^^^^^^^
AttributeError: 'list' object has no attribute 'sum'
2026-05-29 15:44:43.302 [   DEBUG] (         protocol.py: 363) Exception caught
Traceback (most recent call last):
  File "C:\Users\awsch\miniconda3\envs\nsp\Lib\site-packages\rpyc\core\protocol.py", line 356, in _dispatch_request
    res = self._HANDLERS[handler](self, *args)
          ^^^^^^^^^^^^^^^^^^^^^^^^^^^^^^^^^^^^
  File "C:\Users\awsch\miniconda3\envs\nsp\Lib\site-packages\rpyc\core\protocol.py", line 853, in _handle_getattr
    return self._access_attr(obj, name, (), "_rpyc_getattr", "allow_getattr", getattr)
           ^^^^^^^^^^^^^^^^^^^^^^^^^^^^^^^^^^^^^^^^^^^^^^^^^^^^^^^^^^^^^^^^^^^^^^^^^^^
  File "C:\Users\awsch\miniconda3\envs\nsp\Lib\site-packages\rpyc\core\protocol.py", line 781, in _access_attr
    return accessor(obj, name, *args)
           ^^^^^^^^^^^^^^^^^^^^^^^^^^
AttributeError: 'list' object has no attribute '__array__'
2026-05-29 15:44:43.320 [   DEBUG] (         protocol.py: 363) Exception caught
Traceback (most recent call last):
  File "C:\Users\awsch\miniconda3\envs\nsp\Lib\site-packages\rpyc\core\protocol.py", line 356, in _dispatch_request
    res = self._HANDLERS[handler](self, *args)
          ^^^^^^^^^^^^^^^^^^^^^^^^^^^^^^^^^^^^
  File "C:\Users\awsch\miniconda3\envs\nsp\Lib\site-packages\rpyc\core\protocol.py", line 853, in _handle_getattr
    return self._access_attr(obj, name, (), "_rpyc_getattr", "allow_getattr", getattr)
           ^^^^^^^^^^^^^^^^^^^^^^^^^^^^^^^^^^^^^^^^^^^^^^^^^^^^^^^^^^^^^^^^^^^^^^^^^^^
  File "C:\Users\awsch\miniconda3\envs\nsp\Lib\site-packages\rpyc\core\protocol.py", line 781, in _access_attr
    return accessor(obj, name, *args)
           ^^^^^^^^^^^^^^^^^^^^^^^^^^
AttributeError: 'list' object has no attribute '__array_wrap__'
2026-05-29 15:44:43.321 [   DEBUG] (         protocol.py: 363) Exception caught
Traceback (most recent call last):
  File "C:\Users\awsch\miniconda3\envs\nsp\Lib\site-packages\rpyc\core\protocol.py", line 356, in _dispatch_request
    res = self._HANDLERS[handler](self, *args)
          ^^^^^^^^^^^^^^^^^^^^^^^^^^^^^^^^^^^^
  File "C:\Users\awsch\miniconda3\envs\nsp\Lib\site-packages\rpyc\core\protocol.py", line 853, in _handle_getattr
    return self._access_attr(obj, name, (), "_rpyc_getattr", "allow_getattr", getattr)
           ^^^^^^^^^^^^^^^^^^^^^^^^^^^^^^^^^^^^^^^^^^^^^^^^^^^^^^^^^^^^^^^^^^^^^^^^^^^
  File "C:\Users\awsch\miniconda3\envs\nsp\Lib\site-packages\rpyc\core\protocol.py", line 781, in _access_attr
    return accessor(obj, name, *args)
           ^^^^^^^^^^^^^^^^^^^^^^^^^^
AttributeError: 'list' object has no attribute '__array_wrap__'
2026-05-29 15:44:43.323 [   DEBUG] (        highlevel.py: 186) viWrite(1, b'MEAS:POWER?\r\n', 13, 'c_ulong(13)') -> 0
2026-05-29 15:44:43.323 [   DEBUG] (     messagebased.py: 435) USB0::0x1313::0x8072::1916964::0::INSTR - reading 20480 bytes (last status <StatusCode.success_max_count_read: 1073676294>)
2026-05-29 15:44:43.326 [   DEBUG] (        highlevel.py: 186) viRead(1, <ctypes.c_char_Array_20480 object at 0x000001E05EA4EF50>, 20480, 'c_ulong(15)') -> 0
2026-05-29 15:44:43.332 [   DEBUG] (        highlevel.py: 186) viWrite(2, b'FREQ 9690000000.00\r\n', 20, 'c_ulong(20)') -> 0
2026-05-29 15:44:44.421 [   DEBUG] (         protocol.py: 363) Exception caught
Traceback (most recent call last):
  File "C:\Users\awsch\miniconda3\envs\nsp\Lib\site-packages\rpyc\core\protocol.py", line 356, in _dispatch_request
    res = self._HANDLERS[handler](self, *args)
          ^^^^^^^^^^^^^^^^^^^^^^^^^^^^^^^^^^^^
  File "C:\Users\awsch\miniconda3\envs\nsp\Lib\site-packages\rpyc\core\protocol.py", line 853, in _handle_getattr
    return self._access_attr(obj, name, (), "_rpyc_getattr", "allow_getattr", getattr)
           ^^^^^^^^^^^^^^^^^^^^^^^^^^^^^^^^^^^^^^^^^^^^^^^^^^^^^^^^^^^^^^^^^^^^^^^^^^^
  File "C:\Users\awsch\miniconda3\envs\nsp\Lib\site-packages\rpyc\core\protocol.py", line 781, in _access_attr
    return accessor(obj, name, *args)
           ^^^^^^^^^^^^^^^^^^^^^^^^^^
AttributeError: 'list' object has no attribute 'sum'
2026-05-29 15:44:44.422 [   DEBUG] (         protocol.py: 363) Exception caught
Traceback (most recent call last):
  File "C:\Users\awsch\miniconda3\envs\nsp\Lib\site-packages\rpyc\core\protocol.py", line 356, in _dispatch_request
    res = self._HANDLERS[handler](self, *args)
          ^^^^^^^^^^^^^^^^^^^^^^^^^^^^^^^^^^^^
  File "C:\Users\awsch\miniconda3\envs\nsp\Lib\site-packages\rpyc\core\protocol.py", line 853, in _handle_getattr
    return self._access_attr(obj, name, (), "_rpyc_getattr", "allow_getattr", getattr)
           ^^^^^^^^^^^^^^^^^^^^^^^^^^^^^^^^^^^^^^^^^^^^^^^^^^^^^^^^^^^^^^^^^^^^^^^^^^^
  File "C:\Users\awsch\miniconda3\envs\nsp\Lib\site-packages\rpyc\core\protocol.py", line 781, in _access_attr
    return accessor(obj, name, *args)
           ^^^^^^^^^^^^^^^^^^^^^^^^^^
AttributeError: 'list' object has no attribute 'sum'
2026-05-29 15:44:44.423 [   DEBUG] (         protocol.py: 363) Exception caught
Traceback (most recent call last):
  File "C:\Users\awsch\miniconda3\envs\nsp\Lib\site-packages\rpyc\core\protocol.py", line 356, in _dispatch_request
    res = self._HANDLERS[handler](self, *args)
          ^^^^^^^^^^^^^^^^^^^^^^^^^^^^^^^^^^^^
  File "C:\Users\awsch\miniconda3\envs\nsp\Lib\site-packages\rpyc\core\protocol.py", line 853, in _handle_getattr
    return self._access_attr(obj, name, (), "_rpyc_getattr", "allow_getattr", getattr)
           ^^^^^^^^^^^^^^^^^^^^^^^^^^^^^^^^^^^^^^^^^^^^^^^^^^^^^^^^^^^^^^^^^^^^^^^^^^^
  File "C:\Users\awsch\miniconda3\envs\nsp\Lib\site-packages\rpyc\core\protocol.py", line 781, in _access_attr
    return accessor(obj, name, *args)
           ^^^^^^^^^^^^^^^^^^^^^^^^^^
AttributeError: 'list' object has no attribute '__array__'
2026-05-29 15:44:44.440 [   DEBUG] (         protocol.py: 363) Exception caught
Traceback (most recent call last):
  File "C:\Users\awsch\miniconda3\envs\nsp\Lib\site-packages\rpyc\core\protocol.py", line 356, in _dispatch_request
    res = self._HANDLERS[handler](self, *args)
          ^^^^^^^^^^^^^^^^^^^^^^^^^^^^^^^^^^^^
  File "C:\Users\awsch\miniconda3\envs\nsp\Lib\site-packages\rpyc\core\protocol.py", line 853, in _handle_getattr
    return self._access_attr(obj, name, (), "_rpyc_getattr", "allow_getattr", getattr)
           ^^^^^^^^^^^^^^^^^^^^^^^^^^^^^^^^^^^^^^^^^^^^^^^^^^^^^^^^^^^^^^^^^^^^^^^^^^^
  File "C:\Users\awsch\miniconda3\envs\nsp\Lib\site-packages\rpyc\core\protocol.py", line 781, in _access_attr
    return accessor(obj, name, *args)
           ^^^^^^^^^^^^^^^^^^^^^^^^^^
AttributeError: 'list' object has no attribute '__array_wrap__'
2026-05-29 15:44:44.441 [   DEBUG] (         protocol.py: 363) Exception caught
Traceback (most recent call last):
  File "C:\Users\awsch\miniconda3\envs\nsp\Lib\site-packages\rpyc\core\protocol.py", line 356, in _dispatch_request
    res = self._HANDLERS[handler](self, *args)
          ^^^^^^^^^^^^^^^^^^^^^^^^^^^^^^^^^^^^
  File "C:\Users\awsch\miniconda3\envs\nsp\Lib\site-packages\rpyc\core\protocol.py", line 853, in _handle_getattr
    return self._access_attr(obj, name, (), "_rpyc_getattr", "allow_getattr", getattr)
           ^^^^^^^^^^^^^^^^^^^^^^^^^^^^^^^^^^^^^^^^^^^^^^^^^^^^^^^^^^^^^^^^^^^^^^^^^^^
  File "C:\Users\awsch\miniconda3\envs\nsp\Lib\site-packages\rpyc\core\protocol.py", line 781, in _access_attr
    return accessor(obj, name, *args)
           ^^^^^^^^^^^^^^^^^^^^^^^^^^
AttributeError: 'list' object has no attribute '__array_wrap__'
2026-05-29 15:44:44.442 [   DEBUG] (         protocol.py: 363) Exception caught
Traceback (most recent call last):
  File "C:\Users\awsch\miniconda3\envs\nsp\Lib\site-packages\rpyc\core\protocol.py", line 356, in _dispatch_request
    res = self._HANDLERS[handler](self, *args)
          ^^^^^^^^^^^^^^^^^^^^^^^^^^^^^^^^^^^^
  File "C:\Users\awsch\miniconda3\envs\nsp\Lib\site-packages\rpyc\core\protocol.py", line 853, in _handle_getattr
    return self._access_attr(obj, name, (), "_rpyc_getattr", "allow_getattr", getattr)
           ^^^^^^^^^^^^^^^^^^^^^^^^^^^^^^^^^^^^^^^^^^^^^^^^^^^^^^^^^^^^^^^^^^^^^^^^^^^
  File "C:\Users\awsch\miniconda3\envs\nsp\Lib\site-packages\rpyc\core\protocol.py", line 781, in _access_attr
    return accessor(obj, name, *args)
           ^^^^^^^^^^^^^^^^^^^^^^^^^^
AttributeError: 'list' object has no attribute 'sum'
2026-05-29 15:44:44.443 [   DEBUG] (         protocol.py: 363) Exception caught
Traceback (most recent call last):
  File "C:\Users\awsch\miniconda3\envs\nsp\Lib\site-packages\rpyc\core\protocol.py", line 356, in _dispatch_request
    res = self._HANDLERS[handler](self, *args)
          ^^^^^^^^^^^^^^^^^^^^^^^^^^^^^^^^^^^^
  File "C:\Users\awsch\miniconda3\envs\nsp\Lib\site-packages\rpyc\core\protocol.py", line 853, in _handle_getattr
    return self._access_attr(obj, name, (), "_rpyc_getattr", "allow_getattr", getattr)
           ^^^^^^^^^^^^^^^^^^^^^^^^^^^^^^^^^^^^^^^^^^^^^^^^^^^^^^^^^^^^^^^^^^^^^^^^^^^
  File "C:\Users\awsch\miniconda3\envs\nsp\Lib\site-packages\rpyc\core\protocol.py", line 781, in _access_attr
    return accessor(obj, name, *args)
           ^^^^^^^^^^^^^^^^^^^^^^^^^^
AttributeError: 'list' object has no attribute 'sum'
2026-05-29 15:44:44.444 [   DEBUG] (         protocol.py: 363) Exception caught
Traceback (most recent call last):
  File "C:\Users\awsch\miniconda3\envs\nsp\Lib\site-packages\rpyc\core\protocol.py", line 356, in _dispatch_request
    res = self._HANDLERS[handler](self, *args)
          ^^^^^^^^^^^^^^^^^^^^^^^^^^^^^^^^^^^^
  File "C:\Users\awsch\miniconda3\envs\nsp\Lib\site-packages\rpyc\core\protocol.py", line 853, in _handle_getattr
    return self._access_attr(obj, name, (), "_rpyc_getattr", "allow_getattr", getattr)
           ^^^^^^^^^^^^^^^^^^^^^^^^^^^^^^^^^^^^^^^^^^^^^^^^^^^^^^^^^^^^^^^^^^^^^^^^^^^
  File "C:\Users\awsch\miniconda3\envs\nsp\Lib\site-packages\rpyc\core\protocol.py", line 781, in _access_attr
    return accessor(obj, name, *args)
           ^^^^^^^^^^^^^^^^^^^^^^^^^^
AttributeError: 'list' object has no attribute '__array__'
2026-05-29 15:44:44.461 [   DEBUG] (         protocol.py: 363) Exception caught
Traceback (most recent call last):
  File "C:\Users\awsch\miniconda3\envs\nsp\Lib\site-packages\rpyc\core\protocol.py", line 356, in _dispatch_request
    res = self._HANDLERS[handler](self, *args)
          ^^^^^^^^^^^^^^^^^^^^^^^^^^^^^^^^^^^^
  File "C:\Users\awsch\miniconda3\envs\nsp\Lib\site-packages\rpyc\core\protocol.py", line 853, in _handle_getattr
    return self._access_attr(obj, name, (), "_rpyc_getattr", "allow_getattr", getattr)
           ^^^^^^^^^^^^^^^^^^^^^^^^^^^^^^^^^^^^^^^^^^^^^^^^^^^^^^^^^^^^^^^^^^^^^^^^^^^
  File "C:\Users\awsch\miniconda3\envs\nsp\Lib\site-packages\rpyc\core\protocol.py", line 781, in _access_attr
    return accessor(obj, name, *args)
           ^^^^^^^^^^^^^^^^^^^^^^^^^^
AttributeError: 'list' object has no attribute '__array_wrap__'
2026-05-29 15:44:44.463 [   DEBUG] (         protocol.py: 363) Exception caught
Traceback (most recent call last):
  File "C:\Users\awsch\miniconda3\envs\nsp\Lib\site-packages\rpyc\core\protocol.py", line 356, in _dispatch_request
    res = self._HANDLERS[handler](self, *args)
          ^^^^^^^^^^^^^^^^^^^^^^^^^^^^^^^^^^^^
  File "C:\Users\awsch\miniconda3\envs\nsp\Lib\site-packages\rpyc\core\protocol.py", line 853, in _handle_getattr
    return self._access_attr(obj, name, (), "_rpyc_getattr", "allow_getattr", getattr)
           ^^^^^^^^^^^^^^^^^^^^^^^^^^^^^^^^^^^^^^^^^^^^^^^^^^^^^^^^^^^^^^^^^^^^^^^^^^^
  File "C:\Users\awsch\miniconda3\envs\nsp\Lib\site-packages\rpyc\core\protocol.py", line 781, in _access_attr
    return accessor(obj, name, *args)
           ^^^^^^^^^^^^^^^^^^^^^^^^^^
AttributeError: 'list' object has no attribute '__array_wrap__'
2026-05-29 15:44:44.465 [   DEBUG] (        highlevel.py: 186) viWrite(1, b'MEAS:POWER?\r\n', 13, 'c_ulong(13)') -> 0
2026-05-29 15:44:44.465 [   DEBUG] (     messagebased.py: 435) USB0::0x1313::0x8072::1916964::0::INSTR - reading 20480 bytes (last status <StatusCode.success_max_count_read: 1073676294>)
2026-05-29 15:44:44.468 [   DEBUG] (        highlevel.py: 186) viRead(1, <ctypes.c_char_Array_20480 object at 0x000001E05EA4EF50>, 20480, 'c_ulong(15)') -> 0
2026-05-29 15:44:44.474 [   DEBUG] (        highlevel.py: 186) viWrite(2, b'FREQ 9700000000.00\r\n', 20, 'c_ulong(20)') -> 0
2026-05-29 15:44:45.555 [   DEBUG] (         protocol.py: 363) Exception caught
Traceback (most recent call last):
  File "C:\Users\awsch\miniconda3\envs\nsp\Lib\site-packages\rpyc\core\protocol.py", line 356, in _dispatch_request
    res = self._HANDLERS[handler](self, *args)
          ^^^^^^^^^^^^^^^^^^^^^^^^^^^^^^^^^^^^
  File "C:\Users\awsch\miniconda3\envs\nsp\Lib\site-packages\rpyc\core\protocol.py", line 853, in _handle_getattr
    return self._access_attr(obj, name, (), "_rpyc_getattr", "allow_getattr", getattr)
           ^^^^^^^^^^^^^^^^^^^^^^^^^^^^^^^^^^^^^^^^^^^^^^^^^^^^^^^^^^^^^^^^^^^^^^^^^^^
  File "C:\Users\awsch\miniconda3\envs\nsp\Lib\site-packages\rpyc\core\protocol.py", line 781, in _access_attr
    return accessor(obj, name, *args)
           ^^^^^^^^^^^^^^^^^^^^^^^^^^
AttributeError: 'list' object has no attribute 'sum'
2026-05-29 15:44:45.556 [   DEBUG] (         protocol.py: 363) Exception caught
Traceback (most recent call last):
  File "C:\Users\awsch\miniconda3\envs\nsp\Lib\site-packages\rpyc\core\protocol.py", line 356, in _dispatch_request
    res = self._HANDLERS[handler](self, *args)
          ^^^^^^^^^^^^^^^^^^^^^^^^^^^^^^^^^^^^
  File "C:\Users\awsch\miniconda3\envs\nsp\Lib\site-packages\rpyc\core\protocol.py", line 853, in _handle_getattr
    return self._access_attr(obj, name, (), "_rpyc_getattr", "allow_getattr", getattr)
           ^^^^^^^^^^^^^^^^^^^^^^^^^^^^^^^^^^^^^^^^^^^^^^^^^^^^^^^^^^^^^^^^^^^^^^^^^^^
  File "C:\Users\awsch\miniconda3\envs\nsp\Lib\site-packages\rpyc\core\protocol.py", line 781, in _access_attr
    return accessor(obj, name, *args)
           ^^^^^^^^^^^^^^^^^^^^^^^^^^
AttributeError: 'list' object has no attribute 'sum'
2026-05-29 15:44:45.557 [   DEBUG] (         protocol.py: 363) Exception caught
Traceback (most recent call last):
  File "C:\Users\awsch\miniconda3\envs\nsp\Lib\site-packages\rpyc\core\protocol.py", line 356, in _dispatch_request
    res = self._HANDLERS[handler](self, *args)
          ^^^^^^^^^^^^^^^^^^^^^^^^^^^^^^^^^^^^
  File "C:\Users\awsch\miniconda3\envs\nsp\Lib\site-packages\rpyc\core\protocol.py", line 853, in _handle_getattr
    return self._access_attr(obj, name, (), "_rpyc_getattr", "allow_getattr", getattr)
           ^^^^^^^^^^^^^^^^^^^^^^^^^^^^^^^^^^^^^^^^^^^^^^^^^^^^^^^^^^^^^^^^^^^^^^^^^^^
  File "C:\Users\awsch\miniconda3\envs\nsp\Lib\site-packages\rpyc\core\protocol.py", line 781, in _access_attr
    return accessor(obj, name, *args)
           ^^^^^^^^^^^^^^^^^^^^^^^^^^
AttributeError: 'list' object has no attribute '__array__'
2026-05-29 15:44:45.574 [   DEBUG] (         protocol.py: 363) Exception caught
Traceback (most recent call last):
  File "C:\Users\awsch\miniconda3\envs\nsp\Lib\site-packages\rpyc\core\protocol.py", line 356, in _dispatch_request
    res = self._HANDLERS[handler](self, *args)
          ^^^^^^^^^^^^^^^^^^^^^^^^^^^^^^^^^^^^
  File "C:\Users\awsch\miniconda3\envs\nsp\Lib\site-packages\rpyc\core\protocol.py", line 853, in _handle_getattr
    return self._access_attr(obj, name, (), "_rpyc_getattr", "allow_getattr", getattr)
           ^^^^^^^^^^^^^^^^^^^^^^^^^^^^^^^^^^^^^^^^^^^^^^^^^^^^^^^^^^^^^^^^^^^^^^^^^^^
  File "C:\Users\awsch\miniconda3\envs\nsp\Lib\site-packages\rpyc\core\protocol.py", line 781, in _access_attr
    return accessor(obj, name, *args)
           ^^^^^^^^^^^^^^^^^^^^^^^^^^
AttributeError: 'list' object has no attribute '__array_wrap__'
2026-05-29 15:44:45.575 [   DEBUG] (         protocol.py: 363) Exception caught
Traceback (most recent call last):
  File "C:\Users\awsch\miniconda3\envs\nsp\Lib\site-packages\rpyc\core\protocol.py", line 356, in _dispatch_request
    res = self._HANDLERS[handler](self, *args)
          ^^^^^^^^^^^^^^^^^^^^^^^^^^^^^^^^^^^^
  File "C:\Users\awsch\miniconda3\envs\nsp\Lib\site-packages\rpyc\core\protocol.py", line 853, in _handle_getattr
    return self._access_attr(obj, name, (), "_rpyc_getattr", "allow_getattr", getattr)
           ^^^^^^^^^^^^^^^^^^^^^^^^^^^^^^^^^^^^^^^^^^^^^^^^^^^^^^^^^^^^^^^^^^^^^^^^^^^
  File "C:\Users\awsch\miniconda3\envs\nsp\Lib\site-packages\rpyc\core\protocol.py", line 781, in _access_attr
    return accessor(obj, name, *args)
           ^^^^^^^^^^^^^^^^^^^^^^^^^^
AttributeError: 'list' object has no attribute '__array_wrap__'
2026-05-29 15:44:45.576 [   DEBUG] (         protocol.py: 363) Exception caught
Traceback (most recent call last):
  File "C:\Users\awsch\miniconda3\envs\nsp\Lib\site-packages\rpyc\core\protocol.py", line 356, in _dispatch_request
    res = self._HANDLERS[handler](self, *args)
          ^^^^^^^^^^^^^^^^^^^^^^^^^^^^^^^^^^^^
  File "C:\Users\awsch\miniconda3\envs\nsp\Lib\site-packages\rpyc\core\protocol.py", line 853, in _handle_getattr
    return self._access_attr(obj, name, (), "_rpyc_getattr", "allow_getattr", getattr)
           ^^^^^^^^^^^^^^^^^^^^^^^^^^^^^^^^^^^^^^^^^^^^^^^^^^^^^^^^^^^^^^^^^^^^^^^^^^^
  File "C:\Users\awsch\miniconda3\envs\nsp\Lib\site-packages\rpyc\core\protocol.py", line 781, in _access_attr
    return accessor(obj, name, *args)
           ^^^^^^^^^^^^^^^^^^^^^^^^^^
AttributeError: 'list' object has no attribute 'sum'
2026-05-29 15:44:45.577 [   DEBUG] (         protocol.py: 363) Exception caught
Traceback (most recent call last):
  File "C:\Users\awsch\miniconda3\envs\nsp\Lib\site-packages\rpyc\core\protocol.py", line 356, in _dispatch_request
    res = self._HANDLERS[handler](self, *args)
          ^^^^^^^^^^^^^^^^^^^^^^^^^^^^^^^^^^^^
  File "C:\Users\awsch\miniconda3\envs\nsp\Lib\site-packages\rpyc\core\protocol.py", line 853, in _handle_getattr
    return self._access_attr(obj, name, (), "_rpyc_getattr", "allow_getattr", getattr)
           ^^^^^^^^^^^^^^^^^^^^^^^^^^^^^^^^^^^^^^^^^^^^^^^^^^^^^^^^^^^^^^^^^^^^^^^^^^^
  File "C:\Users\awsch\miniconda3\envs\nsp\Lib\site-packages\rpyc\core\protocol.py", line 781, in _access_attr
    return accessor(obj, name, *args)
           ^^^^^^^^^^^^^^^^^^^^^^^^^^
AttributeError: 'list' object has no attribute 'sum'
2026-05-29 15:44:45.578 [   DEBUG] (         protocol.py: 363) Exception caught
Traceback (most recent call last):
  File "C:\Users\awsch\miniconda3\envs\nsp\Lib\site-packages\rpyc\core\protocol.py", line 356, in _dispatch_request
    res = self._HANDLERS[handler](self, *args)
          ^^^^^^^^^^^^^^^^^^^^^^^^^^^^^^^^^^^^
  File "C:\Users\awsch\miniconda3\envs\nsp\Lib\site-packages\rpyc\core\protocol.py", line 853, in _handle_getattr
    return self._access_attr(obj, name, (), "_rpyc_getattr", "allow_getattr", getattr)
           ^^^^^^^^^^^^^^^^^^^^^^^^^^^^^^^^^^^^^^^^^^^^^^^^^^^^^^^^^^^^^^^^^^^^^^^^^^^
  File "C:\Users\awsch\miniconda3\envs\nsp\Lib\site-packages\rpyc\core\protocol.py", line 781, in _access_attr
    return accessor(obj, name, *args)
           ^^^^^^^^^^^^^^^^^^^^^^^^^^
AttributeError: 'list' object has no attribute '__array__'
2026-05-29 15:44:45.596 [   DEBUG] (         protocol.py: 363) Exception caught
Traceback (most recent call last):
  File "C:\Users\awsch\miniconda3\envs\nsp\Lib\site-packages\rpyc\core\protocol.py", line 356, in _dispatch_request
    res = self._HANDLERS[handler](self, *args)
          ^^^^^^^^^^^^^^^^^^^^^^^^^^^^^^^^^^^^
  File "C:\Users\awsch\miniconda3\envs\nsp\Lib\site-packages\rpyc\core\protocol.py", line 853, in _handle_getattr
    return self._access_attr(obj, name, (), "_rpyc_getattr", "allow_getattr", getattr)
           ^^^^^^^^^^^^^^^^^^^^^^^^^^^^^^^^^^^^^^^^^^^^^^^^^^^^^^^^^^^^^^^^^^^^^^^^^^^
  File "C:\Users\awsch\miniconda3\envs\nsp\Lib\site-packages\rpyc\core\protocol.py", line 781, in _access_attr
    return accessor(obj, name, *args)
           ^^^^^^^^^^^^^^^^^^^^^^^^^^
AttributeError: 'list' object has no attribute '__array_wrap__'
2026-05-29 15:44:45.597 [   DEBUG] (         protocol.py: 363) Exception caught
Traceback (most recent call last):
  File "C:\Users\awsch\miniconda3\envs\nsp\Lib\site-packages\rpyc\core\protocol.py", line 356, in _dispatch_request
    res = self._HANDLERS[handler](self, *args)
          ^^^^^^^^^^^^^^^^^^^^^^^^^^^^^^^^^^^^
  File "C:\Users\awsch\miniconda3\envs\nsp\Lib\site-packages\rpyc\core\protocol.py", line 853, in _handle_getattr
    return self._access_attr(obj, name, (), "_rpyc_getattr", "allow_getattr", getattr)
           ^^^^^^^^^^^^^^^^^^^^^^^^^^^^^^^^^^^^^^^^^^^^^^^^^^^^^^^^^^^^^^^^^^^^^^^^^^^
  File "C:\Users\awsch\miniconda3\envs\nsp\Lib\site-packages\rpyc\core\protocol.py", line 781, in _access_attr
    return accessor(obj, name, *args)
           ^^^^^^^^^^^^^^^^^^^^^^^^^^
AttributeError: 'list' object has no attribute '__array_wrap__'
2026-05-29 15:44:45.599 [   DEBUG] (        highlevel.py: 186) viWrite(1, b'MEAS:POWER?\r\n', 13, 'c_ulong(13)') -> 0
2026-05-29 15:44:45.599 [   DEBUG] (     messagebased.py: 435) USB0::0x1313::0x8072::1916964::0::INSTR - reading 20480 bytes (last status <StatusCode.success_max_count_read: 1073676294>)
2026-05-29 15:44:45.602 [   DEBUG] (        highlevel.py: 186) viRead(1, <ctypes.c_char_Array_20480 object at 0x000001E05EA4F050>, 20480, 'c_ulong(15)') -> 0
2026-05-29 15:44:45.609 [   DEBUG] (        highlevel.py: 186) viWrite(2, b'FREQ 9400000000.00\r\n', 20, 'c_ulong(20)') -> 0
2026-05-29 15:44:46.690 [   DEBUG] (         protocol.py: 363) Exception caught
Traceback (most recent call last):
  File "C:\Users\awsch\miniconda3\envs\nsp\Lib\site-packages\rpyc\core\protocol.py", line 356, in _dispatch_request
    res = self._HANDLERS[handler](self, *args)
          ^^^^^^^^^^^^^^^^^^^^^^^^^^^^^^^^^^^^
  File "C:\Users\awsch\miniconda3\envs\nsp\Lib\site-packages\rpyc\core\protocol.py", line 853, in _handle_getattr
    return self._access_attr(obj, name, (), "_rpyc_getattr", "allow_getattr", getattr)
           ^^^^^^^^^^^^^^^^^^^^^^^^^^^^^^^^^^^^^^^^^^^^^^^^^^^^^^^^^^^^^^^^^^^^^^^^^^^
  File "C:\Users\awsch\miniconda3\envs\nsp\Lib\site-packages\rpyc\core\protocol.py", line 781, in _access_attr
    return accessor(obj, name, *args)
           ^^^^^^^^^^^^^^^^^^^^^^^^^^
AttributeError: 'list' object has no attribute 'sum'
2026-05-29 15:44:46.691 [   DEBUG] (         protocol.py: 363) Exception caught
Traceback (most recent call last):
  File "C:\Users\awsch\miniconda3\envs\nsp\Lib\site-packages\rpyc\core\protocol.py", line 356, in _dispatch_request
    res = self._HANDLERS[handler](self, *args)
          ^^^^^^^^^^^^^^^^^^^^^^^^^^^^^^^^^^^^
  File "C:\Users\awsch\miniconda3\envs\nsp\Lib\site-packages\rpyc\core\protocol.py", line 853, in _handle_getattr
    return self._access_attr(obj, name, (), "_rpyc_getattr", "allow_getattr", getattr)
           ^^^^^^^^^^^^^^^^^^^^^^^^^^^^^^^^^^^^^^^^^^^^^^^^^^^^^^^^^^^^^^^^^^^^^^^^^^^
  File "C:\Users\awsch\miniconda3\envs\nsp\Lib\site-packages\rpyc\core\protocol.py", line 781, in _access_attr
    return accessor(obj, name, *args)
           ^^^^^^^^^^^^^^^^^^^^^^^^^^
AttributeError: 'list' object has no attribute 'sum'
2026-05-29 15:44:46.693 [   DEBUG] (         protocol.py: 363) Exception caught
Traceback (most recent call last):
  File "C:\Users\awsch\miniconda3\envs\nsp\Lib\site-packages\rpyc\core\protocol.py", line 356, in _dispatch_request
    res = self._HANDLERS[handler](self, *args)
          ^^^^^^^^^^^^^^^^^^^^^^^^^^^^^^^^^^^^
  File "C:\Users\awsch\miniconda3\envs\nsp\Lib\site-packages\rpyc\core\protocol.py", line 853, in _handle_getattr
    return self._access_attr(obj, name, (), "_rpyc_getattr", "allow_getattr", getattr)
           ^^^^^^^^^^^^^^^^^^^^^^^^^^^^^^^^^^^^^^^^^^^^^^^^^^^^^^^^^^^^^^^^^^^^^^^^^^^
  File "C:\Users\awsch\miniconda3\envs\nsp\Lib\site-packages\rpyc\core\protocol.py", line 781, in _access_attr
    return accessor(obj, name, *args)
           ^^^^^^^^^^^^^^^^^^^^^^^^^^
AttributeError: 'list' object has no attribute '__array__'
2026-05-29 15:44:46.711 [   DEBUG] (         protocol.py: 363) Exception caught
Traceback (most recent call last):
  File "C:\Users\awsch\miniconda3\envs\nsp\Lib\site-packages\rpyc\core\protocol.py", line 356, in _dispatch_request
    res = self._HANDLERS[handler](self, *args)
          ^^^^^^^^^^^^^^^^^^^^^^^^^^^^^^^^^^^^
  File "C:\Users\awsch\miniconda3\envs\nsp\Lib\site-packages\rpyc\core\protocol.py", line 853, in _handle_getattr
    return self._access_attr(obj, name, (), "_rpyc_getattr", "allow_getattr", getattr)
           ^^^^^^^^^^^^^^^^^^^^^^^^^^^^^^^^^^^^^^^^^^^^^^^^^^^^^^^^^^^^^^^^^^^^^^^^^^^
  File "C:\Users\awsch\miniconda3\envs\nsp\Lib\site-packages\rpyc\core\protocol.py", line 781, in _access_attr
    return accessor(obj, name, *args)
           ^^^^^^^^^^^^^^^^^^^^^^^^^^
AttributeError: 'list' object has no attribute '__array_wrap__'
2026-05-29 15:44:46.712 [   DEBUG] (         protocol.py: 363) Exception caught
Traceback (most recent call last):
  File "C:\Users\awsch\miniconda3\envs\nsp\Lib\site-packages\rpyc\core\protocol.py", line 356, in _dispatch_request
    res = self._HANDLERS[handler](self, *args)
          ^^^^^^^^^^^^^^^^^^^^^^^^^^^^^^^^^^^^
  File "C:\Users\awsch\miniconda3\envs\nsp\Lib\site-packages\rpyc\core\protocol.py", line 853, in _handle_getattr
    return self._access_attr(obj, name, (), "_rpyc_getattr", "allow_getattr", getattr)
           ^^^^^^^^^^^^^^^^^^^^^^^^^^^^^^^^^^^^^^^^^^^^^^^^^^^^^^^^^^^^^^^^^^^^^^^^^^^
  File "C:\Users\awsch\miniconda3\envs\nsp\Lib\site-packages\rpyc\core\protocol.py", line 781, in _access_attr
    return accessor(obj, name, *args)
           ^^^^^^^^^^^^^^^^^^^^^^^^^^
AttributeError: 'list' object has no attribute '__array_wrap__'
2026-05-29 15:44:46.713 [   DEBUG] (         protocol.py: 363) Exception caught
Traceback (most recent call last):
  File "C:\Users\awsch\miniconda3\envs\nsp\Lib\site-packages\rpyc\core\protocol.py", line 356, in _dispatch_request
    res = self._HANDLERS[handler](self, *args)
          ^^^^^^^^^^^^^^^^^^^^^^^^^^^^^^^^^^^^
  File "C:\Users\awsch\miniconda3\envs\nsp\Lib\site-packages\rpyc\core\protocol.py", line 853, in _handle_getattr
    return self._access_attr(obj, name, (), "_rpyc_getattr", "allow_getattr", getattr)
           ^^^^^^^^^^^^^^^^^^^^^^^^^^^^^^^^^^^^^^^^^^^^^^^^^^^^^^^^^^^^^^^^^^^^^^^^^^^
  File "C:\Users\awsch\miniconda3\envs\nsp\Lib\site-packages\rpyc\core\protocol.py", line 781, in _access_attr
    return accessor(obj, name, *args)
           ^^^^^^^^^^^^^^^^^^^^^^^^^^
AttributeError: 'list' object has no attribute 'sum'
2026-05-29 15:44:46.714 [   DEBUG] (         protocol.py: 363) Exception caught
Traceback (most recent call last):
  File "C:\Users\awsch\miniconda3\envs\nsp\Lib\site-packages\rpyc\core\protocol.py", line 356, in _dispatch_request
    res = self._HANDLERS[handler](self, *args)
          ^^^^^^^^^^^^^^^^^^^^^^^^^^^^^^^^^^^^
  File "C:\Users\awsch\miniconda3\envs\nsp\Lib\site-packages\rpyc\core\protocol.py", line 853, in _handle_getattr
    return self._access_attr(obj, name, (), "_rpyc_getattr", "allow_getattr", getattr)
           ^^^^^^^^^^^^^^^^^^^^^^^^^^^^^^^^^^^^^^^^^^^^^^^^^^^^^^^^^^^^^^^^^^^^^^^^^^^
  File "C:\Users\awsch\miniconda3\envs\nsp\Lib\site-packages\rpyc\core\protocol.py", line 781, in _access_attr
    return accessor(obj, name, *args)
           ^^^^^^^^^^^^^^^^^^^^^^^^^^
AttributeError: 'list' object has no attribute 'sum'
2026-05-29 15:44:46.715 [   DEBUG] (         protocol.py: 363) Exception caught
Traceback (most recent call last):
  File "C:\Users\awsch\miniconda3\envs\nsp\Lib\site-packages\rpyc\core\protocol.py", line 356, in _dispatch_request
    res = self._HANDLERS[handler](self, *args)
          ^^^^^^^^^^^^^^^^^^^^^^^^^^^^^^^^^^^^
  File "C:\Users\awsch\miniconda3\envs\nsp\Lib\site-packages\rpyc\core\protocol.py", line 853, in _handle_getattr
    return self._access_attr(obj, name, (), "_rpyc_getattr", "allow_getattr", getattr)
           ^^^^^^^^^^^^^^^^^^^^^^^^^^^^^^^^^^^^^^^^^^^^^^^^^^^^^^^^^^^^^^^^^^^^^^^^^^^
  File "C:\Users\awsch\miniconda3\envs\nsp\Lib\site-packages\rpyc\core\protocol.py", line 781, in _access_attr
    return accessor(obj, name, *args)
           ^^^^^^^^^^^^^^^^^^^^^^^^^^
AttributeError: 'list' object has no attribute '__array__'
2026-05-29 15:44:46.733 [   DEBUG] (         protocol.py: 363) Exception caught
Traceback (most recent call last):
  File "C:\Users\awsch\miniconda3\envs\nsp\Lib\site-packages\rpyc\core\protocol.py", line 356, in _dispatch_request
    res = self._HANDLERS[handler](self, *args)
          ^^^^^^^^^^^^^^^^^^^^^^^^^^^^^^^^^^^^
  File "C:\Users\awsch\miniconda3\envs\nsp\Lib\site-packages\rpyc\core\protocol.py", line 853, in _handle_getattr
    return self._access_attr(obj, name, (), "_rpyc_getattr", "allow_getattr", getattr)
           ^^^^^^^^^^^^^^^^^^^^^^^^^^^^^^^^^^^^^^^^^^^^^^^^^^^^^^^^^^^^^^^^^^^^^^^^^^^
  File "C:\Users\awsch\miniconda3\envs\nsp\Lib\site-packages\rpyc\core\protocol.py", line 781, in _access_attr
    return accessor(obj, name, *args)
           ^^^^^^^^^^^^^^^^^^^^^^^^^^
AttributeError: 'list' object has no attribute '__array_wrap__'
2026-05-29 15:44:46.734 [   DEBUG] (         protocol.py: 363) Exception caught
Traceback (most recent call last):
  File "C:\Users\awsch\miniconda3\envs\nsp\Lib\site-packages\rpyc\core\protocol.py", line 356, in _dispatch_request
    res = self._HANDLERS[handler](self, *args)
          ^^^^^^^^^^^^^^^^^^^^^^^^^^^^^^^^^^^^
  File "C:\Users\awsch\miniconda3\envs\nsp\Lib\site-packages\rpyc\core\protocol.py", line 853, in _handle_getattr
    return self._access_attr(obj, name, (), "_rpyc_getattr", "allow_getattr", getattr)
           ^^^^^^^^^^^^^^^^^^^^^^^^^^^^^^^^^^^^^^^^^^^^^^^^^^^^^^^^^^^^^^^^^^^^^^^^^^^
  File "C:\Users\awsch\miniconda3\envs\nsp\Lib\site-packages\rpyc\core\protocol.py", line 781, in _access_attr
    return accessor(obj, name, *args)
           ^^^^^^^^^^^^^^^^^^^^^^^^^^
AttributeError: 'list' object has no attribute '__array_wrap__'
2026-05-29 15:44:46.736 [   DEBUG] (        highlevel.py: 186) viWrite(1, b'MEAS:POWER?\r\n', 13, 'c_ulong(13)') -> 0
2026-05-29 15:44:46.737 [   DEBUG] (     messagebased.py: 435) USB0::0x1313::0x8072::1916964::0::INSTR - reading 20480 bytes (last status <StatusCode.success_max_count_read: 1073676294>)
2026-05-29 15:44:46.739 [   DEBUG] (        highlevel.py: 186) viRead(1, <ctypes.c_char_Array_20480 object at 0x000001E05EA4F8D0>, 20480, 'c_ulong(15)') -> 0
2026-05-29 15:44:46.744 [   DEBUG] (        highlevel.py: 186) viWrite(2, b'FREQ 9410000000.00\r\n', 20, 'c_ulong(20)') -> 0
2026-05-29 15:44:47.832 [   DEBUG] (         protocol.py: 363) Exception caught
Traceback (most recent call last):
  File "C:\Users\awsch\miniconda3\envs\nsp\Lib\site-packages\rpyc\core\protocol.py", line 356, in _dispatch_request
    res = self._HANDLERS[handler](self, *args)
          ^^^^^^^^^^^^^^^^^^^^^^^^^^^^^^^^^^^^
  File "C:\Users\awsch\miniconda3\envs\nsp\Lib\site-packages\rpyc\core\protocol.py", line 853, in _handle_getattr
    return self._access_attr(obj, name, (), "_rpyc_getattr", "allow_getattr", getattr)
           ^^^^^^^^^^^^^^^^^^^^^^^^^^^^^^^^^^^^^^^^^^^^^^^^^^^^^^^^^^^^^^^^^^^^^^^^^^^
  File "C:\Users\awsch\miniconda3\envs\nsp\Lib\site-packages\rpyc\core\protocol.py", line 781, in _access_attr
    return accessor(obj, name, *args)
           ^^^^^^^^^^^^^^^^^^^^^^^^^^
AttributeError: 'list' object has no attribute 'sum'
2026-05-29 15:44:47.833 [   DEBUG] (         protocol.py: 363) Exception caught
Traceback (most recent call last):
  File "C:\Users\awsch\miniconda3\envs\nsp\Lib\site-packages\rpyc\core\protocol.py", line 356, in _dispatch_request
    res = self._HANDLERS[handler](self, *args)
          ^^^^^^^^^^^^^^^^^^^^^^^^^^^^^^^^^^^^
  File "C:\Users\awsch\miniconda3\envs\nsp\Lib\site-packages\rpyc\core\protocol.py", line 853, in _handle_getattr
    return self._access_attr(obj, name, (), "_rpyc_getattr", "allow_getattr", getattr)
           ^^^^^^^^^^^^^^^^^^^^^^^^^^^^^^^^^^^^^^^^^^^^^^^^^^^^^^^^^^^^^^^^^^^^^^^^^^^
  File "C:\Users\awsch\miniconda3\envs\nsp\Lib\site-packages\rpyc\core\protocol.py", line 781, in _access_attr
    return accessor(obj, name, *args)
           ^^^^^^^^^^^^^^^^^^^^^^^^^^
AttributeError: 'list' object has no attribute 'sum'
2026-05-29 15:44:47.834 [   DEBUG] (         protocol.py: 363) Exception caught
Traceback (most recent call last):
  File "C:\Users\awsch\miniconda3\envs\nsp\Lib\site-packages\rpyc\core\protocol.py", line 356, in _dispatch_request
    res = self._HANDLERS[handler](self, *args)
          ^^^^^^^^^^^^^^^^^^^^^^^^^^^^^^^^^^^^
  File "C:\Users\awsch\miniconda3\envs\nsp\Lib\site-packages\rpyc\core\protocol.py", line 853, in _handle_getattr
    return self._access_attr(obj, name, (), "_rpyc_getattr", "allow_getattr", getattr)
           ^^^^^^^^^^^^^^^^^^^^^^^^^^^^^^^^^^^^^^^^^^^^^^^^^^^^^^^^^^^^^^^^^^^^^^^^^^^
  File "C:\Users\awsch\miniconda3\envs\nsp\Lib\site-packages\rpyc\core\protocol.py", line 781, in _access_attr
    return accessor(obj, name, *args)
           ^^^^^^^^^^^^^^^^^^^^^^^^^^
AttributeError: 'list' object has no attribute '__array__'
2026-05-29 15:44:47.851 [   DEBUG] (         protocol.py: 363) Exception caught
Traceback (most recent call last):
  File "C:\Users\awsch\miniconda3\envs\nsp\Lib\site-packages\rpyc\core\protocol.py", line 356, in _dispatch_request
    res = self._HANDLERS[handler](self, *args)
          ^^^^^^^^^^^^^^^^^^^^^^^^^^^^^^^^^^^^
  File "C:\Users\awsch\miniconda3\envs\nsp\Lib\site-packages\rpyc\core\protocol.py", line 853, in _handle_getattr
    return self._access_attr(obj, name, (), "_rpyc_getattr", "allow_getattr", getattr)
           ^^^^^^^^^^^^^^^^^^^^^^^^^^^^^^^^^^^^^^^^^^^^^^^^^^^^^^^^^^^^^^^^^^^^^^^^^^^
  File "C:\Users\awsch\miniconda3\envs\nsp\Lib\site-packages\rpyc\core\protocol.py", line 781, in _access_attr
    return accessor(obj, name, *args)
           ^^^^^^^^^^^^^^^^^^^^^^^^^^
AttributeError: 'list' object has no attribute '__array_wrap__'
2026-05-29 15:44:47.852 [   DEBUG] (         protocol.py: 363) Exception caught
Traceback (most recent call last):
  File "C:\Users\awsch\miniconda3\envs\nsp\Lib\site-packages\rpyc\core\protocol.py", line 356, in _dispatch_request
    res = self._HANDLERS[handler](self, *args)
          ^^^^^^^^^^^^^^^^^^^^^^^^^^^^^^^^^^^^
  File "C:\Users\awsch\miniconda3\envs\nsp\Lib\site-packages\rpyc\core\protocol.py", line 853, in _handle_getattr
    return self._access_attr(obj, name, (), "_rpyc_getattr", "allow_getattr", getattr)
           ^^^^^^^^^^^^^^^^^^^^^^^^^^^^^^^^^^^^^^^^^^^^^^^^^^^^^^^^^^^^^^^^^^^^^^^^^^^
  File "C:\Users\awsch\miniconda3\envs\nsp\Lib\site-packages\rpyc\core\protocol.py", line 781, in _access_attr
    return accessor(obj, name, *args)
           ^^^^^^^^^^^^^^^^^^^^^^^^^^
AttributeError: 'list' object has no attribute '__array_wrap__'
2026-05-29 15:44:47.853 [   DEBUG] (         protocol.py: 363) Exception caught
Traceback (most recent call last):
  File "C:\Users\awsch\miniconda3\envs\nsp\Lib\site-packages\rpyc\core\protocol.py", line 356, in _dispatch_request
    res = self._HANDLERS[handler](self, *args)
          ^^^^^^^^^^^^^^^^^^^^^^^^^^^^^^^^^^^^
  File "C:\Users\awsch\miniconda3\envs\nsp\Lib\site-packages\rpyc\core\protocol.py", line 853, in _handle_getattr
    return self._access_attr(obj, name, (), "_rpyc_getattr", "allow_getattr", getattr)
           ^^^^^^^^^^^^^^^^^^^^^^^^^^^^^^^^^^^^^^^^^^^^^^^^^^^^^^^^^^^^^^^^^^^^^^^^^^^
  File "C:\Users\awsch\miniconda3\envs\nsp\Lib\site-packages\rpyc\core\protocol.py", line 781, in _access_attr
    return accessor(obj, name, *args)
           ^^^^^^^^^^^^^^^^^^^^^^^^^^
AttributeError: 'list' object has no attribute 'sum'
2026-05-29 15:44:47.854 [   DEBUG] (         protocol.py: 363) Exception caught
Traceback (most recent call last):
  File "C:\Users\awsch\miniconda3\envs\nsp\Lib\site-packages\rpyc\core\protocol.py", line 356, in _dispatch_request
    res = self._HANDLERS[handler](self, *args)
          ^^^^^^^^^^^^^^^^^^^^^^^^^^^^^^^^^^^^
  File "C:\Users\awsch\miniconda3\envs\nsp\Lib\site-packages\rpyc\core\protocol.py", line 853, in _handle_getattr
    return self._access_attr(obj, name, (), "_rpyc_getattr", "allow_getattr", getattr)
           ^^^^^^^^^^^^^^^^^^^^^^^^^^^^^^^^^^^^^^^^^^^^^^^^^^^^^^^^^^^^^^^^^^^^^^^^^^^
  File "C:\Users\awsch\miniconda3\envs\nsp\Lib\site-packages\rpyc\core\protocol.py", line 781, in _access_attr
    return accessor(obj, name, *args)
           ^^^^^^^^^^^^^^^^^^^^^^^^^^
AttributeError: 'list' object has no attribute 'sum'
2026-05-29 15:44:47.855 [   DEBUG] (         protocol.py: 363) Exception caught
Traceback (most recent call last):
  File "C:\Users\awsch\miniconda3\envs\nsp\Lib\site-packages\rpyc\core\protocol.py", line 356, in _dispatch_request
    res = self._HANDLERS[handler](self, *args)
          ^^^^^^^^^^^^^^^^^^^^^^^^^^^^^^^^^^^^
  File "C:\Users\awsch\miniconda3\envs\nsp\Lib\site-packages\rpyc\core\protocol.py", line 853, in _handle_getattr
    return self._access_attr(obj, name, (), "_rpyc_getattr", "allow_getattr", getattr)
           ^^^^^^^^^^^^^^^^^^^^^^^^^^^^^^^^^^^^^^^^^^^^^^^^^^^^^^^^^^^^^^^^^^^^^^^^^^^
  File "C:\Users\awsch\miniconda3\envs\nsp\Lib\site-packages\rpyc\core\protocol.py", line 781, in _access_attr
    return accessor(obj, name, *args)
           ^^^^^^^^^^^^^^^^^^^^^^^^^^
AttributeError: 'list' object has no attribute '__array__'
2026-05-29 15:44:47.871 [   DEBUG] (         protocol.py: 363) Exception caught
Traceback (most recent call last):
  File "C:\Users\awsch\miniconda3\envs\nsp\Lib\site-packages\rpyc\core\protocol.py", line 356, in _dispatch_request
    res = self._HANDLERS[handler](self, *args)
          ^^^^^^^^^^^^^^^^^^^^^^^^^^^^^^^^^^^^
  File "C:\Users\awsch\miniconda3\envs\nsp\Lib\site-packages\rpyc\core\protocol.py", line 853, in _handle_getattr
    return self._access_attr(obj, name, (), "_rpyc_getattr", "allow_getattr", getattr)
           ^^^^^^^^^^^^^^^^^^^^^^^^^^^^^^^^^^^^^^^^^^^^^^^^^^^^^^^^^^^^^^^^^^^^^^^^^^^
  File "C:\Users\awsch\miniconda3\envs\nsp\Lib\site-packages\rpyc\core\protocol.py", line 781, in _access_attr
    return accessor(obj, name, *args)
           ^^^^^^^^^^^^^^^^^^^^^^^^^^
AttributeError: 'list' object has no attribute '__array_wrap__'
2026-05-29 15:44:47.872 [   DEBUG] (         protocol.py: 363) Exception caught
Traceback (most recent call last):
  File "C:\Users\awsch\miniconda3\envs\nsp\Lib\site-packages\rpyc\core\protocol.py", line 356, in _dispatch_request
    res = self._HANDLERS[handler](self, *args)
          ^^^^^^^^^^^^^^^^^^^^^^^^^^^^^^^^^^^^
  File "C:\Users\awsch\miniconda3\envs\nsp\Lib\site-packages\rpyc\core\protocol.py", line 853, in _handle_getattr
    return self._access_attr(obj, name, (), "_rpyc_getattr", "allow_getattr", getattr)
           ^^^^^^^^^^^^^^^^^^^^^^^^^^^^^^^^^^^^^^^^^^^^^^^^^^^^^^^^^^^^^^^^^^^^^^^^^^^
  File "C:\Users\awsch\miniconda3\envs\nsp\Lib\site-packages\rpyc\core\protocol.py", line 781, in _access_attr
    return accessor(obj, name, *args)
           ^^^^^^^^^^^^^^^^^^^^^^^^^^
AttributeError: 'list' object has no attribute '__array_wrap__'
2026-05-29 15:44:47.874 [   DEBUG] (        highlevel.py: 186) viWrite(1, b'MEAS:POWER?\r\n', 13, 'c_ulong(13)') -> 0
2026-05-29 15:44:47.875 [   DEBUG] (     messagebased.py: 435) USB0::0x1313::0x8072::1916964::0::INSTR - reading 20480 bytes (last status <StatusCode.success_max_count_read: 1073676294>)
2026-05-29 15:44:47.877 [   DEBUG] (        highlevel.py: 186) viRead(1, <ctypes.c_char_Array_20480 object at 0x000001E05EA4FA50>, 20480, 'c_ulong(15)') -> 0
2026-05-29 15:44:47.883 [   DEBUG] (        highlevel.py: 186) viWrite(2, b'FREQ 9420000000.00\r\n', 20, 'c_ulong(20)') -> 0
2026-05-29 15:44:48.961 [   DEBUG] (         protocol.py: 363) Exception caught
Traceback (most recent call last):
  File "C:\Users\awsch\miniconda3\envs\nsp\Lib\site-packages\rpyc\core\protocol.py", line 356, in _dispatch_request
    res = self._HANDLERS[handler](self, *args)
          ^^^^^^^^^^^^^^^^^^^^^^^^^^^^^^^^^^^^
  File "C:\Users\awsch\miniconda3\envs\nsp\Lib\site-packages\rpyc\core\protocol.py", line 853, in _handle_getattr
    return self._access_attr(obj, name, (), "_rpyc_getattr", "allow_getattr", getattr)
           ^^^^^^^^^^^^^^^^^^^^^^^^^^^^^^^^^^^^^^^^^^^^^^^^^^^^^^^^^^^^^^^^^^^^^^^^^^^
  File "C:\Users\awsch\miniconda3\envs\nsp\Lib\site-packages\rpyc\core\protocol.py", line 781, in _access_attr
    return accessor(obj, name, *args)
           ^^^^^^^^^^^^^^^^^^^^^^^^^^
AttributeError: 'list' object has no attribute 'sum'
2026-05-29 15:44:48.963 [   DEBUG] (         protocol.py: 363) Exception caught
Traceback (most recent call last):
  File "C:\Users\awsch\miniconda3\envs\nsp\Lib\site-packages\rpyc\core\protocol.py", line 356, in _dispatch_request
    res = self._HANDLERS[handler](self, *args)
          ^^^^^^^^^^^^^^^^^^^^^^^^^^^^^^^^^^^^
  File "C:\Users\awsch\miniconda3\envs\nsp\Lib\site-packages\rpyc\core\protocol.py", line 853, in _handle_getattr
    return self._access_attr(obj, name, (), "_rpyc_getattr", "allow_getattr", getattr)
           ^^^^^^^^^^^^^^^^^^^^^^^^^^^^^^^^^^^^^^^^^^^^^^^^^^^^^^^^^^^^^^^^^^^^^^^^^^^
  File "C:\Users\awsch\miniconda3\envs\nsp\Lib\site-packages\rpyc\core\protocol.py", line 781, in _access_attr
    return accessor(obj, name, *args)
           ^^^^^^^^^^^^^^^^^^^^^^^^^^
AttributeError: 'list' object has no attribute 'sum'
2026-05-29 15:44:48.964 [   DEBUG] (         protocol.py: 363) Exception caught
Traceback (most recent call last):
  File "C:\Users\awsch\miniconda3\envs\nsp\Lib\site-packages\rpyc\core\protocol.py", line 356, in _dispatch_request
    res = self._HANDLERS[handler](self, *args)
          ^^^^^^^^^^^^^^^^^^^^^^^^^^^^^^^^^^^^
  File "C:\Users\awsch\miniconda3\envs\nsp\Lib\site-packages\rpyc\core\protocol.py", line 853, in _handle_getattr
    return self._access_attr(obj, name, (), "_rpyc_getattr", "allow_getattr", getattr)
           ^^^^^^^^^^^^^^^^^^^^^^^^^^^^^^^^^^^^^^^^^^^^^^^^^^^^^^^^^^^^^^^^^^^^^^^^^^^
  File "C:\Users\awsch\miniconda3\envs\nsp\Lib\site-packages\rpyc\core\protocol.py", line 781, in _access_attr
    return accessor(obj, name, *args)
           ^^^^^^^^^^^^^^^^^^^^^^^^^^
AttributeError: 'list' object has no attribute '__array__'
2026-05-29 15:44:48.981 [   DEBUG] (         protocol.py: 363) Exception caught
Traceback (most recent call last):
  File "C:\Users\awsch\miniconda3\envs\nsp\Lib\site-packages\rpyc\core\protocol.py", line 356, in _dispatch_request
    res = self._HANDLERS[handler](self, *args)
          ^^^^^^^^^^^^^^^^^^^^^^^^^^^^^^^^^^^^
  File "C:\Users\awsch\miniconda3\envs\nsp\Lib\site-packages\rpyc\core\protocol.py", line 853, in _handle_getattr
    return self._access_attr(obj, name, (), "_rpyc_getattr", "allow_getattr", getattr)
           ^^^^^^^^^^^^^^^^^^^^^^^^^^^^^^^^^^^^^^^^^^^^^^^^^^^^^^^^^^^^^^^^^^^^^^^^^^^
  File "C:\Users\awsch\miniconda3\envs\nsp\Lib\site-packages\rpyc\core\protocol.py", line 781, in _access_attr
    return accessor(obj, name, *args)
           ^^^^^^^^^^^^^^^^^^^^^^^^^^
AttributeError: 'list' object has no attribute '__array_wrap__'
2026-05-29 15:44:48.982 [   DEBUG] (         protocol.py: 363) Exception caught
Traceback (most recent call last):
  File "C:\Users\awsch\miniconda3\envs\nsp\Lib\site-packages\rpyc\core\protocol.py", line 356, in _dispatch_request
    res = self._HANDLERS[handler](self, *args)
          ^^^^^^^^^^^^^^^^^^^^^^^^^^^^^^^^^^^^
  File "C:\Users\awsch\miniconda3\envs\nsp\Lib\site-packages\rpyc\core\protocol.py", line 853, in _handle_getattr
    return self._access_attr(obj, name, (), "_rpyc_getattr", "allow_getattr", getattr)
           ^^^^^^^^^^^^^^^^^^^^^^^^^^^^^^^^^^^^^^^^^^^^^^^^^^^^^^^^^^^^^^^^^^^^^^^^^^^
  File "C:\Users\awsch\miniconda3\envs\nsp\Lib\site-packages\rpyc\core\protocol.py", line 781, in _access_attr
    return accessor(obj, name, *args)
           ^^^^^^^^^^^^^^^^^^^^^^^^^^
AttributeError: 'list' object has no attribute '__array_wrap__'
2026-05-29 15:44:48.983 [   DEBUG] (         protocol.py: 363) Exception caught
Traceback (most recent call last):
  File "C:\Users\awsch\miniconda3\envs\nsp\Lib\site-packages\rpyc\core\protocol.py", line 356, in _dispatch_request
    res = self._HANDLERS[handler](self, *args)
          ^^^^^^^^^^^^^^^^^^^^^^^^^^^^^^^^^^^^
  File "C:\Users\awsch\miniconda3\envs\nsp\Lib\site-packages\rpyc\core\protocol.py", line 853, in _handle_getattr
    return self._access_attr(obj, name, (), "_rpyc_getattr", "allow_getattr", getattr)
           ^^^^^^^^^^^^^^^^^^^^^^^^^^^^^^^^^^^^^^^^^^^^^^^^^^^^^^^^^^^^^^^^^^^^^^^^^^^
  File "C:\Users\awsch\miniconda3\envs\nsp\Lib\site-packages\rpyc\core\protocol.py", line 781, in _access_attr
    return accessor(obj, name, *args)
           ^^^^^^^^^^^^^^^^^^^^^^^^^^
AttributeError: 'list' object has no attribute 'sum'
2026-05-29 15:44:48.984 [   DEBUG] (         protocol.py: 363) Exception caught
Traceback (most recent call last):
  File "C:\Users\awsch\miniconda3\envs\nsp\Lib\site-packages\rpyc\core\protocol.py", line 356, in _dispatch_request
    res = self._HANDLERS[handler](self, *args)
          ^^^^^^^^^^^^^^^^^^^^^^^^^^^^^^^^^^^^
  File "C:\Users\awsch\miniconda3\envs\nsp\Lib\site-packages\rpyc\core\protocol.py", line 853, in _handle_getattr
    return self._access_attr(obj, name, (), "_rpyc_getattr", "allow_getattr", getattr)
           ^^^^^^^^^^^^^^^^^^^^^^^^^^^^^^^^^^^^^^^^^^^^^^^^^^^^^^^^^^^^^^^^^^^^^^^^^^^
  File "C:\Users\awsch\miniconda3\envs\nsp\Lib\site-packages\rpyc\core\protocol.py", line 781, in _access_attr
    return accessor(obj, name, *args)
           ^^^^^^^^^^^^^^^^^^^^^^^^^^
AttributeError: 'list' object has no attribute 'sum'
2026-05-29 15:44:48.985 [   DEBUG] (         protocol.py: 363) Exception caught
Traceback (most recent call last):
  File "C:\Users\awsch\miniconda3\envs\nsp\Lib\site-packages\rpyc\core\protocol.py", line 356, in _dispatch_request
    res = self._HANDLERS[handler](self, *args)
          ^^^^^^^^^^^^^^^^^^^^^^^^^^^^^^^^^^^^
  File "C:\Users\awsch\miniconda3\envs\nsp\Lib\site-packages\rpyc\core\protocol.py", line 853, in _handle_getattr
    return self._access_attr(obj, name, (), "_rpyc_getattr", "allow_getattr", getattr)
           ^^^^^^^^^^^^^^^^^^^^^^^^^^^^^^^^^^^^^^^^^^^^^^^^^^^^^^^^^^^^^^^^^^^^^^^^^^^
  File "C:\Users\awsch\miniconda3\envs\nsp\Lib\site-packages\rpyc\core\protocol.py", line 781, in _access_attr
    return accessor(obj, name, *args)
           ^^^^^^^^^^^^^^^^^^^^^^^^^^
AttributeError: 'list' object has no attribute '__array__'
2026-05-29 15:44:49.002 [   DEBUG] (         protocol.py: 363) Exception caught
Traceback (most recent call last):
  File "C:\Users\awsch\miniconda3\envs\nsp\Lib\site-packages\rpyc\core\protocol.py", line 356, in _dispatch_request
    res = self._HANDLERS[handler](self, *args)
          ^^^^^^^^^^^^^^^^^^^^^^^^^^^^^^^^^^^^
  File "C:\Users\awsch\miniconda3\envs\nsp\Lib\site-packages\rpyc\core\protocol.py", line 853, in _handle_getattr
    return self._access_attr(obj, name, (), "_rpyc_getattr", "allow_getattr", getattr)
           ^^^^^^^^^^^^^^^^^^^^^^^^^^^^^^^^^^^^^^^^^^^^^^^^^^^^^^^^^^^^^^^^^^^^^^^^^^^
  File "C:\Users\awsch\miniconda3\envs\nsp\Lib\site-packages\rpyc\core\protocol.py", line 781, in _access_attr
    return accessor(obj, name, *args)
           ^^^^^^^^^^^^^^^^^^^^^^^^^^
AttributeError: 'list' object has no attribute '__array_wrap__'
2026-05-29 15:44:49.003 [   DEBUG] (         protocol.py: 363) Exception caught
Traceback (most recent call last):
  File "C:\Users\awsch\miniconda3\envs\nsp\Lib\site-packages\rpyc\core\protocol.py", line 356, in _dispatch_request
    res = self._HANDLERS[handler](self, *args)
          ^^^^^^^^^^^^^^^^^^^^^^^^^^^^^^^^^^^^
  File "C:\Users\awsch\miniconda3\envs\nsp\Lib\site-packages\rpyc\core\protocol.py", line 853, in _handle_getattr
    return self._access_attr(obj, name, (), "_rpyc_getattr", "allow_getattr", getattr)
           ^^^^^^^^^^^^^^^^^^^^^^^^^^^^^^^^^^^^^^^^^^^^^^^^^^^^^^^^^^^^^^^^^^^^^^^^^^^
  File "C:\Users\awsch\miniconda3\envs\nsp\Lib\site-packages\rpyc\core\protocol.py", line 781, in _access_attr
    return accessor(obj, name, *args)
           ^^^^^^^^^^^^^^^^^^^^^^^^^^
AttributeError: 'list' object has no attribute '__array_wrap__'
2026-05-29 15:44:49.005 [   DEBUG] (        highlevel.py: 186) viWrite(1, b'MEAS:POWER?\r\n', 13, 'c_ulong(13)') -> 0
2026-05-29 15:44:49.005 [   DEBUG] (     messagebased.py: 435) USB0::0x1313::0x8072::1916964::0::INSTR - reading 20480 bytes (last status <StatusCode.success_max_count_read: 1073676294>)
2026-05-29 15:44:49.008 [   DEBUG] (        highlevel.py: 186) viRead(1, <ctypes.c_char_Array_20480 object at 0x000001E05EA4F550>, 20480, 'c_ulong(15)') -> 0
2026-05-29 15:44:49.014 [   DEBUG] (        highlevel.py: 186) viWrite(2, b'FREQ 9430000000.00\r\n', 20, 'c_ulong(20)') -> 0
2026-05-29 15:44:50.090 [   DEBUG] (         protocol.py: 363) Exception caught
Traceback (most recent call last):
  File "C:\Users\awsch\miniconda3\envs\nsp\Lib\site-packages\rpyc\core\protocol.py", line 356, in _dispatch_request
    res = self._HANDLERS[handler](self, *args)
          ^^^^^^^^^^^^^^^^^^^^^^^^^^^^^^^^^^^^
  File "C:\Users\awsch\miniconda3\envs\nsp\Lib\site-packages\rpyc\core\protocol.py", line 853, in _handle_getattr
    return self._access_attr(obj, name, (), "_rpyc_getattr", "allow_getattr", getattr)
           ^^^^^^^^^^^^^^^^^^^^^^^^^^^^^^^^^^^^^^^^^^^^^^^^^^^^^^^^^^^^^^^^^^^^^^^^^^^
  File "C:\Users\awsch\miniconda3\envs\nsp\Lib\site-packages\rpyc\core\protocol.py", line 781, in _access_attr
    return accessor(obj, name, *args)
           ^^^^^^^^^^^^^^^^^^^^^^^^^^
AttributeError: 'list' object has no attribute 'sum'
2026-05-29 15:44:50.092 [   DEBUG] (         protocol.py: 363) Exception caught
Traceback (most recent call last):
  File "C:\Users\awsch\miniconda3\envs\nsp\Lib\site-packages\rpyc\core\protocol.py", line 356, in _dispatch_request
    res = self._HANDLERS[handler](self, *args)
          ^^^^^^^^^^^^^^^^^^^^^^^^^^^^^^^^^^^^
  File "C:\Users\awsch\miniconda3\envs\nsp\Lib\site-packages\rpyc\core\protocol.py", line 853, in _handle_getattr
    return self._access_attr(obj, name, (), "_rpyc_getattr", "allow_getattr", getattr)
           ^^^^^^^^^^^^^^^^^^^^^^^^^^^^^^^^^^^^^^^^^^^^^^^^^^^^^^^^^^^^^^^^^^^^^^^^^^^
  File "C:\Users\awsch\miniconda3\envs\nsp\Lib\site-packages\rpyc\core\protocol.py", line 781, in _access_attr
    return accessor(obj, name, *args)
           ^^^^^^^^^^^^^^^^^^^^^^^^^^
AttributeError: 'list' object has no attribute 'sum'
2026-05-29 15:44:50.093 [   DEBUG] (         protocol.py: 363) Exception caught
Traceback (most recent call last):
  File "C:\Users\awsch\miniconda3\envs\nsp\Lib\site-packages\rpyc\core\protocol.py", line 356, in _dispatch_request
    res = self._HANDLERS[handler](self, *args)
          ^^^^^^^^^^^^^^^^^^^^^^^^^^^^^^^^^^^^
  File "C:\Users\awsch\miniconda3\envs\nsp\Lib\site-packages\rpyc\core\protocol.py", line 853, in _handle_getattr
    return self._access_attr(obj, name, (), "_rpyc_getattr", "allow_getattr", getattr)
           ^^^^^^^^^^^^^^^^^^^^^^^^^^^^^^^^^^^^^^^^^^^^^^^^^^^^^^^^^^^^^^^^^^^^^^^^^^^
  File "C:\Users\awsch\miniconda3\envs\nsp\Lib\site-packages\rpyc\core\protocol.py", line 781, in _access_attr
    return accessor(obj, name, *args)
           ^^^^^^^^^^^^^^^^^^^^^^^^^^
AttributeError: 'list' object has no attribute '__array__'
2026-05-29 15:44:50.108 [   DEBUG] (         protocol.py: 363) Exception caught
Traceback (most recent call last):
  File "C:\Users\awsch\miniconda3\envs\nsp\Lib\site-packages\rpyc\core\protocol.py", line 356, in _dispatch_request
    res = self._HANDLERS[handler](self, *args)
          ^^^^^^^^^^^^^^^^^^^^^^^^^^^^^^^^^^^^
  File "C:\Users\awsch\miniconda3\envs\nsp\Lib\site-packages\rpyc\core\protocol.py", line 853, in _handle_getattr
    return self._access_attr(obj, name, (), "_rpyc_getattr", "allow_getattr", getattr)
           ^^^^^^^^^^^^^^^^^^^^^^^^^^^^^^^^^^^^^^^^^^^^^^^^^^^^^^^^^^^^^^^^^^^^^^^^^^^
  File "C:\Users\awsch\miniconda3\envs\nsp\Lib\site-packages\rpyc\core\protocol.py", line 781, in _access_attr
    return accessor(obj, name, *args)
           ^^^^^^^^^^^^^^^^^^^^^^^^^^
AttributeError: 'list' object has no attribute '__array_wrap__'
2026-05-29 15:44:50.109 [   DEBUG] (         protocol.py: 363) Exception caught
Traceback (most recent call last):
  File "C:\Users\awsch\miniconda3\envs\nsp\Lib\site-packages\rpyc\core\protocol.py", line 356, in _dispatch_request
    res = self._HANDLERS[handler](self, *args)
          ^^^^^^^^^^^^^^^^^^^^^^^^^^^^^^^^^^^^
  File "C:\Users\awsch\miniconda3\envs\nsp\Lib\site-packages\rpyc\core\protocol.py", line 853, in _handle_getattr
    return self._access_attr(obj, name, (), "_rpyc_getattr", "allow_getattr", getattr)
           ^^^^^^^^^^^^^^^^^^^^^^^^^^^^^^^^^^^^^^^^^^^^^^^^^^^^^^^^^^^^^^^^^^^^^^^^^^^
  File "C:\Users\awsch\miniconda3\envs\nsp\Lib\site-packages\rpyc\core\protocol.py", line 781, in _access_attr
    return accessor(obj, name, *args)
           ^^^^^^^^^^^^^^^^^^^^^^^^^^
AttributeError: 'list' object has no attribute '__array_wrap__'
2026-05-29 15:44:50.110 [   DEBUG] (         protocol.py: 363) Exception caught
Traceback (most recent call last):
  File "C:\Users\awsch\miniconda3\envs\nsp\Lib\site-packages\rpyc\core\protocol.py", line 356, in _dispatch_request
    res = self._HANDLERS[handler](self, *args)
          ^^^^^^^^^^^^^^^^^^^^^^^^^^^^^^^^^^^^
  File "C:\Users\awsch\miniconda3\envs\nsp\Lib\site-packages\rpyc\core\protocol.py", line 853, in _handle_getattr
    return self._access_attr(obj, name, (), "_rpyc_getattr", "allow_getattr", getattr)
           ^^^^^^^^^^^^^^^^^^^^^^^^^^^^^^^^^^^^^^^^^^^^^^^^^^^^^^^^^^^^^^^^^^^^^^^^^^^
  File "C:\Users\awsch\miniconda3\envs\nsp\Lib\site-packages\rpyc\core\protocol.py", line 781, in _access_attr
    return accessor(obj, name, *args)
           ^^^^^^^^^^^^^^^^^^^^^^^^^^
AttributeError: 'list' object has no attribute 'sum'
2026-05-29 15:44:50.111 [   DEBUG] (         protocol.py: 363) Exception caught
Traceback (most recent call last):
  File "C:\Users\awsch\miniconda3\envs\nsp\Lib\site-packages\rpyc\core\protocol.py", line 356, in _dispatch_request
    res = self._HANDLERS[handler](self, *args)
          ^^^^^^^^^^^^^^^^^^^^^^^^^^^^^^^^^^^^
  File "C:\Users\awsch\miniconda3\envs\nsp\Lib\site-packages\rpyc\core\protocol.py", line 853, in _handle_getattr
    return self._access_attr(obj, name, (), "_rpyc_getattr", "allow_getattr", getattr)
           ^^^^^^^^^^^^^^^^^^^^^^^^^^^^^^^^^^^^^^^^^^^^^^^^^^^^^^^^^^^^^^^^^^^^^^^^^^^
  File "C:\Users\awsch\miniconda3\envs\nsp\Lib\site-packages\rpyc\core\protocol.py", line 781, in _access_attr
    return accessor(obj, name, *args)
           ^^^^^^^^^^^^^^^^^^^^^^^^^^
AttributeError: 'list' object has no attribute 'sum'
2026-05-29 15:44:50.112 [   DEBUG] (         protocol.py: 363) Exception caught
Traceback (most recent call last):
  File "C:\Users\awsch\miniconda3\envs\nsp\Lib\site-packages\rpyc\core\protocol.py", line 356, in _dispatch_request
    res = self._HANDLERS[handler](self, *args)
          ^^^^^^^^^^^^^^^^^^^^^^^^^^^^^^^^^^^^
  File "C:\Users\awsch\miniconda3\envs\nsp\Lib\site-packages\rpyc\core\protocol.py", line 853, in _handle_getattr
    return self._access_attr(obj, name, (), "_rpyc_getattr", "allow_getattr", getattr)
           ^^^^^^^^^^^^^^^^^^^^^^^^^^^^^^^^^^^^^^^^^^^^^^^^^^^^^^^^^^^^^^^^^^^^^^^^^^^
  File "C:\Users\awsch\miniconda3\envs\nsp\Lib\site-packages\rpyc\core\protocol.py", line 781, in _access_attr
    return accessor(obj, name, *args)
           ^^^^^^^^^^^^^^^^^^^^^^^^^^
AttributeError: 'list' object has no attribute '__array__'
2026-05-29 15:44:50.129 [   DEBUG] (         protocol.py: 363) Exception caught
Traceback (most recent call last):
  File "C:\Users\awsch\miniconda3\envs\nsp\Lib\site-packages\rpyc\core\protocol.py", line 356, in _dispatch_request
    res = self._HANDLERS[handler](self, *args)
          ^^^^^^^^^^^^^^^^^^^^^^^^^^^^^^^^^^^^
  File "C:\Users\awsch\miniconda3\envs\nsp\Lib\site-packages\rpyc\core\protocol.py", line 853, in _handle_getattr
    return self._access_attr(obj, name, (), "_rpyc_getattr", "allow_getattr", getattr)
           ^^^^^^^^^^^^^^^^^^^^^^^^^^^^^^^^^^^^^^^^^^^^^^^^^^^^^^^^^^^^^^^^^^^^^^^^^^^
  File "C:\Users\awsch\miniconda3\envs\nsp\Lib\site-packages\rpyc\core\protocol.py", line 781, in _access_attr
    return accessor(obj, name, *args)
           ^^^^^^^^^^^^^^^^^^^^^^^^^^
AttributeError: 'list' object has no attribute '__array_wrap__'
2026-05-29 15:44:50.130 [   DEBUG] (         protocol.py: 363) Exception caught
Traceback (most recent call last):
  File "C:\Users\awsch\miniconda3\envs\nsp\Lib\site-packages\rpyc\core\protocol.py", line 356, in _dispatch_request
    res = self._HANDLERS[handler](self, *args)
          ^^^^^^^^^^^^^^^^^^^^^^^^^^^^^^^^^^^^
  File "C:\Users\awsch\miniconda3\envs\nsp\Lib\site-packages\rpyc\core\protocol.py", line 853, in _handle_getattr
    return self._access_attr(obj, name, (), "_rpyc_getattr", "allow_getattr", getattr)
           ^^^^^^^^^^^^^^^^^^^^^^^^^^^^^^^^^^^^^^^^^^^^^^^^^^^^^^^^^^^^^^^^^^^^^^^^^^^
  File "C:\Users\awsch\miniconda3\envs\nsp\Lib\site-packages\rpyc\core\protocol.py", line 781, in _access_attr
    return accessor(obj, name, *args)
           ^^^^^^^^^^^^^^^^^^^^^^^^^^
AttributeError: 'list' object has no attribute '__array_wrap__'
2026-05-29 15:44:50.132 [   DEBUG] (        highlevel.py: 186) viWrite(1, b'MEAS:POWER?\r\n', 13, 'c_ulong(13)') -> 0
2026-05-29 15:44:50.133 [   DEBUG] (     messagebased.py: 435) USB0::0x1313::0x8072::1916964::0::INSTR - reading 20480 bytes (last status <StatusCode.success_max_count_read: 1073676294>)
2026-05-29 15:44:50.135 [   DEBUG] (        highlevel.py: 186) viRead(1, <ctypes.c_char_Array_20480 object at 0x000001E05EA4F2D0>, 20480, 'c_ulong(15)') -> 0
2026-05-29 15:44:50.141 [   DEBUG] (        highlevel.py: 186) viWrite(2, b'FREQ 9440000000.00\r\n', 20, 'c_ulong(20)') -> 0
2026-05-29 15:44:51.216 [   DEBUG] (         protocol.py: 363) Exception caught
Traceback (most recent call last):
  File "C:\Users\awsch\miniconda3\envs\nsp\Lib\site-packages\rpyc\core\protocol.py", line 356, in _dispatch_request
    res = self._HANDLERS[handler](self, *args)
          ^^^^^^^^^^^^^^^^^^^^^^^^^^^^^^^^^^^^
  File "C:\Users\awsch\miniconda3\envs\nsp\Lib\site-packages\rpyc\core\protocol.py", line 853, in _handle_getattr
    return self._access_attr(obj, name, (), "_rpyc_getattr", "allow_getattr", getattr)
           ^^^^^^^^^^^^^^^^^^^^^^^^^^^^^^^^^^^^^^^^^^^^^^^^^^^^^^^^^^^^^^^^^^^^^^^^^^^
  File "C:\Users\awsch\miniconda3\envs\nsp\Lib\site-packages\rpyc\core\protocol.py", line 781, in _access_attr
    return accessor(obj, name, *args)
           ^^^^^^^^^^^^^^^^^^^^^^^^^^
AttributeError: 'list' object has no attribute 'sum'
2026-05-29 15:44:51.218 [   DEBUG] (         protocol.py: 363) Exception caught
Traceback (most recent call last):
  File "C:\Users\awsch\miniconda3\envs\nsp\Lib\site-packages\rpyc\core\protocol.py", line 356, in _dispatch_request
    res = self._HANDLERS[handler](self, *args)
          ^^^^^^^^^^^^^^^^^^^^^^^^^^^^^^^^^^^^
  File "C:\Users\awsch\miniconda3\envs\nsp\Lib\site-packages\rpyc\core\protocol.py", line 853, in _handle_getattr
    return self._access_attr(obj, name, (), "_rpyc_getattr", "allow_getattr", getattr)
           ^^^^^^^^^^^^^^^^^^^^^^^^^^^^^^^^^^^^^^^^^^^^^^^^^^^^^^^^^^^^^^^^^^^^^^^^^^^
  File "C:\Users\awsch\miniconda3\envs\nsp\Lib\site-packages\rpyc\core\protocol.py", line 781, in _access_attr
    return accessor(obj, name, *args)
           ^^^^^^^^^^^^^^^^^^^^^^^^^^
AttributeError: 'list' object has no attribute 'sum'
2026-05-29 15:44:51.219 [   DEBUG] (         protocol.py: 363) Exception caught
Traceback (most recent call last):
  File "C:\Users\awsch\miniconda3\envs\nsp\Lib\site-packages\rpyc\core\protocol.py", line 356, in _dispatch_request
    res = self._HANDLERS[handler](self, *args)
          ^^^^^^^^^^^^^^^^^^^^^^^^^^^^^^^^^^^^
  File "C:\Users\awsch\miniconda3\envs\nsp\Lib\site-packages\rpyc\core\protocol.py", line 853, in _handle_getattr
    return self._access_attr(obj, name, (), "_rpyc_getattr", "allow_getattr", getattr)
           ^^^^^^^^^^^^^^^^^^^^^^^^^^^^^^^^^^^^^^^^^^^^^^^^^^^^^^^^^^^^^^^^^^^^^^^^^^^
  File "C:\Users\awsch\miniconda3\envs\nsp\Lib\site-packages\rpyc\core\protocol.py", line 781, in _access_attr
    return accessor(obj, name, *args)
           ^^^^^^^^^^^^^^^^^^^^^^^^^^
AttributeError: 'list' object has no attribute '__array__'
2026-05-29 15:44:51.236 [   DEBUG] (         protocol.py: 363) Exception caught
Traceback (most recent call last):
  File "C:\Users\awsch\miniconda3\envs\nsp\Lib\site-packages\rpyc\core\protocol.py", line 356, in _dispatch_request
    res = self._HANDLERS[handler](self, *args)
          ^^^^^^^^^^^^^^^^^^^^^^^^^^^^^^^^^^^^
  File "C:\Users\awsch\miniconda3\envs\nsp\Lib\site-packages\rpyc\core\protocol.py", line 853, in _handle_getattr
    return self._access_attr(obj, name, (), "_rpyc_getattr", "allow_getattr", getattr)
           ^^^^^^^^^^^^^^^^^^^^^^^^^^^^^^^^^^^^^^^^^^^^^^^^^^^^^^^^^^^^^^^^^^^^^^^^^^^
  File "C:\Users\awsch\miniconda3\envs\nsp\Lib\site-packages\rpyc\core\protocol.py", line 781, in _access_attr
    return accessor(obj, name, *args)
           ^^^^^^^^^^^^^^^^^^^^^^^^^^
AttributeError: 'list' object has no attribute '__array_wrap__'
2026-05-29 15:44:51.237 [   DEBUG] (         protocol.py: 363) Exception caught
Traceback (most recent call last):
  File "C:\Users\awsch\miniconda3\envs\nsp\Lib\site-packages\rpyc\core\protocol.py", line 356, in _dispatch_request
    res = self._HANDLERS[handler](self, *args)
          ^^^^^^^^^^^^^^^^^^^^^^^^^^^^^^^^^^^^
  File "C:\Users\awsch\miniconda3\envs\nsp\Lib\site-packages\rpyc\core\protocol.py", line 853, in _handle_getattr
    return self._access_attr(obj, name, (), "_rpyc_getattr", "allow_getattr", getattr)
           ^^^^^^^^^^^^^^^^^^^^^^^^^^^^^^^^^^^^^^^^^^^^^^^^^^^^^^^^^^^^^^^^^^^^^^^^^^^
  File "C:\Users\awsch\miniconda3\envs\nsp\Lib\site-packages\rpyc\core\protocol.py", line 781, in _access_attr
    return accessor(obj, name, *args)
           ^^^^^^^^^^^^^^^^^^^^^^^^^^
AttributeError: 'list' object has no attribute '__array_wrap__'
2026-05-29 15:44:51.238 [   DEBUG] (         protocol.py: 363) Exception caught
Traceback (most recent call last):
  File "C:\Users\awsch\miniconda3\envs\nsp\Lib\site-packages\rpyc\core\protocol.py", line 356, in _dispatch_request
    res = self._HANDLERS[handler](self, *args)
          ^^^^^^^^^^^^^^^^^^^^^^^^^^^^^^^^^^^^
  File "C:\Users\awsch\miniconda3\envs\nsp\Lib\site-packages\rpyc\core\protocol.py", line 853, in _handle_getattr
    return self._access_attr(obj, name, (), "_rpyc_getattr", "allow_getattr", getattr)
           ^^^^^^^^^^^^^^^^^^^^^^^^^^^^^^^^^^^^^^^^^^^^^^^^^^^^^^^^^^^^^^^^^^^^^^^^^^^
  File "C:\Users\awsch\miniconda3\envs\nsp\Lib\site-packages\rpyc\core\protocol.py", line 781, in _access_attr
    return accessor(obj, name, *args)
           ^^^^^^^^^^^^^^^^^^^^^^^^^^
AttributeError: 'list' object has no attribute 'sum'
2026-05-29 15:44:51.239 [   DEBUG] (         protocol.py: 363) Exception caught
Traceback (most recent call last):
  File "C:\Users\awsch\miniconda3\envs\nsp\Lib\site-packages\rpyc\core\protocol.py", line 356, in _dispatch_request
    res = self._HANDLERS[handler](self, *args)
          ^^^^^^^^^^^^^^^^^^^^^^^^^^^^^^^^^^^^
  File "C:\Users\awsch\miniconda3\envs\nsp\Lib\site-packages\rpyc\core\protocol.py", line 853, in _handle_getattr
    return self._access_attr(obj, name, (), "_rpyc_getattr", "allow_getattr", getattr)
           ^^^^^^^^^^^^^^^^^^^^^^^^^^^^^^^^^^^^^^^^^^^^^^^^^^^^^^^^^^^^^^^^^^^^^^^^^^^
  File "C:\Users\awsch\miniconda3\envs\nsp\Lib\site-packages\rpyc\core\protocol.py", line 781, in _access_attr
    return accessor(obj, name, *args)
           ^^^^^^^^^^^^^^^^^^^^^^^^^^
AttributeError: 'list' object has no attribute 'sum'
2026-05-29 15:44:51.240 [   DEBUG] (         protocol.py: 363) Exception caught
Traceback (most recent call last):
  File "C:\Users\awsch\miniconda3\envs\nsp\Lib\site-packages\rpyc\core\protocol.py", line 356, in _dispatch_request
    res = self._HANDLERS[handler](self, *args)
          ^^^^^^^^^^^^^^^^^^^^^^^^^^^^^^^^^^^^
  File "C:\Users\awsch\miniconda3\envs\nsp\Lib\site-packages\rpyc\core\protocol.py", line 853, in _handle_getattr
    return self._access_attr(obj, name, (), "_rpyc_getattr", "allow_getattr", getattr)
           ^^^^^^^^^^^^^^^^^^^^^^^^^^^^^^^^^^^^^^^^^^^^^^^^^^^^^^^^^^^^^^^^^^^^^^^^^^^
  File "C:\Users\awsch\miniconda3\envs\nsp\Lib\site-packages\rpyc\core\protocol.py", line 781, in _access_attr
    return accessor(obj, name, *args)
           ^^^^^^^^^^^^^^^^^^^^^^^^^^
AttributeError: 'list' object has no attribute '__array__'
2026-05-29 15:44:51.257 [   DEBUG] (         protocol.py: 363) Exception caught
Traceback (most recent call last):
  File "C:\Users\awsch\miniconda3\envs\nsp\Lib\site-packages\rpyc\core\protocol.py", line 356, in _dispatch_request
    res = self._HANDLERS[handler](self, *args)
          ^^^^^^^^^^^^^^^^^^^^^^^^^^^^^^^^^^^^
  File "C:\Users\awsch\miniconda3\envs\nsp\Lib\site-packages\rpyc\core\protocol.py", line 853, in _handle_getattr
    return self._access_attr(obj, name, (), "_rpyc_getattr", "allow_getattr", getattr)
           ^^^^^^^^^^^^^^^^^^^^^^^^^^^^^^^^^^^^^^^^^^^^^^^^^^^^^^^^^^^^^^^^^^^^^^^^^^^
  File "C:\Users\awsch\miniconda3\envs\nsp\Lib\site-packages\rpyc\core\protocol.py", line 781, in _access_attr
    return accessor(obj, name, *args)
           ^^^^^^^^^^^^^^^^^^^^^^^^^^
AttributeError: 'list' object has no attribute '__array_wrap__'
2026-05-29 15:44:51.258 [   DEBUG] (         protocol.py: 363) Exception caught
Traceback (most recent call last):
  File "C:\Users\awsch\miniconda3\envs\nsp\Lib\site-packages\rpyc\core\protocol.py", line 356, in _dispatch_request
    res = self._HANDLERS[handler](self, *args)
          ^^^^^^^^^^^^^^^^^^^^^^^^^^^^^^^^^^^^
  File "C:\Users\awsch\miniconda3\envs\nsp\Lib\site-packages\rpyc\core\protocol.py", line 853, in _handle_getattr
    return self._access_attr(obj, name, (), "_rpyc_getattr", "allow_getattr", getattr)
           ^^^^^^^^^^^^^^^^^^^^^^^^^^^^^^^^^^^^^^^^^^^^^^^^^^^^^^^^^^^^^^^^^^^^^^^^^^^
  File "C:\Users\awsch\miniconda3\envs\nsp\Lib\site-packages\rpyc\core\protocol.py", line 781, in _access_attr
    return accessor(obj, name, *args)
           ^^^^^^^^^^^^^^^^^^^^^^^^^^
AttributeError: 'list' object has no attribute '__array_wrap__'
2026-05-29 15:44:51.260 [   DEBUG] (        highlevel.py: 186) viWrite(1, b'MEAS:POWER?\r\n', 13, 'c_ulong(13)') -> 0
2026-05-29 15:44:51.260 [   DEBUG] (     messagebased.py: 435) USB0::0x1313::0x8072::1916964::0::INSTR - reading 20480 bytes (last status <StatusCode.success_max_count_read: 1073676294>)
2026-05-29 15:44:51.263 [   DEBUG] (        highlevel.py: 186) viRead(1, <ctypes.c_char_Array_20480 object at 0x000001E05EA4ECD0>, 20480, 'c_ulong(15)') -> 0
2026-05-29 15:44:51.269 [   DEBUG] (        highlevel.py: 186) viWrite(2, b'FREQ 9450000000.00\r\n', 20, 'c_ulong(20)') -> 0
2026-05-29 15:44:52.342 [   DEBUG] (         protocol.py: 363) Exception caught
Traceback (most recent call last):
  File "C:\Users\awsch\miniconda3\envs\nsp\Lib\site-packages\rpyc\core\protocol.py", line 356, in _dispatch_request
    res = self._HANDLERS[handler](self, *args)
          ^^^^^^^^^^^^^^^^^^^^^^^^^^^^^^^^^^^^
  File "C:\Users\awsch\miniconda3\envs\nsp\Lib\site-packages\rpyc\core\protocol.py", line 853, in _handle_getattr
    return self._access_attr(obj, name, (), "_rpyc_getattr", "allow_getattr", getattr)
           ^^^^^^^^^^^^^^^^^^^^^^^^^^^^^^^^^^^^^^^^^^^^^^^^^^^^^^^^^^^^^^^^^^^^^^^^^^^
  File "C:\Users\awsch\miniconda3\envs\nsp\Lib\site-packages\rpyc\core\protocol.py", line 781, in _access_attr
    return accessor(obj, name, *args)
           ^^^^^^^^^^^^^^^^^^^^^^^^^^
AttributeError: 'list' object has no attribute 'sum'
2026-05-29 15:44:52.344 [   DEBUG] (         protocol.py: 363) Exception caught
Traceback (most recent call last):
  File "C:\Users\awsch\miniconda3\envs\nsp\Lib\site-packages\rpyc\core\protocol.py", line 356, in _dispatch_request
    res = self._HANDLERS[handler](self, *args)
          ^^^^^^^^^^^^^^^^^^^^^^^^^^^^^^^^^^^^
  File "C:\Users\awsch\miniconda3\envs\nsp\Lib\site-packages\rpyc\core\protocol.py", line 853, in _handle_getattr
    return self._access_attr(obj, name, (), "_rpyc_getattr", "allow_getattr", getattr)
           ^^^^^^^^^^^^^^^^^^^^^^^^^^^^^^^^^^^^^^^^^^^^^^^^^^^^^^^^^^^^^^^^^^^^^^^^^^^
  File "C:\Users\awsch\miniconda3\envs\nsp\Lib\site-packages\rpyc\core\protocol.py", line 781, in _access_attr
    return accessor(obj, name, *args)
           ^^^^^^^^^^^^^^^^^^^^^^^^^^
AttributeError: 'list' object has no attribute 'sum'
2026-05-29 15:44:52.345 [   DEBUG] (         protocol.py: 363) Exception caught
Traceback (most recent call last):
  File "C:\Users\awsch\miniconda3\envs\nsp\Lib\site-packages\rpyc\core\protocol.py", line 356, in _dispatch_request
    res = self._HANDLERS[handler](self, *args)
          ^^^^^^^^^^^^^^^^^^^^^^^^^^^^^^^^^^^^
  File "C:\Users\awsch\miniconda3\envs\nsp\Lib\site-packages\rpyc\core\protocol.py", line 853, in _handle_getattr
    return self._access_attr(obj, name, (), "_rpyc_getattr", "allow_getattr", getattr)
           ^^^^^^^^^^^^^^^^^^^^^^^^^^^^^^^^^^^^^^^^^^^^^^^^^^^^^^^^^^^^^^^^^^^^^^^^^^^
  File "C:\Users\awsch\miniconda3\envs\nsp\Lib\site-packages\rpyc\core\protocol.py", line 781, in _access_attr
    return accessor(obj, name, *args)
           ^^^^^^^^^^^^^^^^^^^^^^^^^^
AttributeError: 'list' object has no attribute '__array__'
2026-05-29 15:44:52.363 [   DEBUG] (         protocol.py: 363) Exception caught
Traceback (most recent call last):
  File "C:\Users\awsch\miniconda3\envs\nsp\Lib\site-packages\rpyc\core\protocol.py", line 356, in _dispatch_request
    res = self._HANDLERS[handler](self, *args)
          ^^^^^^^^^^^^^^^^^^^^^^^^^^^^^^^^^^^^
  File "C:\Users\awsch\miniconda3\envs\nsp\Lib\site-packages\rpyc\core\protocol.py", line 853, in _handle_getattr
    return self._access_attr(obj, name, (), "_rpyc_getattr", "allow_getattr", getattr)
           ^^^^^^^^^^^^^^^^^^^^^^^^^^^^^^^^^^^^^^^^^^^^^^^^^^^^^^^^^^^^^^^^^^^^^^^^^^^
  File "C:\Users\awsch\miniconda3\envs\nsp\Lib\site-packages\rpyc\core\protocol.py", line 781, in _access_attr
    return accessor(obj, name, *args)
           ^^^^^^^^^^^^^^^^^^^^^^^^^^
AttributeError: 'list' object has no attribute '__array_wrap__'
2026-05-29 15:44:52.364 [   DEBUG] (         protocol.py: 363) Exception caught
Traceback (most recent call last):
  File "C:\Users\awsch\miniconda3\envs\nsp\Lib\site-packages\rpyc\core\protocol.py", line 356, in _dispatch_request
    res = self._HANDLERS[handler](self, *args)
          ^^^^^^^^^^^^^^^^^^^^^^^^^^^^^^^^^^^^
  File "C:\Users\awsch\miniconda3\envs\nsp\Lib\site-packages\rpyc\core\protocol.py", line 853, in _handle_getattr
    return self._access_attr(obj, name, (), "_rpyc_getattr", "allow_getattr", getattr)
           ^^^^^^^^^^^^^^^^^^^^^^^^^^^^^^^^^^^^^^^^^^^^^^^^^^^^^^^^^^^^^^^^^^^^^^^^^^^
  File "C:\Users\awsch\miniconda3\envs\nsp\Lib\site-packages\rpyc\core\protocol.py", line 781, in _access_attr
    return accessor(obj, name, *args)
           ^^^^^^^^^^^^^^^^^^^^^^^^^^
AttributeError: 'list' object has no attribute '__array_wrap__'
2026-05-29 15:44:52.365 [   DEBUG] (         protocol.py: 363) Exception caught
Traceback (most recent call last):
  File "C:\Users\awsch\miniconda3\envs\nsp\Lib\site-packages\rpyc\core\protocol.py", line 356, in _dispatch_request
    res = self._HANDLERS[handler](self, *args)
          ^^^^^^^^^^^^^^^^^^^^^^^^^^^^^^^^^^^^
  File "C:\Users\awsch\miniconda3\envs\nsp\Lib\site-packages\rpyc\core\protocol.py", line 853, in _handle_getattr
    return self._access_attr(obj, name, (), "_rpyc_getattr", "allow_getattr", getattr)
           ^^^^^^^^^^^^^^^^^^^^^^^^^^^^^^^^^^^^^^^^^^^^^^^^^^^^^^^^^^^^^^^^^^^^^^^^^^^
  File "C:\Users\awsch\miniconda3\envs\nsp\Lib\site-packages\rpyc\core\protocol.py", line 781, in _access_attr
    return accessor(obj, name, *args)
           ^^^^^^^^^^^^^^^^^^^^^^^^^^
AttributeError: 'list' object has no attribute 'sum'
2026-05-29 15:44:52.366 [   DEBUG] (         protocol.py: 363) Exception caught
Traceback (most recent call last):
  File "C:\Users\awsch\miniconda3\envs\nsp\Lib\site-packages\rpyc\core\protocol.py", line 356, in _dispatch_request
    res = self._HANDLERS[handler](self, *args)
          ^^^^^^^^^^^^^^^^^^^^^^^^^^^^^^^^^^^^
  File "C:\Users\awsch\miniconda3\envs\nsp\Lib\site-packages\rpyc\core\protocol.py", line 853, in _handle_getattr
    return self._access_attr(obj, name, (), "_rpyc_getattr", "allow_getattr", getattr)
           ^^^^^^^^^^^^^^^^^^^^^^^^^^^^^^^^^^^^^^^^^^^^^^^^^^^^^^^^^^^^^^^^^^^^^^^^^^^
  File "C:\Users\awsch\miniconda3\envs\nsp\Lib\site-packages\rpyc\core\protocol.py", line 781, in _access_attr
    return accessor(obj, name, *args)
           ^^^^^^^^^^^^^^^^^^^^^^^^^^
AttributeError: 'list' object has no attribute 'sum'
2026-05-29 15:44:52.367 [   DEBUG] (         protocol.py: 363) Exception caught
Traceback (most recent call last):
  File "C:\Users\awsch\miniconda3\envs\nsp\Lib\site-packages\rpyc\core\protocol.py", line 356, in _dispatch_request
    res = self._HANDLERS[handler](self, *args)
          ^^^^^^^^^^^^^^^^^^^^^^^^^^^^^^^^^^^^
  File "C:\Users\awsch\miniconda3\envs\nsp\Lib\site-packages\rpyc\core\protocol.py", line 853, in _handle_getattr
    return self._access_attr(obj, name, (), "_rpyc_getattr", "allow_getattr", getattr)
           ^^^^^^^^^^^^^^^^^^^^^^^^^^^^^^^^^^^^^^^^^^^^^^^^^^^^^^^^^^^^^^^^^^^^^^^^^^^
  File "C:\Users\awsch\miniconda3\envs\nsp\Lib\site-packages\rpyc\core\protocol.py", line 781, in _access_attr
    return accessor(obj, name, *args)
           ^^^^^^^^^^^^^^^^^^^^^^^^^^
AttributeError: 'list' object has no attribute '__array__'
2026-05-29 15:44:52.384 [   DEBUG] (         protocol.py: 363) Exception caught
Traceback (most recent call last):
  File "C:\Users\awsch\miniconda3\envs\nsp\Lib\site-packages\rpyc\core\protocol.py", line 356, in _dispatch_request
    res = self._HANDLERS[handler](self, *args)
          ^^^^^^^^^^^^^^^^^^^^^^^^^^^^^^^^^^^^
  File "C:\Users\awsch\miniconda3\envs\nsp\Lib\site-packages\rpyc\core\protocol.py", line 853, in _handle_getattr
    return self._access_attr(obj, name, (), "_rpyc_getattr", "allow_getattr", getattr)
           ^^^^^^^^^^^^^^^^^^^^^^^^^^^^^^^^^^^^^^^^^^^^^^^^^^^^^^^^^^^^^^^^^^^^^^^^^^^
  File "C:\Users\awsch\miniconda3\envs\nsp\Lib\site-packages\rpyc\core\protocol.py", line 781, in _access_attr
    return accessor(obj, name, *args)
           ^^^^^^^^^^^^^^^^^^^^^^^^^^
AttributeError: 'list' object has no attribute '__array_wrap__'
2026-05-29 15:44:52.386 [   DEBUG] (         protocol.py: 363) Exception caught
Traceback (most recent call last):
  File "C:\Users\awsch\miniconda3\envs\nsp\Lib\site-packages\rpyc\core\protocol.py", line 356, in _dispatch_request
    res = self._HANDLERS[handler](self, *args)
          ^^^^^^^^^^^^^^^^^^^^^^^^^^^^^^^^^^^^
  File "C:\Users\awsch\miniconda3\envs\nsp\Lib\site-packages\rpyc\core\protocol.py", line 853, in _handle_getattr
    return self._access_attr(obj, name, (), "_rpyc_getattr", "allow_getattr", getattr)
           ^^^^^^^^^^^^^^^^^^^^^^^^^^^^^^^^^^^^^^^^^^^^^^^^^^^^^^^^^^^^^^^^^^^^^^^^^^^
  File "C:\Users\awsch\miniconda3\envs\nsp\Lib\site-packages\rpyc\core\protocol.py", line 781, in _access_attr
    return accessor(obj, name, *args)
           ^^^^^^^^^^^^^^^^^^^^^^^^^^
AttributeError: 'list' object has no attribute '__array_wrap__'
2026-05-29 15:44:52.387 [   DEBUG] (        highlevel.py: 186) viWrite(1, b'MEAS:POWER?\r\n', 13, 'c_ulong(13)') -> 0
2026-05-29 15:44:52.388 [   DEBUG] (     messagebased.py: 435) USB0::0x1313::0x8072::1916964::0::INSTR - reading 20480 bytes (last status <StatusCode.success_max_count_read: 1073676294>)
2026-05-29 15:44:52.390 [   DEBUG] (        highlevel.py: 186) viRead(1, <ctypes.c_char_Array_20480 object at 0x000001E05EA4ECD0>, 20480, 'c_ulong(15)') -> 0
2026-05-29 15:44:52.396 [   DEBUG] (        highlevel.py: 186) viWrite(2, b'FREQ 9460000000.00\r\n', 20, 'c_ulong(20)') -> 0
2026-05-29 15:44:53.469 [   DEBUG] (         protocol.py: 363) Exception caught
Traceback (most recent call last):
  File "C:\Users\awsch\miniconda3\envs\nsp\Lib\site-packages\rpyc\core\protocol.py", line 356, in _dispatch_request
    res = self._HANDLERS[handler](self, *args)
          ^^^^^^^^^^^^^^^^^^^^^^^^^^^^^^^^^^^^
  File "C:\Users\awsch\miniconda3\envs\nsp\Lib\site-packages\rpyc\core\protocol.py", line 853, in _handle_getattr
    return self._access_attr(obj, name, (), "_rpyc_getattr", "allow_getattr", getattr)
           ^^^^^^^^^^^^^^^^^^^^^^^^^^^^^^^^^^^^^^^^^^^^^^^^^^^^^^^^^^^^^^^^^^^^^^^^^^^
  File "C:\Users\awsch\miniconda3\envs\nsp\Lib\site-packages\rpyc\core\protocol.py", line 781, in _access_attr
    return accessor(obj, name, *args)
           ^^^^^^^^^^^^^^^^^^^^^^^^^^
AttributeError: 'list' object has no attribute 'sum'
2026-05-29 15:44:53.470 [   DEBUG] (         protocol.py: 363) Exception caught
Traceback (most recent call last):
  File "C:\Users\awsch\miniconda3\envs\nsp\Lib\site-packages\rpyc\core\protocol.py", line 356, in _dispatch_request
    res = self._HANDLERS[handler](self, *args)
          ^^^^^^^^^^^^^^^^^^^^^^^^^^^^^^^^^^^^
  File "C:\Users\awsch\miniconda3\envs\nsp\Lib\site-packages\rpyc\core\protocol.py", line 853, in _handle_getattr
    return self._access_attr(obj, name, (), "_rpyc_getattr", "allow_getattr", getattr)
           ^^^^^^^^^^^^^^^^^^^^^^^^^^^^^^^^^^^^^^^^^^^^^^^^^^^^^^^^^^^^^^^^^^^^^^^^^^^
  File "C:\Users\awsch\miniconda3\envs\nsp\Lib\site-packages\rpyc\core\protocol.py", line 781, in _access_attr
    return accessor(obj, name, *args)
           ^^^^^^^^^^^^^^^^^^^^^^^^^^
AttributeError: 'list' object has no attribute 'sum'
2026-05-29 15:44:53.471 [   DEBUG] (         protocol.py: 363) Exception caught
Traceback (most recent call last):
  File "C:\Users\awsch\miniconda3\envs\nsp\Lib\site-packages\rpyc\core\protocol.py", line 356, in _dispatch_request
    res = self._HANDLERS[handler](self, *args)
          ^^^^^^^^^^^^^^^^^^^^^^^^^^^^^^^^^^^^
  File "C:\Users\awsch\miniconda3\envs\nsp\Lib\site-packages\rpyc\core\protocol.py", line 853, in _handle_getattr
    return self._access_attr(obj, name, (), "_rpyc_getattr", "allow_getattr", getattr)
           ^^^^^^^^^^^^^^^^^^^^^^^^^^^^^^^^^^^^^^^^^^^^^^^^^^^^^^^^^^^^^^^^^^^^^^^^^^^
  File "C:\Users\awsch\miniconda3\envs\nsp\Lib\site-packages\rpyc\core\protocol.py", line 781, in _access_attr
    return accessor(obj, name, *args)
           ^^^^^^^^^^^^^^^^^^^^^^^^^^
AttributeError: 'list' object has no attribute '__array__'
2026-05-29 15:44:53.488 [   DEBUG] (         protocol.py: 363) Exception caught
Traceback (most recent call last):
  File "C:\Users\awsch\miniconda3\envs\nsp\Lib\site-packages\rpyc\core\protocol.py", line 356, in _dispatch_request
    res = self._HANDLERS[handler](self, *args)
          ^^^^^^^^^^^^^^^^^^^^^^^^^^^^^^^^^^^^
  File "C:\Users\awsch\miniconda3\envs\nsp\Lib\site-packages\rpyc\core\protocol.py", line 853, in _handle_getattr
    return self._access_attr(obj, name, (), "_rpyc_getattr", "allow_getattr", getattr)
           ^^^^^^^^^^^^^^^^^^^^^^^^^^^^^^^^^^^^^^^^^^^^^^^^^^^^^^^^^^^^^^^^^^^^^^^^^^^
  File "C:\Users\awsch\miniconda3\envs\nsp\Lib\site-packages\rpyc\core\protocol.py", line 781, in _access_attr
    return accessor(obj, name, *args)
           ^^^^^^^^^^^^^^^^^^^^^^^^^^
AttributeError: 'list' object has no attribute '__array_wrap__'
2026-05-29 15:44:53.489 [   DEBUG] (         protocol.py: 363) Exception caught
Traceback (most recent call last):
  File "C:\Users\awsch\miniconda3\envs\nsp\Lib\site-packages\rpyc\core\protocol.py", line 356, in _dispatch_request
    res = self._HANDLERS[handler](self, *args)
          ^^^^^^^^^^^^^^^^^^^^^^^^^^^^^^^^^^^^
  File "C:\Users\awsch\miniconda3\envs\nsp\Lib\site-packages\rpyc\core\protocol.py", line 853, in _handle_getattr
    return self._access_attr(obj, name, (), "_rpyc_getattr", "allow_getattr", getattr)
           ^^^^^^^^^^^^^^^^^^^^^^^^^^^^^^^^^^^^^^^^^^^^^^^^^^^^^^^^^^^^^^^^^^^^^^^^^^^
  File "C:\Users\awsch\miniconda3\envs\nsp\Lib\site-packages\rpyc\core\protocol.py", line 781, in _access_attr
    return accessor(obj, name, *args)
           ^^^^^^^^^^^^^^^^^^^^^^^^^^
AttributeError: 'list' object has no attribute '__array_wrap__'
2026-05-29 15:44:53.490 [   DEBUG] (         protocol.py: 363) Exception caught
Traceback (most recent call last):
  File "C:\Users\awsch\miniconda3\envs\nsp\Lib\site-packages\rpyc\core\protocol.py", line 356, in _dispatch_request
    res = self._HANDLERS[handler](self, *args)
          ^^^^^^^^^^^^^^^^^^^^^^^^^^^^^^^^^^^^
  File "C:\Users\awsch\miniconda3\envs\nsp\Lib\site-packages\rpyc\core\protocol.py", line 853, in _handle_getattr
    return self._access_attr(obj, name, (), "_rpyc_getattr", "allow_getattr", getattr)
           ^^^^^^^^^^^^^^^^^^^^^^^^^^^^^^^^^^^^^^^^^^^^^^^^^^^^^^^^^^^^^^^^^^^^^^^^^^^
  File "C:\Users\awsch\miniconda3\envs\nsp\Lib\site-packages\rpyc\core\protocol.py", line 781, in _access_attr
    return accessor(obj, name, *args)
           ^^^^^^^^^^^^^^^^^^^^^^^^^^
AttributeError: 'list' object has no attribute 'sum'
2026-05-29 15:44:53.491 [   DEBUG] (         protocol.py: 363) Exception caught
Traceback (most recent call last):
  File "C:\Users\awsch\miniconda3\envs\nsp\Lib\site-packages\rpyc\core\protocol.py", line 356, in _dispatch_request
    res = self._HANDLERS[handler](self, *args)
          ^^^^^^^^^^^^^^^^^^^^^^^^^^^^^^^^^^^^
  File "C:\Users\awsch\miniconda3\envs\nsp\Lib\site-packages\rpyc\core\protocol.py", line 853, in _handle_getattr
    return self._access_attr(obj, name, (), "_rpyc_getattr", "allow_getattr", getattr)
           ^^^^^^^^^^^^^^^^^^^^^^^^^^^^^^^^^^^^^^^^^^^^^^^^^^^^^^^^^^^^^^^^^^^^^^^^^^^
  File "C:\Users\awsch\miniconda3\envs\nsp\Lib\site-packages\rpyc\core\protocol.py", line 781, in _access_attr
    return accessor(obj, name, *args)
           ^^^^^^^^^^^^^^^^^^^^^^^^^^
AttributeError: 'list' object has no attribute 'sum'
2026-05-29 15:44:53.492 [   DEBUG] (         protocol.py: 363) Exception caught
Traceback (most recent call last):
  File "C:\Users\awsch\miniconda3\envs\nsp\Lib\site-packages\rpyc\core\protocol.py", line 356, in _dispatch_request
    res = self._HANDLERS[handler](self, *args)
          ^^^^^^^^^^^^^^^^^^^^^^^^^^^^^^^^^^^^
  File "C:\Users\awsch\miniconda3\envs\nsp\Lib\site-packages\rpyc\core\protocol.py", line 853, in _handle_getattr
    return self._access_attr(obj, name, (), "_rpyc_getattr", "allow_getattr", getattr)
           ^^^^^^^^^^^^^^^^^^^^^^^^^^^^^^^^^^^^^^^^^^^^^^^^^^^^^^^^^^^^^^^^^^^^^^^^^^^
  File "C:\Users\awsch\miniconda3\envs\nsp\Lib\site-packages\rpyc\core\protocol.py", line 781, in _access_attr
    return accessor(obj, name, *args)
           ^^^^^^^^^^^^^^^^^^^^^^^^^^
AttributeError: 'list' object has no attribute '__array__'
2026-05-29 15:44:53.511 [   DEBUG] (         protocol.py: 363) Exception caught
Traceback (most recent call last):
  File "C:\Users\awsch\miniconda3\envs\nsp\Lib\site-packages\rpyc\core\protocol.py", line 356, in _dispatch_request
    res = self._HANDLERS[handler](self, *args)
          ^^^^^^^^^^^^^^^^^^^^^^^^^^^^^^^^^^^^
  File "C:\Users\awsch\miniconda3\envs\nsp\Lib\site-packages\rpyc\core\protocol.py", line 853, in _handle_getattr
    return self._access_attr(obj, name, (), "_rpyc_getattr", "allow_getattr", getattr)
           ^^^^^^^^^^^^^^^^^^^^^^^^^^^^^^^^^^^^^^^^^^^^^^^^^^^^^^^^^^^^^^^^^^^^^^^^^^^
  File "C:\Users\awsch\miniconda3\envs\nsp\Lib\site-packages\rpyc\core\protocol.py", line 781, in _access_attr
    return accessor(obj, name, *args)
           ^^^^^^^^^^^^^^^^^^^^^^^^^^
AttributeError: 'list' object has no attribute '__array_wrap__'
2026-05-29 15:44:53.512 [   DEBUG] (         protocol.py: 363) Exception caught
Traceback (most recent call last):
  File "C:\Users\awsch\miniconda3\envs\nsp\Lib\site-packages\rpyc\core\protocol.py", line 356, in _dispatch_request
    res = self._HANDLERS[handler](self, *args)
          ^^^^^^^^^^^^^^^^^^^^^^^^^^^^^^^^^^^^
  File "C:\Users\awsch\miniconda3\envs\nsp\Lib\site-packages\rpyc\core\protocol.py", line 853, in _handle_getattr
    return self._access_attr(obj, name, (), "_rpyc_getattr", "allow_getattr", getattr)
           ^^^^^^^^^^^^^^^^^^^^^^^^^^^^^^^^^^^^^^^^^^^^^^^^^^^^^^^^^^^^^^^^^^^^^^^^^^^
  File "C:\Users\awsch\miniconda3\envs\nsp\Lib\site-packages\rpyc\core\protocol.py", line 781, in _access_attr
    return accessor(obj, name, *args)
           ^^^^^^^^^^^^^^^^^^^^^^^^^^
AttributeError: 'list' object has no attribute '__array_wrap__'
2026-05-29 15:44:53.514 [   DEBUG] (        highlevel.py: 186) viWrite(1, b'MEAS:POWER?\r\n', 13, 'c_ulong(13)') -> 0
2026-05-29 15:44:53.514 [   DEBUG] (     messagebased.py: 435) USB0::0x1313::0x8072::1916964::0::INSTR - reading 20480 bytes (last status <StatusCode.success_max_count_read: 1073676294>)
2026-05-29 15:44:53.517 [   DEBUG] (        highlevel.py: 186) viRead(1, <ctypes.c_char_Array_20480 object at 0x000001E05EA883D0>, 20480, 'c_ulong(15)') -> 0
2026-05-29 15:44:53.522 [   DEBUG] (        highlevel.py: 186) viWrite(2, b'FREQ 9470000000.00\r\n', 20, 'c_ulong(20)') -> 0
2026-05-29 15:44:54.599 [   DEBUG] (         protocol.py: 363) Exception caught
Traceback (most recent call last):
  File "C:\Users\awsch\miniconda3\envs\nsp\Lib\site-packages\rpyc\core\protocol.py", line 356, in _dispatch_request
    res = self._HANDLERS[handler](self, *args)
          ^^^^^^^^^^^^^^^^^^^^^^^^^^^^^^^^^^^^
  File "C:\Users\awsch\miniconda3\envs\nsp\Lib\site-packages\rpyc\core\protocol.py", line 853, in _handle_getattr
    return self._access_attr(obj, name, (), "_rpyc_getattr", "allow_getattr", getattr)
           ^^^^^^^^^^^^^^^^^^^^^^^^^^^^^^^^^^^^^^^^^^^^^^^^^^^^^^^^^^^^^^^^^^^^^^^^^^^
  File "C:\Users\awsch\miniconda3\envs\nsp\Lib\site-packages\rpyc\core\protocol.py", line 781, in _access_attr
    return accessor(obj, name, *args)
           ^^^^^^^^^^^^^^^^^^^^^^^^^^
AttributeError: 'list' object has no attribute 'sum'
2026-05-29 15:44:54.600 [   DEBUG] (         protocol.py: 363) Exception caught
Traceback (most recent call last):
  File "C:\Users\awsch\miniconda3\envs\nsp\Lib\site-packages\rpyc\core\protocol.py", line 356, in _dispatch_request
    res = self._HANDLERS[handler](self, *args)
          ^^^^^^^^^^^^^^^^^^^^^^^^^^^^^^^^^^^^
  File "C:\Users\awsch\miniconda3\envs\nsp\Lib\site-packages\rpyc\core\protocol.py", line 853, in _handle_getattr
    return self._access_attr(obj, name, (), "_rpyc_getattr", "allow_getattr", getattr)
           ^^^^^^^^^^^^^^^^^^^^^^^^^^^^^^^^^^^^^^^^^^^^^^^^^^^^^^^^^^^^^^^^^^^^^^^^^^^
  File "C:\Users\awsch\miniconda3\envs\nsp\Lib\site-packages\rpyc\core\protocol.py", line 781, in _access_attr
    return accessor(obj, name, *args)
           ^^^^^^^^^^^^^^^^^^^^^^^^^^
AttributeError: 'list' object has no attribute 'sum'
2026-05-29 15:44:54.601 [   DEBUG] (         protocol.py: 363) Exception caught
Traceback (most recent call last):
  File "C:\Users\awsch\miniconda3\envs\nsp\Lib\site-packages\rpyc\core\protocol.py", line 356, in _dispatch_request
    res = self._HANDLERS[handler](self, *args)
          ^^^^^^^^^^^^^^^^^^^^^^^^^^^^^^^^^^^^
  File "C:\Users\awsch\miniconda3\envs\nsp\Lib\site-packages\rpyc\core\protocol.py", line 853, in _handle_getattr
    return self._access_attr(obj, name, (), "_rpyc_getattr", "allow_getattr", getattr)
           ^^^^^^^^^^^^^^^^^^^^^^^^^^^^^^^^^^^^^^^^^^^^^^^^^^^^^^^^^^^^^^^^^^^^^^^^^^^
  File "C:\Users\awsch\miniconda3\envs\nsp\Lib\site-packages\rpyc\core\protocol.py", line 781, in _access_attr
    return accessor(obj, name, *args)
           ^^^^^^^^^^^^^^^^^^^^^^^^^^
AttributeError: 'list' object has no attribute '__array__'
2026-05-29 15:44:54.620 [   DEBUG] (         protocol.py: 363) Exception caught
Traceback (most recent call last):
  File "C:\Users\awsch\miniconda3\envs\nsp\Lib\site-packages\rpyc\core\protocol.py", line 356, in _dispatch_request
    res = self._HANDLERS[handler](self, *args)
          ^^^^^^^^^^^^^^^^^^^^^^^^^^^^^^^^^^^^
  File "C:\Users\awsch\miniconda3\envs\nsp\Lib\site-packages\rpyc\core\protocol.py", line 853, in _handle_getattr
    return self._access_attr(obj, name, (), "_rpyc_getattr", "allow_getattr", getattr)
           ^^^^^^^^^^^^^^^^^^^^^^^^^^^^^^^^^^^^^^^^^^^^^^^^^^^^^^^^^^^^^^^^^^^^^^^^^^^
  File "C:\Users\awsch\miniconda3\envs\nsp\Lib\site-packages\rpyc\core\protocol.py", line 781, in _access_attr
    return accessor(obj, name, *args)
           ^^^^^^^^^^^^^^^^^^^^^^^^^^
AttributeError: 'list' object has no attribute '__array_wrap__'
2026-05-29 15:44:54.621 [   DEBUG] (         protocol.py: 363) Exception caught
Traceback (most recent call last):
  File "C:\Users\awsch\miniconda3\envs\nsp\Lib\site-packages\rpyc\core\protocol.py", line 356, in _dispatch_request
    res = self._HANDLERS[handler](self, *args)
          ^^^^^^^^^^^^^^^^^^^^^^^^^^^^^^^^^^^^
  File "C:\Users\awsch\miniconda3\envs\nsp\Lib\site-packages\rpyc\core\protocol.py", line 853, in _handle_getattr
    return self._access_attr(obj, name, (), "_rpyc_getattr", "allow_getattr", getattr)
           ^^^^^^^^^^^^^^^^^^^^^^^^^^^^^^^^^^^^^^^^^^^^^^^^^^^^^^^^^^^^^^^^^^^^^^^^^^^
  File "C:\Users\awsch\miniconda3\envs\nsp\Lib\site-packages\rpyc\core\protocol.py", line 781, in _access_attr
    return accessor(obj, name, *args)
           ^^^^^^^^^^^^^^^^^^^^^^^^^^
AttributeError: 'list' object has no attribute '__array_wrap__'
2026-05-29 15:44:54.622 [   DEBUG] (         protocol.py: 363) Exception caught
Traceback (most recent call last):
  File "C:\Users\awsch\miniconda3\envs\nsp\Lib\site-packages\rpyc\core\protocol.py", line 356, in _dispatch_request
    res = self._HANDLERS[handler](self, *args)
          ^^^^^^^^^^^^^^^^^^^^^^^^^^^^^^^^^^^^
  File "C:\Users\awsch\miniconda3\envs\nsp\Lib\site-packages\rpyc\core\protocol.py", line 853, in _handle_getattr
    return self._access_attr(obj, name, (), "_rpyc_getattr", "allow_getattr", getattr)
           ^^^^^^^^^^^^^^^^^^^^^^^^^^^^^^^^^^^^^^^^^^^^^^^^^^^^^^^^^^^^^^^^^^^^^^^^^^^
  File "C:\Users\awsch\miniconda3\envs\nsp\Lib\site-packages\rpyc\core\protocol.py", line 781, in _access_attr
    return accessor(obj, name, *args)
           ^^^^^^^^^^^^^^^^^^^^^^^^^^
AttributeError: 'list' object has no attribute 'sum'
2026-05-29 15:44:54.623 [   DEBUG] (         protocol.py: 363) Exception caught
Traceback (most recent call last):
  File "C:\Users\awsch\miniconda3\envs\nsp\Lib\site-packages\rpyc\core\protocol.py", line 356, in _dispatch_request
    res = self._HANDLERS[handler](self, *args)
          ^^^^^^^^^^^^^^^^^^^^^^^^^^^^^^^^^^^^
  File "C:\Users\awsch\miniconda3\envs\nsp\Lib\site-packages\rpyc\core\protocol.py", line 853, in _handle_getattr
    return self._access_attr(obj, name, (), "_rpyc_getattr", "allow_getattr", getattr)
           ^^^^^^^^^^^^^^^^^^^^^^^^^^^^^^^^^^^^^^^^^^^^^^^^^^^^^^^^^^^^^^^^^^^^^^^^^^^
  File "C:\Users\awsch\miniconda3\envs\nsp\Lib\site-packages\rpyc\core\protocol.py", line 781, in _access_attr
    return accessor(obj, name, *args)
           ^^^^^^^^^^^^^^^^^^^^^^^^^^
AttributeError: 'list' object has no attribute 'sum'
2026-05-29 15:44:54.624 [   DEBUG] (         protocol.py: 363) Exception caught
Traceback (most recent call last):
  File "C:\Users\awsch\miniconda3\envs\nsp\Lib\site-packages\rpyc\core\protocol.py", line 356, in _dispatch_request
    res = self._HANDLERS[handler](self, *args)
          ^^^^^^^^^^^^^^^^^^^^^^^^^^^^^^^^^^^^
  File "C:\Users\awsch\miniconda3\envs\nsp\Lib\site-packages\rpyc\core\protocol.py", line 853, in _handle_getattr
    return self._access_attr(obj, name, (), "_rpyc_getattr", "allow_getattr", getattr)
           ^^^^^^^^^^^^^^^^^^^^^^^^^^^^^^^^^^^^^^^^^^^^^^^^^^^^^^^^^^^^^^^^^^^^^^^^^^^
  File "C:\Users\awsch\miniconda3\envs\nsp\Lib\site-packages\rpyc\core\protocol.py", line 781, in _access_attr
    return accessor(obj, name, *args)
           ^^^^^^^^^^^^^^^^^^^^^^^^^^
AttributeError: 'list' object has no attribute '__array__'
2026-05-29 15:44:54.642 [   DEBUG] (         protocol.py: 363) Exception caught
Traceback (most recent call last):
  File "C:\Users\awsch\miniconda3\envs\nsp\Lib\site-packages\rpyc\core\protocol.py", line 356, in _dispatch_request
    res = self._HANDLERS[handler](self, *args)
          ^^^^^^^^^^^^^^^^^^^^^^^^^^^^^^^^^^^^
  File "C:\Users\awsch\miniconda3\envs\nsp\Lib\site-packages\rpyc\core\protocol.py", line 853, in _handle_getattr
    return self._access_attr(obj, name, (), "_rpyc_getattr", "allow_getattr", getattr)
           ^^^^^^^^^^^^^^^^^^^^^^^^^^^^^^^^^^^^^^^^^^^^^^^^^^^^^^^^^^^^^^^^^^^^^^^^^^^
  File "C:\Users\awsch\miniconda3\envs\nsp\Lib\site-packages\rpyc\core\protocol.py", line 781, in _access_attr
    return accessor(obj, name, *args)
           ^^^^^^^^^^^^^^^^^^^^^^^^^^
AttributeError: 'list' object has no attribute '__array_wrap__'
2026-05-29 15:44:54.644 [   DEBUG] (         protocol.py: 363) Exception caught
Traceback (most recent call last):
  File "C:\Users\awsch\miniconda3\envs\nsp\Lib\site-packages\rpyc\core\protocol.py", line 356, in _dispatch_request
    res = self._HANDLERS[handler](self, *args)
          ^^^^^^^^^^^^^^^^^^^^^^^^^^^^^^^^^^^^
  File "C:\Users\awsch\miniconda3\envs\nsp\Lib\site-packages\rpyc\core\protocol.py", line 853, in _handle_getattr
    return self._access_attr(obj, name, (), "_rpyc_getattr", "allow_getattr", getattr)
           ^^^^^^^^^^^^^^^^^^^^^^^^^^^^^^^^^^^^^^^^^^^^^^^^^^^^^^^^^^^^^^^^^^^^^^^^^^^
  File "C:\Users\awsch\miniconda3\envs\nsp\Lib\site-packages\rpyc\core\protocol.py", line 781, in _access_attr
    return accessor(obj, name, *args)
           ^^^^^^^^^^^^^^^^^^^^^^^^^^
AttributeError: 'list' object has no attribute '__array_wrap__'
2026-05-29 15:44:54.645 [   DEBUG] (        highlevel.py: 186) viWrite(1, b'MEAS:POWER?\r\n', 13, 'c_ulong(13)') -> 0
2026-05-29 15:44:54.646 [   DEBUG] (     messagebased.py: 435) USB0::0x1313::0x8072::1916964::0::INSTR - reading 20480 bytes (last status <StatusCode.success_max_count_read: 1073676294>)
2026-05-29 15:44:54.648 [   DEBUG] (        highlevel.py: 186) viRead(1, <ctypes.c_char_Array_20480 object at 0x000001E05EA4D1D0>, 20480, 'c_ulong(15)') -> 0
2026-05-29 15:44:54.655 [   DEBUG] (        highlevel.py: 186) viWrite(2, b'FREQ 9480000000.00\r\n', 20, 'c_ulong(20)') -> 0
2026-05-29 15:44:55.737 [   DEBUG] (         protocol.py: 363) Exception caught
Traceback (most recent call last):
  File "C:\Users\awsch\miniconda3\envs\nsp\Lib\site-packages\rpyc\core\protocol.py", line 356, in _dispatch_request
    res = self._HANDLERS[handler](self, *args)
          ^^^^^^^^^^^^^^^^^^^^^^^^^^^^^^^^^^^^
  File "C:\Users\awsch\miniconda3\envs\nsp\Lib\site-packages\rpyc\core\protocol.py", line 853, in _handle_getattr
    return self._access_attr(obj, name, (), "_rpyc_getattr", "allow_getattr", getattr)
           ^^^^^^^^^^^^^^^^^^^^^^^^^^^^^^^^^^^^^^^^^^^^^^^^^^^^^^^^^^^^^^^^^^^^^^^^^^^
  File "C:\Users\awsch\miniconda3\envs\nsp\Lib\site-packages\rpyc\core\protocol.py", line 781, in _access_attr
    return accessor(obj, name, *args)
           ^^^^^^^^^^^^^^^^^^^^^^^^^^
AttributeError: 'list' object has no attribute 'sum'
2026-05-29 15:44:55.739 [   DEBUG] (         protocol.py: 363) Exception caught
Traceback (most recent call last):
  File "C:\Users\awsch\miniconda3\envs\nsp\Lib\site-packages\rpyc\core\protocol.py", line 356, in _dispatch_request
    res = self._HANDLERS[handler](self, *args)
          ^^^^^^^^^^^^^^^^^^^^^^^^^^^^^^^^^^^^
  File "C:\Users\awsch\miniconda3\envs\nsp\Lib\site-packages\rpyc\core\protocol.py", line 853, in _handle_getattr
    return self._access_attr(obj, name, (), "_rpyc_getattr", "allow_getattr", getattr)
           ^^^^^^^^^^^^^^^^^^^^^^^^^^^^^^^^^^^^^^^^^^^^^^^^^^^^^^^^^^^^^^^^^^^^^^^^^^^
  File "C:\Users\awsch\miniconda3\envs\nsp\Lib\site-packages\rpyc\core\protocol.py", line 781, in _access_attr
    return accessor(obj, name, *args)
           ^^^^^^^^^^^^^^^^^^^^^^^^^^
AttributeError: 'list' object has no attribute 'sum'
2026-05-29 15:44:55.740 [   DEBUG] (         protocol.py: 363) Exception caught
Traceback (most recent call last):
  File "C:\Users\awsch\miniconda3\envs\nsp\Lib\site-packages\rpyc\core\protocol.py", line 356, in _dispatch_request
    res = self._HANDLERS[handler](self, *args)
          ^^^^^^^^^^^^^^^^^^^^^^^^^^^^^^^^^^^^
  File "C:\Users\awsch\miniconda3\envs\nsp\Lib\site-packages\rpyc\core\protocol.py", line 853, in _handle_getattr
    return self._access_attr(obj, name, (), "_rpyc_getattr", "allow_getattr", getattr)
           ^^^^^^^^^^^^^^^^^^^^^^^^^^^^^^^^^^^^^^^^^^^^^^^^^^^^^^^^^^^^^^^^^^^^^^^^^^^
  File "C:\Users\awsch\miniconda3\envs\nsp\Lib\site-packages\rpyc\core\protocol.py", line 781, in _access_attr
    return accessor(obj, name, *args)
           ^^^^^^^^^^^^^^^^^^^^^^^^^^
AttributeError: 'list' object has no attribute '__array__'
2026-05-29 15:44:55.756 [   DEBUG] (         protocol.py: 363) Exception caught
Traceback (most recent call last):
  File "C:\Users\awsch\miniconda3\envs\nsp\Lib\site-packages\rpyc\core\protocol.py", line 356, in _dispatch_request
    res = self._HANDLERS[handler](self, *args)
          ^^^^^^^^^^^^^^^^^^^^^^^^^^^^^^^^^^^^
  File "C:\Users\awsch\miniconda3\envs\nsp\Lib\site-packages\rpyc\core\protocol.py", line 853, in _handle_getattr
    return self._access_attr(obj, name, (), "_rpyc_getattr", "allow_getattr", getattr)
           ^^^^^^^^^^^^^^^^^^^^^^^^^^^^^^^^^^^^^^^^^^^^^^^^^^^^^^^^^^^^^^^^^^^^^^^^^^^
  File "C:\Users\awsch\miniconda3\envs\nsp\Lib\site-packages\rpyc\core\protocol.py", line 781, in _access_attr
    return accessor(obj, name, *args)
           ^^^^^^^^^^^^^^^^^^^^^^^^^^
AttributeError: 'list' object has no attribute '__array_wrap__'
2026-05-29 15:44:55.758 [   DEBUG] (         protocol.py: 363) Exception caught
Traceback (most recent call last):
  File "C:\Users\awsch\miniconda3\envs\nsp\Lib\site-packages\rpyc\core\protocol.py", line 356, in _dispatch_request
    res = self._HANDLERS[handler](self, *args)
          ^^^^^^^^^^^^^^^^^^^^^^^^^^^^^^^^^^^^
  File "C:\Users\awsch\miniconda3\envs\nsp\Lib\site-packages\rpyc\core\protocol.py", line 853, in _handle_getattr
    return self._access_attr(obj, name, (), "_rpyc_getattr", "allow_getattr", getattr)
           ^^^^^^^^^^^^^^^^^^^^^^^^^^^^^^^^^^^^^^^^^^^^^^^^^^^^^^^^^^^^^^^^^^^^^^^^^^^
  File "C:\Users\awsch\miniconda3\envs\nsp\Lib\site-packages\rpyc\core\protocol.py", line 781, in _access_attr
    return accessor(obj, name, *args)
           ^^^^^^^^^^^^^^^^^^^^^^^^^^
AttributeError: 'list' object has no attribute '__array_wrap__'
2026-05-29 15:44:55.758 [   DEBUG] (         protocol.py: 363) Exception caught
Traceback (most recent call last):
  File "C:\Users\awsch\miniconda3\envs\nsp\Lib\site-packages\rpyc\core\protocol.py", line 356, in _dispatch_request
    res = self._HANDLERS[handler](self, *args)
          ^^^^^^^^^^^^^^^^^^^^^^^^^^^^^^^^^^^^
  File "C:\Users\awsch\miniconda3\envs\nsp\Lib\site-packages\rpyc\core\protocol.py", line 853, in _handle_getattr
    return self._access_attr(obj, name, (), "_rpyc_getattr", "allow_getattr", getattr)
           ^^^^^^^^^^^^^^^^^^^^^^^^^^^^^^^^^^^^^^^^^^^^^^^^^^^^^^^^^^^^^^^^^^^^^^^^^^^
  File "C:\Users\awsch\miniconda3\envs\nsp\Lib\site-packages\rpyc\core\protocol.py", line 781, in _access_attr
    return accessor(obj, name, *args)
           ^^^^^^^^^^^^^^^^^^^^^^^^^^
AttributeError: 'list' object has no attribute 'sum'
2026-05-29 15:44:55.760 [   DEBUG] (         protocol.py: 363) Exception caught
Traceback (most recent call last):
  File "C:\Users\awsch\miniconda3\envs\nsp\Lib\site-packages\rpyc\core\protocol.py", line 356, in _dispatch_request
    res = self._HANDLERS[handler](self, *args)
          ^^^^^^^^^^^^^^^^^^^^^^^^^^^^^^^^^^^^
  File "C:\Users\awsch\miniconda3\envs\nsp\Lib\site-packages\rpyc\core\protocol.py", line 853, in _handle_getattr
    return self._access_attr(obj, name, (), "_rpyc_getattr", "allow_getattr", getattr)
           ^^^^^^^^^^^^^^^^^^^^^^^^^^^^^^^^^^^^^^^^^^^^^^^^^^^^^^^^^^^^^^^^^^^^^^^^^^^
  File "C:\Users\awsch\miniconda3\envs\nsp\Lib\site-packages\rpyc\core\protocol.py", line 781, in _access_attr
    return accessor(obj, name, *args)
           ^^^^^^^^^^^^^^^^^^^^^^^^^^
AttributeError: 'list' object has no attribute 'sum'
2026-05-29 15:44:55.761 [   DEBUG] (         protocol.py: 363) Exception caught
Traceback (most recent call last):
  File "C:\Users\awsch\miniconda3\envs\nsp\Lib\site-packages\rpyc\core\protocol.py", line 356, in _dispatch_request
    res = self._HANDLERS[handler](self, *args)
          ^^^^^^^^^^^^^^^^^^^^^^^^^^^^^^^^^^^^
  File "C:\Users\awsch\miniconda3\envs\nsp\Lib\site-packages\rpyc\core\protocol.py", line 853, in _handle_getattr
    return self._access_attr(obj, name, (), "_rpyc_getattr", "allow_getattr", getattr)
           ^^^^^^^^^^^^^^^^^^^^^^^^^^^^^^^^^^^^^^^^^^^^^^^^^^^^^^^^^^^^^^^^^^^^^^^^^^^
  File "C:\Users\awsch\miniconda3\envs\nsp\Lib\site-packages\rpyc\core\protocol.py", line 781, in _access_attr
    return accessor(obj, name, *args)
           ^^^^^^^^^^^^^^^^^^^^^^^^^^
AttributeError: 'list' object has no attribute '__array__'
2026-05-29 15:44:55.778 [   DEBUG] (         protocol.py: 363) Exception caught
Traceback (most recent call last):
  File "C:\Users\awsch\miniconda3\envs\nsp\Lib\site-packages\rpyc\core\protocol.py", line 356, in _dispatch_request
    res = self._HANDLERS[handler](self, *args)
          ^^^^^^^^^^^^^^^^^^^^^^^^^^^^^^^^^^^^
  File "C:\Users\awsch\miniconda3\envs\nsp\Lib\site-packages\rpyc\core\protocol.py", line 853, in _handle_getattr
    return self._access_attr(obj, name, (), "_rpyc_getattr", "allow_getattr", getattr)
           ^^^^^^^^^^^^^^^^^^^^^^^^^^^^^^^^^^^^^^^^^^^^^^^^^^^^^^^^^^^^^^^^^^^^^^^^^^^
  File "C:\Users\awsch\miniconda3\envs\nsp\Lib\site-packages\rpyc\core\protocol.py", line 781, in _access_attr
    return accessor(obj, name, *args)
           ^^^^^^^^^^^^^^^^^^^^^^^^^^
AttributeError: 'list' object has no attribute '__array_wrap__'
2026-05-29 15:44:55.780 [   DEBUG] (         protocol.py: 363) Exception caught
Traceback (most recent call last):
  File "C:\Users\awsch\miniconda3\envs\nsp\Lib\site-packages\rpyc\core\protocol.py", line 356, in _dispatch_request
    res = self._HANDLERS[handler](self, *args)
          ^^^^^^^^^^^^^^^^^^^^^^^^^^^^^^^^^^^^
  File "C:\Users\awsch\miniconda3\envs\nsp\Lib\site-packages\rpyc\core\protocol.py", line 853, in _handle_getattr
    return self._access_attr(obj, name, (), "_rpyc_getattr", "allow_getattr", getattr)
           ^^^^^^^^^^^^^^^^^^^^^^^^^^^^^^^^^^^^^^^^^^^^^^^^^^^^^^^^^^^^^^^^^^^^^^^^^^^
  File "C:\Users\awsch\miniconda3\envs\nsp\Lib\site-packages\rpyc\core\protocol.py", line 781, in _access_attr
    return accessor(obj, name, *args)
           ^^^^^^^^^^^^^^^^^^^^^^^^^^
AttributeError: 'list' object has no attribute '__array_wrap__'
2026-05-29 15:44:55.781 [   DEBUG] (        highlevel.py: 186) viWrite(1, b'MEAS:POWER?\r\n', 13, 'c_ulong(13)') -> 0
2026-05-29 15:44:55.782 [   DEBUG] (     messagebased.py: 435) USB0::0x1313::0x8072::1916964::0::INSTR - reading 20480 bytes (last status <StatusCode.success_max_count_read: 1073676294>)
2026-05-29 15:44:55.784 [   DEBUG] (        highlevel.py: 186) viRead(1, <ctypes.c_char_Array_20480 object at 0x000001E05EA4F350>, 20480, 'c_ulong(15)') -> 0
2026-05-29 15:44:55.790 [   DEBUG] (        highlevel.py: 186) viWrite(2, b'FREQ 9490000000.00\r\n', 20, 'c_ulong(20)') -> 0
2026-05-29 15:44:56.856 [   DEBUG] (         protocol.py: 363) Exception caught
Traceback (most recent call last):
  File "C:\Users\awsch\miniconda3\envs\nsp\Lib\site-packages\rpyc\core\protocol.py", line 356, in _dispatch_request
    res = self._HANDLERS[handler](self, *args)
          ^^^^^^^^^^^^^^^^^^^^^^^^^^^^^^^^^^^^
  File "C:\Users\awsch\miniconda3\envs\nsp\Lib\site-packages\rpyc\core\protocol.py", line 853, in _handle_getattr
    return self._access_attr(obj, name, (), "_rpyc_getattr", "allow_getattr", getattr)
           ^^^^^^^^^^^^^^^^^^^^^^^^^^^^^^^^^^^^^^^^^^^^^^^^^^^^^^^^^^^^^^^^^^^^^^^^^^^
  File "C:\Users\awsch\miniconda3\envs\nsp\Lib\site-packages\rpyc\core\protocol.py", line 781, in _access_attr
    return accessor(obj, name, *args)
           ^^^^^^^^^^^^^^^^^^^^^^^^^^
AttributeError: 'list' object has no attribute 'sum'
2026-05-29 15:44:56.858 [   DEBUG] (         protocol.py: 363) Exception caught
Traceback (most recent call last):
  File "C:\Users\awsch\miniconda3\envs\nsp\Lib\site-packages\rpyc\core\protocol.py", line 356, in _dispatch_request
    res = self._HANDLERS[handler](self, *args)
          ^^^^^^^^^^^^^^^^^^^^^^^^^^^^^^^^^^^^
  File "C:\Users\awsch\miniconda3\envs\nsp\Lib\site-packages\rpyc\core\protocol.py", line 853, in _handle_getattr
    return self._access_attr(obj, name, (), "_rpyc_getattr", "allow_getattr", getattr)
           ^^^^^^^^^^^^^^^^^^^^^^^^^^^^^^^^^^^^^^^^^^^^^^^^^^^^^^^^^^^^^^^^^^^^^^^^^^^
  File "C:\Users\awsch\miniconda3\envs\nsp\Lib\site-packages\rpyc\core\protocol.py", line 781, in _access_attr
    return accessor(obj, name, *args)
           ^^^^^^^^^^^^^^^^^^^^^^^^^^
AttributeError: 'list' object has no attribute 'sum'
2026-05-29 15:44:56.858 [   DEBUG] (         protocol.py: 363) Exception caught
Traceback (most recent call last):
  File "C:\Users\awsch\miniconda3\envs\nsp\Lib\site-packages\rpyc\core\protocol.py", line 356, in _dispatch_request
    res = self._HANDLERS[handler](self, *args)
          ^^^^^^^^^^^^^^^^^^^^^^^^^^^^^^^^^^^^
  File "C:\Users\awsch\miniconda3\envs\nsp\Lib\site-packages\rpyc\core\protocol.py", line 853, in _handle_getattr
    return self._access_attr(obj, name, (), "_rpyc_getattr", "allow_getattr", getattr)
           ^^^^^^^^^^^^^^^^^^^^^^^^^^^^^^^^^^^^^^^^^^^^^^^^^^^^^^^^^^^^^^^^^^^^^^^^^^^
  File "C:\Users\awsch\miniconda3\envs\nsp\Lib\site-packages\rpyc\core\protocol.py", line 781, in _access_attr
    return accessor(obj, name, *args)
           ^^^^^^^^^^^^^^^^^^^^^^^^^^
AttributeError: 'list' object has no attribute '__array__'
2026-05-29 15:44:56.876 [   DEBUG] (         protocol.py: 363) Exception caught
Traceback (most recent call last):
  File "C:\Users\awsch\miniconda3\envs\nsp\Lib\site-packages\rpyc\core\protocol.py", line 356, in _dispatch_request
    res = self._HANDLERS[handler](self, *args)
          ^^^^^^^^^^^^^^^^^^^^^^^^^^^^^^^^^^^^
  File "C:\Users\awsch\miniconda3\envs\nsp\Lib\site-packages\rpyc\core\protocol.py", line 853, in _handle_getattr
    return self._access_attr(obj, name, (), "_rpyc_getattr", "allow_getattr", getattr)
           ^^^^^^^^^^^^^^^^^^^^^^^^^^^^^^^^^^^^^^^^^^^^^^^^^^^^^^^^^^^^^^^^^^^^^^^^^^^
  File "C:\Users\awsch\miniconda3\envs\nsp\Lib\site-packages\rpyc\core\protocol.py", line 781, in _access_attr
    return accessor(obj, name, *args)
           ^^^^^^^^^^^^^^^^^^^^^^^^^^
AttributeError: 'list' object has no attribute '__array_wrap__'
2026-05-29 15:44:56.877 [   DEBUG] (         protocol.py: 363) Exception caught
Traceback (most recent call last):
  File "C:\Users\awsch\miniconda3\envs\nsp\Lib\site-packages\rpyc\core\protocol.py", line 356, in _dispatch_request
    res = self._HANDLERS[handler](self, *args)
          ^^^^^^^^^^^^^^^^^^^^^^^^^^^^^^^^^^^^
  File "C:\Users\awsch\miniconda3\envs\nsp\Lib\site-packages\rpyc\core\protocol.py", line 853, in _handle_getattr
    return self._access_attr(obj, name, (), "_rpyc_getattr", "allow_getattr", getattr)
           ^^^^^^^^^^^^^^^^^^^^^^^^^^^^^^^^^^^^^^^^^^^^^^^^^^^^^^^^^^^^^^^^^^^^^^^^^^^
  File "C:\Users\awsch\miniconda3\envs\nsp\Lib\site-packages\rpyc\core\protocol.py", line 781, in _access_attr
    return accessor(obj, name, *args)
           ^^^^^^^^^^^^^^^^^^^^^^^^^^
AttributeError: 'list' object has no attribute '__array_wrap__'
2026-05-29 15:44:56.878 [   DEBUG] (         protocol.py: 363) Exception caught
Traceback (most recent call last):
  File "C:\Users\awsch\miniconda3\envs\nsp\Lib\site-packages\rpyc\core\protocol.py", line 356, in _dispatch_request
    res = self._HANDLERS[handler](self, *args)
          ^^^^^^^^^^^^^^^^^^^^^^^^^^^^^^^^^^^^
  File "C:\Users\awsch\miniconda3\envs\nsp\Lib\site-packages\rpyc\core\protocol.py", line 853, in _handle_getattr
    return self._access_attr(obj, name, (), "_rpyc_getattr", "allow_getattr", getattr)
           ^^^^^^^^^^^^^^^^^^^^^^^^^^^^^^^^^^^^^^^^^^^^^^^^^^^^^^^^^^^^^^^^^^^^^^^^^^^
  File "C:\Users\awsch\miniconda3\envs\nsp\Lib\site-packages\rpyc\core\protocol.py", line 781, in _access_attr
    return accessor(obj, name, *args)
           ^^^^^^^^^^^^^^^^^^^^^^^^^^
AttributeError: 'list' object has no attribute 'sum'
2026-05-29 15:44:56.879 [   DEBUG] (         protocol.py: 363) Exception caught
Traceback (most recent call last):
  File "C:\Users\awsch\miniconda3\envs\nsp\Lib\site-packages\rpyc\core\protocol.py", line 356, in _dispatch_request
    res = self._HANDLERS[handler](self, *args)
          ^^^^^^^^^^^^^^^^^^^^^^^^^^^^^^^^^^^^
  File "C:\Users\awsch\miniconda3\envs\nsp\Lib\site-packages\rpyc\core\protocol.py", line 853, in _handle_getattr
    return self._access_attr(obj, name, (), "_rpyc_getattr", "allow_getattr", getattr)
           ^^^^^^^^^^^^^^^^^^^^^^^^^^^^^^^^^^^^^^^^^^^^^^^^^^^^^^^^^^^^^^^^^^^^^^^^^^^
  File "C:\Users\awsch\miniconda3\envs\nsp\Lib\site-packages\rpyc\core\protocol.py", line 781, in _access_attr
    return accessor(obj, name, *args)
           ^^^^^^^^^^^^^^^^^^^^^^^^^^
AttributeError: 'list' object has no attribute 'sum'
2026-05-29 15:44:56.880 [   DEBUG] (         protocol.py: 363) Exception caught
Traceback (most recent call last):
  File "C:\Users\awsch\miniconda3\envs\nsp\Lib\site-packages\rpyc\core\protocol.py", line 356, in _dispatch_request
    res = self._HANDLERS[handler](self, *args)
          ^^^^^^^^^^^^^^^^^^^^^^^^^^^^^^^^^^^^
  File "C:\Users\awsch\miniconda3\envs\nsp\Lib\site-packages\rpyc\core\protocol.py", line 853, in _handle_getattr
    return self._access_attr(obj, name, (), "_rpyc_getattr", "allow_getattr", getattr)
           ^^^^^^^^^^^^^^^^^^^^^^^^^^^^^^^^^^^^^^^^^^^^^^^^^^^^^^^^^^^^^^^^^^^^^^^^^^^
  File "C:\Users\awsch\miniconda3\envs\nsp\Lib\site-packages\rpyc\core\protocol.py", line 781, in _access_attr
    return accessor(obj, name, *args)
           ^^^^^^^^^^^^^^^^^^^^^^^^^^
AttributeError: 'list' object has no attribute '__array__'
2026-05-29 15:44:56.897 [   DEBUG] (         protocol.py: 363) Exception caught
Traceback (most recent call last):
  File "C:\Users\awsch\miniconda3\envs\nsp\Lib\site-packages\rpyc\core\protocol.py", line 356, in _dispatch_request
    res = self._HANDLERS[handler](self, *args)
          ^^^^^^^^^^^^^^^^^^^^^^^^^^^^^^^^^^^^
  File "C:\Users\awsch\miniconda3\envs\nsp\Lib\site-packages\rpyc\core\protocol.py", line 853, in _handle_getattr
    return self._access_attr(obj, name, (), "_rpyc_getattr", "allow_getattr", getattr)
           ^^^^^^^^^^^^^^^^^^^^^^^^^^^^^^^^^^^^^^^^^^^^^^^^^^^^^^^^^^^^^^^^^^^^^^^^^^^
  File "C:\Users\awsch\miniconda3\envs\nsp\Lib\site-packages\rpyc\core\protocol.py", line 781, in _access_attr
    return accessor(obj, name, *args)
           ^^^^^^^^^^^^^^^^^^^^^^^^^^
AttributeError: 'list' object has no attribute '__array_wrap__'
2026-05-29 15:44:56.898 [   DEBUG] (         protocol.py: 363) Exception caught
Traceback (most recent call last):
  File "C:\Users\awsch\miniconda3\envs\nsp\Lib\site-packages\rpyc\core\protocol.py", line 356, in _dispatch_request
    res = self._HANDLERS[handler](self, *args)
          ^^^^^^^^^^^^^^^^^^^^^^^^^^^^^^^^^^^^
  File "C:\Users\awsch\miniconda3\envs\nsp\Lib\site-packages\rpyc\core\protocol.py", line 853, in _handle_getattr
    return self._access_attr(obj, name, (), "_rpyc_getattr", "allow_getattr", getattr)
           ^^^^^^^^^^^^^^^^^^^^^^^^^^^^^^^^^^^^^^^^^^^^^^^^^^^^^^^^^^^^^^^^^^^^^^^^^^^
  File "C:\Users\awsch\miniconda3\envs\nsp\Lib\site-packages\rpyc\core\protocol.py", line 781, in _access_attr
    return accessor(obj, name, *args)
           ^^^^^^^^^^^^^^^^^^^^^^^^^^
AttributeError: 'list' object has no attribute '__array_wrap__'
2026-05-29 15:44:56.900 [   DEBUG] (        highlevel.py: 186) viWrite(1, b'MEAS:POWER?\r\n', 13, 'c_ulong(13)') -> 0
2026-05-29 15:44:56.900 [   DEBUG] (     messagebased.py: 435) USB0::0x1313::0x8072::1916964::0::INSTR - reading 20480 bytes (last status <StatusCode.success_max_count_read: 1073676294>)
2026-05-29 15:44:56.903 [   DEBUG] (        highlevel.py: 186) viRead(1, <ctypes.c_char_Array_20480 object at 0x000001E05EA4E0D0>, 20480, 'c_ulong(15)') -> 0
2026-05-29 15:44:56.909 [   DEBUG] (        highlevel.py: 186) viWrite(2, b'FREQ 9500000000.00\r\n', 20, 'c_ulong(20)') -> 0
2026-05-29 15:44:57.986 [   DEBUG] (         protocol.py: 363) Exception caught
Traceback (most recent call last):
  File "C:\Users\awsch\miniconda3\envs\nsp\Lib\site-packages\rpyc\core\protocol.py", line 356, in _dispatch_request
    res = self._HANDLERS[handler](self, *args)
          ^^^^^^^^^^^^^^^^^^^^^^^^^^^^^^^^^^^^
  File "C:\Users\awsch\miniconda3\envs\nsp\Lib\site-packages\rpyc\core\protocol.py", line 853, in _handle_getattr
    return self._access_attr(obj, name, (), "_rpyc_getattr", "allow_getattr", getattr)
           ^^^^^^^^^^^^^^^^^^^^^^^^^^^^^^^^^^^^^^^^^^^^^^^^^^^^^^^^^^^^^^^^^^^^^^^^^^^
  File "C:\Users\awsch\miniconda3\envs\nsp\Lib\site-packages\rpyc\core\protocol.py", line 781, in _access_attr
    return accessor(obj, name, *args)
           ^^^^^^^^^^^^^^^^^^^^^^^^^^
AttributeError: 'list' object has no attribute 'sum'
2026-05-29 15:44:57.987 [   DEBUG] (         protocol.py: 363) Exception caught
Traceback (most recent call last):
  File "C:\Users\awsch\miniconda3\envs\nsp\Lib\site-packages\rpyc\core\protocol.py", line 356, in _dispatch_request
    res = self._HANDLERS[handler](self, *args)
          ^^^^^^^^^^^^^^^^^^^^^^^^^^^^^^^^^^^^
  File "C:\Users\awsch\miniconda3\envs\nsp\Lib\site-packages\rpyc\core\protocol.py", line 853, in _handle_getattr
    return self._access_attr(obj, name, (), "_rpyc_getattr", "allow_getattr", getattr)
           ^^^^^^^^^^^^^^^^^^^^^^^^^^^^^^^^^^^^^^^^^^^^^^^^^^^^^^^^^^^^^^^^^^^^^^^^^^^
  File "C:\Users\awsch\miniconda3\envs\nsp\Lib\site-packages\rpyc\core\protocol.py", line 781, in _access_attr
    return accessor(obj, name, *args)
           ^^^^^^^^^^^^^^^^^^^^^^^^^^
AttributeError: 'list' object has no attribute 'sum'
2026-05-29 15:44:57.989 [   DEBUG] (         protocol.py: 363) Exception caught
Traceback (most recent call last):
  File "C:\Users\awsch\miniconda3\envs\nsp\Lib\site-packages\rpyc\core\protocol.py", line 356, in _dispatch_request
    res = self._HANDLERS[handler](self, *args)
          ^^^^^^^^^^^^^^^^^^^^^^^^^^^^^^^^^^^^
  File "C:\Users\awsch\miniconda3\envs\nsp\Lib\site-packages\rpyc\core\protocol.py", line 853, in _handle_getattr
    return self._access_attr(obj, name, (), "_rpyc_getattr", "allow_getattr", getattr)
           ^^^^^^^^^^^^^^^^^^^^^^^^^^^^^^^^^^^^^^^^^^^^^^^^^^^^^^^^^^^^^^^^^^^^^^^^^^^
  File "C:\Users\awsch\miniconda3\envs\nsp\Lib\site-packages\rpyc\core\protocol.py", line 781, in _access_attr
    return accessor(obj, name, *args)
           ^^^^^^^^^^^^^^^^^^^^^^^^^^
AttributeError: 'list' object has no attribute '__array__'
2026-05-29 15:44:58.006 [   DEBUG] (         protocol.py: 363) Exception caught
Traceback (most recent call last):
  File "C:\Users\awsch\miniconda3\envs\nsp\Lib\site-packages\rpyc\core\protocol.py", line 356, in _dispatch_request
    res = self._HANDLERS[handler](self, *args)
          ^^^^^^^^^^^^^^^^^^^^^^^^^^^^^^^^^^^^
  File "C:\Users\awsch\miniconda3\envs\nsp\Lib\site-packages\rpyc\core\protocol.py", line 853, in _handle_getattr
    return self._access_attr(obj, name, (), "_rpyc_getattr", "allow_getattr", getattr)
           ^^^^^^^^^^^^^^^^^^^^^^^^^^^^^^^^^^^^^^^^^^^^^^^^^^^^^^^^^^^^^^^^^^^^^^^^^^^
  File "C:\Users\awsch\miniconda3\envs\nsp\Lib\site-packages\rpyc\core\protocol.py", line 781, in _access_attr
    return accessor(obj, name, *args)
           ^^^^^^^^^^^^^^^^^^^^^^^^^^
AttributeError: 'list' object has no attribute '__array_wrap__'
2026-05-29 15:44:58.007 [   DEBUG] (         protocol.py: 363) Exception caught
Traceback (most recent call last):
  File "C:\Users\awsch\miniconda3\envs\nsp\Lib\site-packages\rpyc\core\protocol.py", line 356, in _dispatch_request
    res = self._HANDLERS[handler](self, *args)
          ^^^^^^^^^^^^^^^^^^^^^^^^^^^^^^^^^^^^
  File "C:\Users\awsch\miniconda3\envs\nsp\Lib\site-packages\rpyc\core\protocol.py", line 853, in _handle_getattr
    return self._access_attr(obj, name, (), "_rpyc_getattr", "allow_getattr", getattr)
           ^^^^^^^^^^^^^^^^^^^^^^^^^^^^^^^^^^^^^^^^^^^^^^^^^^^^^^^^^^^^^^^^^^^^^^^^^^^
  File "C:\Users\awsch\miniconda3\envs\nsp\Lib\site-packages\rpyc\core\protocol.py", line 781, in _access_attr
    return accessor(obj, name, *args)
           ^^^^^^^^^^^^^^^^^^^^^^^^^^
AttributeError: 'list' object has no attribute '__array_wrap__'
2026-05-29 15:44:58.008 [   DEBUG] (         protocol.py: 363) Exception caught
Traceback (most recent call last):
  File "C:\Users\awsch\miniconda3\envs\nsp\Lib\site-packages\rpyc\core\protocol.py", line 356, in _dispatch_request
    res = self._HANDLERS[handler](self, *args)
          ^^^^^^^^^^^^^^^^^^^^^^^^^^^^^^^^^^^^
  File "C:\Users\awsch\miniconda3\envs\nsp\Lib\site-packages\rpyc\core\protocol.py", line 853, in _handle_getattr
    return self._access_attr(obj, name, (), "_rpyc_getattr", "allow_getattr", getattr)
           ^^^^^^^^^^^^^^^^^^^^^^^^^^^^^^^^^^^^^^^^^^^^^^^^^^^^^^^^^^^^^^^^^^^^^^^^^^^
  File "C:\Users\awsch\miniconda3\envs\nsp\Lib\site-packages\rpyc\core\protocol.py", line 781, in _access_attr
    return accessor(obj, name, *args)
           ^^^^^^^^^^^^^^^^^^^^^^^^^^
AttributeError: 'list' object has no attribute 'sum'
2026-05-29 15:44:58.009 [   DEBUG] (         protocol.py: 363) Exception caught
Traceback (most recent call last):
  File "C:\Users\awsch\miniconda3\envs\nsp\Lib\site-packages\rpyc\core\protocol.py", line 356, in _dispatch_request
    res = self._HANDLERS[handler](self, *args)
          ^^^^^^^^^^^^^^^^^^^^^^^^^^^^^^^^^^^^
  File "C:\Users\awsch\miniconda3\envs\nsp\Lib\site-packages\rpyc\core\protocol.py", line 853, in _handle_getattr
    return self._access_attr(obj, name, (), "_rpyc_getattr", "allow_getattr", getattr)
           ^^^^^^^^^^^^^^^^^^^^^^^^^^^^^^^^^^^^^^^^^^^^^^^^^^^^^^^^^^^^^^^^^^^^^^^^^^^
  File "C:\Users\awsch\miniconda3\envs\nsp\Lib\site-packages\rpyc\core\protocol.py", line 781, in _access_attr
    return accessor(obj, name, *args)
           ^^^^^^^^^^^^^^^^^^^^^^^^^^
AttributeError: 'list' object has no attribute 'sum'
2026-05-29 15:44:58.010 [   DEBUG] (         protocol.py: 363) Exception caught
Traceback (most recent call last):
  File "C:\Users\awsch\miniconda3\envs\nsp\Lib\site-packages\rpyc\core\protocol.py", line 356, in _dispatch_request
    res = self._HANDLERS[handler](self, *args)
          ^^^^^^^^^^^^^^^^^^^^^^^^^^^^^^^^^^^^
  File "C:\Users\awsch\miniconda3\envs\nsp\Lib\site-packages\rpyc\core\protocol.py", line 853, in _handle_getattr
    return self._access_attr(obj, name, (), "_rpyc_getattr", "allow_getattr", getattr)
           ^^^^^^^^^^^^^^^^^^^^^^^^^^^^^^^^^^^^^^^^^^^^^^^^^^^^^^^^^^^^^^^^^^^^^^^^^^^
  File "C:\Users\awsch\miniconda3\envs\nsp\Lib\site-packages\rpyc\core\protocol.py", line 781, in _access_attr
    return accessor(obj, name, *args)
           ^^^^^^^^^^^^^^^^^^^^^^^^^^
AttributeError: 'list' object has no attribute '__array__'
2026-05-29 15:44:58.027 [   DEBUG] (         protocol.py: 363) Exception caught
Traceback (most recent call last):
  File "C:\Users\awsch\miniconda3\envs\nsp\Lib\site-packages\rpyc\core\protocol.py", line 356, in _dispatch_request
    res = self._HANDLERS[handler](self, *args)
          ^^^^^^^^^^^^^^^^^^^^^^^^^^^^^^^^^^^^
  File "C:\Users\awsch\miniconda3\envs\nsp\Lib\site-packages\rpyc\core\protocol.py", line 853, in _handle_getattr
    return self._access_attr(obj, name, (), "_rpyc_getattr", "allow_getattr", getattr)
           ^^^^^^^^^^^^^^^^^^^^^^^^^^^^^^^^^^^^^^^^^^^^^^^^^^^^^^^^^^^^^^^^^^^^^^^^^^^
  File "C:\Users\awsch\miniconda3\envs\nsp\Lib\site-packages\rpyc\core\protocol.py", line 781, in _access_attr
    return accessor(obj, name, *args)
           ^^^^^^^^^^^^^^^^^^^^^^^^^^
AttributeError: 'list' object has no attribute '__array_wrap__'
2026-05-29 15:44:58.028 [   DEBUG] (         protocol.py: 363) Exception caught
Traceback (most recent call last):
  File "C:\Users\awsch\miniconda3\envs\nsp\Lib\site-packages\rpyc\core\protocol.py", line 356, in _dispatch_request
    res = self._HANDLERS[handler](self, *args)
          ^^^^^^^^^^^^^^^^^^^^^^^^^^^^^^^^^^^^
  File "C:\Users\awsch\miniconda3\envs\nsp\Lib\site-packages\rpyc\core\protocol.py", line 853, in _handle_getattr
    return self._access_attr(obj, name, (), "_rpyc_getattr", "allow_getattr", getattr)
           ^^^^^^^^^^^^^^^^^^^^^^^^^^^^^^^^^^^^^^^^^^^^^^^^^^^^^^^^^^^^^^^^^^^^^^^^^^^
  File "C:\Users\awsch\miniconda3\envs\nsp\Lib\site-packages\rpyc\core\protocol.py", line 781, in _access_attr
    return accessor(obj, name, *args)
           ^^^^^^^^^^^^^^^^^^^^^^^^^^
AttributeError: 'list' object has no attribute '__array_wrap__'
2026-05-29 15:44:58.030 [   DEBUG] (        highlevel.py: 186) viWrite(1, b'MEAS:POWER?\r\n', 13, 'c_ulong(13)') -> 0
2026-05-29 15:44:58.030 [   DEBUG] (     messagebased.py: 435) USB0::0x1313::0x8072::1916964::0::INSTR - reading 20480 bytes (last status <StatusCode.success_max_count_read: 1073676294>)
2026-05-29 15:44:58.033 [   DEBUG] (        highlevel.py: 186) viRead(1, <ctypes.c_char_Array_20480 object at 0x000001E05EA4DAD0>, 20480, 'c_ulong(15)') -> 0
2026-05-29 15:44:58.039 [   DEBUG] (        highlevel.py: 186) viWrite(2, b'FREQ 9510000000.00\r\n', 20, 'c_ulong(20)') -> 0
2026-05-29 15:44:59.112 [   DEBUG] (         protocol.py: 363) Exception caught
Traceback (most recent call last):
  File "C:\Users\awsch\miniconda3\envs\nsp\Lib\site-packages\rpyc\core\protocol.py", line 356, in _dispatch_request
    res = self._HANDLERS[handler](self, *args)
          ^^^^^^^^^^^^^^^^^^^^^^^^^^^^^^^^^^^^
  File "C:\Users\awsch\miniconda3\envs\nsp\Lib\site-packages\rpyc\core\protocol.py", line 853, in _handle_getattr
    return self._access_attr(obj, name, (), "_rpyc_getattr", "allow_getattr", getattr)
           ^^^^^^^^^^^^^^^^^^^^^^^^^^^^^^^^^^^^^^^^^^^^^^^^^^^^^^^^^^^^^^^^^^^^^^^^^^^
  File "C:\Users\awsch\miniconda3\envs\nsp\Lib\site-packages\rpyc\core\protocol.py", line 781, in _access_attr
    return accessor(obj, name, *args)
           ^^^^^^^^^^^^^^^^^^^^^^^^^^
AttributeError: 'list' object has no attribute 'sum'
2026-05-29 15:44:59.113 [   DEBUG] (         protocol.py: 363) Exception caught
Traceback (most recent call last):
  File "C:\Users\awsch\miniconda3\envs\nsp\Lib\site-packages\rpyc\core\protocol.py", line 356, in _dispatch_request
    res = self._HANDLERS[handler](self, *args)
          ^^^^^^^^^^^^^^^^^^^^^^^^^^^^^^^^^^^^
  File "C:\Users\awsch\miniconda3\envs\nsp\Lib\site-packages\rpyc\core\protocol.py", line 853, in _handle_getattr
    return self._access_attr(obj, name, (), "_rpyc_getattr", "allow_getattr", getattr)
           ^^^^^^^^^^^^^^^^^^^^^^^^^^^^^^^^^^^^^^^^^^^^^^^^^^^^^^^^^^^^^^^^^^^^^^^^^^^
  File "C:\Users\awsch\miniconda3\envs\nsp\Lib\site-packages\rpyc\core\protocol.py", line 781, in _access_attr
    return accessor(obj, name, *args)
           ^^^^^^^^^^^^^^^^^^^^^^^^^^
AttributeError: 'list' object has no attribute 'sum'
2026-05-29 15:44:59.115 [   DEBUG] (         protocol.py: 363) Exception caught
Traceback (most recent call last):
  File "C:\Users\awsch\miniconda3\envs\nsp\Lib\site-packages\rpyc\core\protocol.py", line 356, in _dispatch_request
    res = self._HANDLERS[handler](self, *args)
          ^^^^^^^^^^^^^^^^^^^^^^^^^^^^^^^^^^^^
  File "C:\Users\awsch\miniconda3\envs\nsp\Lib\site-packages\rpyc\core\protocol.py", line 853, in _handle_getattr
    return self._access_attr(obj, name, (), "_rpyc_getattr", "allow_getattr", getattr)
           ^^^^^^^^^^^^^^^^^^^^^^^^^^^^^^^^^^^^^^^^^^^^^^^^^^^^^^^^^^^^^^^^^^^^^^^^^^^
  File "C:\Users\awsch\miniconda3\envs\nsp\Lib\site-packages\rpyc\core\protocol.py", line 781, in _access_attr
    return accessor(obj, name, *args)
           ^^^^^^^^^^^^^^^^^^^^^^^^^^
AttributeError: 'list' object has no attribute '__array__'
2026-05-29 15:44:59.132 [   DEBUG] (         protocol.py: 363) Exception caught
Traceback (most recent call last):
  File "C:\Users\awsch\miniconda3\envs\nsp\Lib\site-packages\rpyc\core\protocol.py", line 356, in _dispatch_request
    res = self._HANDLERS[handler](self, *args)
          ^^^^^^^^^^^^^^^^^^^^^^^^^^^^^^^^^^^^
  File "C:\Users\awsch\miniconda3\envs\nsp\Lib\site-packages\rpyc\core\protocol.py", line 853, in _handle_getattr
    return self._access_attr(obj, name, (), "_rpyc_getattr", "allow_getattr", getattr)
           ^^^^^^^^^^^^^^^^^^^^^^^^^^^^^^^^^^^^^^^^^^^^^^^^^^^^^^^^^^^^^^^^^^^^^^^^^^^
  File "C:\Users\awsch\miniconda3\envs\nsp\Lib\site-packages\rpyc\core\protocol.py", line 781, in _access_attr
    return accessor(obj, name, *args)
           ^^^^^^^^^^^^^^^^^^^^^^^^^^
AttributeError: 'list' object has no attribute '__array_wrap__'
2026-05-29 15:44:59.133 [   DEBUG] (         protocol.py: 363) Exception caught
Traceback (most recent call last):
  File "C:\Users\awsch\miniconda3\envs\nsp\Lib\site-packages\rpyc\core\protocol.py", line 356, in _dispatch_request
    res = self._HANDLERS[handler](self, *args)
          ^^^^^^^^^^^^^^^^^^^^^^^^^^^^^^^^^^^^
  File "C:\Users\awsch\miniconda3\envs\nsp\Lib\site-packages\rpyc\core\protocol.py", line 853, in _handle_getattr
    return self._access_attr(obj, name, (), "_rpyc_getattr", "allow_getattr", getattr)
           ^^^^^^^^^^^^^^^^^^^^^^^^^^^^^^^^^^^^^^^^^^^^^^^^^^^^^^^^^^^^^^^^^^^^^^^^^^^
  File "C:\Users\awsch\miniconda3\envs\nsp\Lib\site-packages\rpyc\core\protocol.py", line 781, in _access_attr
    return accessor(obj, name, *args)
           ^^^^^^^^^^^^^^^^^^^^^^^^^^
AttributeError: 'list' object has no attribute '__array_wrap__'
2026-05-29 15:44:59.134 [   DEBUG] (         protocol.py: 363) Exception caught
Traceback (most recent call last):
  File "C:\Users\awsch\miniconda3\envs\nsp\Lib\site-packages\rpyc\core\protocol.py", line 356, in _dispatch_request
    res = self._HANDLERS[handler](self, *args)
          ^^^^^^^^^^^^^^^^^^^^^^^^^^^^^^^^^^^^
  File "C:\Users\awsch\miniconda3\envs\nsp\Lib\site-packages\rpyc\core\protocol.py", line 853, in _handle_getattr
    return self._access_attr(obj, name, (), "_rpyc_getattr", "allow_getattr", getattr)
           ^^^^^^^^^^^^^^^^^^^^^^^^^^^^^^^^^^^^^^^^^^^^^^^^^^^^^^^^^^^^^^^^^^^^^^^^^^^
  File "C:\Users\awsch\miniconda3\envs\nsp\Lib\site-packages\rpyc\core\protocol.py", line 781, in _access_attr
    return accessor(obj, name, *args)
           ^^^^^^^^^^^^^^^^^^^^^^^^^^
AttributeError: 'list' object has no attribute 'sum'
2026-05-29 15:44:59.135 [   DEBUG] (         protocol.py: 363) Exception caught
Traceback (most recent call last):
  File "C:\Users\awsch\miniconda3\envs\nsp\Lib\site-packages\rpyc\core\protocol.py", line 356, in _dispatch_request
    res = self._HANDLERS[handler](self, *args)
          ^^^^^^^^^^^^^^^^^^^^^^^^^^^^^^^^^^^^
  File "C:\Users\awsch\miniconda3\envs\nsp\Lib\site-packages\rpyc\core\protocol.py", line 853, in _handle_getattr
    return self._access_attr(obj, name, (), "_rpyc_getattr", "allow_getattr", getattr)
           ^^^^^^^^^^^^^^^^^^^^^^^^^^^^^^^^^^^^^^^^^^^^^^^^^^^^^^^^^^^^^^^^^^^^^^^^^^^
  File "C:\Users\awsch\miniconda3\envs\nsp\Lib\site-packages\rpyc\core\protocol.py", line 781, in _access_attr
    return accessor(obj, name, *args)
           ^^^^^^^^^^^^^^^^^^^^^^^^^^
AttributeError: 'list' object has no attribute 'sum'
2026-05-29 15:44:59.136 [   DEBUG] (         protocol.py: 363) Exception caught
Traceback (most recent call last):
  File "C:\Users\awsch\miniconda3\envs\nsp\Lib\site-packages\rpyc\core\protocol.py", line 356, in _dispatch_request
    res = self._HANDLERS[handler](self, *args)
          ^^^^^^^^^^^^^^^^^^^^^^^^^^^^^^^^^^^^
  File "C:\Users\awsch\miniconda3\envs\nsp\Lib\site-packages\rpyc\core\protocol.py", line 853, in _handle_getattr
    return self._access_attr(obj, name, (), "_rpyc_getattr", "allow_getattr", getattr)
           ^^^^^^^^^^^^^^^^^^^^^^^^^^^^^^^^^^^^^^^^^^^^^^^^^^^^^^^^^^^^^^^^^^^^^^^^^^^
  File "C:\Users\awsch\miniconda3\envs\nsp\Lib\site-packages\rpyc\core\protocol.py", line 781, in _access_attr
    return accessor(obj, name, *args)
           ^^^^^^^^^^^^^^^^^^^^^^^^^^
AttributeError: 'list' object has no attribute '__array__'
2026-05-29 15:44:59.152 [   DEBUG] (         protocol.py: 363) Exception caught
Traceback (most recent call last):
  File "C:\Users\awsch\miniconda3\envs\nsp\Lib\site-packages\rpyc\core\protocol.py", line 356, in _dispatch_request
    res = self._HANDLERS[handler](self, *args)
          ^^^^^^^^^^^^^^^^^^^^^^^^^^^^^^^^^^^^
  File "C:\Users\awsch\miniconda3\envs\nsp\Lib\site-packages\rpyc\core\protocol.py", line 853, in _handle_getattr
    return self._access_attr(obj, name, (), "_rpyc_getattr", "allow_getattr", getattr)
           ^^^^^^^^^^^^^^^^^^^^^^^^^^^^^^^^^^^^^^^^^^^^^^^^^^^^^^^^^^^^^^^^^^^^^^^^^^^
  File "C:\Users\awsch\miniconda3\envs\nsp\Lib\site-packages\rpyc\core\protocol.py", line 781, in _access_attr
    return accessor(obj, name, *args)
           ^^^^^^^^^^^^^^^^^^^^^^^^^^
AttributeError: 'list' object has no attribute '__array_wrap__'
2026-05-29 15:44:59.153 [   DEBUG] (         protocol.py: 363) Exception caught
Traceback (most recent call last):
  File "C:\Users\awsch\miniconda3\envs\nsp\Lib\site-packages\rpyc\core\protocol.py", line 356, in _dispatch_request
    res = self._HANDLERS[handler](self, *args)
          ^^^^^^^^^^^^^^^^^^^^^^^^^^^^^^^^^^^^
  File "C:\Users\awsch\miniconda3\envs\nsp\Lib\site-packages\rpyc\core\protocol.py", line 853, in _handle_getattr
    return self._access_attr(obj, name, (), "_rpyc_getattr", "allow_getattr", getattr)
           ^^^^^^^^^^^^^^^^^^^^^^^^^^^^^^^^^^^^^^^^^^^^^^^^^^^^^^^^^^^^^^^^^^^^^^^^^^^
  File "C:\Users\awsch\miniconda3\envs\nsp\Lib\site-packages\rpyc\core\protocol.py", line 781, in _access_attr
    return accessor(obj, name, *args)
           ^^^^^^^^^^^^^^^^^^^^^^^^^^
AttributeError: 'list' object has no attribute '__array_wrap__'
2026-05-29 15:44:59.155 [   DEBUG] (        highlevel.py: 186) viWrite(1, b'MEAS:POWER?\r\n', 13, 'c_ulong(13)') -> 0
2026-05-29 15:44:59.156 [   DEBUG] (     messagebased.py: 435) USB0::0x1313::0x8072::1916964::0::INSTR - reading 20480 bytes (last status <StatusCode.success_max_count_read: 1073676294>)
2026-05-29 15:44:59.158 [   DEBUG] (        highlevel.py: 186) viRead(1, <ctypes.c_char_Array_20480 object at 0x000001E05EA4E6D0>, 20480, 'c_ulong(15)') -> 0
2026-05-29 15:44:59.164 [   DEBUG] (        highlevel.py: 186) viWrite(2, b'FREQ 9520000000.00\r\n', 20, 'c_ulong(20)') -> 0
2026-05-29 15:45:00.242 [   DEBUG] (         protocol.py: 363) Exception caught
Traceback (most recent call last):
  File "C:\Users\awsch\miniconda3\envs\nsp\Lib\site-packages\rpyc\core\protocol.py", line 356, in _dispatch_request
    res = self._HANDLERS[handler](self, *args)
          ^^^^^^^^^^^^^^^^^^^^^^^^^^^^^^^^^^^^
  File "C:\Users\awsch\miniconda3\envs\nsp\Lib\site-packages\rpyc\core\protocol.py", line 853, in _handle_getattr
    return self._access_attr(obj, name, (), "_rpyc_getattr", "allow_getattr", getattr)
           ^^^^^^^^^^^^^^^^^^^^^^^^^^^^^^^^^^^^^^^^^^^^^^^^^^^^^^^^^^^^^^^^^^^^^^^^^^^
  File "C:\Users\awsch\miniconda3\envs\nsp\Lib\site-packages\rpyc\core\protocol.py", line 781, in _access_attr
    return accessor(obj, name, *args)
           ^^^^^^^^^^^^^^^^^^^^^^^^^^
AttributeError: 'list' object has no attribute 'sum'
2026-05-29 15:45:00.243 [   DEBUG] (         protocol.py: 363) Exception caught
Traceback (most recent call last):
  File "C:\Users\awsch\miniconda3\envs\nsp\Lib\site-packages\rpyc\core\protocol.py", line 356, in _dispatch_request
    res = self._HANDLERS[handler](self, *args)
          ^^^^^^^^^^^^^^^^^^^^^^^^^^^^^^^^^^^^
  File "C:\Users\awsch\miniconda3\envs\nsp\Lib\site-packages\rpyc\core\protocol.py", line 853, in _handle_getattr
    return self._access_attr(obj, name, (), "_rpyc_getattr", "allow_getattr", getattr)
           ^^^^^^^^^^^^^^^^^^^^^^^^^^^^^^^^^^^^^^^^^^^^^^^^^^^^^^^^^^^^^^^^^^^^^^^^^^^
  File "C:\Users\awsch\miniconda3\envs\nsp\Lib\site-packages\rpyc\core\protocol.py", line 781, in _access_attr
    return accessor(obj, name, *args)
           ^^^^^^^^^^^^^^^^^^^^^^^^^^
AttributeError: 'list' object has no attribute 'sum'
2026-05-29 15:45:00.244 [   DEBUG] (         protocol.py: 363) Exception caught
Traceback (most recent call last):
  File "C:\Users\awsch\miniconda3\envs\nsp\Lib\site-packages\rpyc\core\protocol.py", line 356, in _dispatch_request
    res = self._HANDLERS[handler](self, *args)
          ^^^^^^^^^^^^^^^^^^^^^^^^^^^^^^^^^^^^
  File "C:\Users\awsch\miniconda3\envs\nsp\Lib\site-packages\rpyc\core\protocol.py", line 853, in _handle_getattr
    return self._access_attr(obj, name, (), "_rpyc_getattr", "allow_getattr", getattr)
           ^^^^^^^^^^^^^^^^^^^^^^^^^^^^^^^^^^^^^^^^^^^^^^^^^^^^^^^^^^^^^^^^^^^^^^^^^^^
  File "C:\Users\awsch\miniconda3\envs\nsp\Lib\site-packages\rpyc\core\protocol.py", line 781, in _access_attr
    return accessor(obj, name, *args)
           ^^^^^^^^^^^^^^^^^^^^^^^^^^
AttributeError: 'list' object has no attribute '__array__'
2026-05-29 15:45:00.261 [   DEBUG] (         protocol.py: 363) Exception caught
Traceback (most recent call last):
  File "C:\Users\awsch\miniconda3\envs\nsp\Lib\site-packages\rpyc\core\protocol.py", line 356, in _dispatch_request
    res = self._HANDLERS[handler](self, *args)
          ^^^^^^^^^^^^^^^^^^^^^^^^^^^^^^^^^^^^
  File "C:\Users\awsch\miniconda3\envs\nsp\Lib\site-packages\rpyc\core\protocol.py", line 853, in _handle_getattr
    return self._access_attr(obj, name, (), "_rpyc_getattr", "allow_getattr", getattr)
           ^^^^^^^^^^^^^^^^^^^^^^^^^^^^^^^^^^^^^^^^^^^^^^^^^^^^^^^^^^^^^^^^^^^^^^^^^^^
  File "C:\Users\awsch\miniconda3\envs\nsp\Lib\site-packages\rpyc\core\protocol.py", line 781, in _access_attr
    return accessor(obj, name, *args)
           ^^^^^^^^^^^^^^^^^^^^^^^^^^
AttributeError: 'list' object has no attribute '__array_wrap__'
2026-05-29 15:45:00.262 [   DEBUG] (         protocol.py: 363) Exception caught
Traceback (most recent call last):
  File "C:\Users\awsch\miniconda3\envs\nsp\Lib\site-packages\rpyc\core\protocol.py", line 356, in _dispatch_request
    res = self._HANDLERS[handler](self, *args)
          ^^^^^^^^^^^^^^^^^^^^^^^^^^^^^^^^^^^^
  File "C:\Users\awsch\miniconda3\envs\nsp\Lib\site-packages\rpyc\core\protocol.py", line 853, in _handle_getattr
    return self._access_attr(obj, name, (), "_rpyc_getattr", "allow_getattr", getattr)
           ^^^^^^^^^^^^^^^^^^^^^^^^^^^^^^^^^^^^^^^^^^^^^^^^^^^^^^^^^^^^^^^^^^^^^^^^^^^
  File "C:\Users\awsch\miniconda3\envs\nsp\Lib\site-packages\rpyc\core\protocol.py", line 781, in _access_attr
    return accessor(obj, name, *args)
           ^^^^^^^^^^^^^^^^^^^^^^^^^^
AttributeError: 'list' object has no attribute '__array_wrap__'
2026-05-29 15:45:00.263 [   DEBUG] (         protocol.py: 363) Exception caught
Traceback (most recent call last):
  File "C:\Users\awsch\miniconda3\envs\nsp\Lib\site-packages\rpyc\core\protocol.py", line 356, in _dispatch_request
    res = self._HANDLERS[handler](self, *args)
          ^^^^^^^^^^^^^^^^^^^^^^^^^^^^^^^^^^^^
  File "C:\Users\awsch\miniconda3\envs\nsp\Lib\site-packages\rpyc\core\protocol.py", line 853, in _handle_getattr
    return self._access_attr(obj, name, (), "_rpyc_getattr", "allow_getattr", getattr)
           ^^^^^^^^^^^^^^^^^^^^^^^^^^^^^^^^^^^^^^^^^^^^^^^^^^^^^^^^^^^^^^^^^^^^^^^^^^^
  File "C:\Users\awsch\miniconda3\envs\nsp\Lib\site-packages\rpyc\core\protocol.py", line 781, in _access_attr
    return accessor(obj, name, *args)
           ^^^^^^^^^^^^^^^^^^^^^^^^^^
AttributeError: 'list' object has no attribute 'sum'
2026-05-29 15:45:00.264 [   DEBUG] (         protocol.py: 363) Exception caught
Traceback (most recent call last):
  File "C:\Users\awsch\miniconda3\envs\nsp\Lib\site-packages\rpyc\core\protocol.py", line 356, in _dispatch_request
    res = self._HANDLERS[handler](self, *args)
          ^^^^^^^^^^^^^^^^^^^^^^^^^^^^^^^^^^^^
  File "C:\Users\awsch\miniconda3\envs\nsp\Lib\site-packages\rpyc\core\protocol.py", line 853, in _handle_getattr
    return self._access_attr(obj, name, (), "_rpyc_getattr", "allow_getattr", getattr)
           ^^^^^^^^^^^^^^^^^^^^^^^^^^^^^^^^^^^^^^^^^^^^^^^^^^^^^^^^^^^^^^^^^^^^^^^^^^^
  File "C:\Users\awsch\miniconda3\envs\nsp\Lib\site-packages\rpyc\core\protocol.py", line 781, in _access_attr
    return accessor(obj, name, *args)
           ^^^^^^^^^^^^^^^^^^^^^^^^^^
AttributeError: 'list' object has no attribute 'sum'
2026-05-29 15:45:00.265 [   DEBUG] (         protocol.py: 363) Exception caught
Traceback (most recent call last):
  File "C:\Users\awsch\miniconda3\envs\nsp\Lib\site-packages\rpyc\core\protocol.py", line 356, in _dispatch_request
    res = self._HANDLERS[handler](self, *args)
          ^^^^^^^^^^^^^^^^^^^^^^^^^^^^^^^^^^^^
  File "C:\Users\awsch\miniconda3\envs\nsp\Lib\site-packages\rpyc\core\protocol.py", line 853, in _handle_getattr
    return self._access_attr(obj, name, (), "_rpyc_getattr", "allow_getattr", getattr)
           ^^^^^^^^^^^^^^^^^^^^^^^^^^^^^^^^^^^^^^^^^^^^^^^^^^^^^^^^^^^^^^^^^^^^^^^^^^^
  File "C:\Users\awsch\miniconda3\envs\nsp\Lib\site-packages\rpyc\core\protocol.py", line 781, in _access_attr
    return accessor(obj, name, *args)
           ^^^^^^^^^^^^^^^^^^^^^^^^^^
AttributeError: 'list' object has no attribute '__array__'
2026-05-29 15:45:00.283 [   DEBUG] (         protocol.py: 363) Exception caught
Traceback (most recent call last):
  File "C:\Users\awsch\miniconda3\envs\nsp\Lib\site-packages\rpyc\core\protocol.py", line 356, in _dispatch_request
    res = self._HANDLERS[handler](self, *args)
          ^^^^^^^^^^^^^^^^^^^^^^^^^^^^^^^^^^^^
  File "C:\Users\awsch\miniconda3\envs\nsp\Lib\site-packages\rpyc\core\protocol.py", line 853, in _handle_getattr
    return self._access_attr(obj, name, (), "_rpyc_getattr", "allow_getattr", getattr)
           ^^^^^^^^^^^^^^^^^^^^^^^^^^^^^^^^^^^^^^^^^^^^^^^^^^^^^^^^^^^^^^^^^^^^^^^^^^^
  File "C:\Users\awsch\miniconda3\envs\nsp\Lib\site-packages\rpyc\core\protocol.py", line 781, in _access_attr
    return accessor(obj, name, *args)
           ^^^^^^^^^^^^^^^^^^^^^^^^^^
AttributeError: 'list' object has no attribute '__array_wrap__'
2026-05-29 15:45:00.284 [   DEBUG] (         protocol.py: 363) Exception caught
Traceback (most recent call last):
  File "C:\Users\awsch\miniconda3\envs\nsp\Lib\site-packages\rpyc\core\protocol.py", line 356, in _dispatch_request
    res = self._HANDLERS[handler](self, *args)
          ^^^^^^^^^^^^^^^^^^^^^^^^^^^^^^^^^^^^
  File "C:\Users\awsch\miniconda3\envs\nsp\Lib\site-packages\rpyc\core\protocol.py", line 853, in _handle_getattr
    return self._access_attr(obj, name, (), "_rpyc_getattr", "allow_getattr", getattr)
           ^^^^^^^^^^^^^^^^^^^^^^^^^^^^^^^^^^^^^^^^^^^^^^^^^^^^^^^^^^^^^^^^^^^^^^^^^^^
  File "C:\Users\awsch\miniconda3\envs\nsp\Lib\site-packages\rpyc\core\protocol.py", line 781, in _access_attr
    return accessor(obj, name, *args)
           ^^^^^^^^^^^^^^^^^^^^^^^^^^
AttributeError: 'list' object has no attribute '__array_wrap__'
2026-05-29 15:45:00.286 [   DEBUG] (        highlevel.py: 186) viWrite(1, b'MEAS:POWER?\r\n', 13, 'c_ulong(13)') -> 0
2026-05-29 15:45:00.286 [   DEBUG] (     messagebased.py: 435) USB0::0x1313::0x8072::1916964::0::INSTR - reading 20480 bytes (last status <StatusCode.success_max_count_read: 1073676294>)
2026-05-29 15:45:00.289 [   DEBUG] (        highlevel.py: 186) viRead(1, <ctypes.c_char_Array_20480 object at 0x000001E05EA4CE50>, 20480, 'c_ulong(15)') -> 0
2026-05-29 15:45:00.296 [   DEBUG] (        highlevel.py: 186) viWrite(2, b'FREQ 9530000000.00\r\n', 20, 'c_ulong(20)') -> 0
2026-05-29 15:45:01.380 [   DEBUG] (         protocol.py: 363) Exception caught
Traceback (most recent call last):
  File "C:\Users\awsch\miniconda3\envs\nsp\Lib\site-packages\rpyc\core\protocol.py", line 356, in _dispatch_request
    res = self._HANDLERS[handler](self, *args)
          ^^^^^^^^^^^^^^^^^^^^^^^^^^^^^^^^^^^^
  File "C:\Users\awsch\miniconda3\envs\nsp\Lib\site-packages\rpyc\core\protocol.py", line 853, in _handle_getattr
    return self._access_attr(obj, name, (), "_rpyc_getattr", "allow_getattr", getattr)
           ^^^^^^^^^^^^^^^^^^^^^^^^^^^^^^^^^^^^^^^^^^^^^^^^^^^^^^^^^^^^^^^^^^^^^^^^^^^
  File "C:\Users\awsch\miniconda3\envs\nsp\Lib\site-packages\rpyc\core\protocol.py", line 781, in _access_attr
    return accessor(obj, name, *args)
           ^^^^^^^^^^^^^^^^^^^^^^^^^^
AttributeError: 'list' object has no attribute 'sum'
2026-05-29 15:45:01.381 [   DEBUG] (         protocol.py: 363) Exception caught
Traceback (most recent call last):
  File "C:\Users\awsch\miniconda3\envs\nsp\Lib\site-packages\rpyc\core\protocol.py", line 356, in _dispatch_request
    res = self._HANDLERS[handler](self, *args)
          ^^^^^^^^^^^^^^^^^^^^^^^^^^^^^^^^^^^^
  File "C:\Users\awsch\miniconda3\envs\nsp\Lib\site-packages\rpyc\core\protocol.py", line 853, in _handle_getattr
    return self._access_attr(obj, name, (), "_rpyc_getattr", "allow_getattr", getattr)
           ^^^^^^^^^^^^^^^^^^^^^^^^^^^^^^^^^^^^^^^^^^^^^^^^^^^^^^^^^^^^^^^^^^^^^^^^^^^
  File "C:\Users\awsch\miniconda3\envs\nsp\Lib\site-packages\rpyc\core\protocol.py", line 781, in _access_attr
    return accessor(obj, name, *args)
           ^^^^^^^^^^^^^^^^^^^^^^^^^^
AttributeError: 'list' object has no attribute 'sum'
2026-05-29 15:45:01.383 [   DEBUG] (         protocol.py: 363) Exception caught
Traceback (most recent call last):
  File "C:\Users\awsch\miniconda3\envs\nsp\Lib\site-packages\rpyc\core\protocol.py", line 356, in _dispatch_request
    res = self._HANDLERS[handler](self, *args)
          ^^^^^^^^^^^^^^^^^^^^^^^^^^^^^^^^^^^^
  File "C:\Users\awsch\miniconda3\envs\nsp\Lib\site-packages\rpyc\core\protocol.py", line 853, in _handle_getattr
    return self._access_attr(obj, name, (), "_rpyc_getattr", "allow_getattr", getattr)
           ^^^^^^^^^^^^^^^^^^^^^^^^^^^^^^^^^^^^^^^^^^^^^^^^^^^^^^^^^^^^^^^^^^^^^^^^^^^
  File "C:\Users\awsch\miniconda3\envs\nsp\Lib\site-packages\rpyc\core\protocol.py", line 781, in _access_attr
    return accessor(obj, name, *args)
           ^^^^^^^^^^^^^^^^^^^^^^^^^^
AttributeError: 'list' object has no attribute '__array__'
2026-05-29 15:45:01.401 [   DEBUG] (         protocol.py: 363) Exception caught
Traceback (most recent call last):
  File "C:\Users\awsch\miniconda3\envs\nsp\Lib\site-packages\rpyc\core\protocol.py", line 356, in _dispatch_request
    res = self._HANDLERS[handler](self, *args)
          ^^^^^^^^^^^^^^^^^^^^^^^^^^^^^^^^^^^^
  File "C:\Users\awsch\miniconda3\envs\nsp\Lib\site-packages\rpyc\core\protocol.py", line 853, in _handle_getattr
    return self._access_attr(obj, name, (), "_rpyc_getattr", "allow_getattr", getattr)
           ^^^^^^^^^^^^^^^^^^^^^^^^^^^^^^^^^^^^^^^^^^^^^^^^^^^^^^^^^^^^^^^^^^^^^^^^^^^
  File "C:\Users\awsch\miniconda3\envs\nsp\Lib\site-packages\rpyc\core\protocol.py", line 781, in _access_attr
    return accessor(obj, name, *args)
           ^^^^^^^^^^^^^^^^^^^^^^^^^^
AttributeError: 'list' object has no attribute '__array_wrap__'
2026-05-29 15:45:01.402 [   DEBUG] (         protocol.py: 363) Exception caught
Traceback (most recent call last):
  File "C:\Users\awsch\miniconda3\envs\nsp\Lib\site-packages\rpyc\core\protocol.py", line 356, in _dispatch_request
    res = self._HANDLERS[handler](self, *args)
          ^^^^^^^^^^^^^^^^^^^^^^^^^^^^^^^^^^^^
  File "C:\Users\awsch\miniconda3\envs\nsp\Lib\site-packages\rpyc\core\protocol.py", line 853, in _handle_getattr
    return self._access_attr(obj, name, (), "_rpyc_getattr", "allow_getattr", getattr)
           ^^^^^^^^^^^^^^^^^^^^^^^^^^^^^^^^^^^^^^^^^^^^^^^^^^^^^^^^^^^^^^^^^^^^^^^^^^^
  File "C:\Users\awsch\miniconda3\envs\nsp\Lib\site-packages\rpyc\core\protocol.py", line 781, in _access_attr
    return accessor(obj, name, *args)
           ^^^^^^^^^^^^^^^^^^^^^^^^^^
AttributeError: 'list' object has no attribute '__array_wrap__'
2026-05-29 15:45:01.403 [   DEBUG] (         protocol.py: 363) Exception caught
Traceback (most recent call last):
  File "C:\Users\awsch\miniconda3\envs\nsp\Lib\site-packages\rpyc\core\protocol.py", line 356, in _dispatch_request
    res = self._HANDLERS[handler](self, *args)
          ^^^^^^^^^^^^^^^^^^^^^^^^^^^^^^^^^^^^
  File "C:\Users\awsch\miniconda3\envs\nsp\Lib\site-packages\rpyc\core\protocol.py", line 853, in _handle_getattr
    return self._access_attr(obj, name, (), "_rpyc_getattr", "allow_getattr", getattr)
           ^^^^^^^^^^^^^^^^^^^^^^^^^^^^^^^^^^^^^^^^^^^^^^^^^^^^^^^^^^^^^^^^^^^^^^^^^^^
  File "C:\Users\awsch\miniconda3\envs\nsp\Lib\site-packages\rpyc\core\protocol.py", line 781, in _access_attr
    return accessor(obj, name, *args)
           ^^^^^^^^^^^^^^^^^^^^^^^^^^
AttributeError: 'list' object has no attribute 'sum'
2026-05-29 15:45:01.404 [   DEBUG] (         protocol.py: 363) Exception caught
Traceback (most recent call last):
  File "C:\Users\awsch\miniconda3\envs\nsp\Lib\site-packages\rpyc\core\protocol.py", line 356, in _dispatch_request
    res = self._HANDLERS[handler](self, *args)
          ^^^^^^^^^^^^^^^^^^^^^^^^^^^^^^^^^^^^
  File "C:\Users\awsch\miniconda3\envs\nsp\Lib\site-packages\rpyc\core\protocol.py", line 853, in _handle_getattr
    return self._access_attr(obj, name, (), "_rpyc_getattr", "allow_getattr", getattr)
           ^^^^^^^^^^^^^^^^^^^^^^^^^^^^^^^^^^^^^^^^^^^^^^^^^^^^^^^^^^^^^^^^^^^^^^^^^^^
  File "C:\Users\awsch\miniconda3\envs\nsp\Lib\site-packages\rpyc\core\protocol.py", line 781, in _access_attr
    return accessor(obj, name, *args)
           ^^^^^^^^^^^^^^^^^^^^^^^^^^
AttributeError: 'list' object has no attribute 'sum'
2026-05-29 15:45:01.405 [   DEBUG] (         protocol.py: 363) Exception caught
Traceback (most recent call last):
  File "C:\Users\awsch\miniconda3\envs\nsp\Lib\site-packages\rpyc\core\protocol.py", line 356, in _dispatch_request
    res = self._HANDLERS[handler](self, *args)
          ^^^^^^^^^^^^^^^^^^^^^^^^^^^^^^^^^^^^
  File "C:\Users\awsch\miniconda3\envs\nsp\Lib\site-packages\rpyc\core\protocol.py", line 853, in _handle_getattr
    return self._access_attr(obj, name, (), "_rpyc_getattr", "allow_getattr", getattr)
           ^^^^^^^^^^^^^^^^^^^^^^^^^^^^^^^^^^^^^^^^^^^^^^^^^^^^^^^^^^^^^^^^^^^^^^^^^^^
  File "C:\Users\awsch\miniconda3\envs\nsp\Lib\site-packages\rpyc\core\protocol.py", line 781, in _access_attr
    return accessor(obj, name, *args)
           ^^^^^^^^^^^^^^^^^^^^^^^^^^
AttributeError: 'list' object has no attribute '__array__'
2026-05-29 15:45:01.421 [   DEBUG] (         protocol.py: 363) Exception caught
Traceback (most recent call last):
  File "C:\Users\awsch\miniconda3\envs\nsp\Lib\site-packages\rpyc\core\protocol.py", line 356, in _dispatch_request
    res = self._HANDLERS[handler](self, *args)
          ^^^^^^^^^^^^^^^^^^^^^^^^^^^^^^^^^^^^
  File "C:\Users\awsch\miniconda3\envs\nsp\Lib\site-packages\rpyc\core\protocol.py", line 853, in _handle_getattr
    return self._access_attr(obj, name, (), "_rpyc_getattr", "allow_getattr", getattr)
           ^^^^^^^^^^^^^^^^^^^^^^^^^^^^^^^^^^^^^^^^^^^^^^^^^^^^^^^^^^^^^^^^^^^^^^^^^^^
  File "C:\Users\awsch\miniconda3\envs\nsp\Lib\site-packages\rpyc\core\protocol.py", line 781, in _access_attr
    return accessor(obj, name, *args)
           ^^^^^^^^^^^^^^^^^^^^^^^^^^
AttributeError: 'list' object has no attribute '__array_wrap__'
2026-05-29 15:45:01.422 [   DEBUG] (         protocol.py: 363) Exception caught
Traceback (most recent call last):
  File "C:\Users\awsch\miniconda3\envs\nsp\Lib\site-packages\rpyc\core\protocol.py", line 356, in _dispatch_request
    res = self._HANDLERS[handler](self, *args)
          ^^^^^^^^^^^^^^^^^^^^^^^^^^^^^^^^^^^^
  File "C:\Users\awsch\miniconda3\envs\nsp\Lib\site-packages\rpyc\core\protocol.py", line 853, in _handle_getattr
    return self._access_attr(obj, name, (), "_rpyc_getattr", "allow_getattr", getattr)
           ^^^^^^^^^^^^^^^^^^^^^^^^^^^^^^^^^^^^^^^^^^^^^^^^^^^^^^^^^^^^^^^^^^^^^^^^^^^
  File "C:\Users\awsch\miniconda3\envs\nsp\Lib\site-packages\rpyc\core\protocol.py", line 781, in _access_attr
    return accessor(obj, name, *args)
           ^^^^^^^^^^^^^^^^^^^^^^^^^^
AttributeError: 'list' object has no attribute '__array_wrap__'
2026-05-29 15:45:01.425 [   DEBUG] (        highlevel.py: 186) viWrite(1, b'MEAS:POWER?\r\n', 13, 'c_ulong(13)') -> 0
2026-05-29 15:45:01.425 [   DEBUG] (     messagebased.py: 435) USB0::0x1313::0x8072::1916964::0::INSTR - reading 20480 bytes (last status <StatusCode.success_max_count_read: 1073676294>)
2026-05-29 15:45:01.428 [   DEBUG] (        highlevel.py: 186) viRead(1, <ctypes.c_char_Array_20480 object at 0x000001E05EA894D0>, 20480, 'c_ulong(15)') -> 0
2026-05-29 15:45:01.433 [   DEBUG] (        highlevel.py: 186) viWrite(2, b'FREQ 9540000000.00\r\n', 20, 'c_ulong(20)') -> 0
2026-05-29 15:45:02.509 [   DEBUG] (         protocol.py: 363) Exception caught
Traceback (most recent call last):
  File "C:\Users\awsch\miniconda3\envs\nsp\Lib\site-packages\rpyc\core\protocol.py", line 356, in _dispatch_request
    res = self._HANDLERS[handler](self, *args)
          ^^^^^^^^^^^^^^^^^^^^^^^^^^^^^^^^^^^^
  File "C:\Users\awsch\miniconda3\envs\nsp\Lib\site-packages\rpyc\core\protocol.py", line 853, in _handle_getattr
    return self._access_attr(obj, name, (), "_rpyc_getattr", "allow_getattr", getattr)
           ^^^^^^^^^^^^^^^^^^^^^^^^^^^^^^^^^^^^^^^^^^^^^^^^^^^^^^^^^^^^^^^^^^^^^^^^^^^
  File "C:\Users\awsch\miniconda3\envs\nsp\Lib\site-packages\rpyc\core\protocol.py", line 781, in _access_attr
    return accessor(obj, name, *args)
           ^^^^^^^^^^^^^^^^^^^^^^^^^^
AttributeError: 'list' object has no attribute 'sum'
2026-05-29 15:45:02.510 [   DEBUG] (         protocol.py: 363) Exception caught
Traceback (most recent call last):
  File "C:\Users\awsch\miniconda3\envs\nsp\Lib\site-packages\rpyc\core\protocol.py", line 356, in _dispatch_request
    res = self._HANDLERS[handler](self, *args)
          ^^^^^^^^^^^^^^^^^^^^^^^^^^^^^^^^^^^^
  File "C:\Users\awsch\miniconda3\envs\nsp\Lib\site-packages\rpyc\core\protocol.py", line 853, in _handle_getattr
    return self._access_attr(obj, name, (), "_rpyc_getattr", "allow_getattr", getattr)
           ^^^^^^^^^^^^^^^^^^^^^^^^^^^^^^^^^^^^^^^^^^^^^^^^^^^^^^^^^^^^^^^^^^^^^^^^^^^
  File "C:\Users\awsch\miniconda3\envs\nsp\Lib\site-packages\rpyc\core\protocol.py", line 781, in _access_attr
    return accessor(obj, name, *args)
           ^^^^^^^^^^^^^^^^^^^^^^^^^^
AttributeError: 'list' object has no attribute 'sum'
2026-05-29 15:45:02.511 [   DEBUG] (         protocol.py: 363) Exception caught
Traceback (most recent call last):
  File "C:\Users\awsch\miniconda3\envs\nsp\Lib\site-packages\rpyc\core\protocol.py", line 356, in _dispatch_request
    res = self._HANDLERS[handler](self, *args)
          ^^^^^^^^^^^^^^^^^^^^^^^^^^^^^^^^^^^^
  File "C:\Users\awsch\miniconda3\envs\nsp\Lib\site-packages\rpyc\core\protocol.py", line 853, in _handle_getattr
    return self._access_attr(obj, name, (), "_rpyc_getattr", "allow_getattr", getattr)
           ^^^^^^^^^^^^^^^^^^^^^^^^^^^^^^^^^^^^^^^^^^^^^^^^^^^^^^^^^^^^^^^^^^^^^^^^^^^
  File "C:\Users\awsch\miniconda3\envs\nsp\Lib\site-packages\rpyc\core\protocol.py", line 781, in _access_attr
    return accessor(obj, name, *args)
           ^^^^^^^^^^^^^^^^^^^^^^^^^^
AttributeError: 'list' object has no attribute '__array__'
2026-05-29 15:45:02.531 [   DEBUG] (         protocol.py: 363) Exception caught
Traceback (most recent call last):
  File "C:\Users\awsch\miniconda3\envs\nsp\Lib\site-packages\rpyc\core\protocol.py", line 356, in _dispatch_request
    res = self._HANDLERS[handler](self, *args)
          ^^^^^^^^^^^^^^^^^^^^^^^^^^^^^^^^^^^^
  File "C:\Users\awsch\miniconda3\envs\nsp\Lib\site-packages\rpyc\core\protocol.py", line 853, in _handle_getattr
    return self._access_attr(obj, name, (), "_rpyc_getattr", "allow_getattr", getattr)
           ^^^^^^^^^^^^^^^^^^^^^^^^^^^^^^^^^^^^^^^^^^^^^^^^^^^^^^^^^^^^^^^^^^^^^^^^^^^
  File "C:\Users\awsch\miniconda3\envs\nsp\Lib\site-packages\rpyc\core\protocol.py", line 781, in _access_attr
    return accessor(obj, name, *args)
           ^^^^^^^^^^^^^^^^^^^^^^^^^^
AttributeError: 'list' object has no attribute '__array_wrap__'
2026-05-29 15:45:02.532 [   DEBUG] (         protocol.py: 363) Exception caught
Traceback (most recent call last):
  File "C:\Users\awsch\miniconda3\envs\nsp\Lib\site-packages\rpyc\core\protocol.py", line 356, in _dispatch_request
    res = self._HANDLERS[handler](self, *args)
          ^^^^^^^^^^^^^^^^^^^^^^^^^^^^^^^^^^^^
  File "C:\Users\awsch\miniconda3\envs\nsp\Lib\site-packages\rpyc\core\protocol.py", line 853, in _handle_getattr
    return self._access_attr(obj, name, (), "_rpyc_getattr", "allow_getattr", getattr)
           ^^^^^^^^^^^^^^^^^^^^^^^^^^^^^^^^^^^^^^^^^^^^^^^^^^^^^^^^^^^^^^^^^^^^^^^^^^^
  File "C:\Users\awsch\miniconda3\envs\nsp\Lib\site-packages\rpyc\core\protocol.py", line 781, in _access_attr
    return accessor(obj, name, *args)
           ^^^^^^^^^^^^^^^^^^^^^^^^^^
AttributeError: 'list' object has no attribute '__array_wrap__'
2026-05-29 15:45:02.533 [   DEBUG] (         protocol.py: 363) Exception caught
Traceback (most recent call last):
  File "C:\Users\awsch\miniconda3\envs\nsp\Lib\site-packages\rpyc\core\protocol.py", line 356, in _dispatch_request
    res = self._HANDLERS[handler](self, *args)
          ^^^^^^^^^^^^^^^^^^^^^^^^^^^^^^^^^^^^
  File "C:\Users\awsch\miniconda3\envs\nsp\Lib\site-packages\rpyc\core\protocol.py", line 853, in _handle_getattr
    return self._access_attr(obj, name, (), "_rpyc_getattr", "allow_getattr", getattr)
           ^^^^^^^^^^^^^^^^^^^^^^^^^^^^^^^^^^^^^^^^^^^^^^^^^^^^^^^^^^^^^^^^^^^^^^^^^^^
  File "C:\Users\awsch\miniconda3\envs\nsp\Lib\site-packages\rpyc\core\protocol.py", line 781, in _access_attr
    return accessor(obj, name, *args)
           ^^^^^^^^^^^^^^^^^^^^^^^^^^
AttributeError: 'list' object has no attribute 'sum'
2026-05-29 15:45:02.534 [   DEBUG] (         protocol.py: 363) Exception caught
Traceback (most recent call last):
  File "C:\Users\awsch\miniconda3\envs\nsp\Lib\site-packages\rpyc\core\protocol.py", line 356, in _dispatch_request
    res = self._HANDLERS[handler](self, *args)
          ^^^^^^^^^^^^^^^^^^^^^^^^^^^^^^^^^^^^
  File "C:\Users\awsch\miniconda3\envs\nsp\Lib\site-packages\rpyc\core\protocol.py", line 853, in _handle_getattr
    return self._access_attr(obj, name, (), "_rpyc_getattr", "allow_getattr", getattr)
           ^^^^^^^^^^^^^^^^^^^^^^^^^^^^^^^^^^^^^^^^^^^^^^^^^^^^^^^^^^^^^^^^^^^^^^^^^^^
  File "C:\Users\awsch\miniconda3\envs\nsp\Lib\site-packages\rpyc\core\protocol.py", line 781, in _access_attr
    return accessor(obj, name, *args)
           ^^^^^^^^^^^^^^^^^^^^^^^^^^
AttributeError: 'list' object has no attribute 'sum'
2026-05-29 15:45:02.535 [   DEBUG] (         protocol.py: 363) Exception caught
Traceback (most recent call last):
  File "C:\Users\awsch\miniconda3\envs\nsp\Lib\site-packages\rpyc\core\protocol.py", line 356, in _dispatch_request
    res = self._HANDLERS[handler](self, *args)
          ^^^^^^^^^^^^^^^^^^^^^^^^^^^^^^^^^^^^
  File "C:\Users\awsch\miniconda3\envs\nsp\Lib\site-packages\rpyc\core\protocol.py", line 853, in _handle_getattr
    return self._access_attr(obj, name, (), "_rpyc_getattr", "allow_getattr", getattr)
           ^^^^^^^^^^^^^^^^^^^^^^^^^^^^^^^^^^^^^^^^^^^^^^^^^^^^^^^^^^^^^^^^^^^^^^^^^^^
  File "C:\Users\awsch\miniconda3\envs\nsp\Lib\site-packages\rpyc\core\protocol.py", line 781, in _access_attr
    return accessor(obj, name, *args)
           ^^^^^^^^^^^^^^^^^^^^^^^^^^
AttributeError: 'list' object has no attribute '__array__'
2026-05-29 15:45:02.552 [   DEBUG] (         protocol.py: 363) Exception caught
Traceback (most recent call last):
  File "C:\Users\awsch\miniconda3\envs\nsp\Lib\site-packages\rpyc\core\protocol.py", line 356, in _dispatch_request
    res = self._HANDLERS[handler](self, *args)
          ^^^^^^^^^^^^^^^^^^^^^^^^^^^^^^^^^^^^
  File "C:\Users\awsch\miniconda3\envs\nsp\Lib\site-packages\rpyc\core\protocol.py", line 853, in _handle_getattr
    return self._access_attr(obj, name, (), "_rpyc_getattr", "allow_getattr", getattr)
           ^^^^^^^^^^^^^^^^^^^^^^^^^^^^^^^^^^^^^^^^^^^^^^^^^^^^^^^^^^^^^^^^^^^^^^^^^^^
  File "C:\Users\awsch\miniconda3\envs\nsp\Lib\site-packages\rpyc\core\protocol.py", line 781, in _access_attr
    return accessor(obj, name, *args)
           ^^^^^^^^^^^^^^^^^^^^^^^^^^
AttributeError: 'list' object has no attribute '__array_wrap__'
2026-05-29 15:45:02.553 [   DEBUG] (         protocol.py: 363) Exception caught
Traceback (most recent call last):
  File "C:\Users\awsch\miniconda3\envs\nsp\Lib\site-packages\rpyc\core\protocol.py", line 356, in _dispatch_request
    res = self._HANDLERS[handler](self, *args)
          ^^^^^^^^^^^^^^^^^^^^^^^^^^^^^^^^^^^^
  File "C:\Users\awsch\miniconda3\envs\nsp\Lib\site-packages\rpyc\core\protocol.py", line 853, in _handle_getattr
    return self._access_attr(obj, name, (), "_rpyc_getattr", "allow_getattr", getattr)
           ^^^^^^^^^^^^^^^^^^^^^^^^^^^^^^^^^^^^^^^^^^^^^^^^^^^^^^^^^^^^^^^^^^^^^^^^^^^
  File "C:\Users\awsch\miniconda3\envs\nsp\Lib\site-packages\rpyc\core\protocol.py", line 781, in _access_attr
    return accessor(obj, name, *args)
           ^^^^^^^^^^^^^^^^^^^^^^^^^^
AttributeError: 'list' object has no attribute '__array_wrap__'
2026-05-29 15:45:02.555 [   DEBUG] (        highlevel.py: 186) viWrite(1, b'MEAS:POWER?\r\n', 13, 'c_ulong(13)') -> 0
2026-05-29 15:45:02.555 [   DEBUG] (     messagebased.py: 435) USB0::0x1313::0x8072::1916964::0::INSTR - reading 20480 bytes (last status <StatusCode.success_max_count_read: 1073676294>)
2026-05-29 15:45:02.558 [   DEBUG] (        highlevel.py: 186) viRead(1, <ctypes.c_char_Array_20480 object at 0x000001E05EA4FCD0>, 20480, 'c_ulong(15)') -> 0
2026-05-29 15:45:02.563 [   DEBUG] (        highlevel.py: 186) viWrite(2, b'FREQ 9550000000.00\r\n', 20, 'c_ulong(20)') -> 0
2026-05-29 15:45:03.638 [   DEBUG] (         protocol.py: 363) Exception caught
Traceback (most recent call last):
  File "C:\Users\awsch\miniconda3\envs\nsp\Lib\site-packages\rpyc\core\protocol.py", line 356, in _dispatch_request
    res = self._HANDLERS[handler](self, *args)
          ^^^^^^^^^^^^^^^^^^^^^^^^^^^^^^^^^^^^
  File "C:\Users\awsch\miniconda3\envs\nsp\Lib\site-packages\rpyc\core\protocol.py", line 853, in _handle_getattr
    return self._access_attr(obj, name, (), "_rpyc_getattr", "allow_getattr", getattr)
           ^^^^^^^^^^^^^^^^^^^^^^^^^^^^^^^^^^^^^^^^^^^^^^^^^^^^^^^^^^^^^^^^^^^^^^^^^^^
  File "C:\Users\awsch\miniconda3\envs\nsp\Lib\site-packages\rpyc\core\protocol.py", line 781, in _access_attr
    return accessor(obj, name, *args)
           ^^^^^^^^^^^^^^^^^^^^^^^^^^
AttributeError: 'list' object has no attribute 'sum'
2026-05-29 15:45:03.640 [   DEBUG] (         protocol.py: 363) Exception caught
Traceback (most recent call last):
  File "C:\Users\awsch\miniconda3\envs\nsp\Lib\site-packages\rpyc\core\protocol.py", line 356, in _dispatch_request
    res = self._HANDLERS[handler](self, *args)
          ^^^^^^^^^^^^^^^^^^^^^^^^^^^^^^^^^^^^
  File "C:\Users\awsch\miniconda3\envs\nsp\Lib\site-packages\rpyc\core\protocol.py", line 853, in _handle_getattr
    return self._access_attr(obj, name, (), "_rpyc_getattr", "allow_getattr", getattr)
           ^^^^^^^^^^^^^^^^^^^^^^^^^^^^^^^^^^^^^^^^^^^^^^^^^^^^^^^^^^^^^^^^^^^^^^^^^^^
  File "C:\Users\awsch\miniconda3\envs\nsp\Lib\site-packages\rpyc\core\protocol.py", line 781, in _access_attr
    return accessor(obj, name, *args)
           ^^^^^^^^^^^^^^^^^^^^^^^^^^
AttributeError: 'list' object has no attribute 'sum'
2026-05-29 15:45:03.641 [   DEBUG] (         protocol.py: 363) Exception caught
Traceback (most recent call last):
  File "C:\Users\awsch\miniconda3\envs\nsp\Lib\site-packages\rpyc\core\protocol.py", line 356, in _dispatch_request
    res = self._HANDLERS[handler](self, *args)
          ^^^^^^^^^^^^^^^^^^^^^^^^^^^^^^^^^^^^
  File "C:\Users\awsch\miniconda3\envs\nsp\Lib\site-packages\rpyc\core\protocol.py", line 853, in _handle_getattr
    return self._access_attr(obj, name, (), "_rpyc_getattr", "allow_getattr", getattr)
           ^^^^^^^^^^^^^^^^^^^^^^^^^^^^^^^^^^^^^^^^^^^^^^^^^^^^^^^^^^^^^^^^^^^^^^^^^^^
  File "C:\Users\awsch\miniconda3\envs\nsp\Lib\site-packages\rpyc\core\protocol.py", line 781, in _access_attr
    return accessor(obj, name, *args)
           ^^^^^^^^^^^^^^^^^^^^^^^^^^
AttributeError: 'list' object has no attribute '__array__'
2026-05-29 15:45:03.660 [   DEBUG] (         protocol.py: 363) Exception caught
Traceback (most recent call last):
  File "C:\Users\awsch\miniconda3\envs\nsp\Lib\site-packages\rpyc\core\protocol.py", line 356, in _dispatch_request
    res = self._HANDLERS[handler](self, *args)
          ^^^^^^^^^^^^^^^^^^^^^^^^^^^^^^^^^^^^
  File "C:\Users\awsch\miniconda3\envs\nsp\Lib\site-packages\rpyc\core\protocol.py", line 853, in _handle_getattr
    return self._access_attr(obj, name, (), "_rpyc_getattr", "allow_getattr", getattr)
           ^^^^^^^^^^^^^^^^^^^^^^^^^^^^^^^^^^^^^^^^^^^^^^^^^^^^^^^^^^^^^^^^^^^^^^^^^^^
  File "C:\Users\awsch\miniconda3\envs\nsp\Lib\site-packages\rpyc\core\protocol.py", line 781, in _access_attr
    return accessor(obj, name, *args)
           ^^^^^^^^^^^^^^^^^^^^^^^^^^
AttributeError: 'list' object has no attribute '__array_wrap__'
2026-05-29 15:45:03.661 [   DEBUG] (         protocol.py: 363) Exception caught
Traceback (most recent call last):
  File "C:\Users\awsch\miniconda3\envs\nsp\Lib\site-packages\rpyc\core\protocol.py", line 356, in _dispatch_request
    res = self._HANDLERS[handler](self, *args)
          ^^^^^^^^^^^^^^^^^^^^^^^^^^^^^^^^^^^^
  File "C:\Users\awsch\miniconda3\envs\nsp\Lib\site-packages\rpyc\core\protocol.py", line 853, in _handle_getattr
    return self._access_attr(obj, name, (), "_rpyc_getattr", "allow_getattr", getattr)
           ^^^^^^^^^^^^^^^^^^^^^^^^^^^^^^^^^^^^^^^^^^^^^^^^^^^^^^^^^^^^^^^^^^^^^^^^^^^
  File "C:\Users\awsch\miniconda3\envs\nsp\Lib\site-packages\rpyc\core\protocol.py", line 781, in _access_attr
    return accessor(obj, name, *args)
           ^^^^^^^^^^^^^^^^^^^^^^^^^^
AttributeError: 'list' object has no attribute '__array_wrap__'
2026-05-29 15:45:03.662 [   DEBUG] (         protocol.py: 363) Exception caught
Traceback (most recent call last):
  File "C:\Users\awsch\miniconda3\envs\nsp\Lib\site-packages\rpyc\core\protocol.py", line 356, in _dispatch_request
    res = self._HANDLERS[handler](self, *args)
          ^^^^^^^^^^^^^^^^^^^^^^^^^^^^^^^^^^^^
  File "C:\Users\awsch\miniconda3\envs\nsp\Lib\site-packages\rpyc\core\protocol.py", line 853, in _handle_getattr
    return self._access_attr(obj, name, (), "_rpyc_getattr", "allow_getattr", getattr)
           ^^^^^^^^^^^^^^^^^^^^^^^^^^^^^^^^^^^^^^^^^^^^^^^^^^^^^^^^^^^^^^^^^^^^^^^^^^^
  File "C:\Users\awsch\miniconda3\envs\nsp\Lib\site-packages\rpyc\core\protocol.py", line 781, in _access_attr
    return accessor(obj, name, *args)
           ^^^^^^^^^^^^^^^^^^^^^^^^^^
AttributeError: 'list' object has no attribute 'sum'
2026-05-29 15:45:03.663 [   DEBUG] (         protocol.py: 363) Exception caught
Traceback (most recent call last):
  File "C:\Users\awsch\miniconda3\envs\nsp\Lib\site-packages\rpyc\core\protocol.py", line 356, in _dispatch_request
    res = self._HANDLERS[handler](self, *args)
          ^^^^^^^^^^^^^^^^^^^^^^^^^^^^^^^^^^^^
  File "C:\Users\awsch\miniconda3\envs\nsp\Lib\site-packages\rpyc\core\protocol.py", line 853, in _handle_getattr
    return self._access_attr(obj, name, (), "_rpyc_getattr", "allow_getattr", getattr)
           ^^^^^^^^^^^^^^^^^^^^^^^^^^^^^^^^^^^^^^^^^^^^^^^^^^^^^^^^^^^^^^^^^^^^^^^^^^^
  File "C:\Users\awsch\miniconda3\envs\nsp\Lib\site-packages\rpyc\core\protocol.py", line 781, in _access_attr
    return accessor(obj, name, *args)
           ^^^^^^^^^^^^^^^^^^^^^^^^^^
AttributeError: 'list' object has no attribute 'sum'
2026-05-29 15:45:03.664 [   DEBUG] (         protocol.py: 363) Exception caught
Traceback (most recent call last):
  File "C:\Users\awsch\miniconda3\envs\nsp\Lib\site-packages\rpyc\core\protocol.py", line 356, in _dispatch_request
    res = self._HANDLERS[handler](self, *args)
          ^^^^^^^^^^^^^^^^^^^^^^^^^^^^^^^^^^^^
  File "C:\Users\awsch\miniconda3\envs\nsp\Lib\site-packages\rpyc\core\protocol.py", line 853, in _handle_getattr
    return self._access_attr(obj, name, (), "_rpyc_getattr", "allow_getattr", getattr)
           ^^^^^^^^^^^^^^^^^^^^^^^^^^^^^^^^^^^^^^^^^^^^^^^^^^^^^^^^^^^^^^^^^^^^^^^^^^^
  File "C:\Users\awsch\miniconda3\envs\nsp\Lib\site-packages\rpyc\core\protocol.py", line 781, in _access_attr
    return accessor(obj, name, *args)
           ^^^^^^^^^^^^^^^^^^^^^^^^^^
AttributeError: 'list' object has no attribute '__array__'
2026-05-29 15:45:03.683 [   DEBUG] (         protocol.py: 363) Exception caught
Traceback (most recent call last):
  File "C:\Users\awsch\miniconda3\envs\nsp\Lib\site-packages\rpyc\core\protocol.py", line 356, in _dispatch_request
    res = self._HANDLERS[handler](self, *args)
          ^^^^^^^^^^^^^^^^^^^^^^^^^^^^^^^^^^^^
  File "C:\Users\awsch\miniconda3\envs\nsp\Lib\site-packages\rpyc\core\protocol.py", line 853, in _handle_getattr
    return self._access_attr(obj, name, (), "_rpyc_getattr", "allow_getattr", getattr)
           ^^^^^^^^^^^^^^^^^^^^^^^^^^^^^^^^^^^^^^^^^^^^^^^^^^^^^^^^^^^^^^^^^^^^^^^^^^^
  File "C:\Users\awsch\miniconda3\envs\nsp\Lib\site-packages\rpyc\core\protocol.py", line 781, in _access_attr
    return accessor(obj, name, *args)
           ^^^^^^^^^^^^^^^^^^^^^^^^^^
AttributeError: 'list' object has no attribute '__array_wrap__'
2026-05-29 15:45:03.684 [   DEBUG] (         protocol.py: 363) Exception caught
Traceback (most recent call last):
  File "C:\Users\awsch\miniconda3\envs\nsp\Lib\site-packages\rpyc\core\protocol.py", line 356, in _dispatch_request
    res = self._HANDLERS[handler](self, *args)
          ^^^^^^^^^^^^^^^^^^^^^^^^^^^^^^^^^^^^
  File "C:\Users\awsch\miniconda3\envs\nsp\Lib\site-packages\rpyc\core\protocol.py", line 853, in _handle_getattr
    return self._access_attr(obj, name, (), "_rpyc_getattr", "allow_getattr", getattr)
           ^^^^^^^^^^^^^^^^^^^^^^^^^^^^^^^^^^^^^^^^^^^^^^^^^^^^^^^^^^^^^^^^^^^^^^^^^^^
  File "C:\Users\awsch\miniconda3\envs\nsp\Lib\site-packages\rpyc\core\protocol.py", line 781, in _access_attr
    return accessor(obj, name, *args)
           ^^^^^^^^^^^^^^^^^^^^^^^^^^
AttributeError: 'list' object has no attribute '__array_wrap__'
2026-05-29 15:45:03.686 [   DEBUG] (        highlevel.py: 186) viWrite(1, b'MEAS:POWER?\r\n', 13, 'c_ulong(13)') -> 0
2026-05-29 15:45:03.686 [   DEBUG] (     messagebased.py: 435) USB0::0x1313::0x8072::1916964::0::INSTR - reading 20480 bytes (last status <StatusCode.success_max_count_read: 1073676294>)
2026-05-29 15:45:03.689 [   DEBUG] (        highlevel.py: 186) viRead(1, <ctypes.c_char_Array_20480 object at 0x000001E05EA4FCD0>, 20480, 'c_ulong(15)') -> 0
2026-05-29 15:45:03.695 [   DEBUG] (        highlevel.py: 186) viWrite(2, b'FREQ 9560000000.00\r\n', 20, 'c_ulong(20)') -> 0
2026-05-29 15:45:04.778 [   DEBUG] (         protocol.py: 363) Exception caught
Traceback (most recent call last):
  File "C:\Users\awsch\miniconda3\envs\nsp\Lib\site-packages\rpyc\core\protocol.py", line 356, in _dispatch_request
    res = self._HANDLERS[handler](self, *args)
          ^^^^^^^^^^^^^^^^^^^^^^^^^^^^^^^^^^^^
  File "C:\Users\awsch\miniconda3\envs\nsp\Lib\site-packages\rpyc\core\protocol.py", line 853, in _handle_getattr
    return self._access_attr(obj, name, (), "_rpyc_getattr", "allow_getattr", getattr)
           ^^^^^^^^^^^^^^^^^^^^^^^^^^^^^^^^^^^^^^^^^^^^^^^^^^^^^^^^^^^^^^^^^^^^^^^^^^^
  File "C:\Users\awsch\miniconda3\envs\nsp\Lib\site-packages\rpyc\core\protocol.py", line 781, in _access_attr
    return accessor(obj, name, *args)
           ^^^^^^^^^^^^^^^^^^^^^^^^^^
AttributeError: 'list' object has no attribute 'sum'
2026-05-29 15:45:04.779 [   DEBUG] (         protocol.py: 363) Exception caught
Traceback (most recent call last):
  File "C:\Users\awsch\miniconda3\envs\nsp\Lib\site-packages\rpyc\core\protocol.py", line 356, in _dispatch_request
    res = self._HANDLERS[handler](self, *args)
          ^^^^^^^^^^^^^^^^^^^^^^^^^^^^^^^^^^^^
  File "C:\Users\awsch\miniconda3\envs\nsp\Lib\site-packages\rpyc\core\protocol.py", line 853, in _handle_getattr
    return self._access_attr(obj, name, (), "_rpyc_getattr", "allow_getattr", getattr)
           ^^^^^^^^^^^^^^^^^^^^^^^^^^^^^^^^^^^^^^^^^^^^^^^^^^^^^^^^^^^^^^^^^^^^^^^^^^^
  File "C:\Users\awsch\miniconda3\envs\nsp\Lib\site-packages\rpyc\core\protocol.py", line 781, in _access_attr
    return accessor(obj, name, *args)
           ^^^^^^^^^^^^^^^^^^^^^^^^^^
AttributeError: 'list' object has no attribute 'sum'
2026-05-29 15:45:04.780 [   DEBUG] (         protocol.py: 363) Exception caught
Traceback (most recent call last):
  File "C:\Users\awsch\miniconda3\envs\nsp\Lib\site-packages\rpyc\core\protocol.py", line 356, in _dispatch_request
    res = self._HANDLERS[handler](self, *args)
          ^^^^^^^^^^^^^^^^^^^^^^^^^^^^^^^^^^^^
  File "C:\Users\awsch\miniconda3\envs\nsp\Lib\site-packages\rpyc\core\protocol.py", line 853, in _handle_getattr
    return self._access_attr(obj, name, (), "_rpyc_getattr", "allow_getattr", getattr)
           ^^^^^^^^^^^^^^^^^^^^^^^^^^^^^^^^^^^^^^^^^^^^^^^^^^^^^^^^^^^^^^^^^^^^^^^^^^^
  File "C:\Users\awsch\miniconda3\envs\nsp\Lib\site-packages\rpyc\core\protocol.py", line 781, in _access_attr
    return accessor(obj, name, *args)
           ^^^^^^^^^^^^^^^^^^^^^^^^^^
AttributeError: 'list' object has no attribute '__array__'
2026-05-29 15:45:04.800 [   DEBUG] (         protocol.py: 363) Exception caught
Traceback (most recent call last):
  File "C:\Users\awsch\miniconda3\envs\nsp\Lib\site-packages\rpyc\core\protocol.py", line 356, in _dispatch_request
    res = self._HANDLERS[handler](self, *args)
          ^^^^^^^^^^^^^^^^^^^^^^^^^^^^^^^^^^^^
  File "C:\Users\awsch\miniconda3\envs\nsp\Lib\site-packages\rpyc\core\protocol.py", line 853, in _handle_getattr
    return self._access_attr(obj, name, (), "_rpyc_getattr", "allow_getattr", getattr)
           ^^^^^^^^^^^^^^^^^^^^^^^^^^^^^^^^^^^^^^^^^^^^^^^^^^^^^^^^^^^^^^^^^^^^^^^^^^^
  File "C:\Users\awsch\miniconda3\envs\nsp\Lib\site-packages\rpyc\core\protocol.py", line 781, in _access_attr
    return accessor(obj, name, *args)
           ^^^^^^^^^^^^^^^^^^^^^^^^^^
AttributeError: 'list' object has no attribute '__array_wrap__'
2026-05-29 15:45:04.801 [   DEBUG] (         protocol.py: 363) Exception caught
Traceback (most recent call last):
  File "C:\Users\awsch\miniconda3\envs\nsp\Lib\site-packages\rpyc\core\protocol.py", line 356, in _dispatch_request
    res = self._HANDLERS[handler](self, *args)
          ^^^^^^^^^^^^^^^^^^^^^^^^^^^^^^^^^^^^
  File "C:\Users\awsch\miniconda3\envs\nsp\Lib\site-packages\rpyc\core\protocol.py", line 853, in _handle_getattr
    return self._access_attr(obj, name, (), "_rpyc_getattr", "allow_getattr", getattr)
           ^^^^^^^^^^^^^^^^^^^^^^^^^^^^^^^^^^^^^^^^^^^^^^^^^^^^^^^^^^^^^^^^^^^^^^^^^^^
  File "C:\Users\awsch\miniconda3\envs\nsp\Lib\site-packages\rpyc\core\protocol.py", line 781, in _access_attr
    return accessor(obj, name, *args)
           ^^^^^^^^^^^^^^^^^^^^^^^^^^
AttributeError: 'list' object has no attribute '__array_wrap__'
2026-05-29 15:45:04.802 [   DEBUG] (         protocol.py: 363) Exception caught
Traceback (most recent call last):
  File "C:\Users\awsch\miniconda3\envs\nsp\Lib\site-packages\rpyc\core\protocol.py", line 356, in _dispatch_request
    res = self._HANDLERS[handler](self, *args)
          ^^^^^^^^^^^^^^^^^^^^^^^^^^^^^^^^^^^^
  File "C:\Users\awsch\miniconda3\envs\nsp\Lib\site-packages\rpyc\core\protocol.py", line 853, in _handle_getattr
    return self._access_attr(obj, name, (), "_rpyc_getattr", "allow_getattr", getattr)
           ^^^^^^^^^^^^^^^^^^^^^^^^^^^^^^^^^^^^^^^^^^^^^^^^^^^^^^^^^^^^^^^^^^^^^^^^^^^
  File "C:\Users\awsch\miniconda3\envs\nsp\Lib\site-packages\rpyc\core\protocol.py", line 781, in _access_attr
    return accessor(obj, name, *args)
           ^^^^^^^^^^^^^^^^^^^^^^^^^^
AttributeError: 'list' object has no attribute 'sum'
2026-05-29 15:45:04.803 [   DEBUG] (         protocol.py: 363) Exception caught
Traceback (most recent call last):
  File "C:\Users\awsch\miniconda3\envs\nsp\Lib\site-packages\rpyc\core\protocol.py", line 356, in _dispatch_request
    res = self._HANDLERS[handler](self, *args)
          ^^^^^^^^^^^^^^^^^^^^^^^^^^^^^^^^^^^^
  File "C:\Users\awsch\miniconda3\envs\nsp\Lib\site-packages\rpyc\core\protocol.py", line 853, in _handle_getattr
    return self._access_attr(obj, name, (), "_rpyc_getattr", "allow_getattr", getattr)
           ^^^^^^^^^^^^^^^^^^^^^^^^^^^^^^^^^^^^^^^^^^^^^^^^^^^^^^^^^^^^^^^^^^^^^^^^^^^
  File "C:\Users\awsch\miniconda3\envs\nsp\Lib\site-packages\rpyc\core\protocol.py", line 781, in _access_attr
    return accessor(obj, name, *args)
           ^^^^^^^^^^^^^^^^^^^^^^^^^^
AttributeError: 'list' object has no attribute 'sum'
2026-05-29 15:45:04.804 [   DEBUG] (         protocol.py: 363) Exception caught
Traceback (most recent call last):
  File "C:\Users\awsch\miniconda3\envs\nsp\Lib\site-packages\rpyc\core\protocol.py", line 356, in _dispatch_request
    res = self._HANDLERS[handler](self, *args)
          ^^^^^^^^^^^^^^^^^^^^^^^^^^^^^^^^^^^^
  File "C:\Users\awsch\miniconda3\envs\nsp\Lib\site-packages\rpyc\core\protocol.py", line 853, in _handle_getattr
    return self._access_attr(obj, name, (), "_rpyc_getattr", "allow_getattr", getattr)
           ^^^^^^^^^^^^^^^^^^^^^^^^^^^^^^^^^^^^^^^^^^^^^^^^^^^^^^^^^^^^^^^^^^^^^^^^^^^
  File "C:\Users\awsch\miniconda3\envs\nsp\Lib\site-packages\rpyc\core\protocol.py", line 781, in _access_attr
    return accessor(obj, name, *args)
           ^^^^^^^^^^^^^^^^^^^^^^^^^^
AttributeError: 'list' object has no attribute '__array__'
2026-05-29 15:45:04.822 [   DEBUG] (         protocol.py: 363) Exception caught
Traceback (most recent call last):
  File "C:\Users\awsch\miniconda3\envs\nsp\Lib\site-packages\rpyc\core\protocol.py", line 356, in _dispatch_request
    res = self._HANDLERS[handler](self, *args)
          ^^^^^^^^^^^^^^^^^^^^^^^^^^^^^^^^^^^^
  File "C:\Users\awsch\miniconda3\envs\nsp\Lib\site-packages\rpyc\core\protocol.py", line 853, in _handle_getattr
    return self._access_attr(obj, name, (), "_rpyc_getattr", "allow_getattr", getattr)
           ^^^^^^^^^^^^^^^^^^^^^^^^^^^^^^^^^^^^^^^^^^^^^^^^^^^^^^^^^^^^^^^^^^^^^^^^^^^
  File "C:\Users\awsch\miniconda3\envs\nsp\Lib\site-packages\rpyc\core\protocol.py", line 781, in _access_attr
    return accessor(obj, name, *args)
           ^^^^^^^^^^^^^^^^^^^^^^^^^^
AttributeError: 'list' object has no attribute '__array_wrap__'
2026-05-29 15:45:04.823 [   DEBUG] (         protocol.py: 363) Exception caught
Traceback (most recent call last):
  File "C:\Users\awsch\miniconda3\envs\nsp\Lib\site-packages\rpyc\core\protocol.py", line 356, in _dispatch_request
    res = self._HANDLERS[handler](self, *args)
          ^^^^^^^^^^^^^^^^^^^^^^^^^^^^^^^^^^^^
  File "C:\Users\awsch\miniconda3\envs\nsp\Lib\site-packages\rpyc\core\protocol.py", line 853, in _handle_getattr
    return self._access_attr(obj, name, (), "_rpyc_getattr", "allow_getattr", getattr)
           ^^^^^^^^^^^^^^^^^^^^^^^^^^^^^^^^^^^^^^^^^^^^^^^^^^^^^^^^^^^^^^^^^^^^^^^^^^^
  File "C:\Users\awsch\miniconda3\envs\nsp\Lib\site-packages\rpyc\core\protocol.py", line 781, in _access_attr
    return accessor(obj, name, *args)
           ^^^^^^^^^^^^^^^^^^^^^^^^^^
AttributeError: 'list' object has no attribute '__array_wrap__'
2026-05-29 15:45:04.825 [   DEBUG] (        highlevel.py: 186) viWrite(1, b'MEAS:POWER?\r\n', 13, 'c_ulong(13)') -> 0
2026-05-29 15:45:04.825 [   DEBUG] (     messagebased.py: 435) USB0::0x1313::0x8072::1916964::0::INSTR - reading 20480 bytes (last status <StatusCode.success_max_count_read: 1073676294>)
2026-05-29 15:45:04.828 [   DEBUG] (        highlevel.py: 186) viRead(1, <ctypes.c_char_Array_20480 object at 0x000001E05EA88ED0>, 20480, 'c_ulong(15)') -> 0
2026-05-29 15:45:04.834 [   DEBUG] (        highlevel.py: 186) viWrite(2, b'FREQ 9570000000.00\r\n', 20, 'c_ulong(20)') -> 0
2026-05-29 15:45:05.916 [   DEBUG] (         protocol.py: 363) Exception caught
Traceback (most recent call last):
  File "C:\Users\awsch\miniconda3\envs\nsp\Lib\site-packages\rpyc\core\protocol.py", line 356, in _dispatch_request
    res = self._HANDLERS[handler](self, *args)
          ^^^^^^^^^^^^^^^^^^^^^^^^^^^^^^^^^^^^
  File "C:\Users\awsch\miniconda3\envs\nsp\Lib\site-packages\rpyc\core\protocol.py", line 853, in _handle_getattr
    return self._access_attr(obj, name, (), "_rpyc_getattr", "allow_getattr", getattr)
           ^^^^^^^^^^^^^^^^^^^^^^^^^^^^^^^^^^^^^^^^^^^^^^^^^^^^^^^^^^^^^^^^^^^^^^^^^^^
  File "C:\Users\awsch\miniconda3\envs\nsp\Lib\site-packages\rpyc\core\protocol.py", line 781, in _access_attr
    return accessor(obj, name, *args)
           ^^^^^^^^^^^^^^^^^^^^^^^^^^
AttributeError: 'list' object has no attribute 'sum'
2026-05-29 15:45:05.917 [   DEBUG] (         protocol.py: 363) Exception caught
Traceback (most recent call last):
  File "C:\Users\awsch\miniconda3\envs\nsp\Lib\site-packages\rpyc\core\protocol.py", line 356, in _dispatch_request
    res = self._HANDLERS[handler](self, *args)
          ^^^^^^^^^^^^^^^^^^^^^^^^^^^^^^^^^^^^
  File "C:\Users\awsch\miniconda3\envs\nsp\Lib\site-packages\rpyc\core\protocol.py", line 853, in _handle_getattr
    return self._access_attr(obj, name, (), "_rpyc_getattr", "allow_getattr", getattr)
           ^^^^^^^^^^^^^^^^^^^^^^^^^^^^^^^^^^^^^^^^^^^^^^^^^^^^^^^^^^^^^^^^^^^^^^^^^^^
  File "C:\Users\awsch\miniconda3\envs\nsp\Lib\site-packages\rpyc\core\protocol.py", line 781, in _access_attr
    return accessor(obj, name, *args)
           ^^^^^^^^^^^^^^^^^^^^^^^^^^
AttributeError: 'list' object has no attribute 'sum'
2026-05-29 15:45:05.919 [   DEBUG] (         protocol.py: 363) Exception caught
Traceback (most recent call last):
  File "C:\Users\awsch\miniconda3\envs\nsp\Lib\site-packages\rpyc\core\protocol.py", line 356, in _dispatch_request
    res = self._HANDLERS[handler](self, *args)
          ^^^^^^^^^^^^^^^^^^^^^^^^^^^^^^^^^^^^
  File "C:\Users\awsch\miniconda3\envs\nsp\Lib\site-packages\rpyc\core\protocol.py", line 853, in _handle_getattr
    return self._access_attr(obj, name, (), "_rpyc_getattr", "allow_getattr", getattr)
           ^^^^^^^^^^^^^^^^^^^^^^^^^^^^^^^^^^^^^^^^^^^^^^^^^^^^^^^^^^^^^^^^^^^^^^^^^^^
  File "C:\Users\awsch\miniconda3\envs\nsp\Lib\site-packages\rpyc\core\protocol.py", line 781, in _access_attr
    return accessor(obj, name, *args)
           ^^^^^^^^^^^^^^^^^^^^^^^^^^
AttributeError: 'list' object has no attribute '__array__'
2026-05-29 15:45:05.938 [   DEBUG] (         protocol.py: 363) Exception caught
Traceback (most recent call last):
  File "C:\Users\awsch\miniconda3\envs\nsp\Lib\site-packages\rpyc\core\protocol.py", line 356, in _dispatch_request
    res = self._HANDLERS[handler](self, *args)
          ^^^^^^^^^^^^^^^^^^^^^^^^^^^^^^^^^^^^
  File "C:\Users\awsch\miniconda3\envs\nsp\Lib\site-packages\rpyc\core\protocol.py", line 853, in _handle_getattr
    return self._access_attr(obj, name, (), "_rpyc_getattr", "allow_getattr", getattr)
           ^^^^^^^^^^^^^^^^^^^^^^^^^^^^^^^^^^^^^^^^^^^^^^^^^^^^^^^^^^^^^^^^^^^^^^^^^^^
  File "C:\Users\awsch\miniconda3\envs\nsp\Lib\site-packages\rpyc\core\protocol.py", line 781, in _access_attr
    return accessor(obj, name, *args)
           ^^^^^^^^^^^^^^^^^^^^^^^^^^
AttributeError: 'list' object has no attribute '__array_wrap__'
2026-05-29 15:45:05.940 [   DEBUG] (         protocol.py: 363) Exception caught
Traceback (most recent call last):
  File "C:\Users\awsch\miniconda3\envs\nsp\Lib\site-packages\rpyc\core\protocol.py", line 356, in _dispatch_request
    res = self._HANDLERS[handler](self, *args)
          ^^^^^^^^^^^^^^^^^^^^^^^^^^^^^^^^^^^^
  File "C:\Users\awsch\miniconda3\envs\nsp\Lib\site-packages\rpyc\core\protocol.py", line 853, in _handle_getattr
    return self._access_attr(obj, name, (), "_rpyc_getattr", "allow_getattr", getattr)
           ^^^^^^^^^^^^^^^^^^^^^^^^^^^^^^^^^^^^^^^^^^^^^^^^^^^^^^^^^^^^^^^^^^^^^^^^^^^
  File "C:\Users\awsch\miniconda3\envs\nsp\Lib\site-packages\rpyc\core\protocol.py", line 781, in _access_attr
    return accessor(obj, name, *args)
           ^^^^^^^^^^^^^^^^^^^^^^^^^^
AttributeError: 'list' object has no attribute '__array_wrap__'
2026-05-29 15:45:05.941 [   DEBUG] (         protocol.py: 363) Exception caught
Traceback (most recent call last):
  File "C:\Users\awsch\miniconda3\envs\nsp\Lib\site-packages\rpyc\core\protocol.py", line 356, in _dispatch_request
    res = self._HANDLERS[handler](self, *args)
          ^^^^^^^^^^^^^^^^^^^^^^^^^^^^^^^^^^^^
  File "C:\Users\awsch\miniconda3\envs\nsp\Lib\site-packages\rpyc\core\protocol.py", line 853, in _handle_getattr
    return self._access_attr(obj, name, (), "_rpyc_getattr", "allow_getattr", getattr)
           ^^^^^^^^^^^^^^^^^^^^^^^^^^^^^^^^^^^^^^^^^^^^^^^^^^^^^^^^^^^^^^^^^^^^^^^^^^^
  File "C:\Users\awsch\miniconda3\envs\nsp\Lib\site-packages\rpyc\core\protocol.py", line 781, in _access_attr
    return accessor(obj, name, *args)
           ^^^^^^^^^^^^^^^^^^^^^^^^^^
AttributeError: 'list' object has no attribute 'sum'
2026-05-29 15:45:05.943 [   DEBUG] (         protocol.py: 363) Exception caught
Traceback (most recent call last):
  File "C:\Users\awsch\miniconda3\envs\nsp\Lib\site-packages\rpyc\core\protocol.py", line 356, in _dispatch_request
    res = self._HANDLERS[handler](self, *args)
          ^^^^^^^^^^^^^^^^^^^^^^^^^^^^^^^^^^^^
  File "C:\Users\awsch\miniconda3\envs\nsp\Lib\site-packages\rpyc\core\protocol.py", line 853, in _handle_getattr
    return self._access_attr(obj, name, (), "_rpyc_getattr", "allow_getattr", getattr)
           ^^^^^^^^^^^^^^^^^^^^^^^^^^^^^^^^^^^^^^^^^^^^^^^^^^^^^^^^^^^^^^^^^^^^^^^^^^^
  File "C:\Users\awsch\miniconda3\envs\nsp\Lib\site-packages\rpyc\core\protocol.py", line 781, in _access_attr
    return accessor(obj, name, *args)
           ^^^^^^^^^^^^^^^^^^^^^^^^^^
AttributeError: 'list' object has no attribute 'sum'
2026-05-29 15:45:05.944 [   DEBUG] (         protocol.py: 363) Exception caught
Traceback (most recent call last):
  File "C:\Users\awsch\miniconda3\envs\nsp\Lib\site-packages\rpyc\core\protocol.py", line 356, in _dispatch_request
    res = self._HANDLERS[handler](self, *args)
          ^^^^^^^^^^^^^^^^^^^^^^^^^^^^^^^^^^^^
  File "C:\Users\awsch\miniconda3\envs\nsp\Lib\site-packages\rpyc\core\protocol.py", line 853, in _handle_getattr
    return self._access_attr(obj, name, (), "_rpyc_getattr", "allow_getattr", getattr)
           ^^^^^^^^^^^^^^^^^^^^^^^^^^^^^^^^^^^^^^^^^^^^^^^^^^^^^^^^^^^^^^^^^^^^^^^^^^^
  File "C:\Users\awsch\miniconda3\envs\nsp\Lib\site-packages\rpyc\core\protocol.py", line 781, in _access_attr
    return accessor(obj, name, *args)
           ^^^^^^^^^^^^^^^^^^^^^^^^^^
AttributeError: 'list' object has no attribute '__array__'
2026-05-29 15:45:05.962 [   DEBUG] (         protocol.py: 363) Exception caught
Traceback (most recent call last):
  File "C:\Users\awsch\miniconda3\envs\nsp\Lib\site-packages\rpyc\core\protocol.py", line 356, in _dispatch_request
    res = self._HANDLERS[handler](self, *args)
          ^^^^^^^^^^^^^^^^^^^^^^^^^^^^^^^^^^^^
  File "C:\Users\awsch\miniconda3\envs\nsp\Lib\site-packages\rpyc\core\protocol.py", line 853, in _handle_getattr
    return self._access_attr(obj, name, (), "_rpyc_getattr", "allow_getattr", getattr)
           ^^^^^^^^^^^^^^^^^^^^^^^^^^^^^^^^^^^^^^^^^^^^^^^^^^^^^^^^^^^^^^^^^^^^^^^^^^^
  File "C:\Users\awsch\miniconda3\envs\nsp\Lib\site-packages\rpyc\core\protocol.py", line 781, in _access_attr
    return accessor(obj, name, *args)
           ^^^^^^^^^^^^^^^^^^^^^^^^^^
AttributeError: 'list' object has no attribute '__array_wrap__'
2026-05-29 15:45:05.963 [   DEBUG] (         protocol.py: 363) Exception caught
Traceback (most recent call last):
  File "C:\Users\awsch\miniconda3\envs\nsp\Lib\site-packages\rpyc\core\protocol.py", line 356, in _dispatch_request
    res = self._HANDLERS[handler](self, *args)
          ^^^^^^^^^^^^^^^^^^^^^^^^^^^^^^^^^^^^
  File "C:\Users\awsch\miniconda3\envs\nsp\Lib\site-packages\rpyc\core\protocol.py", line 853, in _handle_getattr
    return self._access_attr(obj, name, (), "_rpyc_getattr", "allow_getattr", getattr)
           ^^^^^^^^^^^^^^^^^^^^^^^^^^^^^^^^^^^^^^^^^^^^^^^^^^^^^^^^^^^^^^^^^^^^^^^^^^^
  File "C:\Users\awsch\miniconda3\envs\nsp\Lib\site-packages\rpyc\core\protocol.py", line 781, in _access_attr
    return accessor(obj, name, *args)
           ^^^^^^^^^^^^^^^^^^^^^^^^^^
AttributeError: 'list' object has no attribute '__array_wrap__'
2026-05-29 15:45:05.965 [   DEBUG] (        highlevel.py: 186) viWrite(1, b'MEAS:POWER?\r\n', 13, 'c_ulong(13)') -> 0
2026-05-29 15:45:05.966 [   DEBUG] (     messagebased.py: 435) USB0::0x1313::0x8072::1916964::0::INSTR - reading 20480 bytes (last status <StatusCode.success_max_count_read: 1073676294>)
2026-05-29 15:45:05.968 [   DEBUG] (        highlevel.py: 186) viRead(1, <ctypes.c_char_Array_20480 object at 0x000001E05EA88850>, 20480, 'c_ulong(15)') -> 0
2026-05-29 15:45:05.975 [   DEBUG] (        highlevel.py: 186) viWrite(2, b'FREQ 9580000000.00\r\n', 20, 'c_ulong(20)') -> 0
2026-05-29 15:45:07.054 [   DEBUG] (         protocol.py: 363) Exception caught
Traceback (most recent call last):
  File "C:\Users\awsch\miniconda3\envs\nsp\Lib\site-packages\rpyc\core\protocol.py", line 356, in _dispatch_request
    res = self._HANDLERS[handler](self, *args)
          ^^^^^^^^^^^^^^^^^^^^^^^^^^^^^^^^^^^^
  File "C:\Users\awsch\miniconda3\envs\nsp\Lib\site-packages\rpyc\core\protocol.py", line 853, in _handle_getattr
    return self._access_attr(obj, name, (), "_rpyc_getattr", "allow_getattr", getattr)
           ^^^^^^^^^^^^^^^^^^^^^^^^^^^^^^^^^^^^^^^^^^^^^^^^^^^^^^^^^^^^^^^^^^^^^^^^^^^
  File "C:\Users\awsch\miniconda3\envs\nsp\Lib\site-packages\rpyc\core\protocol.py", line 781, in _access_attr
    return accessor(obj, name, *args)
           ^^^^^^^^^^^^^^^^^^^^^^^^^^
AttributeError: 'list' object has no attribute 'sum'
2026-05-29 15:45:07.056 [   DEBUG] (         protocol.py: 363) Exception caught
Traceback (most recent call last):
  File "C:\Users\awsch\miniconda3\envs\nsp\Lib\site-packages\rpyc\core\protocol.py", line 356, in _dispatch_request
    res = self._HANDLERS[handler](self, *args)
          ^^^^^^^^^^^^^^^^^^^^^^^^^^^^^^^^^^^^
  File "C:\Users\awsch\miniconda3\envs\nsp\Lib\site-packages\rpyc\core\protocol.py", line 853, in _handle_getattr
    return self._access_attr(obj, name, (), "_rpyc_getattr", "allow_getattr", getattr)
           ^^^^^^^^^^^^^^^^^^^^^^^^^^^^^^^^^^^^^^^^^^^^^^^^^^^^^^^^^^^^^^^^^^^^^^^^^^^
  File "C:\Users\awsch\miniconda3\envs\nsp\Lib\site-packages\rpyc\core\protocol.py", line 781, in _access_attr
    return accessor(obj, name, *args)
           ^^^^^^^^^^^^^^^^^^^^^^^^^^
AttributeError: 'list' object has no attribute 'sum'
2026-05-29 15:45:07.057 [   DEBUG] (         protocol.py: 363) Exception caught
Traceback (most recent call last):
  File "C:\Users\awsch\miniconda3\envs\nsp\Lib\site-packages\rpyc\core\protocol.py", line 356, in _dispatch_request
    res = self._HANDLERS[handler](self, *args)
          ^^^^^^^^^^^^^^^^^^^^^^^^^^^^^^^^^^^^
  File "C:\Users\awsch\miniconda3\envs\nsp\Lib\site-packages\rpyc\core\protocol.py", line 853, in _handle_getattr
    return self._access_attr(obj, name, (), "_rpyc_getattr", "allow_getattr", getattr)
           ^^^^^^^^^^^^^^^^^^^^^^^^^^^^^^^^^^^^^^^^^^^^^^^^^^^^^^^^^^^^^^^^^^^^^^^^^^^
  File "C:\Users\awsch\miniconda3\envs\nsp\Lib\site-packages\rpyc\core\protocol.py", line 781, in _access_attr
    return accessor(obj, name, *args)
           ^^^^^^^^^^^^^^^^^^^^^^^^^^
AttributeError: 'list' object has no attribute '__array__'
2026-05-29 15:45:07.078 [   DEBUG] (         protocol.py: 363) Exception caught
Traceback (most recent call last):
  File "C:\Users\awsch\miniconda3\envs\nsp\Lib\site-packages\rpyc\core\protocol.py", line 356, in _dispatch_request
    res = self._HANDLERS[handler](self, *args)
          ^^^^^^^^^^^^^^^^^^^^^^^^^^^^^^^^^^^^
  File "C:\Users\awsch\miniconda3\envs\nsp\Lib\site-packages\rpyc\core\protocol.py", line 853, in _handle_getattr
    return self._access_attr(obj, name, (), "_rpyc_getattr", "allow_getattr", getattr)
           ^^^^^^^^^^^^^^^^^^^^^^^^^^^^^^^^^^^^^^^^^^^^^^^^^^^^^^^^^^^^^^^^^^^^^^^^^^^
  File "C:\Users\awsch\miniconda3\envs\nsp\Lib\site-packages\rpyc\core\protocol.py", line 781, in _access_attr
    return accessor(obj, name, *args)
           ^^^^^^^^^^^^^^^^^^^^^^^^^^
AttributeError: 'list' object has no attribute '__array_wrap__'
2026-05-29 15:45:07.079 [   DEBUG] (         protocol.py: 363) Exception caught
Traceback (most recent call last):
  File "C:\Users\awsch\miniconda3\envs\nsp\Lib\site-packages\rpyc\core\protocol.py", line 356, in _dispatch_request
    res = self._HANDLERS[handler](self, *args)
          ^^^^^^^^^^^^^^^^^^^^^^^^^^^^^^^^^^^^
  File "C:\Users\awsch\miniconda3\envs\nsp\Lib\site-packages\rpyc\core\protocol.py", line 853, in _handle_getattr
    return self._access_attr(obj, name, (), "_rpyc_getattr", "allow_getattr", getattr)
           ^^^^^^^^^^^^^^^^^^^^^^^^^^^^^^^^^^^^^^^^^^^^^^^^^^^^^^^^^^^^^^^^^^^^^^^^^^^
  File "C:\Users\awsch\miniconda3\envs\nsp\Lib\site-packages\rpyc\core\protocol.py", line 781, in _access_attr
    return accessor(obj, name, *args)
           ^^^^^^^^^^^^^^^^^^^^^^^^^^
AttributeError: 'list' object has no attribute '__array_wrap__'
2026-05-29 15:45:07.080 [   DEBUG] (         protocol.py: 363) Exception caught
Traceback (most recent call last):
  File "C:\Users\awsch\miniconda3\envs\nsp\Lib\site-packages\rpyc\core\protocol.py", line 356, in _dispatch_request
    res = self._HANDLERS[handler](self, *args)
          ^^^^^^^^^^^^^^^^^^^^^^^^^^^^^^^^^^^^
  File "C:\Users\awsch\miniconda3\envs\nsp\Lib\site-packages\rpyc\core\protocol.py", line 853, in _handle_getattr
    return self._access_attr(obj, name, (), "_rpyc_getattr", "allow_getattr", getattr)
           ^^^^^^^^^^^^^^^^^^^^^^^^^^^^^^^^^^^^^^^^^^^^^^^^^^^^^^^^^^^^^^^^^^^^^^^^^^^
  File "C:\Users\awsch\miniconda3\envs\nsp\Lib\site-packages\rpyc\core\protocol.py", line 781, in _access_attr
    return accessor(obj, name, *args)
           ^^^^^^^^^^^^^^^^^^^^^^^^^^
AttributeError: 'list' object has no attribute 'sum'
2026-05-29 15:45:07.082 [   DEBUG] (         protocol.py: 363) Exception caught
Traceback (most recent call last):
  File "C:\Users\awsch\miniconda3\envs\nsp\Lib\site-packages\rpyc\core\protocol.py", line 356, in _dispatch_request
    res = self._HANDLERS[handler](self, *args)
          ^^^^^^^^^^^^^^^^^^^^^^^^^^^^^^^^^^^^
  File "C:\Users\awsch\miniconda3\envs\nsp\Lib\site-packages\rpyc\core\protocol.py", line 853, in _handle_getattr
    return self._access_attr(obj, name, (), "_rpyc_getattr", "allow_getattr", getattr)
           ^^^^^^^^^^^^^^^^^^^^^^^^^^^^^^^^^^^^^^^^^^^^^^^^^^^^^^^^^^^^^^^^^^^^^^^^^^^
  File "C:\Users\awsch\miniconda3\envs\nsp\Lib\site-packages\rpyc\core\protocol.py", line 781, in _access_attr
    return accessor(obj, name, *args)
           ^^^^^^^^^^^^^^^^^^^^^^^^^^
AttributeError: 'list' object has no attribute 'sum'
2026-05-29 15:45:07.083 [   DEBUG] (         protocol.py: 363) Exception caught
Traceback (most recent call last):
  File "C:\Users\awsch\miniconda3\envs\nsp\Lib\site-packages\rpyc\core\protocol.py", line 356, in _dispatch_request
    res = self._HANDLERS[handler](self, *args)
          ^^^^^^^^^^^^^^^^^^^^^^^^^^^^^^^^^^^^
  File "C:\Users\awsch\miniconda3\envs\nsp\Lib\site-packages\rpyc\core\protocol.py", line 853, in _handle_getattr
    return self._access_attr(obj, name, (), "_rpyc_getattr", "allow_getattr", getattr)
           ^^^^^^^^^^^^^^^^^^^^^^^^^^^^^^^^^^^^^^^^^^^^^^^^^^^^^^^^^^^^^^^^^^^^^^^^^^^
  File "C:\Users\awsch\miniconda3\envs\nsp\Lib\site-packages\rpyc\core\protocol.py", line 781, in _access_attr
    return accessor(obj, name, *args)
           ^^^^^^^^^^^^^^^^^^^^^^^^^^
AttributeError: 'list' object has no attribute '__array__'
2026-05-29 15:45:07.104 [   DEBUG] (         protocol.py: 363) Exception caught
Traceback (most recent call last):
  File "C:\Users\awsch\miniconda3\envs\nsp\Lib\site-packages\rpyc\core\protocol.py", line 356, in _dispatch_request
    res = self._HANDLERS[handler](self, *args)
          ^^^^^^^^^^^^^^^^^^^^^^^^^^^^^^^^^^^^
  File "C:\Users\awsch\miniconda3\envs\nsp\Lib\site-packages\rpyc\core\protocol.py", line 853, in _handle_getattr
    return self._access_attr(obj, name, (), "_rpyc_getattr", "allow_getattr", getattr)
           ^^^^^^^^^^^^^^^^^^^^^^^^^^^^^^^^^^^^^^^^^^^^^^^^^^^^^^^^^^^^^^^^^^^^^^^^^^^
  File "C:\Users\awsch\miniconda3\envs\nsp\Lib\site-packages\rpyc\core\protocol.py", line 781, in _access_attr
    return accessor(obj, name, *args)
           ^^^^^^^^^^^^^^^^^^^^^^^^^^
AttributeError: 'list' object has no attribute '__array_wrap__'
2026-05-29 15:45:07.105 [   DEBUG] (         protocol.py: 363) Exception caught
Traceback (most recent call last):
  File "C:\Users\awsch\miniconda3\envs\nsp\Lib\site-packages\rpyc\core\protocol.py", line 356, in _dispatch_request
    res = self._HANDLERS[handler](self, *args)
          ^^^^^^^^^^^^^^^^^^^^^^^^^^^^^^^^^^^^
  File "C:\Users\awsch\miniconda3\envs\nsp\Lib\site-packages\rpyc\core\protocol.py", line 853, in _handle_getattr
    return self._access_attr(obj, name, (), "_rpyc_getattr", "allow_getattr", getattr)
           ^^^^^^^^^^^^^^^^^^^^^^^^^^^^^^^^^^^^^^^^^^^^^^^^^^^^^^^^^^^^^^^^^^^^^^^^^^^
  File "C:\Users\awsch\miniconda3\envs\nsp\Lib\site-packages\rpyc\core\protocol.py", line 781, in _access_attr
    return accessor(obj, name, *args)
           ^^^^^^^^^^^^^^^^^^^^^^^^^^
AttributeError: 'list' object has no attribute '__array_wrap__'
2026-05-29 15:45:07.108 [   DEBUG] (        highlevel.py: 186) viWrite(1, b'MEAS:POWER?\r\n', 13, 'c_ulong(13)') -> 0
2026-05-29 15:45:07.108 [   DEBUG] (     messagebased.py: 435) USB0::0x1313::0x8072::1916964::0::INSTR - reading 20480 bytes (last status <StatusCode.success_max_count_read: 1073676294>)
2026-05-29 15:45:07.110 [   DEBUG] (        highlevel.py: 186) viRead(1, <ctypes.c_char_Array_20480 object at 0x000001E05EA88CD0>, 20480, 'c_ulong(15)') -> 0
2026-05-29 15:45:07.116 [   DEBUG] (        highlevel.py: 186) viWrite(2, b'FREQ 9590000000.00\r\n', 20, 'c_ulong(20)') -> 0
2026-05-29 15:45:08.200 [   DEBUG] (         protocol.py: 363) Exception caught
Traceback (most recent call last):
  File "C:\Users\awsch\miniconda3\envs\nsp\Lib\site-packages\rpyc\core\protocol.py", line 356, in _dispatch_request
    res = self._HANDLERS[handler](self, *args)
          ^^^^^^^^^^^^^^^^^^^^^^^^^^^^^^^^^^^^
  File "C:\Users\awsch\miniconda3\envs\nsp\Lib\site-packages\rpyc\core\protocol.py", line 853, in _handle_getattr
    return self._access_attr(obj, name, (), "_rpyc_getattr", "allow_getattr", getattr)
           ^^^^^^^^^^^^^^^^^^^^^^^^^^^^^^^^^^^^^^^^^^^^^^^^^^^^^^^^^^^^^^^^^^^^^^^^^^^
  File "C:\Users\awsch\miniconda3\envs\nsp\Lib\site-packages\rpyc\core\protocol.py", line 781, in _access_attr
    return accessor(obj, name, *args)
           ^^^^^^^^^^^^^^^^^^^^^^^^^^
AttributeError: 'list' object has no attribute 'sum'
2026-05-29 15:45:08.201 [   DEBUG] (         protocol.py: 363) Exception caught
Traceback (most recent call last):
  File "C:\Users\awsch\miniconda3\envs\nsp\Lib\site-packages\rpyc\core\protocol.py", line 356, in _dispatch_request
    res = self._HANDLERS[handler](self, *args)
          ^^^^^^^^^^^^^^^^^^^^^^^^^^^^^^^^^^^^
  File "C:\Users\awsch\miniconda3\envs\nsp\Lib\site-packages\rpyc\core\protocol.py", line 853, in _handle_getattr
    return self._access_attr(obj, name, (), "_rpyc_getattr", "allow_getattr", getattr)
           ^^^^^^^^^^^^^^^^^^^^^^^^^^^^^^^^^^^^^^^^^^^^^^^^^^^^^^^^^^^^^^^^^^^^^^^^^^^
  File "C:\Users\awsch\miniconda3\envs\nsp\Lib\site-packages\rpyc\core\protocol.py", line 781, in _access_attr
    return accessor(obj, name, *args)
           ^^^^^^^^^^^^^^^^^^^^^^^^^^
AttributeError: 'list' object has no attribute 'sum'
2026-05-29 15:45:08.202 [   DEBUG] (         protocol.py: 363) Exception caught
Traceback (most recent call last):
  File "C:\Users\awsch\miniconda3\envs\nsp\Lib\site-packages\rpyc\core\protocol.py", line 356, in _dispatch_request
    res = self._HANDLERS[handler](self, *args)
          ^^^^^^^^^^^^^^^^^^^^^^^^^^^^^^^^^^^^
  File "C:\Users\awsch\miniconda3\envs\nsp\Lib\site-packages\rpyc\core\protocol.py", line 853, in _handle_getattr
    return self._access_attr(obj, name, (), "_rpyc_getattr", "allow_getattr", getattr)
           ^^^^^^^^^^^^^^^^^^^^^^^^^^^^^^^^^^^^^^^^^^^^^^^^^^^^^^^^^^^^^^^^^^^^^^^^^^^
  File "C:\Users\awsch\miniconda3\envs\nsp\Lib\site-packages\rpyc\core\protocol.py", line 781, in _access_attr
    return accessor(obj, name, *args)
           ^^^^^^^^^^^^^^^^^^^^^^^^^^
AttributeError: 'list' object has no attribute '__array__'
2026-05-29 15:45:08.220 [   DEBUG] (         protocol.py: 363) Exception caught
Traceback (most recent call last):
  File "C:\Users\awsch\miniconda3\envs\nsp\Lib\site-packages\rpyc\core\protocol.py", line 356, in _dispatch_request
    res = self._HANDLERS[handler](self, *args)
          ^^^^^^^^^^^^^^^^^^^^^^^^^^^^^^^^^^^^
  File "C:\Users\awsch\miniconda3\envs\nsp\Lib\site-packages\rpyc\core\protocol.py", line 853, in _handle_getattr
    return self._access_attr(obj, name, (), "_rpyc_getattr", "allow_getattr", getattr)
           ^^^^^^^^^^^^^^^^^^^^^^^^^^^^^^^^^^^^^^^^^^^^^^^^^^^^^^^^^^^^^^^^^^^^^^^^^^^
  File "C:\Users\awsch\miniconda3\envs\nsp\Lib\site-packages\rpyc\core\protocol.py", line 781, in _access_attr
    return accessor(obj, name, *args)
           ^^^^^^^^^^^^^^^^^^^^^^^^^^
AttributeError: 'list' object has no attribute '__array_wrap__'
2026-05-29 15:45:08.221 [   DEBUG] (         protocol.py: 363) Exception caught
Traceback (most recent call last):
  File "C:\Users\awsch\miniconda3\envs\nsp\Lib\site-packages\rpyc\core\protocol.py", line 356, in _dispatch_request
    res = self._HANDLERS[handler](self, *args)
          ^^^^^^^^^^^^^^^^^^^^^^^^^^^^^^^^^^^^
  File "C:\Users\awsch\miniconda3\envs\nsp\Lib\site-packages\rpyc\core\protocol.py", line 853, in _handle_getattr
    return self._access_attr(obj, name, (), "_rpyc_getattr", "allow_getattr", getattr)
           ^^^^^^^^^^^^^^^^^^^^^^^^^^^^^^^^^^^^^^^^^^^^^^^^^^^^^^^^^^^^^^^^^^^^^^^^^^^
  File "C:\Users\awsch\miniconda3\envs\nsp\Lib\site-packages\rpyc\core\protocol.py", line 781, in _access_attr
    return accessor(obj, name, *args)
           ^^^^^^^^^^^^^^^^^^^^^^^^^^
AttributeError: 'list' object has no attribute '__array_wrap__'
2026-05-29 15:45:08.222 [   DEBUG] (         protocol.py: 363) Exception caught
Traceback (most recent call last):
  File "C:\Users\awsch\miniconda3\envs\nsp\Lib\site-packages\rpyc\core\protocol.py", line 356, in _dispatch_request
    res = self._HANDLERS[handler](self, *args)
          ^^^^^^^^^^^^^^^^^^^^^^^^^^^^^^^^^^^^
  File "C:\Users\awsch\miniconda3\envs\nsp\Lib\site-packages\rpyc\core\protocol.py", line 853, in _handle_getattr
    return self._access_attr(obj, name, (), "_rpyc_getattr", "allow_getattr", getattr)
           ^^^^^^^^^^^^^^^^^^^^^^^^^^^^^^^^^^^^^^^^^^^^^^^^^^^^^^^^^^^^^^^^^^^^^^^^^^^
  File "C:\Users\awsch\miniconda3\envs\nsp\Lib\site-packages\rpyc\core\protocol.py", line 781, in _access_attr
    return accessor(obj, name, *args)
           ^^^^^^^^^^^^^^^^^^^^^^^^^^
AttributeError: 'list' object has no attribute 'sum'
2026-05-29 15:45:08.223 [   DEBUG] (         protocol.py: 363) Exception caught
Traceback (most recent call last):
  File "C:\Users\awsch\miniconda3\envs\nsp\Lib\site-packages\rpyc\core\protocol.py", line 356, in _dispatch_request
    res = self._HANDLERS[handler](self, *args)
          ^^^^^^^^^^^^^^^^^^^^^^^^^^^^^^^^^^^^
  File "C:\Users\awsch\miniconda3\envs\nsp\Lib\site-packages\rpyc\core\protocol.py", line 853, in _handle_getattr
    return self._access_attr(obj, name, (), "_rpyc_getattr", "allow_getattr", getattr)
           ^^^^^^^^^^^^^^^^^^^^^^^^^^^^^^^^^^^^^^^^^^^^^^^^^^^^^^^^^^^^^^^^^^^^^^^^^^^
  File "C:\Users\awsch\miniconda3\envs\nsp\Lib\site-packages\rpyc\core\protocol.py", line 781, in _access_attr
    return accessor(obj, name, *args)
           ^^^^^^^^^^^^^^^^^^^^^^^^^^
AttributeError: 'list' object has no attribute 'sum'
2026-05-29 15:45:08.224 [   DEBUG] (         protocol.py: 363) Exception caught
Traceback (most recent call last):
  File "C:\Users\awsch\miniconda3\envs\nsp\Lib\site-packages\rpyc\core\protocol.py", line 356, in _dispatch_request
    res = self._HANDLERS[handler](self, *args)
          ^^^^^^^^^^^^^^^^^^^^^^^^^^^^^^^^^^^^
  File "C:\Users\awsch\miniconda3\envs\nsp\Lib\site-packages\rpyc\core\protocol.py", line 853, in _handle_getattr
    return self._access_attr(obj, name, (), "_rpyc_getattr", "allow_getattr", getattr)
           ^^^^^^^^^^^^^^^^^^^^^^^^^^^^^^^^^^^^^^^^^^^^^^^^^^^^^^^^^^^^^^^^^^^^^^^^^^^
  File "C:\Users\awsch\miniconda3\envs\nsp\Lib\site-packages\rpyc\core\protocol.py", line 781, in _access_attr
    return accessor(obj, name, *args)
           ^^^^^^^^^^^^^^^^^^^^^^^^^^
AttributeError: 'list' object has no attribute '__array__'
2026-05-29 15:45:08.242 [   DEBUG] (         protocol.py: 363) Exception caught
Traceback (most recent call last):
  File "C:\Users\awsch\miniconda3\envs\nsp\Lib\site-packages\rpyc\core\protocol.py", line 356, in _dispatch_request
    res = self._HANDLERS[handler](self, *args)
          ^^^^^^^^^^^^^^^^^^^^^^^^^^^^^^^^^^^^
  File "C:\Users\awsch\miniconda3\envs\nsp\Lib\site-packages\rpyc\core\protocol.py", line 853, in _handle_getattr
    return self._access_attr(obj, name, (), "_rpyc_getattr", "allow_getattr", getattr)
           ^^^^^^^^^^^^^^^^^^^^^^^^^^^^^^^^^^^^^^^^^^^^^^^^^^^^^^^^^^^^^^^^^^^^^^^^^^^
  File "C:\Users\awsch\miniconda3\envs\nsp\Lib\site-packages\rpyc\core\protocol.py", line 781, in _access_attr
    return accessor(obj, name, *args)
           ^^^^^^^^^^^^^^^^^^^^^^^^^^
AttributeError: 'list' object has no attribute '__array_wrap__'
2026-05-29 15:45:08.244 [   DEBUG] (         protocol.py: 363) Exception caught
Traceback (most recent call last):
  File "C:\Users\awsch\miniconda3\envs\nsp\Lib\site-packages\rpyc\core\protocol.py", line 356, in _dispatch_request
    res = self._HANDLERS[handler](self, *args)
          ^^^^^^^^^^^^^^^^^^^^^^^^^^^^^^^^^^^^
  File "C:\Users\awsch\miniconda3\envs\nsp\Lib\site-packages\rpyc\core\protocol.py", line 853, in _handle_getattr
    return self._access_attr(obj, name, (), "_rpyc_getattr", "allow_getattr", getattr)
           ^^^^^^^^^^^^^^^^^^^^^^^^^^^^^^^^^^^^^^^^^^^^^^^^^^^^^^^^^^^^^^^^^^^^^^^^^^^
  File "C:\Users\awsch\miniconda3\envs\nsp\Lib\site-packages\rpyc\core\protocol.py", line 781, in _access_attr
    return accessor(obj, name, *args)
           ^^^^^^^^^^^^^^^^^^^^^^^^^^
AttributeError: 'list' object has no attribute '__array_wrap__'
2026-05-29 15:45:08.246 [   DEBUG] (        highlevel.py: 186) viWrite(1, b'MEAS:POWER?\r\n', 13, 'c_ulong(13)') -> 0
2026-05-29 15:45:08.246 [   DEBUG] (     messagebased.py: 435) USB0::0x1313::0x8072::1916964::0::INSTR - reading 20480 bytes (last status <StatusCode.success_max_count_read: 1073676294>)
2026-05-29 15:45:08.248 [   DEBUG] (        highlevel.py: 186) viRead(1, <ctypes.c_char_Array_20480 object at 0x000001E05EA889D0>, 20480, 'c_ulong(15)') -> 0
2026-05-29 15:45:08.254 [   DEBUG] (        highlevel.py: 186) viWrite(2, b'FREQ 9600000000.00\r\n', 20, 'c_ulong(20)') -> 0
2026-05-29 15:45:09.329 [   DEBUG] (         protocol.py: 363) Exception caught
Traceback (most recent call last):
  File "C:\Users\awsch\miniconda3\envs\nsp\Lib\site-packages\rpyc\core\protocol.py", line 356, in _dispatch_request
    res = self._HANDLERS[handler](self, *args)
          ^^^^^^^^^^^^^^^^^^^^^^^^^^^^^^^^^^^^
  File "C:\Users\awsch\miniconda3\envs\nsp\Lib\site-packages\rpyc\core\protocol.py", line 853, in _handle_getattr
    return self._access_attr(obj, name, (), "_rpyc_getattr", "allow_getattr", getattr)
           ^^^^^^^^^^^^^^^^^^^^^^^^^^^^^^^^^^^^^^^^^^^^^^^^^^^^^^^^^^^^^^^^^^^^^^^^^^^
  File "C:\Users\awsch\miniconda3\envs\nsp\Lib\site-packages\rpyc\core\protocol.py", line 781, in _access_attr
    return accessor(obj, name, *args)
           ^^^^^^^^^^^^^^^^^^^^^^^^^^
AttributeError: 'list' object has no attribute 'sum'
2026-05-29 15:45:09.330 [   DEBUG] (         protocol.py: 363) Exception caught
Traceback (most recent call last):
  File "C:\Users\awsch\miniconda3\envs\nsp\Lib\site-packages\rpyc\core\protocol.py", line 356, in _dispatch_request
    res = self._HANDLERS[handler](self, *args)
          ^^^^^^^^^^^^^^^^^^^^^^^^^^^^^^^^^^^^
  File "C:\Users\awsch\miniconda3\envs\nsp\Lib\site-packages\rpyc\core\protocol.py", line 853, in _handle_getattr
    return self._access_attr(obj, name, (), "_rpyc_getattr", "allow_getattr", getattr)
           ^^^^^^^^^^^^^^^^^^^^^^^^^^^^^^^^^^^^^^^^^^^^^^^^^^^^^^^^^^^^^^^^^^^^^^^^^^^
  File "C:\Users\awsch\miniconda3\envs\nsp\Lib\site-packages\rpyc\core\protocol.py", line 781, in _access_attr
    return accessor(obj, name, *args)
           ^^^^^^^^^^^^^^^^^^^^^^^^^^
AttributeError: 'list' object has no attribute 'sum'
2026-05-29 15:45:09.331 [   DEBUG] (         protocol.py: 363) Exception caught
Traceback (most recent call last):
  File "C:\Users\awsch\miniconda3\envs\nsp\Lib\site-packages\rpyc\core\protocol.py", line 356, in _dispatch_request
    res = self._HANDLERS[handler](self, *args)
          ^^^^^^^^^^^^^^^^^^^^^^^^^^^^^^^^^^^^
  File "C:\Users\awsch\miniconda3\envs\nsp\Lib\site-packages\rpyc\core\protocol.py", line 853, in _handle_getattr
    return self._access_attr(obj, name, (), "_rpyc_getattr", "allow_getattr", getattr)
           ^^^^^^^^^^^^^^^^^^^^^^^^^^^^^^^^^^^^^^^^^^^^^^^^^^^^^^^^^^^^^^^^^^^^^^^^^^^
  File "C:\Users\awsch\miniconda3\envs\nsp\Lib\site-packages\rpyc\core\protocol.py", line 781, in _access_attr
    return accessor(obj, name, *args)
           ^^^^^^^^^^^^^^^^^^^^^^^^^^
AttributeError: 'list' object has no attribute '__array__'
2026-05-29 15:45:09.349 [   DEBUG] (         protocol.py: 363) Exception caught
Traceback (most recent call last):
  File "C:\Users\awsch\miniconda3\envs\nsp\Lib\site-packages\rpyc\core\protocol.py", line 356, in _dispatch_request
    res = self._HANDLERS[handler](self, *args)
          ^^^^^^^^^^^^^^^^^^^^^^^^^^^^^^^^^^^^
  File "C:\Users\awsch\miniconda3\envs\nsp\Lib\site-packages\rpyc\core\protocol.py", line 853, in _handle_getattr
    return self._access_attr(obj, name, (), "_rpyc_getattr", "allow_getattr", getattr)
           ^^^^^^^^^^^^^^^^^^^^^^^^^^^^^^^^^^^^^^^^^^^^^^^^^^^^^^^^^^^^^^^^^^^^^^^^^^^
  File "C:\Users\awsch\miniconda3\envs\nsp\Lib\site-packages\rpyc\core\protocol.py", line 781, in _access_attr
    return accessor(obj, name, *args)
           ^^^^^^^^^^^^^^^^^^^^^^^^^^
AttributeError: 'list' object has no attribute '__array_wrap__'
2026-05-29 15:45:09.350 [   DEBUG] (         protocol.py: 363) Exception caught
Traceback (most recent call last):
  File "C:\Users\awsch\miniconda3\envs\nsp\Lib\site-packages\rpyc\core\protocol.py", line 356, in _dispatch_request
    res = self._HANDLERS[handler](self, *args)
          ^^^^^^^^^^^^^^^^^^^^^^^^^^^^^^^^^^^^
  File "C:\Users\awsch\miniconda3\envs\nsp\Lib\site-packages\rpyc\core\protocol.py", line 853, in _handle_getattr
    return self._access_attr(obj, name, (), "_rpyc_getattr", "allow_getattr", getattr)
           ^^^^^^^^^^^^^^^^^^^^^^^^^^^^^^^^^^^^^^^^^^^^^^^^^^^^^^^^^^^^^^^^^^^^^^^^^^^
  File "C:\Users\awsch\miniconda3\envs\nsp\Lib\site-packages\rpyc\core\protocol.py", line 781, in _access_attr
    return accessor(obj, name, *args)
           ^^^^^^^^^^^^^^^^^^^^^^^^^^
AttributeError: 'list' object has no attribute '__array_wrap__'
2026-05-29 15:45:09.351 [   DEBUG] (         protocol.py: 363) Exception caught
Traceback (most recent call last):
  File "C:\Users\awsch\miniconda3\envs\nsp\Lib\site-packages\rpyc\core\protocol.py", line 356, in _dispatch_request
    res = self._HANDLERS[handler](self, *args)
          ^^^^^^^^^^^^^^^^^^^^^^^^^^^^^^^^^^^^
  File "C:\Users\awsch\miniconda3\envs\nsp\Lib\site-packages\rpyc\core\protocol.py", line 853, in _handle_getattr
    return self._access_attr(obj, name, (), "_rpyc_getattr", "allow_getattr", getattr)
           ^^^^^^^^^^^^^^^^^^^^^^^^^^^^^^^^^^^^^^^^^^^^^^^^^^^^^^^^^^^^^^^^^^^^^^^^^^^
  File "C:\Users\awsch\miniconda3\envs\nsp\Lib\site-packages\rpyc\core\protocol.py", line 781, in _access_attr
    return accessor(obj, name, *args)
           ^^^^^^^^^^^^^^^^^^^^^^^^^^
AttributeError: 'list' object has no attribute 'sum'
2026-05-29 15:45:09.352 [   DEBUG] (         protocol.py: 363) Exception caught
Traceback (most recent call last):
  File "C:\Users\awsch\miniconda3\envs\nsp\Lib\site-packages\rpyc\core\protocol.py", line 356, in _dispatch_request
    res = self._HANDLERS[handler](self, *args)
          ^^^^^^^^^^^^^^^^^^^^^^^^^^^^^^^^^^^^
  File "C:\Users\awsch\miniconda3\envs\nsp\Lib\site-packages\rpyc\core\protocol.py", line 853, in _handle_getattr
    return self._access_attr(obj, name, (), "_rpyc_getattr", "allow_getattr", getattr)
           ^^^^^^^^^^^^^^^^^^^^^^^^^^^^^^^^^^^^^^^^^^^^^^^^^^^^^^^^^^^^^^^^^^^^^^^^^^^
  File "C:\Users\awsch\miniconda3\envs\nsp\Lib\site-packages\rpyc\core\protocol.py", line 781, in _access_attr
    return accessor(obj, name, *args)
           ^^^^^^^^^^^^^^^^^^^^^^^^^^
AttributeError: 'list' object has no attribute 'sum'
2026-05-29 15:45:09.353 [   DEBUG] (         protocol.py: 363) Exception caught
Traceback (most recent call last):
  File "C:\Users\awsch\miniconda3\envs\nsp\Lib\site-packages\rpyc\core\protocol.py", line 356, in _dispatch_request
    res = self._HANDLERS[handler](self, *args)
          ^^^^^^^^^^^^^^^^^^^^^^^^^^^^^^^^^^^^
  File "C:\Users\awsch\miniconda3\envs\nsp\Lib\site-packages\rpyc\core\protocol.py", line 853, in _handle_getattr
    return self._access_attr(obj, name, (), "_rpyc_getattr", "allow_getattr", getattr)
           ^^^^^^^^^^^^^^^^^^^^^^^^^^^^^^^^^^^^^^^^^^^^^^^^^^^^^^^^^^^^^^^^^^^^^^^^^^^
  File "C:\Users\awsch\miniconda3\envs\nsp\Lib\site-packages\rpyc\core\protocol.py", line 781, in _access_attr
    return accessor(obj, name, *args)
           ^^^^^^^^^^^^^^^^^^^^^^^^^^
AttributeError: 'list' object has no attribute '__array__'
2026-05-29 15:45:09.370 [   DEBUG] (         protocol.py: 363) Exception caught
Traceback (most recent call last):
  File "C:\Users\awsch\miniconda3\envs\nsp\Lib\site-packages\rpyc\core\protocol.py", line 356, in _dispatch_request
    res = self._HANDLERS[handler](self, *args)
          ^^^^^^^^^^^^^^^^^^^^^^^^^^^^^^^^^^^^
  File "C:\Users\awsch\miniconda3\envs\nsp\Lib\site-packages\rpyc\core\protocol.py", line 853, in _handle_getattr
    return self._access_attr(obj, name, (), "_rpyc_getattr", "allow_getattr", getattr)
           ^^^^^^^^^^^^^^^^^^^^^^^^^^^^^^^^^^^^^^^^^^^^^^^^^^^^^^^^^^^^^^^^^^^^^^^^^^^
  File "C:\Users\awsch\miniconda3\envs\nsp\Lib\site-packages\rpyc\core\protocol.py", line 781, in _access_attr
    return accessor(obj, name, *args)
           ^^^^^^^^^^^^^^^^^^^^^^^^^^
AttributeError: 'list' object has no attribute '__array_wrap__'
2026-05-29 15:45:09.372 [   DEBUG] (         protocol.py: 363) Exception caught
Traceback (most recent call last):
  File "C:\Users\awsch\miniconda3\envs\nsp\Lib\site-packages\rpyc\core\protocol.py", line 356, in _dispatch_request
    res = self._HANDLERS[handler](self, *args)
          ^^^^^^^^^^^^^^^^^^^^^^^^^^^^^^^^^^^^
  File "C:\Users\awsch\miniconda3\envs\nsp\Lib\site-packages\rpyc\core\protocol.py", line 853, in _handle_getattr
    return self._access_attr(obj, name, (), "_rpyc_getattr", "allow_getattr", getattr)
           ^^^^^^^^^^^^^^^^^^^^^^^^^^^^^^^^^^^^^^^^^^^^^^^^^^^^^^^^^^^^^^^^^^^^^^^^^^^
  File "C:\Users\awsch\miniconda3\envs\nsp\Lib\site-packages\rpyc\core\protocol.py", line 781, in _access_attr
    return accessor(obj, name, *args)
           ^^^^^^^^^^^^^^^^^^^^^^^^^^
AttributeError: 'list' object has no attribute '__array_wrap__'
2026-05-29 15:45:09.373 [   DEBUG] (        highlevel.py: 186) viWrite(1, b'MEAS:POWER?\r\n', 13, 'c_ulong(13)') -> 0
2026-05-29 15:45:09.374 [   DEBUG] (     messagebased.py: 435) USB0::0x1313::0x8072::1916964::0::INSTR - reading 20480 bytes (last status <StatusCode.success_max_count_read: 1073676294>)
2026-05-29 15:45:09.376 [   DEBUG] (        highlevel.py: 186) viRead(1, <ctypes.c_char_Array_20480 object at 0x000001E05EA880D0>, 20480, 'c_ulong(15)') -> 0
2026-05-29 15:45:09.383 [   DEBUG] (        highlevel.py: 186) viWrite(2, b'FREQ 9610000000.00\r\n', 20, 'c_ulong(20)') -> 0
2026-05-29 15:45:10.467 [   DEBUG] (         protocol.py: 363) Exception caught
Traceback (most recent call last):
  File "C:\Users\awsch\miniconda3\envs\nsp\Lib\site-packages\rpyc\core\protocol.py", line 356, in _dispatch_request
    res = self._HANDLERS[handler](self, *args)
          ^^^^^^^^^^^^^^^^^^^^^^^^^^^^^^^^^^^^
  File "C:\Users\awsch\miniconda3\envs\nsp\Lib\site-packages\rpyc\core\protocol.py", line 853, in _handle_getattr
    return self._access_attr(obj, name, (), "_rpyc_getattr", "allow_getattr", getattr)
           ^^^^^^^^^^^^^^^^^^^^^^^^^^^^^^^^^^^^^^^^^^^^^^^^^^^^^^^^^^^^^^^^^^^^^^^^^^^
  File "C:\Users\awsch\miniconda3\envs\nsp\Lib\site-packages\rpyc\core\protocol.py", line 781, in _access_attr
    return accessor(obj, name, *args)
           ^^^^^^^^^^^^^^^^^^^^^^^^^^
AttributeError: 'list' object has no attribute 'sum'
2026-05-29 15:45:10.469 [   DEBUG] (         protocol.py: 363) Exception caught
Traceback (most recent call last):
  File "C:\Users\awsch\miniconda3\envs\nsp\Lib\site-packages\rpyc\core\protocol.py", line 356, in _dispatch_request
    res = self._HANDLERS[handler](self, *args)
          ^^^^^^^^^^^^^^^^^^^^^^^^^^^^^^^^^^^^
  File "C:\Users\awsch\miniconda3\envs\nsp\Lib\site-packages\rpyc\core\protocol.py", line 853, in _handle_getattr
    return self._access_attr(obj, name, (), "_rpyc_getattr", "allow_getattr", getattr)
           ^^^^^^^^^^^^^^^^^^^^^^^^^^^^^^^^^^^^^^^^^^^^^^^^^^^^^^^^^^^^^^^^^^^^^^^^^^^
  File "C:\Users\awsch\miniconda3\envs\nsp\Lib\site-packages\rpyc\core\protocol.py", line 781, in _access_attr
    return accessor(obj, name, *args)
           ^^^^^^^^^^^^^^^^^^^^^^^^^^
AttributeError: 'list' object has no attribute 'sum'
2026-05-29 15:45:10.470 [   DEBUG] (         protocol.py: 363) Exception caught
Traceback (most recent call last):
  File "C:\Users\awsch\miniconda3\envs\nsp\Lib\site-packages\rpyc\core\protocol.py", line 356, in _dispatch_request
    res = self._HANDLERS[handler](self, *args)
          ^^^^^^^^^^^^^^^^^^^^^^^^^^^^^^^^^^^^
  File "C:\Users\awsch\miniconda3\envs\nsp\Lib\site-packages\rpyc\core\protocol.py", line 853, in _handle_getattr
    return self._access_attr(obj, name, (), "_rpyc_getattr", "allow_getattr", getattr)
           ^^^^^^^^^^^^^^^^^^^^^^^^^^^^^^^^^^^^^^^^^^^^^^^^^^^^^^^^^^^^^^^^^^^^^^^^^^^
  File "C:\Users\awsch\miniconda3\envs\nsp\Lib\site-packages\rpyc\core\protocol.py", line 781, in _access_attr
    return accessor(obj, name, *args)
           ^^^^^^^^^^^^^^^^^^^^^^^^^^
AttributeError: 'list' object has no attribute '__array__'
2026-05-29 15:45:10.487 [   DEBUG] (         protocol.py: 363) Exception caught
Traceback (most recent call last):
  File "C:\Users\awsch\miniconda3\envs\nsp\Lib\site-packages\rpyc\core\protocol.py", line 356, in _dispatch_request
    res = self._HANDLERS[handler](self, *args)
          ^^^^^^^^^^^^^^^^^^^^^^^^^^^^^^^^^^^^
  File "C:\Users\awsch\miniconda3\envs\nsp\Lib\site-packages\rpyc\core\protocol.py", line 853, in _handle_getattr
    return self._access_attr(obj, name, (), "_rpyc_getattr", "allow_getattr", getattr)
           ^^^^^^^^^^^^^^^^^^^^^^^^^^^^^^^^^^^^^^^^^^^^^^^^^^^^^^^^^^^^^^^^^^^^^^^^^^^
  File "C:\Users\awsch\miniconda3\envs\nsp\Lib\site-packages\rpyc\core\protocol.py", line 781, in _access_attr
    return accessor(obj, name, *args)
           ^^^^^^^^^^^^^^^^^^^^^^^^^^
AttributeError: 'list' object has no attribute '__array_wrap__'
2026-05-29 15:45:10.488 [   DEBUG] (         protocol.py: 363) Exception caught
Traceback (most recent call last):
  File "C:\Users\awsch\miniconda3\envs\nsp\Lib\site-packages\rpyc\core\protocol.py", line 356, in _dispatch_request
    res = self._HANDLERS[handler](self, *args)
          ^^^^^^^^^^^^^^^^^^^^^^^^^^^^^^^^^^^^
  File "C:\Users\awsch\miniconda3\envs\nsp\Lib\site-packages\rpyc\core\protocol.py", line 853, in _handle_getattr
    return self._access_attr(obj, name, (), "_rpyc_getattr", "allow_getattr", getattr)
           ^^^^^^^^^^^^^^^^^^^^^^^^^^^^^^^^^^^^^^^^^^^^^^^^^^^^^^^^^^^^^^^^^^^^^^^^^^^
  File "C:\Users\awsch\miniconda3\envs\nsp\Lib\site-packages\rpyc\core\protocol.py", line 781, in _access_attr
    return accessor(obj, name, *args)
           ^^^^^^^^^^^^^^^^^^^^^^^^^^
AttributeError: 'list' object has no attribute '__array_wrap__'
2026-05-29 15:45:10.489 [   DEBUG] (         protocol.py: 363) Exception caught
Traceback (most recent call last):
  File "C:\Users\awsch\miniconda3\envs\nsp\Lib\site-packages\rpyc\core\protocol.py", line 356, in _dispatch_request
    res = self._HANDLERS[handler](self, *args)
          ^^^^^^^^^^^^^^^^^^^^^^^^^^^^^^^^^^^^
  File "C:\Users\awsch\miniconda3\envs\nsp\Lib\site-packages\rpyc\core\protocol.py", line 853, in _handle_getattr
    return self._access_attr(obj, name, (), "_rpyc_getattr", "allow_getattr", getattr)
           ^^^^^^^^^^^^^^^^^^^^^^^^^^^^^^^^^^^^^^^^^^^^^^^^^^^^^^^^^^^^^^^^^^^^^^^^^^^
  File "C:\Users\awsch\miniconda3\envs\nsp\Lib\site-packages\rpyc\core\protocol.py", line 781, in _access_attr
    return accessor(obj, name, *args)
           ^^^^^^^^^^^^^^^^^^^^^^^^^^
AttributeError: 'list' object has no attribute 'sum'
2026-05-29 15:45:10.490 [   DEBUG] (         protocol.py: 363) Exception caught
Traceback (most recent call last):
  File "C:\Users\awsch\miniconda3\envs\nsp\Lib\site-packages\rpyc\core\protocol.py", line 356, in _dispatch_request
    res = self._HANDLERS[handler](self, *args)
          ^^^^^^^^^^^^^^^^^^^^^^^^^^^^^^^^^^^^
  File "C:\Users\awsch\miniconda3\envs\nsp\Lib\site-packages\rpyc\core\protocol.py", line 853, in _handle_getattr
    return self._access_attr(obj, name, (), "_rpyc_getattr", "allow_getattr", getattr)
           ^^^^^^^^^^^^^^^^^^^^^^^^^^^^^^^^^^^^^^^^^^^^^^^^^^^^^^^^^^^^^^^^^^^^^^^^^^^
  File "C:\Users\awsch\miniconda3\envs\nsp\Lib\site-packages\rpyc\core\protocol.py", line 781, in _access_attr
    return accessor(obj, name, *args)
           ^^^^^^^^^^^^^^^^^^^^^^^^^^
AttributeError: 'list' object has no attribute 'sum'
2026-05-29 15:45:10.491 [   DEBUG] (         protocol.py: 363) Exception caught
Traceback (most recent call last):
  File "C:\Users\awsch\miniconda3\envs\nsp\Lib\site-packages\rpyc\core\protocol.py", line 356, in _dispatch_request
    res = self._HANDLERS[handler](self, *args)
          ^^^^^^^^^^^^^^^^^^^^^^^^^^^^^^^^^^^^
  File "C:\Users\awsch\miniconda3\envs\nsp\Lib\site-packages\rpyc\core\protocol.py", line 853, in _handle_getattr
    return self._access_attr(obj, name, (), "_rpyc_getattr", "allow_getattr", getattr)
           ^^^^^^^^^^^^^^^^^^^^^^^^^^^^^^^^^^^^^^^^^^^^^^^^^^^^^^^^^^^^^^^^^^^^^^^^^^^
  File "C:\Users\awsch\miniconda3\envs\nsp\Lib\site-packages\rpyc\core\protocol.py", line 781, in _access_attr
    return accessor(obj, name, *args)
           ^^^^^^^^^^^^^^^^^^^^^^^^^^
AttributeError: 'list' object has no attribute '__array__'
2026-05-29 15:45:10.508 [   DEBUG] (         protocol.py: 363) Exception caught
Traceback (most recent call last):
  File "C:\Users\awsch\miniconda3\envs\nsp\Lib\site-packages\rpyc\core\protocol.py", line 356, in _dispatch_request
    res = self._HANDLERS[handler](self, *args)
          ^^^^^^^^^^^^^^^^^^^^^^^^^^^^^^^^^^^^
  File "C:\Users\awsch\miniconda3\envs\nsp\Lib\site-packages\rpyc\core\protocol.py", line 853, in _handle_getattr
    return self._access_attr(obj, name, (), "_rpyc_getattr", "allow_getattr", getattr)
           ^^^^^^^^^^^^^^^^^^^^^^^^^^^^^^^^^^^^^^^^^^^^^^^^^^^^^^^^^^^^^^^^^^^^^^^^^^^
  File "C:\Users\awsch\miniconda3\envs\nsp\Lib\site-packages\rpyc\core\protocol.py", line 781, in _access_attr
    return accessor(obj, name, *args)
           ^^^^^^^^^^^^^^^^^^^^^^^^^^
AttributeError: 'list' object has no attribute '__array_wrap__'
2026-05-29 15:45:10.509 [   DEBUG] (         protocol.py: 363) Exception caught
Traceback (most recent call last):
  File "C:\Users\awsch\miniconda3\envs\nsp\Lib\site-packages\rpyc\core\protocol.py", line 356, in _dispatch_request
    res = self._HANDLERS[handler](self, *args)
          ^^^^^^^^^^^^^^^^^^^^^^^^^^^^^^^^^^^^
  File "C:\Users\awsch\miniconda3\envs\nsp\Lib\site-packages\rpyc\core\protocol.py", line 853, in _handle_getattr
    return self._access_attr(obj, name, (), "_rpyc_getattr", "allow_getattr", getattr)
           ^^^^^^^^^^^^^^^^^^^^^^^^^^^^^^^^^^^^^^^^^^^^^^^^^^^^^^^^^^^^^^^^^^^^^^^^^^^
  File "C:\Users\awsch\miniconda3\envs\nsp\Lib\site-packages\rpyc\core\protocol.py", line 781, in _access_attr
    return accessor(obj, name, *args)
           ^^^^^^^^^^^^^^^^^^^^^^^^^^
AttributeError: 'list' object has no attribute '__array_wrap__'
2026-05-29 15:45:10.511 [   DEBUG] (        highlevel.py: 186) viWrite(1, b'MEAS:POWER?\r\n', 13, 'c_ulong(13)') -> 0
2026-05-29 15:45:10.511 [   DEBUG] (     messagebased.py: 435) USB0::0x1313::0x8072::1916964::0::INSTR - reading 20480 bytes (last status <StatusCode.success_max_count_read: 1073676294>)
2026-05-29 15:45:10.514 [   DEBUG] (        highlevel.py: 186) viRead(1, <ctypes.c_char_Array_20480 object at 0x000001E05EA891D0>, 20480, 'c_ulong(15)') -> 0
2026-05-29 15:45:10.519 [   DEBUG] (        highlevel.py: 186) viWrite(2, b'FREQ 9620000000.00\r\n', 20, 'c_ulong(20)') -> 0
2026-05-29 15:45:11.597 [   DEBUG] (         protocol.py: 363) Exception caught
Traceback (most recent call last):
  File "C:\Users\awsch\miniconda3\envs\nsp\Lib\site-packages\rpyc\core\protocol.py", line 356, in _dispatch_request
    res = self._HANDLERS[handler](self, *args)
          ^^^^^^^^^^^^^^^^^^^^^^^^^^^^^^^^^^^^
  File "C:\Users\awsch\miniconda3\envs\nsp\Lib\site-packages\rpyc\core\protocol.py", line 853, in _handle_getattr
    return self._access_attr(obj, name, (), "_rpyc_getattr", "allow_getattr", getattr)
           ^^^^^^^^^^^^^^^^^^^^^^^^^^^^^^^^^^^^^^^^^^^^^^^^^^^^^^^^^^^^^^^^^^^^^^^^^^^
  File "C:\Users\awsch\miniconda3\envs\nsp\Lib\site-packages\rpyc\core\protocol.py", line 781, in _access_attr
    return accessor(obj, name, *args)
           ^^^^^^^^^^^^^^^^^^^^^^^^^^
AttributeError: 'list' object has no attribute 'sum'
2026-05-29 15:45:11.598 [   DEBUG] (         protocol.py: 363) Exception caught
Traceback (most recent call last):
  File "C:\Users\awsch\miniconda3\envs\nsp\Lib\site-packages\rpyc\core\protocol.py", line 356, in _dispatch_request
    res = self._HANDLERS[handler](self, *args)
          ^^^^^^^^^^^^^^^^^^^^^^^^^^^^^^^^^^^^
  File "C:\Users\awsch\miniconda3\envs\nsp\Lib\site-packages\rpyc\core\protocol.py", line 853, in _handle_getattr
    return self._access_attr(obj, name, (), "_rpyc_getattr", "allow_getattr", getattr)
           ^^^^^^^^^^^^^^^^^^^^^^^^^^^^^^^^^^^^^^^^^^^^^^^^^^^^^^^^^^^^^^^^^^^^^^^^^^^
  File "C:\Users\awsch\miniconda3\envs\nsp\Lib\site-packages\rpyc\core\protocol.py", line 781, in _access_attr
    return accessor(obj, name, *args)
           ^^^^^^^^^^^^^^^^^^^^^^^^^^
AttributeError: 'list' object has no attribute 'sum'
2026-05-29 15:45:11.599 [   DEBUG] (         protocol.py: 363) Exception caught
Traceback (most recent call last):
  File "C:\Users\awsch\miniconda3\envs\nsp\Lib\site-packages\rpyc\core\protocol.py", line 356, in _dispatch_request
    res = self._HANDLERS[handler](self, *args)
          ^^^^^^^^^^^^^^^^^^^^^^^^^^^^^^^^^^^^
  File "C:\Users\awsch\miniconda3\envs\nsp\Lib\site-packages\rpyc\core\protocol.py", line 853, in _handle_getattr
    return self._access_attr(obj, name, (), "_rpyc_getattr", "allow_getattr", getattr)
           ^^^^^^^^^^^^^^^^^^^^^^^^^^^^^^^^^^^^^^^^^^^^^^^^^^^^^^^^^^^^^^^^^^^^^^^^^^^
  File "C:\Users\awsch\miniconda3\envs\nsp\Lib\site-packages\rpyc\core\protocol.py", line 781, in _access_attr
    return accessor(obj, name, *args)
           ^^^^^^^^^^^^^^^^^^^^^^^^^^
AttributeError: 'list' object has no attribute '__array__'
2026-05-29 15:45:11.618 [   DEBUG] (         protocol.py: 363) Exception caught
Traceback (most recent call last):
  File "C:\Users\awsch\miniconda3\envs\nsp\Lib\site-packages\rpyc\core\protocol.py", line 356, in _dispatch_request
    res = self._HANDLERS[handler](self, *args)
          ^^^^^^^^^^^^^^^^^^^^^^^^^^^^^^^^^^^^
  File "C:\Users\awsch\miniconda3\envs\nsp\Lib\site-packages\rpyc\core\protocol.py", line 853, in _handle_getattr
    return self._access_attr(obj, name, (), "_rpyc_getattr", "allow_getattr", getattr)
           ^^^^^^^^^^^^^^^^^^^^^^^^^^^^^^^^^^^^^^^^^^^^^^^^^^^^^^^^^^^^^^^^^^^^^^^^^^^
  File "C:\Users\awsch\miniconda3\envs\nsp\Lib\site-packages\rpyc\core\protocol.py", line 781, in _access_attr
    return accessor(obj, name, *args)
           ^^^^^^^^^^^^^^^^^^^^^^^^^^
AttributeError: 'list' object has no attribute '__array_wrap__'
2026-05-29 15:45:11.619 [   DEBUG] (         protocol.py: 363) Exception caught
Traceback (most recent call last):
  File "C:\Users\awsch\miniconda3\envs\nsp\Lib\site-packages\rpyc\core\protocol.py", line 356, in _dispatch_request
    res = self._HANDLERS[handler](self, *args)
          ^^^^^^^^^^^^^^^^^^^^^^^^^^^^^^^^^^^^
  File "C:\Users\awsch\miniconda3\envs\nsp\Lib\site-packages\rpyc\core\protocol.py", line 853, in _handle_getattr
    return self._access_attr(obj, name, (), "_rpyc_getattr", "allow_getattr", getattr)
           ^^^^^^^^^^^^^^^^^^^^^^^^^^^^^^^^^^^^^^^^^^^^^^^^^^^^^^^^^^^^^^^^^^^^^^^^^^^
  File "C:\Users\awsch\miniconda3\envs\nsp\Lib\site-packages\rpyc\core\protocol.py", line 781, in _access_attr
    return accessor(obj, name, *args)
           ^^^^^^^^^^^^^^^^^^^^^^^^^^
AttributeError: 'list' object has no attribute '__array_wrap__'
2026-05-29 15:45:11.620 [   DEBUG] (         protocol.py: 363) Exception caught
Traceback (most recent call last):
  File "C:\Users\awsch\miniconda3\envs\nsp\Lib\site-packages\rpyc\core\protocol.py", line 356, in _dispatch_request
    res = self._HANDLERS[handler](self, *args)
          ^^^^^^^^^^^^^^^^^^^^^^^^^^^^^^^^^^^^
  File "C:\Users\awsch\miniconda3\envs\nsp\Lib\site-packages\rpyc\core\protocol.py", line 853, in _handle_getattr
    return self._access_attr(obj, name, (), "_rpyc_getattr", "allow_getattr", getattr)
           ^^^^^^^^^^^^^^^^^^^^^^^^^^^^^^^^^^^^^^^^^^^^^^^^^^^^^^^^^^^^^^^^^^^^^^^^^^^
  File "C:\Users\awsch\miniconda3\envs\nsp\Lib\site-packages\rpyc\core\protocol.py", line 781, in _access_attr
    return accessor(obj, name, *args)
           ^^^^^^^^^^^^^^^^^^^^^^^^^^
AttributeError: 'list' object has no attribute 'sum'
2026-05-29 15:45:11.621 [   DEBUG] (         protocol.py: 363) Exception caught
Traceback (most recent call last):
  File "C:\Users\awsch\miniconda3\envs\nsp\Lib\site-packages\rpyc\core\protocol.py", line 356, in _dispatch_request
    res = self._HANDLERS[handler](self, *args)
          ^^^^^^^^^^^^^^^^^^^^^^^^^^^^^^^^^^^^
  File "C:\Users\awsch\miniconda3\envs\nsp\Lib\site-packages\rpyc\core\protocol.py", line 853, in _handle_getattr
    return self._access_attr(obj, name, (), "_rpyc_getattr", "allow_getattr", getattr)
           ^^^^^^^^^^^^^^^^^^^^^^^^^^^^^^^^^^^^^^^^^^^^^^^^^^^^^^^^^^^^^^^^^^^^^^^^^^^
  File "C:\Users\awsch\miniconda3\envs\nsp\Lib\site-packages\rpyc\core\protocol.py", line 781, in _access_attr
    return accessor(obj, name, *args)
           ^^^^^^^^^^^^^^^^^^^^^^^^^^
AttributeError: 'list' object has no attribute 'sum'
2026-05-29 15:45:11.622 [   DEBUG] (         protocol.py: 363) Exception caught
Traceback (most recent call last):
  File "C:\Users\awsch\miniconda3\envs\nsp\Lib\site-packages\rpyc\core\protocol.py", line 356, in _dispatch_request
    res = self._HANDLERS[handler](self, *args)
          ^^^^^^^^^^^^^^^^^^^^^^^^^^^^^^^^^^^^
  File "C:\Users\awsch\miniconda3\envs\nsp\Lib\site-packages\rpyc\core\protocol.py", line 853, in _handle_getattr
    return self._access_attr(obj, name, (), "_rpyc_getattr", "allow_getattr", getattr)
           ^^^^^^^^^^^^^^^^^^^^^^^^^^^^^^^^^^^^^^^^^^^^^^^^^^^^^^^^^^^^^^^^^^^^^^^^^^^
  File "C:\Users\awsch\miniconda3\envs\nsp\Lib\site-packages\rpyc\core\protocol.py", line 781, in _access_attr
    return accessor(obj, name, *args)
           ^^^^^^^^^^^^^^^^^^^^^^^^^^
AttributeError: 'list' object has no attribute '__array__'
2026-05-29 15:45:11.638 [   DEBUG] (         protocol.py: 363) Exception caught
Traceback (most recent call last):
  File "C:\Users\awsch\miniconda3\envs\nsp\Lib\site-packages\rpyc\core\protocol.py", line 356, in _dispatch_request
    res = self._HANDLERS[handler](self, *args)
          ^^^^^^^^^^^^^^^^^^^^^^^^^^^^^^^^^^^^
  File "C:\Users\awsch\miniconda3\envs\nsp\Lib\site-packages\rpyc\core\protocol.py", line 853, in _handle_getattr
    return self._access_attr(obj, name, (), "_rpyc_getattr", "allow_getattr", getattr)
           ^^^^^^^^^^^^^^^^^^^^^^^^^^^^^^^^^^^^^^^^^^^^^^^^^^^^^^^^^^^^^^^^^^^^^^^^^^^
  File "C:\Users\awsch\miniconda3\envs\nsp\Lib\site-packages\rpyc\core\protocol.py", line 781, in _access_attr
    return accessor(obj, name, *args)
           ^^^^^^^^^^^^^^^^^^^^^^^^^^
AttributeError: 'list' object has no attribute '__array_wrap__'
2026-05-29 15:45:11.639 [   DEBUG] (         protocol.py: 363) Exception caught
Traceback (most recent call last):
  File "C:\Users\awsch\miniconda3\envs\nsp\Lib\site-packages\rpyc\core\protocol.py", line 356, in _dispatch_request
    res = self._HANDLERS[handler](self, *args)
          ^^^^^^^^^^^^^^^^^^^^^^^^^^^^^^^^^^^^
  File "C:\Users\awsch\miniconda3\envs\nsp\Lib\site-packages\rpyc\core\protocol.py", line 853, in _handle_getattr
    return self._access_attr(obj, name, (), "_rpyc_getattr", "allow_getattr", getattr)
           ^^^^^^^^^^^^^^^^^^^^^^^^^^^^^^^^^^^^^^^^^^^^^^^^^^^^^^^^^^^^^^^^^^^^^^^^^^^
  File "C:\Users\awsch\miniconda3\envs\nsp\Lib\site-packages\rpyc\core\protocol.py", line 781, in _access_attr
    return accessor(obj, name, *args)
           ^^^^^^^^^^^^^^^^^^^^^^^^^^
AttributeError: 'list' object has no attribute '__array_wrap__'
2026-05-29 15:45:11.641 [   DEBUG] (        highlevel.py: 186) viWrite(1, b'MEAS:POWER?\r\n', 13, 'c_ulong(13)') -> 0
2026-05-29 15:45:11.641 [   DEBUG] (     messagebased.py: 435) USB0::0x1313::0x8072::1916964::0::INSTR - reading 20480 bytes (last status <StatusCode.success_max_count_read: 1073676294>)
2026-05-29 15:45:11.644 [   DEBUG] (        highlevel.py: 186) viRead(1, <ctypes.c_char_Array_20480 object at 0x000001E05EA88750>, 20480, 'c_ulong(15)') -> 0
2026-05-29 15:45:11.651 [   DEBUG] (        highlevel.py: 186) viWrite(2, b'FREQ 9630000000.00\r\n', 20, 'c_ulong(20)') -> 0
2026-05-29 15:45:12.727 [   DEBUG] (         protocol.py: 363) Exception caught
Traceback (most recent call last):
  File "C:\Users\awsch\miniconda3\envs\nsp\Lib\site-packages\rpyc\core\protocol.py", line 356, in _dispatch_request
    res = self._HANDLERS[handler](self, *args)
          ^^^^^^^^^^^^^^^^^^^^^^^^^^^^^^^^^^^^
  File "C:\Users\awsch\miniconda3\envs\nsp\Lib\site-packages\rpyc\core\protocol.py", line 853, in _handle_getattr
    return self._access_attr(obj, name, (), "_rpyc_getattr", "allow_getattr", getattr)
           ^^^^^^^^^^^^^^^^^^^^^^^^^^^^^^^^^^^^^^^^^^^^^^^^^^^^^^^^^^^^^^^^^^^^^^^^^^^
  File "C:\Users\awsch\miniconda3\envs\nsp\Lib\site-packages\rpyc\core\protocol.py", line 781, in _access_attr
    return accessor(obj, name, *args)
           ^^^^^^^^^^^^^^^^^^^^^^^^^^
AttributeError: 'list' object has no attribute 'sum'
2026-05-29 15:45:12.728 [   DEBUG] (         protocol.py: 363) Exception caught
Traceback (most recent call last):
  File "C:\Users\awsch\miniconda3\envs\nsp\Lib\site-packages\rpyc\core\protocol.py", line 356, in _dispatch_request
    res = self._HANDLERS[handler](self, *args)
          ^^^^^^^^^^^^^^^^^^^^^^^^^^^^^^^^^^^^
  File "C:\Users\awsch\miniconda3\envs\nsp\Lib\site-packages\rpyc\core\protocol.py", line 853, in _handle_getattr
    return self._access_attr(obj, name, (), "_rpyc_getattr", "allow_getattr", getattr)
           ^^^^^^^^^^^^^^^^^^^^^^^^^^^^^^^^^^^^^^^^^^^^^^^^^^^^^^^^^^^^^^^^^^^^^^^^^^^
  File "C:\Users\awsch\miniconda3\envs\nsp\Lib\site-packages\rpyc\core\protocol.py", line 781, in _access_attr
    return accessor(obj, name, *args)
           ^^^^^^^^^^^^^^^^^^^^^^^^^^
AttributeError: 'list' object has no attribute 'sum'
2026-05-29 15:45:12.729 [   DEBUG] (         protocol.py: 363) Exception caught
Traceback (most recent call last):
  File "C:\Users\awsch\miniconda3\envs\nsp\Lib\site-packages\rpyc\core\protocol.py", line 356, in _dispatch_request
    res = self._HANDLERS[handler](self, *args)
          ^^^^^^^^^^^^^^^^^^^^^^^^^^^^^^^^^^^^
  File "C:\Users\awsch\miniconda3\envs\nsp\Lib\site-packages\rpyc\core\protocol.py", line 853, in _handle_getattr
    return self._access_attr(obj, name, (), "_rpyc_getattr", "allow_getattr", getattr)
           ^^^^^^^^^^^^^^^^^^^^^^^^^^^^^^^^^^^^^^^^^^^^^^^^^^^^^^^^^^^^^^^^^^^^^^^^^^^
  File "C:\Users\awsch\miniconda3\envs\nsp\Lib\site-packages\rpyc\core\protocol.py", line 781, in _access_attr
    return accessor(obj, name, *args)
           ^^^^^^^^^^^^^^^^^^^^^^^^^^
AttributeError: 'list' object has no attribute '__array__'
2026-05-29 15:45:12.747 [   DEBUG] (         protocol.py: 363) Exception caught
Traceback (most recent call last):
  File "C:\Users\awsch\miniconda3\envs\nsp\Lib\site-packages\rpyc\core\protocol.py", line 356, in _dispatch_request
    res = self._HANDLERS[handler](self, *args)
          ^^^^^^^^^^^^^^^^^^^^^^^^^^^^^^^^^^^^
  File "C:\Users\awsch\miniconda3\envs\nsp\Lib\site-packages\rpyc\core\protocol.py", line 853, in _handle_getattr
    return self._access_attr(obj, name, (), "_rpyc_getattr", "allow_getattr", getattr)
           ^^^^^^^^^^^^^^^^^^^^^^^^^^^^^^^^^^^^^^^^^^^^^^^^^^^^^^^^^^^^^^^^^^^^^^^^^^^
  File "C:\Users\awsch\miniconda3\envs\nsp\Lib\site-packages\rpyc\core\protocol.py", line 781, in _access_attr
    return accessor(obj, name, *args)
           ^^^^^^^^^^^^^^^^^^^^^^^^^^
AttributeError: 'list' object has no attribute '__array_wrap__'
2026-05-29 15:45:12.749 [   DEBUG] (         protocol.py: 363) Exception caught
Traceback (most recent call last):
  File "C:\Users\awsch\miniconda3\envs\nsp\Lib\site-packages\rpyc\core\protocol.py", line 356, in _dispatch_request
    res = self._HANDLERS[handler](self, *args)
          ^^^^^^^^^^^^^^^^^^^^^^^^^^^^^^^^^^^^
  File "C:\Users\awsch\miniconda3\envs\nsp\Lib\site-packages\rpyc\core\protocol.py", line 853, in _handle_getattr
    return self._access_attr(obj, name, (), "_rpyc_getattr", "allow_getattr", getattr)
           ^^^^^^^^^^^^^^^^^^^^^^^^^^^^^^^^^^^^^^^^^^^^^^^^^^^^^^^^^^^^^^^^^^^^^^^^^^^
  File "C:\Users\awsch\miniconda3\envs\nsp\Lib\site-packages\rpyc\core\protocol.py", line 781, in _access_attr
    return accessor(obj, name, *args)
           ^^^^^^^^^^^^^^^^^^^^^^^^^^
AttributeError: 'list' object has no attribute '__array_wrap__'
2026-05-29 15:45:12.750 [   DEBUG] (         protocol.py: 363) Exception caught
Traceback (most recent call last):
  File "C:\Users\awsch\miniconda3\envs\nsp\Lib\site-packages\rpyc\core\protocol.py", line 356, in _dispatch_request
    res = self._HANDLERS[handler](self, *args)
          ^^^^^^^^^^^^^^^^^^^^^^^^^^^^^^^^^^^^
  File "C:\Users\awsch\miniconda3\envs\nsp\Lib\site-packages\rpyc\core\protocol.py", line 853, in _handle_getattr
    return self._access_attr(obj, name, (), "_rpyc_getattr", "allow_getattr", getattr)
           ^^^^^^^^^^^^^^^^^^^^^^^^^^^^^^^^^^^^^^^^^^^^^^^^^^^^^^^^^^^^^^^^^^^^^^^^^^^
  File "C:\Users\awsch\miniconda3\envs\nsp\Lib\site-packages\rpyc\core\protocol.py", line 781, in _access_attr
    return accessor(obj, name, *args)
           ^^^^^^^^^^^^^^^^^^^^^^^^^^
AttributeError: 'list' object has no attribute 'sum'
2026-05-29 15:45:12.751 [   DEBUG] (         protocol.py: 363) Exception caught
Traceback (most recent call last):
  File "C:\Users\awsch\miniconda3\envs\nsp\Lib\site-packages\rpyc\core\protocol.py", line 356, in _dispatch_request
    res = self._HANDLERS[handler](self, *args)
          ^^^^^^^^^^^^^^^^^^^^^^^^^^^^^^^^^^^^
  File "C:\Users\awsch\miniconda3\envs\nsp\Lib\site-packages\rpyc\core\protocol.py", line 853, in _handle_getattr
    return self._access_attr(obj, name, (), "_rpyc_getattr", "allow_getattr", getattr)
           ^^^^^^^^^^^^^^^^^^^^^^^^^^^^^^^^^^^^^^^^^^^^^^^^^^^^^^^^^^^^^^^^^^^^^^^^^^^
  File "C:\Users\awsch\miniconda3\envs\nsp\Lib\site-packages\rpyc\core\protocol.py", line 781, in _access_attr
    return accessor(obj, name, *args)
           ^^^^^^^^^^^^^^^^^^^^^^^^^^
AttributeError: 'list' object has no attribute 'sum'
2026-05-29 15:45:12.752 [   DEBUG] (         protocol.py: 363) Exception caught
Traceback (most recent call last):
  File "C:\Users\awsch\miniconda3\envs\nsp\Lib\site-packages\rpyc\core\protocol.py", line 356, in _dispatch_request
    res = self._HANDLERS[handler](self, *args)
          ^^^^^^^^^^^^^^^^^^^^^^^^^^^^^^^^^^^^
  File "C:\Users\awsch\miniconda3\envs\nsp\Lib\site-packages\rpyc\core\protocol.py", line 853, in _handle_getattr
    return self._access_attr(obj, name, (), "_rpyc_getattr", "allow_getattr", getattr)
           ^^^^^^^^^^^^^^^^^^^^^^^^^^^^^^^^^^^^^^^^^^^^^^^^^^^^^^^^^^^^^^^^^^^^^^^^^^^
  File "C:\Users\awsch\miniconda3\envs\nsp\Lib\site-packages\rpyc\core\protocol.py", line 781, in _access_attr
    return accessor(obj, name, *args)
           ^^^^^^^^^^^^^^^^^^^^^^^^^^
AttributeError: 'list' object has no attribute '__array__'
2026-05-29 15:45:12.772 [   DEBUG] (         protocol.py: 363) Exception caught
Traceback (most recent call last):
  File "C:\Users\awsch\miniconda3\envs\nsp\Lib\site-packages\rpyc\core\protocol.py", line 356, in _dispatch_request
    res = self._HANDLERS[handler](self, *args)
          ^^^^^^^^^^^^^^^^^^^^^^^^^^^^^^^^^^^^
  File "C:\Users\awsch\miniconda3\envs\nsp\Lib\site-packages\rpyc\core\protocol.py", line 853, in _handle_getattr
    return self._access_attr(obj, name, (), "_rpyc_getattr", "allow_getattr", getattr)
           ^^^^^^^^^^^^^^^^^^^^^^^^^^^^^^^^^^^^^^^^^^^^^^^^^^^^^^^^^^^^^^^^^^^^^^^^^^^
  File "C:\Users\awsch\miniconda3\envs\nsp\Lib\site-packages\rpyc\core\protocol.py", line 781, in _access_attr
    return accessor(obj, name, *args)
           ^^^^^^^^^^^^^^^^^^^^^^^^^^
AttributeError: 'list' object has no attribute '__array_wrap__'
2026-05-29 15:45:12.773 [   DEBUG] (         protocol.py: 363) Exception caught
Traceback (most recent call last):
  File "C:\Users\awsch\miniconda3\envs\nsp\Lib\site-packages\rpyc\core\protocol.py", line 356, in _dispatch_request
    res = self._HANDLERS[handler](self, *args)
          ^^^^^^^^^^^^^^^^^^^^^^^^^^^^^^^^^^^^
  File "C:\Users\awsch\miniconda3\envs\nsp\Lib\site-packages\rpyc\core\protocol.py", line 853, in _handle_getattr
    return self._access_attr(obj, name, (), "_rpyc_getattr", "allow_getattr", getattr)
           ^^^^^^^^^^^^^^^^^^^^^^^^^^^^^^^^^^^^^^^^^^^^^^^^^^^^^^^^^^^^^^^^^^^^^^^^^^^
  File "C:\Users\awsch\miniconda3\envs\nsp\Lib\site-packages\rpyc\core\protocol.py", line 781, in _access_attr
    return accessor(obj, name, *args)
           ^^^^^^^^^^^^^^^^^^^^^^^^^^
AttributeError: 'list' object has no attribute '__array_wrap__'
2026-05-29 15:45:12.775 [   DEBUG] (        highlevel.py: 186) viWrite(1, b'MEAS:POWER?\r\n', 13, 'c_ulong(13)') -> 0
2026-05-29 15:45:12.776 [   DEBUG] (     messagebased.py: 435) USB0::0x1313::0x8072::1916964::0::INSTR - reading 20480 bytes (last status <StatusCode.success_max_count_read: 1073676294>)
2026-05-29 15:45:12.778 [   DEBUG] (        highlevel.py: 186) viRead(1, <ctypes.c_char_Array_20480 object at 0x000001E05EA88250>, 20480, 'c_ulong(15)') -> 0
2026-05-29 15:45:12.784 [   DEBUG] (        highlevel.py: 186) viWrite(2, b'FREQ 9640000000.00\r\n', 20, 'c_ulong(20)') -> 0
2026-05-29 15:45:13.860 [   DEBUG] (         protocol.py: 363) Exception caught
Traceback (most recent call last):
  File "C:\Users\awsch\miniconda3\envs\nsp\Lib\site-packages\rpyc\core\protocol.py", line 356, in _dispatch_request
    res = self._HANDLERS[handler](self, *args)
          ^^^^^^^^^^^^^^^^^^^^^^^^^^^^^^^^^^^^
  File "C:\Users\awsch\miniconda3\envs\nsp\Lib\site-packages\rpyc\core\protocol.py", line 853, in _handle_getattr
    return self._access_attr(obj, name, (), "_rpyc_getattr", "allow_getattr", getattr)
           ^^^^^^^^^^^^^^^^^^^^^^^^^^^^^^^^^^^^^^^^^^^^^^^^^^^^^^^^^^^^^^^^^^^^^^^^^^^
  File "C:\Users\awsch\miniconda3\envs\nsp\Lib\site-packages\rpyc\core\protocol.py", line 781, in _access_attr
    return accessor(obj, name, *args)
           ^^^^^^^^^^^^^^^^^^^^^^^^^^
AttributeError: 'list' object has no attribute 'sum'
2026-05-29 15:45:13.862 [   DEBUG] (         protocol.py: 363) Exception caught
Traceback (most recent call last):
  File "C:\Users\awsch\miniconda3\envs\nsp\Lib\site-packages\rpyc\core\protocol.py", line 356, in _dispatch_request
    res = self._HANDLERS[handler](self, *args)
          ^^^^^^^^^^^^^^^^^^^^^^^^^^^^^^^^^^^^
  File "C:\Users\awsch\miniconda3\envs\nsp\Lib\site-packages\rpyc\core\protocol.py", line 853, in _handle_getattr
    return self._access_attr(obj, name, (), "_rpyc_getattr", "allow_getattr", getattr)
           ^^^^^^^^^^^^^^^^^^^^^^^^^^^^^^^^^^^^^^^^^^^^^^^^^^^^^^^^^^^^^^^^^^^^^^^^^^^
  File "C:\Users\awsch\miniconda3\envs\nsp\Lib\site-packages\rpyc\core\protocol.py", line 781, in _access_attr
    return accessor(obj, name, *args)
           ^^^^^^^^^^^^^^^^^^^^^^^^^^
AttributeError: 'list' object has no attribute 'sum'
2026-05-29 15:45:13.863 [   DEBUG] (         protocol.py: 363) Exception caught
Traceback (most recent call last):
  File "C:\Users\awsch\miniconda3\envs\nsp\Lib\site-packages\rpyc\core\protocol.py", line 356, in _dispatch_request
    res = self._HANDLERS[handler](self, *args)
          ^^^^^^^^^^^^^^^^^^^^^^^^^^^^^^^^^^^^
  File "C:\Users\awsch\miniconda3\envs\nsp\Lib\site-packages\rpyc\core\protocol.py", line 853, in _handle_getattr
    return self._access_attr(obj, name, (), "_rpyc_getattr", "allow_getattr", getattr)
           ^^^^^^^^^^^^^^^^^^^^^^^^^^^^^^^^^^^^^^^^^^^^^^^^^^^^^^^^^^^^^^^^^^^^^^^^^^^
  File "C:\Users\awsch\miniconda3\envs\nsp\Lib\site-packages\rpyc\core\protocol.py", line 781, in _access_attr
    return accessor(obj, name, *args)
           ^^^^^^^^^^^^^^^^^^^^^^^^^^
AttributeError: 'list' object has no attribute '__array__'
2026-05-29 15:45:13.881 [   DEBUG] (         protocol.py: 363) Exception caught
Traceback (most recent call last):
  File "C:\Users\awsch\miniconda3\envs\nsp\Lib\site-packages\rpyc\core\protocol.py", line 356, in _dispatch_request
    res = self._HANDLERS[handler](self, *args)
          ^^^^^^^^^^^^^^^^^^^^^^^^^^^^^^^^^^^^
  File "C:\Users\awsch\miniconda3\envs\nsp\Lib\site-packages\rpyc\core\protocol.py", line 853, in _handle_getattr
    return self._access_attr(obj, name, (), "_rpyc_getattr", "allow_getattr", getattr)
           ^^^^^^^^^^^^^^^^^^^^^^^^^^^^^^^^^^^^^^^^^^^^^^^^^^^^^^^^^^^^^^^^^^^^^^^^^^^
  File "C:\Users\awsch\miniconda3\envs\nsp\Lib\site-packages\rpyc\core\protocol.py", line 781, in _access_attr
    return accessor(obj, name, *args)
           ^^^^^^^^^^^^^^^^^^^^^^^^^^
AttributeError: 'list' object has no attribute '__array_wrap__'
2026-05-29 15:45:13.882 [   DEBUG] (         protocol.py: 363) Exception caught
Traceback (most recent call last):
  File "C:\Users\awsch\miniconda3\envs\nsp\Lib\site-packages\rpyc\core\protocol.py", line 356, in _dispatch_request
    res = self._HANDLERS[handler](self, *args)
          ^^^^^^^^^^^^^^^^^^^^^^^^^^^^^^^^^^^^
  File "C:\Users\awsch\miniconda3\envs\nsp\Lib\site-packages\rpyc\core\protocol.py", line 853, in _handle_getattr
    return self._access_attr(obj, name, (), "_rpyc_getattr", "allow_getattr", getattr)
           ^^^^^^^^^^^^^^^^^^^^^^^^^^^^^^^^^^^^^^^^^^^^^^^^^^^^^^^^^^^^^^^^^^^^^^^^^^^
  File "C:\Users\awsch\miniconda3\envs\nsp\Lib\site-packages\rpyc\core\protocol.py", line 781, in _access_attr
    return accessor(obj, name, *args)
           ^^^^^^^^^^^^^^^^^^^^^^^^^^
AttributeError: 'list' object has no attribute '__array_wrap__'
2026-05-29 15:45:13.883 [   DEBUG] (         protocol.py: 363) Exception caught
Traceback (most recent call last):
  File "C:\Users\awsch\miniconda3\envs\nsp\Lib\site-packages\rpyc\core\protocol.py", line 356, in _dispatch_request
    res = self._HANDLERS[handler](self, *args)
          ^^^^^^^^^^^^^^^^^^^^^^^^^^^^^^^^^^^^
  File "C:\Users\awsch\miniconda3\envs\nsp\Lib\site-packages\rpyc\core\protocol.py", line 853, in _handle_getattr
    return self._access_attr(obj, name, (), "_rpyc_getattr", "allow_getattr", getattr)
           ^^^^^^^^^^^^^^^^^^^^^^^^^^^^^^^^^^^^^^^^^^^^^^^^^^^^^^^^^^^^^^^^^^^^^^^^^^^
  File "C:\Users\awsch\miniconda3\envs\nsp\Lib\site-packages\rpyc\core\protocol.py", line 781, in _access_attr
    return accessor(obj, name, *args)
           ^^^^^^^^^^^^^^^^^^^^^^^^^^
AttributeError: 'list' object has no attribute 'sum'
2026-05-29 15:45:13.884 [   DEBUG] (         protocol.py: 363) Exception caught
Traceback (most recent call last):
  File "C:\Users\awsch\miniconda3\envs\nsp\Lib\site-packages\rpyc\core\protocol.py", line 356, in _dispatch_request
    res = self._HANDLERS[handler](self, *args)
          ^^^^^^^^^^^^^^^^^^^^^^^^^^^^^^^^^^^^
  File "C:\Users\awsch\miniconda3\envs\nsp\Lib\site-packages\rpyc\core\protocol.py", line 853, in _handle_getattr
    return self._access_attr(obj, name, (), "_rpyc_getattr", "allow_getattr", getattr)
           ^^^^^^^^^^^^^^^^^^^^^^^^^^^^^^^^^^^^^^^^^^^^^^^^^^^^^^^^^^^^^^^^^^^^^^^^^^^
  File "C:\Users\awsch\miniconda3\envs\nsp\Lib\site-packages\rpyc\core\protocol.py", line 781, in _access_attr
    return accessor(obj, name, *args)
           ^^^^^^^^^^^^^^^^^^^^^^^^^^
AttributeError: 'list' object has no attribute 'sum'
2026-05-29 15:45:13.885 [   DEBUG] (         protocol.py: 363) Exception caught
Traceback (most recent call last):
  File "C:\Users\awsch\miniconda3\envs\nsp\Lib\site-packages\rpyc\core\protocol.py", line 356, in _dispatch_request
    res = self._HANDLERS[handler](self, *args)
          ^^^^^^^^^^^^^^^^^^^^^^^^^^^^^^^^^^^^
  File "C:\Users\awsch\miniconda3\envs\nsp\Lib\site-packages\rpyc\core\protocol.py", line 853, in _handle_getattr
    return self._access_attr(obj, name, (), "_rpyc_getattr", "allow_getattr", getattr)
           ^^^^^^^^^^^^^^^^^^^^^^^^^^^^^^^^^^^^^^^^^^^^^^^^^^^^^^^^^^^^^^^^^^^^^^^^^^^
  File "C:\Users\awsch\miniconda3\envs\nsp\Lib\site-packages\rpyc\core\protocol.py", line 781, in _access_attr
    return accessor(obj, name, *args)
           ^^^^^^^^^^^^^^^^^^^^^^^^^^
AttributeError: 'list' object has no attribute '__array__'
2026-05-29 15:45:13.902 [   DEBUG] (         protocol.py: 363) Exception caught
Traceback (most recent call last):
  File "C:\Users\awsch\miniconda3\envs\nsp\Lib\site-packages\rpyc\core\protocol.py", line 356, in _dispatch_request
    res = self._HANDLERS[handler](self, *args)
          ^^^^^^^^^^^^^^^^^^^^^^^^^^^^^^^^^^^^
  File "C:\Users\awsch\miniconda3\envs\nsp\Lib\site-packages\rpyc\core\protocol.py", line 853, in _handle_getattr
    return self._access_attr(obj, name, (), "_rpyc_getattr", "allow_getattr", getattr)
           ^^^^^^^^^^^^^^^^^^^^^^^^^^^^^^^^^^^^^^^^^^^^^^^^^^^^^^^^^^^^^^^^^^^^^^^^^^^
  File "C:\Users\awsch\miniconda3\envs\nsp\Lib\site-packages\rpyc\core\protocol.py", line 781, in _access_attr
    return accessor(obj, name, *args)
           ^^^^^^^^^^^^^^^^^^^^^^^^^^
AttributeError: 'list' object has no attribute '__array_wrap__'
2026-05-29 15:45:13.904 [   DEBUG] (         protocol.py: 363) Exception caught
Traceback (most recent call last):
  File "C:\Users\awsch\miniconda3\envs\nsp\Lib\site-packages\rpyc\core\protocol.py", line 356, in _dispatch_request
    res = self._HANDLERS[handler](self, *args)
          ^^^^^^^^^^^^^^^^^^^^^^^^^^^^^^^^^^^^
  File "C:\Users\awsch\miniconda3\envs\nsp\Lib\site-packages\rpyc\core\protocol.py", line 853, in _handle_getattr
    return self._access_attr(obj, name, (), "_rpyc_getattr", "allow_getattr", getattr)
           ^^^^^^^^^^^^^^^^^^^^^^^^^^^^^^^^^^^^^^^^^^^^^^^^^^^^^^^^^^^^^^^^^^^^^^^^^^^
  File "C:\Users\awsch\miniconda3\envs\nsp\Lib\site-packages\rpyc\core\protocol.py", line 781, in _access_attr
    return accessor(obj, name, *args)
           ^^^^^^^^^^^^^^^^^^^^^^^^^^
AttributeError: 'list' object has no attribute '__array_wrap__'
2026-05-29 15:45:13.905 [   DEBUG] (        highlevel.py: 186) viWrite(1, b'MEAS:POWER?\r\n', 13, 'c_ulong(13)') -> 0
2026-05-29 15:45:13.906 [   DEBUG] (     messagebased.py: 435) USB0::0x1313::0x8072::1916964::0::INSTR - reading 20480 bytes (last status <StatusCode.success_max_count_read: 1073676294>)
2026-05-29 15:45:13.908 [   DEBUG] (        highlevel.py: 186) viRead(1, <ctypes.c_char_Array_20480 object at 0x000001E05EA881D0>, 20480, 'c_ulong(15)') -> 0
2026-05-29 15:45:13.914 [   DEBUG] (        highlevel.py: 186) viWrite(2, b'FREQ 9650000000.00\r\n', 20, 'c_ulong(20)') -> 0
2026-05-29 15:45:14.987 [   DEBUG] (         protocol.py: 363) Exception caught
Traceback (most recent call last):
  File "C:\Users\awsch\miniconda3\envs\nsp\Lib\site-packages\rpyc\core\protocol.py", line 356, in _dispatch_request
    res = self._HANDLERS[handler](self, *args)
          ^^^^^^^^^^^^^^^^^^^^^^^^^^^^^^^^^^^^
  File "C:\Users\awsch\miniconda3\envs\nsp\Lib\site-packages\rpyc\core\protocol.py", line 853, in _handle_getattr
    return self._access_attr(obj, name, (), "_rpyc_getattr", "allow_getattr", getattr)
           ^^^^^^^^^^^^^^^^^^^^^^^^^^^^^^^^^^^^^^^^^^^^^^^^^^^^^^^^^^^^^^^^^^^^^^^^^^^
  File "C:\Users\awsch\miniconda3\envs\nsp\Lib\site-packages\rpyc\core\protocol.py", line 781, in _access_attr
    return accessor(obj, name, *args)
           ^^^^^^^^^^^^^^^^^^^^^^^^^^
AttributeError: 'list' object has no attribute 'sum'
2026-05-29 15:45:14.988 [   DEBUG] (         protocol.py: 363) Exception caught
Traceback (most recent call last):
  File "C:\Users\awsch\miniconda3\envs\nsp\Lib\site-packages\rpyc\core\protocol.py", line 356, in _dispatch_request
    res = self._HANDLERS[handler](self, *args)
          ^^^^^^^^^^^^^^^^^^^^^^^^^^^^^^^^^^^^
  File "C:\Users\awsch\miniconda3\envs\nsp\Lib\site-packages\rpyc\core\protocol.py", line 853, in _handle_getattr
    return self._access_attr(obj, name, (), "_rpyc_getattr", "allow_getattr", getattr)
           ^^^^^^^^^^^^^^^^^^^^^^^^^^^^^^^^^^^^^^^^^^^^^^^^^^^^^^^^^^^^^^^^^^^^^^^^^^^
  File "C:\Users\awsch\miniconda3\envs\nsp\Lib\site-packages\rpyc\core\protocol.py", line 781, in _access_attr
    return accessor(obj, name, *args)
           ^^^^^^^^^^^^^^^^^^^^^^^^^^
AttributeError: 'list' object has no attribute 'sum'
2026-05-29 15:45:14.989 [   DEBUG] (         protocol.py: 363) Exception caught
Traceback (most recent call last):
  File "C:\Users\awsch\miniconda3\envs\nsp\Lib\site-packages\rpyc\core\protocol.py", line 356, in _dispatch_request
    res = self._HANDLERS[handler](self, *args)
          ^^^^^^^^^^^^^^^^^^^^^^^^^^^^^^^^^^^^
  File "C:\Users\awsch\miniconda3\envs\nsp\Lib\site-packages\rpyc\core\protocol.py", line 853, in _handle_getattr
    return self._access_attr(obj, name, (), "_rpyc_getattr", "allow_getattr", getattr)
           ^^^^^^^^^^^^^^^^^^^^^^^^^^^^^^^^^^^^^^^^^^^^^^^^^^^^^^^^^^^^^^^^^^^^^^^^^^^
  File "C:\Users\awsch\miniconda3\envs\nsp\Lib\site-packages\rpyc\core\protocol.py", line 781, in _access_attr
    return accessor(obj, name, *args)
           ^^^^^^^^^^^^^^^^^^^^^^^^^^
AttributeError: 'list' object has no attribute '__array__'
2026-05-29 15:45:15.006 [   DEBUG] (         protocol.py: 363) Exception caught
Traceback (most recent call last):
  File "C:\Users\awsch\miniconda3\envs\nsp\Lib\site-packages\rpyc\core\protocol.py", line 356, in _dispatch_request
    res = self._HANDLERS[handler](self, *args)
          ^^^^^^^^^^^^^^^^^^^^^^^^^^^^^^^^^^^^
  File "C:\Users\awsch\miniconda3\envs\nsp\Lib\site-packages\rpyc\core\protocol.py", line 853, in _handle_getattr
    return self._access_attr(obj, name, (), "_rpyc_getattr", "allow_getattr", getattr)
           ^^^^^^^^^^^^^^^^^^^^^^^^^^^^^^^^^^^^^^^^^^^^^^^^^^^^^^^^^^^^^^^^^^^^^^^^^^^
  File "C:\Users\awsch\miniconda3\envs\nsp\Lib\site-packages\rpyc\core\protocol.py", line 781, in _access_attr
    return accessor(obj, name, *args)
           ^^^^^^^^^^^^^^^^^^^^^^^^^^
AttributeError: 'list' object has no attribute '__array_wrap__'
2026-05-29 15:45:15.008 [   DEBUG] (         protocol.py: 363) Exception caught
Traceback (most recent call last):
  File "C:\Users\awsch\miniconda3\envs\nsp\Lib\site-packages\rpyc\core\protocol.py", line 356, in _dispatch_request
    res = self._HANDLERS[handler](self, *args)
          ^^^^^^^^^^^^^^^^^^^^^^^^^^^^^^^^^^^^
  File "C:\Users\awsch\miniconda3\envs\nsp\Lib\site-packages\rpyc\core\protocol.py", line 853, in _handle_getattr
    return self._access_attr(obj, name, (), "_rpyc_getattr", "allow_getattr", getattr)
           ^^^^^^^^^^^^^^^^^^^^^^^^^^^^^^^^^^^^^^^^^^^^^^^^^^^^^^^^^^^^^^^^^^^^^^^^^^^
  File "C:\Users\awsch\miniconda3\envs\nsp\Lib\site-packages\rpyc\core\protocol.py", line 781, in _access_attr
    return accessor(obj, name, *args)
           ^^^^^^^^^^^^^^^^^^^^^^^^^^
AttributeError: 'list' object has no attribute '__array_wrap__'
2026-05-29 15:45:15.008 [   DEBUG] (         protocol.py: 363) Exception caught
Traceback (most recent call last):
  File "C:\Users\awsch\miniconda3\envs\nsp\Lib\site-packages\rpyc\core\protocol.py", line 356, in _dispatch_request
    res = self._HANDLERS[handler](self, *args)
          ^^^^^^^^^^^^^^^^^^^^^^^^^^^^^^^^^^^^
  File "C:\Users\awsch\miniconda3\envs\nsp\Lib\site-packages\rpyc\core\protocol.py", line 853, in _handle_getattr
    return self._access_attr(obj, name, (), "_rpyc_getattr", "allow_getattr", getattr)
           ^^^^^^^^^^^^^^^^^^^^^^^^^^^^^^^^^^^^^^^^^^^^^^^^^^^^^^^^^^^^^^^^^^^^^^^^^^^
  File "C:\Users\awsch\miniconda3\envs\nsp\Lib\site-packages\rpyc\core\protocol.py", line 781, in _access_attr
    return accessor(obj, name, *args)
           ^^^^^^^^^^^^^^^^^^^^^^^^^^
AttributeError: 'list' object has no attribute 'sum'
2026-05-29 15:45:15.009 [   DEBUG] (         protocol.py: 363) Exception caught
Traceback (most recent call last):
  File "C:\Users\awsch\miniconda3\envs\nsp\Lib\site-packages\rpyc\core\protocol.py", line 356, in _dispatch_request
    res = self._HANDLERS[handler](self, *args)
          ^^^^^^^^^^^^^^^^^^^^^^^^^^^^^^^^^^^^
  File "C:\Users\awsch\miniconda3\envs\nsp\Lib\site-packages\rpyc\core\protocol.py", line 853, in _handle_getattr
    return self._access_attr(obj, name, (), "_rpyc_getattr", "allow_getattr", getattr)
           ^^^^^^^^^^^^^^^^^^^^^^^^^^^^^^^^^^^^^^^^^^^^^^^^^^^^^^^^^^^^^^^^^^^^^^^^^^^
  File "C:\Users\awsch\miniconda3\envs\nsp\Lib\site-packages\rpyc\core\protocol.py", line 781, in _access_attr
    return accessor(obj, name, *args)
           ^^^^^^^^^^^^^^^^^^^^^^^^^^
AttributeError: 'list' object has no attribute 'sum'
2026-05-29 15:45:15.010 [   DEBUG] (         protocol.py: 363) Exception caught
Traceback (most recent call last):
  File "C:\Users\awsch\miniconda3\envs\nsp\Lib\site-packages\rpyc\core\protocol.py", line 356, in _dispatch_request
    res = self._HANDLERS[handler](self, *args)
          ^^^^^^^^^^^^^^^^^^^^^^^^^^^^^^^^^^^^
  File "C:\Users\awsch\miniconda3\envs\nsp\Lib\site-packages\rpyc\core\protocol.py", line 853, in _handle_getattr
    return self._access_attr(obj, name, (), "_rpyc_getattr", "allow_getattr", getattr)
           ^^^^^^^^^^^^^^^^^^^^^^^^^^^^^^^^^^^^^^^^^^^^^^^^^^^^^^^^^^^^^^^^^^^^^^^^^^^
  File "C:\Users\awsch\miniconda3\envs\nsp\Lib\site-packages\rpyc\core\protocol.py", line 781, in _access_attr
    return accessor(obj, name, *args)
           ^^^^^^^^^^^^^^^^^^^^^^^^^^
AttributeError: 'list' object has no attribute '__array__'
2026-05-29 15:45:15.028 [   DEBUG] (         protocol.py: 363) Exception caught
Traceback (most recent call last):
  File "C:\Users\awsch\miniconda3\envs\nsp\Lib\site-packages\rpyc\core\protocol.py", line 356, in _dispatch_request
    res = self._HANDLERS[handler](self, *args)
          ^^^^^^^^^^^^^^^^^^^^^^^^^^^^^^^^^^^^
  File "C:\Users\awsch\miniconda3\envs\nsp\Lib\site-packages\rpyc\core\protocol.py", line 853, in _handle_getattr
    return self._access_attr(obj, name, (), "_rpyc_getattr", "allow_getattr", getattr)
           ^^^^^^^^^^^^^^^^^^^^^^^^^^^^^^^^^^^^^^^^^^^^^^^^^^^^^^^^^^^^^^^^^^^^^^^^^^^
  File "C:\Users\awsch\miniconda3\envs\nsp\Lib\site-packages\rpyc\core\protocol.py", line 781, in _access_attr
    return accessor(obj, name, *args)
           ^^^^^^^^^^^^^^^^^^^^^^^^^^
AttributeError: 'list' object has no attribute '__array_wrap__'
2026-05-29 15:45:15.028 [   DEBUG] (         protocol.py: 363) Exception caught
Traceback (most recent call last):
  File "C:\Users\awsch\miniconda3\envs\nsp\Lib\site-packages\rpyc\core\protocol.py", line 356, in _dispatch_request
    res = self._HANDLERS[handler](self, *args)
          ^^^^^^^^^^^^^^^^^^^^^^^^^^^^^^^^^^^^
  File "C:\Users\awsch\miniconda3\envs\nsp\Lib\site-packages\rpyc\core\protocol.py", line 853, in _handle_getattr
    return self._access_attr(obj, name, (), "_rpyc_getattr", "allow_getattr", getattr)
           ^^^^^^^^^^^^^^^^^^^^^^^^^^^^^^^^^^^^^^^^^^^^^^^^^^^^^^^^^^^^^^^^^^^^^^^^^^^
  File "C:\Users\awsch\miniconda3\envs\nsp\Lib\site-packages\rpyc\core\protocol.py", line 781, in _access_attr
    return accessor(obj, name, *args)
           ^^^^^^^^^^^^^^^^^^^^^^^^^^
AttributeError: 'list' object has no attribute '__array_wrap__'
2026-05-29 15:45:15.030 [   DEBUG] (        highlevel.py: 186) viWrite(1, b'MEAS:POWER?\r\n', 13, 'c_ulong(13)') -> 0
2026-05-29 15:45:15.031 [   DEBUG] (     messagebased.py: 435) USB0::0x1313::0x8072::1916964::0::INSTR - reading 20480 bytes (last status <StatusCode.success_max_count_read: 1073676294>)
2026-05-29 15:45:15.033 [   DEBUG] (        highlevel.py: 186) viRead(1, <ctypes.c_char_Array_20480 object at 0x000001E05EA893D0>, 20480, 'c_ulong(15)') -> 0
2026-05-29 15:45:15.039 [   DEBUG] (        highlevel.py: 186) viWrite(2, b'FREQ 9660000000.00\r\n', 20, 'c_ulong(20)') -> 0
2026-05-29 15:45:16.110 [   DEBUG] (         protocol.py: 363) Exception caught
Traceback (most recent call last):
  File "C:\Users\awsch\miniconda3\envs\nsp\Lib\site-packages\rpyc\core\protocol.py", line 356, in _dispatch_request
    res = self._HANDLERS[handler](self, *args)
          ^^^^^^^^^^^^^^^^^^^^^^^^^^^^^^^^^^^^
  File "C:\Users\awsch\miniconda3\envs\nsp\Lib\site-packages\rpyc\core\protocol.py", line 853, in _handle_getattr
    return self._access_attr(obj, name, (), "_rpyc_getattr", "allow_getattr", getattr)
           ^^^^^^^^^^^^^^^^^^^^^^^^^^^^^^^^^^^^^^^^^^^^^^^^^^^^^^^^^^^^^^^^^^^^^^^^^^^
  File "C:\Users\awsch\miniconda3\envs\nsp\Lib\site-packages\rpyc\core\protocol.py", line 781, in _access_attr
    return accessor(obj, name, *args)
           ^^^^^^^^^^^^^^^^^^^^^^^^^^
AttributeError: 'list' object has no attribute 'sum'
2026-05-29 15:45:16.111 [   DEBUG] (         protocol.py: 363) Exception caught
Traceback (most recent call last):
  File "C:\Users\awsch\miniconda3\envs\nsp\Lib\site-packages\rpyc\core\protocol.py", line 356, in _dispatch_request
    res = self._HANDLERS[handler](self, *args)
          ^^^^^^^^^^^^^^^^^^^^^^^^^^^^^^^^^^^^
  File "C:\Users\awsch\miniconda3\envs\nsp\Lib\site-packages\rpyc\core\protocol.py", line 853, in _handle_getattr
    return self._access_attr(obj, name, (), "_rpyc_getattr", "allow_getattr", getattr)
           ^^^^^^^^^^^^^^^^^^^^^^^^^^^^^^^^^^^^^^^^^^^^^^^^^^^^^^^^^^^^^^^^^^^^^^^^^^^
  File "C:\Users\awsch\miniconda3\envs\nsp\Lib\site-packages\rpyc\core\protocol.py", line 781, in _access_attr
    return accessor(obj, name, *args)
           ^^^^^^^^^^^^^^^^^^^^^^^^^^
AttributeError: 'list' object has no attribute 'sum'
2026-05-29 15:45:16.112 [   DEBUG] (         protocol.py: 363) Exception caught
Traceback (most recent call last):
  File "C:\Users\awsch\miniconda3\envs\nsp\Lib\site-packages\rpyc\core\protocol.py", line 356, in _dispatch_request
    res = self._HANDLERS[handler](self, *args)
          ^^^^^^^^^^^^^^^^^^^^^^^^^^^^^^^^^^^^
  File "C:\Users\awsch\miniconda3\envs\nsp\Lib\site-packages\rpyc\core\protocol.py", line 853, in _handle_getattr
    return self._access_attr(obj, name, (), "_rpyc_getattr", "allow_getattr", getattr)
           ^^^^^^^^^^^^^^^^^^^^^^^^^^^^^^^^^^^^^^^^^^^^^^^^^^^^^^^^^^^^^^^^^^^^^^^^^^^
  File "C:\Users\awsch\miniconda3\envs\nsp\Lib\site-packages\rpyc\core\protocol.py", line 781, in _access_attr
    return accessor(obj, name, *args)
           ^^^^^^^^^^^^^^^^^^^^^^^^^^
AttributeError: 'list' object has no attribute '__array__'
2026-05-29 15:45:16.129 [   DEBUG] (         protocol.py: 363) Exception caught
Traceback (most recent call last):
  File "C:\Users\awsch\miniconda3\envs\nsp\Lib\site-packages\rpyc\core\protocol.py", line 356, in _dispatch_request
    res = self._HANDLERS[handler](self, *args)
          ^^^^^^^^^^^^^^^^^^^^^^^^^^^^^^^^^^^^
  File "C:\Users\awsch\miniconda3\envs\nsp\Lib\site-packages\rpyc\core\protocol.py", line 853, in _handle_getattr
    return self._access_attr(obj, name, (), "_rpyc_getattr", "allow_getattr", getattr)
           ^^^^^^^^^^^^^^^^^^^^^^^^^^^^^^^^^^^^^^^^^^^^^^^^^^^^^^^^^^^^^^^^^^^^^^^^^^^
  File "C:\Users\awsch\miniconda3\envs\nsp\Lib\site-packages\rpyc\core\protocol.py", line 781, in _access_attr
    return accessor(obj, name, *args)
           ^^^^^^^^^^^^^^^^^^^^^^^^^^
AttributeError: 'list' object has no attribute '__array_wrap__'
2026-05-29 15:45:16.130 [   DEBUG] (         protocol.py: 363) Exception caught
Traceback (most recent call last):
  File "C:\Users\awsch\miniconda3\envs\nsp\Lib\site-packages\rpyc\core\protocol.py", line 356, in _dispatch_request
    res = self._HANDLERS[handler](self, *args)
          ^^^^^^^^^^^^^^^^^^^^^^^^^^^^^^^^^^^^
  File "C:\Users\awsch\miniconda3\envs\nsp\Lib\site-packages\rpyc\core\protocol.py", line 853, in _handle_getattr
    return self._access_attr(obj, name, (), "_rpyc_getattr", "allow_getattr", getattr)
           ^^^^^^^^^^^^^^^^^^^^^^^^^^^^^^^^^^^^^^^^^^^^^^^^^^^^^^^^^^^^^^^^^^^^^^^^^^^
  File "C:\Users\awsch\miniconda3\envs\nsp\Lib\site-packages\rpyc\core\protocol.py", line 781, in _access_attr
    return accessor(obj, name, *args)
           ^^^^^^^^^^^^^^^^^^^^^^^^^^
AttributeError: 'list' object has no attribute '__array_wrap__'
2026-05-29 15:45:16.131 [   DEBUG] (         protocol.py: 363) Exception caught
Traceback (most recent call last):
  File "C:\Users\awsch\miniconda3\envs\nsp\Lib\site-packages\rpyc\core\protocol.py", line 356, in _dispatch_request
    res = self._HANDLERS[handler](self, *args)
          ^^^^^^^^^^^^^^^^^^^^^^^^^^^^^^^^^^^^
  File "C:\Users\awsch\miniconda3\envs\nsp\Lib\site-packages\rpyc\core\protocol.py", line 853, in _handle_getattr
    return self._access_attr(obj, name, (), "_rpyc_getattr", "allow_getattr", getattr)
           ^^^^^^^^^^^^^^^^^^^^^^^^^^^^^^^^^^^^^^^^^^^^^^^^^^^^^^^^^^^^^^^^^^^^^^^^^^^
  File "C:\Users\awsch\miniconda3\envs\nsp\Lib\site-packages\rpyc\core\protocol.py", line 781, in _access_attr
    return accessor(obj, name, *args)
           ^^^^^^^^^^^^^^^^^^^^^^^^^^
AttributeError: 'list' object has no attribute 'sum'
2026-05-29 15:45:16.132 [   DEBUG] (         protocol.py: 363) Exception caught
Traceback (most recent call last):
  File "C:\Users\awsch\miniconda3\envs\nsp\Lib\site-packages\rpyc\core\protocol.py", line 356, in _dispatch_request
    res = self._HANDLERS[handler](self, *args)
          ^^^^^^^^^^^^^^^^^^^^^^^^^^^^^^^^^^^^
  File "C:\Users\awsch\miniconda3\envs\nsp\Lib\site-packages\rpyc\core\protocol.py", line 853, in _handle_getattr
    return self._access_attr(obj, name, (), "_rpyc_getattr", "allow_getattr", getattr)
           ^^^^^^^^^^^^^^^^^^^^^^^^^^^^^^^^^^^^^^^^^^^^^^^^^^^^^^^^^^^^^^^^^^^^^^^^^^^
  File "C:\Users\awsch\miniconda3\envs\nsp\Lib\site-packages\rpyc\core\protocol.py", line 781, in _access_attr
    return accessor(obj, name, *args)
           ^^^^^^^^^^^^^^^^^^^^^^^^^^
AttributeError: 'list' object has no attribute 'sum'
2026-05-29 15:45:16.133 [   DEBUG] (         protocol.py: 363) Exception caught
Traceback (most recent call last):
  File "C:\Users\awsch\miniconda3\envs\nsp\Lib\site-packages\rpyc\core\protocol.py", line 356, in _dispatch_request
    res = self._HANDLERS[handler](self, *args)
          ^^^^^^^^^^^^^^^^^^^^^^^^^^^^^^^^^^^^
  File "C:\Users\awsch\miniconda3\envs\nsp\Lib\site-packages\rpyc\core\protocol.py", line 853, in _handle_getattr
    return self._access_attr(obj, name, (), "_rpyc_getattr", "allow_getattr", getattr)
           ^^^^^^^^^^^^^^^^^^^^^^^^^^^^^^^^^^^^^^^^^^^^^^^^^^^^^^^^^^^^^^^^^^^^^^^^^^^
  File "C:\Users\awsch\miniconda3\envs\nsp\Lib\site-packages\rpyc\core\protocol.py", line 781, in _access_attr
    return accessor(obj, name, *args)
           ^^^^^^^^^^^^^^^^^^^^^^^^^^
AttributeError: 'list' object has no attribute '__array__'
2026-05-29 15:45:16.149 [   DEBUG] (         protocol.py: 363) Exception caught
Traceback (most recent call last):
  File "C:\Users\awsch\miniconda3\envs\nsp\Lib\site-packages\rpyc\core\protocol.py", line 356, in _dispatch_request
    res = self._HANDLERS[handler](self, *args)
          ^^^^^^^^^^^^^^^^^^^^^^^^^^^^^^^^^^^^
  File "C:\Users\awsch\miniconda3\envs\nsp\Lib\site-packages\rpyc\core\protocol.py", line 853, in _handle_getattr
    return self._access_attr(obj, name, (), "_rpyc_getattr", "allow_getattr", getattr)
           ^^^^^^^^^^^^^^^^^^^^^^^^^^^^^^^^^^^^^^^^^^^^^^^^^^^^^^^^^^^^^^^^^^^^^^^^^^^
  File "C:\Users\awsch\miniconda3\envs\nsp\Lib\site-packages\rpyc\core\protocol.py", line 781, in _access_attr
    return accessor(obj, name, *args)
           ^^^^^^^^^^^^^^^^^^^^^^^^^^
AttributeError: 'list' object has no attribute '__array_wrap__'
2026-05-29 15:45:16.150 [   DEBUG] (         protocol.py: 363) Exception caught
Traceback (most recent call last):
  File "C:\Users\awsch\miniconda3\envs\nsp\Lib\site-packages\rpyc\core\protocol.py", line 356, in _dispatch_request
    res = self._HANDLERS[handler](self, *args)
          ^^^^^^^^^^^^^^^^^^^^^^^^^^^^^^^^^^^^
  File "C:\Users\awsch\miniconda3\envs\nsp\Lib\site-packages\rpyc\core\protocol.py", line 853, in _handle_getattr
    return self._access_attr(obj, name, (), "_rpyc_getattr", "allow_getattr", getattr)
           ^^^^^^^^^^^^^^^^^^^^^^^^^^^^^^^^^^^^^^^^^^^^^^^^^^^^^^^^^^^^^^^^^^^^^^^^^^^
  File "C:\Users\awsch\miniconda3\envs\nsp\Lib\site-packages\rpyc\core\protocol.py", line 781, in _access_attr
    return accessor(obj, name, *args)
           ^^^^^^^^^^^^^^^^^^^^^^^^^^
AttributeError: 'list' object has no attribute '__array_wrap__'
2026-05-29 15:45:16.152 [   DEBUG] (        highlevel.py: 186) viWrite(1, b'MEAS:POWER?\r\n', 13, 'c_ulong(13)') -> 0
2026-05-29 15:45:16.153 [   DEBUG] (     messagebased.py: 435) USB0::0x1313::0x8072::1916964::0::INSTR - reading 20480 bytes (last status <StatusCode.success_max_count_read: 1073676294>)
2026-05-29 15:45:16.155 [   DEBUG] (        highlevel.py: 186) viRead(1, <ctypes.c_char_Array_20480 object at 0x000001E05EA88950>, 20480, 'c_ulong(15)') -> 0
2026-05-29 15:45:16.161 [   DEBUG] (        highlevel.py: 186) viWrite(2, b'FREQ 9670000000.00\r\n', 20, 'c_ulong(20)') -> 0
2026-05-29 15:45:17.251 [   DEBUG] (         protocol.py: 363) Exception caught
Traceback (most recent call last):
  File "C:\Users\awsch\miniconda3\envs\nsp\Lib\site-packages\rpyc\core\protocol.py", line 356, in _dispatch_request
    res = self._HANDLERS[handler](self, *args)
          ^^^^^^^^^^^^^^^^^^^^^^^^^^^^^^^^^^^^
  File "C:\Users\awsch\miniconda3\envs\nsp\Lib\site-packages\rpyc\core\protocol.py", line 853, in _handle_getattr
    return self._access_attr(obj, name, (), "_rpyc_getattr", "allow_getattr", getattr)
           ^^^^^^^^^^^^^^^^^^^^^^^^^^^^^^^^^^^^^^^^^^^^^^^^^^^^^^^^^^^^^^^^^^^^^^^^^^^
  File "C:\Users\awsch\miniconda3\envs\nsp\Lib\site-packages\rpyc\core\protocol.py", line 781, in _access_attr
    return accessor(obj, name, *args)
           ^^^^^^^^^^^^^^^^^^^^^^^^^^
AttributeError: 'list' object has no attribute 'sum'
2026-05-29 15:45:17.252 [   DEBUG] (         protocol.py: 363) Exception caught
Traceback (most recent call last):
  File "C:\Users\awsch\miniconda3\envs\nsp\Lib\site-packages\rpyc\core\protocol.py", line 356, in _dispatch_request
    res = self._HANDLERS[handler](self, *args)
          ^^^^^^^^^^^^^^^^^^^^^^^^^^^^^^^^^^^^
  File "C:\Users\awsch\miniconda3\envs\nsp\Lib\site-packages\rpyc\core\protocol.py", line 853, in _handle_getattr
    return self._access_attr(obj, name, (), "_rpyc_getattr", "allow_getattr", getattr)
           ^^^^^^^^^^^^^^^^^^^^^^^^^^^^^^^^^^^^^^^^^^^^^^^^^^^^^^^^^^^^^^^^^^^^^^^^^^^
  File "C:\Users\awsch\miniconda3\envs\nsp\Lib\site-packages\rpyc\core\protocol.py", line 781, in _access_attr
    return accessor(obj, name, *args)
           ^^^^^^^^^^^^^^^^^^^^^^^^^^
AttributeError: 'list' object has no attribute 'sum'
2026-05-29 15:45:17.254 [   DEBUG] (         protocol.py: 363) Exception caught
Traceback (most recent call last):
  File "C:\Users\awsch\miniconda3\envs\nsp\Lib\site-packages\rpyc\core\protocol.py", line 356, in _dispatch_request
    res = self._HANDLERS[handler](self, *args)
          ^^^^^^^^^^^^^^^^^^^^^^^^^^^^^^^^^^^^
  File "C:\Users\awsch\miniconda3\envs\nsp\Lib\site-packages\rpyc\core\protocol.py", line 853, in _handle_getattr
    return self._access_attr(obj, name, (), "_rpyc_getattr", "allow_getattr", getattr)
           ^^^^^^^^^^^^^^^^^^^^^^^^^^^^^^^^^^^^^^^^^^^^^^^^^^^^^^^^^^^^^^^^^^^^^^^^^^^
  File "C:\Users\awsch\miniconda3\envs\nsp\Lib\site-packages\rpyc\core\protocol.py", line 781, in _access_attr
    return accessor(obj, name, *args)
           ^^^^^^^^^^^^^^^^^^^^^^^^^^
AttributeError: 'list' object has no attribute '__array__'
2026-05-29 15:45:17.273 [   DEBUG] (         protocol.py: 363) Exception caught
Traceback (most recent call last):
  File "C:\Users\awsch\miniconda3\envs\nsp\Lib\site-packages\rpyc\core\protocol.py", line 356, in _dispatch_request
    res = self._HANDLERS[handler](self, *args)
          ^^^^^^^^^^^^^^^^^^^^^^^^^^^^^^^^^^^^
  File "C:\Users\awsch\miniconda3\envs\nsp\Lib\site-packages\rpyc\core\protocol.py", line 853, in _handle_getattr
    return self._access_attr(obj, name, (), "_rpyc_getattr", "allow_getattr", getattr)
           ^^^^^^^^^^^^^^^^^^^^^^^^^^^^^^^^^^^^^^^^^^^^^^^^^^^^^^^^^^^^^^^^^^^^^^^^^^^
  File "C:\Users\awsch\miniconda3\envs\nsp\Lib\site-packages\rpyc\core\protocol.py", line 781, in _access_attr
    return accessor(obj, name, *args)
           ^^^^^^^^^^^^^^^^^^^^^^^^^^
AttributeError: 'list' object has no attribute '__array_wrap__'
2026-05-29 15:45:17.275 [   DEBUG] (         protocol.py: 363) Exception caught
Traceback (most recent call last):
  File "C:\Users\awsch\miniconda3\envs\nsp\Lib\site-packages\rpyc\core\protocol.py", line 356, in _dispatch_request
    res = self._HANDLERS[handler](self, *args)
          ^^^^^^^^^^^^^^^^^^^^^^^^^^^^^^^^^^^^
  File "C:\Users\awsch\miniconda3\envs\nsp\Lib\site-packages\rpyc\core\protocol.py", line 853, in _handle_getattr
    return self._access_attr(obj, name, (), "_rpyc_getattr", "allow_getattr", getattr)
           ^^^^^^^^^^^^^^^^^^^^^^^^^^^^^^^^^^^^^^^^^^^^^^^^^^^^^^^^^^^^^^^^^^^^^^^^^^^
  File "C:\Users\awsch\miniconda3\envs\nsp\Lib\site-packages\rpyc\core\protocol.py", line 781, in _access_attr
    return accessor(obj, name, *args)
           ^^^^^^^^^^^^^^^^^^^^^^^^^^
AttributeError: 'list' object has no attribute '__array_wrap__'
2026-05-29 15:45:17.276 [   DEBUG] (         protocol.py: 363) Exception caught
Traceback (most recent call last):
  File "C:\Users\awsch\miniconda3\envs\nsp\Lib\site-packages\rpyc\core\protocol.py", line 356, in _dispatch_request
    res = self._HANDLERS[handler](self, *args)
          ^^^^^^^^^^^^^^^^^^^^^^^^^^^^^^^^^^^^
  File "C:\Users\awsch\miniconda3\envs\nsp\Lib\site-packages\rpyc\core\protocol.py", line 853, in _handle_getattr
    return self._access_attr(obj, name, (), "_rpyc_getattr", "allow_getattr", getattr)
           ^^^^^^^^^^^^^^^^^^^^^^^^^^^^^^^^^^^^^^^^^^^^^^^^^^^^^^^^^^^^^^^^^^^^^^^^^^^
  File "C:\Users\awsch\miniconda3\envs\nsp\Lib\site-packages\rpyc\core\protocol.py", line 781, in _access_attr
    return accessor(obj, name, *args)
           ^^^^^^^^^^^^^^^^^^^^^^^^^^
AttributeError: 'list' object has no attribute 'sum'
2026-05-29 15:45:17.277 [   DEBUG] (         protocol.py: 363) Exception caught
Traceback (most recent call last):
  File "C:\Users\awsch\miniconda3\envs\nsp\Lib\site-packages\rpyc\core\protocol.py", line 356, in _dispatch_request
    res = self._HANDLERS[handler](self, *args)
          ^^^^^^^^^^^^^^^^^^^^^^^^^^^^^^^^^^^^
  File "C:\Users\awsch\miniconda3\envs\nsp\Lib\site-packages\rpyc\core\protocol.py", line 853, in _handle_getattr
    return self._access_attr(obj, name, (), "_rpyc_getattr", "allow_getattr", getattr)
           ^^^^^^^^^^^^^^^^^^^^^^^^^^^^^^^^^^^^^^^^^^^^^^^^^^^^^^^^^^^^^^^^^^^^^^^^^^^
  File "C:\Users\awsch\miniconda3\envs\nsp\Lib\site-packages\rpyc\core\protocol.py", line 781, in _access_attr
    return accessor(obj, name, *args)
           ^^^^^^^^^^^^^^^^^^^^^^^^^^
AttributeError: 'list' object has no attribute 'sum'
2026-05-29 15:45:17.279 [   DEBUG] (         protocol.py: 363) Exception caught
Traceback (most recent call last):
  File "C:\Users\awsch\miniconda3\envs\nsp\Lib\site-packages\rpyc\core\protocol.py", line 356, in _dispatch_request
    res = self._HANDLERS[handler](self, *args)
          ^^^^^^^^^^^^^^^^^^^^^^^^^^^^^^^^^^^^
  File "C:\Users\awsch\miniconda3\envs\nsp\Lib\site-packages\rpyc\core\protocol.py", line 853, in _handle_getattr
    return self._access_attr(obj, name, (), "_rpyc_getattr", "allow_getattr", getattr)
           ^^^^^^^^^^^^^^^^^^^^^^^^^^^^^^^^^^^^^^^^^^^^^^^^^^^^^^^^^^^^^^^^^^^^^^^^^^^
  File "C:\Users\awsch\miniconda3\envs\nsp\Lib\site-packages\rpyc\core\protocol.py", line 781, in _access_attr
    return accessor(obj, name, *args)
           ^^^^^^^^^^^^^^^^^^^^^^^^^^
AttributeError: 'list' object has no attribute '__array__'
2026-05-29 15:45:17.297 [   DEBUG] (         protocol.py: 363) Exception caught
Traceback (most recent call last):
  File "C:\Users\awsch\miniconda3\envs\nsp\Lib\site-packages\rpyc\core\protocol.py", line 356, in _dispatch_request
    res = self._HANDLERS[handler](self, *args)
          ^^^^^^^^^^^^^^^^^^^^^^^^^^^^^^^^^^^^
  File "C:\Users\awsch\miniconda3\envs\nsp\Lib\site-packages\rpyc\core\protocol.py", line 853, in _handle_getattr
    return self._access_attr(obj, name, (), "_rpyc_getattr", "allow_getattr", getattr)
           ^^^^^^^^^^^^^^^^^^^^^^^^^^^^^^^^^^^^^^^^^^^^^^^^^^^^^^^^^^^^^^^^^^^^^^^^^^^
  File "C:\Users\awsch\miniconda3\envs\nsp\Lib\site-packages\rpyc\core\protocol.py", line 781, in _access_attr
    return accessor(obj, name, *args)
           ^^^^^^^^^^^^^^^^^^^^^^^^^^
AttributeError: 'list' object has no attribute '__array_wrap__'
2026-05-29 15:45:17.298 [   DEBUG] (         protocol.py: 363) Exception caught
Traceback (most recent call last):
  File "C:\Users\awsch\miniconda3\envs\nsp\Lib\site-packages\rpyc\core\protocol.py", line 356, in _dispatch_request
    res = self._HANDLERS[handler](self, *args)
          ^^^^^^^^^^^^^^^^^^^^^^^^^^^^^^^^^^^^
  File "C:\Users\awsch\miniconda3\envs\nsp\Lib\site-packages\rpyc\core\protocol.py", line 853, in _handle_getattr
    return self._access_attr(obj, name, (), "_rpyc_getattr", "allow_getattr", getattr)
           ^^^^^^^^^^^^^^^^^^^^^^^^^^^^^^^^^^^^^^^^^^^^^^^^^^^^^^^^^^^^^^^^^^^^^^^^^^^
  File "C:\Users\awsch\miniconda3\envs\nsp\Lib\site-packages\rpyc\core\protocol.py", line 781, in _access_attr
    return accessor(obj, name, *args)
           ^^^^^^^^^^^^^^^^^^^^^^^^^^
AttributeError: 'list' object has no attribute '__array_wrap__'
2026-05-29 15:45:17.300 [   DEBUG] (        highlevel.py: 186) viWrite(1, b'MEAS:POWER?\r\n', 13, 'c_ulong(13)') -> 0
2026-05-29 15:45:17.301 [   DEBUG] (     messagebased.py: 435) USB0::0x1313::0x8072::1916964::0::INSTR - reading 20480 bytes (last status <StatusCode.success_max_count_read: 1073676294>)
2026-05-29 15:45:17.303 [   DEBUG] (        highlevel.py: 186) viRead(1, <ctypes.c_char_Array_20480 object at 0x000001E05EA895D0>, 20480, 'c_ulong(15)') -> 0
2026-05-29 15:45:17.309 [   DEBUG] (        highlevel.py: 186) viWrite(2, b'FREQ 9680000000.00\r\n', 20, 'c_ulong(20)') -> 0
2026-05-29 15:45:18.391 [   DEBUG] (         protocol.py: 363) Exception caught
Traceback (most recent call last):
  File "C:\Users\awsch\miniconda3\envs\nsp\Lib\site-packages\rpyc\core\protocol.py", line 356, in _dispatch_request
    res = self._HANDLERS[handler](self, *args)
          ^^^^^^^^^^^^^^^^^^^^^^^^^^^^^^^^^^^^
  File "C:\Users\awsch\miniconda3\envs\nsp\Lib\site-packages\rpyc\core\protocol.py", line 853, in _handle_getattr
    return self._access_attr(obj, name, (), "_rpyc_getattr", "allow_getattr", getattr)
           ^^^^^^^^^^^^^^^^^^^^^^^^^^^^^^^^^^^^^^^^^^^^^^^^^^^^^^^^^^^^^^^^^^^^^^^^^^^
  File "C:\Users\awsch\miniconda3\envs\nsp\Lib\site-packages\rpyc\core\protocol.py", line 781, in _access_attr
    return accessor(obj, name, *args)
           ^^^^^^^^^^^^^^^^^^^^^^^^^^
AttributeError: 'list' object has no attribute 'sum'
2026-05-29 15:45:18.392 [   DEBUG] (         protocol.py: 363) Exception caught
Traceback (most recent call last):
  File "C:\Users\awsch\miniconda3\envs\nsp\Lib\site-packages\rpyc\core\protocol.py", line 356, in _dispatch_request
    res = self._HANDLERS[handler](self, *args)
          ^^^^^^^^^^^^^^^^^^^^^^^^^^^^^^^^^^^^
  File "C:\Users\awsch\miniconda3\envs\nsp\Lib\site-packages\rpyc\core\protocol.py", line 853, in _handle_getattr
    return self._access_attr(obj, name, (), "_rpyc_getattr", "allow_getattr", getattr)
           ^^^^^^^^^^^^^^^^^^^^^^^^^^^^^^^^^^^^^^^^^^^^^^^^^^^^^^^^^^^^^^^^^^^^^^^^^^^
  File "C:\Users\awsch\miniconda3\envs\nsp\Lib\site-packages\rpyc\core\protocol.py", line 781, in _access_attr
    return accessor(obj, name, *args)
           ^^^^^^^^^^^^^^^^^^^^^^^^^^
AttributeError: 'list' object has no attribute 'sum'
2026-05-29 15:45:18.393 [   DEBUG] (         protocol.py: 363) Exception caught
Traceback (most recent call last):
  File "C:\Users\awsch\miniconda3\envs\nsp\Lib\site-packages\rpyc\core\protocol.py", line 356, in _dispatch_request
    res = self._HANDLERS[handler](self, *args)
          ^^^^^^^^^^^^^^^^^^^^^^^^^^^^^^^^^^^^
  File "C:\Users\awsch\miniconda3\envs\nsp\Lib\site-packages\rpyc\core\protocol.py", line 853, in _handle_getattr
    return self._access_attr(obj, name, (), "_rpyc_getattr", "allow_getattr", getattr)
           ^^^^^^^^^^^^^^^^^^^^^^^^^^^^^^^^^^^^^^^^^^^^^^^^^^^^^^^^^^^^^^^^^^^^^^^^^^^
  File "C:\Users\awsch\miniconda3\envs\nsp\Lib\site-packages\rpyc\core\protocol.py", line 781, in _access_attr
    return accessor(obj, name, *args)
           ^^^^^^^^^^^^^^^^^^^^^^^^^^
AttributeError: 'list' object has no attribute '__array__'
2026-05-29 15:45:18.409 [   DEBUG] (         protocol.py: 363) Exception caught
Traceback (most recent call last):
  File "C:\Users\awsch\miniconda3\envs\nsp\Lib\site-packages\rpyc\core\protocol.py", line 356, in _dispatch_request
    res = self._HANDLERS[handler](self, *args)
          ^^^^^^^^^^^^^^^^^^^^^^^^^^^^^^^^^^^^
  File "C:\Users\awsch\miniconda3\envs\nsp\Lib\site-packages\rpyc\core\protocol.py", line 853, in _handle_getattr
    return self._access_attr(obj, name, (), "_rpyc_getattr", "allow_getattr", getattr)
           ^^^^^^^^^^^^^^^^^^^^^^^^^^^^^^^^^^^^^^^^^^^^^^^^^^^^^^^^^^^^^^^^^^^^^^^^^^^
  File "C:\Users\awsch\miniconda3\envs\nsp\Lib\site-packages\rpyc\core\protocol.py", line 781, in _access_attr
    return accessor(obj, name, *args)
           ^^^^^^^^^^^^^^^^^^^^^^^^^^
AttributeError: 'list' object has no attribute '__array_wrap__'
2026-05-29 15:45:18.410 [   DEBUG] (         protocol.py: 363) Exception caught
Traceback (most recent call last):
  File "C:\Users\awsch\miniconda3\envs\nsp\Lib\site-packages\rpyc\core\protocol.py", line 356, in _dispatch_request
    res = self._HANDLERS[handler](self, *args)
          ^^^^^^^^^^^^^^^^^^^^^^^^^^^^^^^^^^^^
  File "C:\Users\awsch\miniconda3\envs\nsp\Lib\site-packages\rpyc\core\protocol.py", line 853, in _handle_getattr
    return self._access_attr(obj, name, (), "_rpyc_getattr", "allow_getattr", getattr)
           ^^^^^^^^^^^^^^^^^^^^^^^^^^^^^^^^^^^^^^^^^^^^^^^^^^^^^^^^^^^^^^^^^^^^^^^^^^^
  File "C:\Users\awsch\miniconda3\envs\nsp\Lib\site-packages\rpyc\core\protocol.py", line 781, in _access_attr
    return accessor(obj, name, *args)
           ^^^^^^^^^^^^^^^^^^^^^^^^^^
AttributeError: 'list' object has no attribute '__array_wrap__'
2026-05-29 15:45:18.411 [   DEBUG] (         protocol.py: 363) Exception caught
Traceback (most recent call last):
  File "C:\Users\awsch\miniconda3\envs\nsp\Lib\site-packages\rpyc\core\protocol.py", line 356, in _dispatch_request
    res = self._HANDLERS[handler](self, *args)
          ^^^^^^^^^^^^^^^^^^^^^^^^^^^^^^^^^^^^
  File "C:\Users\awsch\miniconda3\envs\nsp\Lib\site-packages\rpyc\core\protocol.py", line 853, in _handle_getattr
    return self._access_attr(obj, name, (), "_rpyc_getattr", "allow_getattr", getattr)
           ^^^^^^^^^^^^^^^^^^^^^^^^^^^^^^^^^^^^^^^^^^^^^^^^^^^^^^^^^^^^^^^^^^^^^^^^^^^
  File "C:\Users\awsch\miniconda3\envs\nsp\Lib\site-packages\rpyc\core\protocol.py", line 781, in _access_attr
    return accessor(obj, name, *args)
           ^^^^^^^^^^^^^^^^^^^^^^^^^^
AttributeError: 'list' object has no attribute 'sum'
2026-05-29 15:45:18.412 [   DEBUG] (         protocol.py: 363) Exception caught
Traceback (most recent call last):
  File "C:\Users\awsch\miniconda3\envs\nsp\Lib\site-packages\rpyc\core\protocol.py", line 356, in _dispatch_request
    res = self._HANDLERS[handler](self, *args)
          ^^^^^^^^^^^^^^^^^^^^^^^^^^^^^^^^^^^^
  File "C:\Users\awsch\miniconda3\envs\nsp\Lib\site-packages\rpyc\core\protocol.py", line 853, in _handle_getattr
    return self._access_attr(obj, name, (), "_rpyc_getattr", "allow_getattr", getattr)
           ^^^^^^^^^^^^^^^^^^^^^^^^^^^^^^^^^^^^^^^^^^^^^^^^^^^^^^^^^^^^^^^^^^^^^^^^^^^
  File "C:\Users\awsch\miniconda3\envs\nsp\Lib\site-packages\rpyc\core\protocol.py", line 781, in _access_attr
    return accessor(obj, name, *args)
           ^^^^^^^^^^^^^^^^^^^^^^^^^^
AttributeError: 'list' object has no attribute 'sum'
2026-05-29 15:45:18.413 [   DEBUG] (         protocol.py: 363) Exception caught
Traceback (most recent call last):
  File "C:\Users\awsch\miniconda3\envs\nsp\Lib\site-packages\rpyc\core\protocol.py", line 356, in _dispatch_request
    res = self._HANDLERS[handler](self, *args)
          ^^^^^^^^^^^^^^^^^^^^^^^^^^^^^^^^^^^^
  File "C:\Users\awsch\miniconda3\envs\nsp\Lib\site-packages\rpyc\core\protocol.py", line 853, in _handle_getattr
    return self._access_attr(obj, name, (), "_rpyc_getattr", "allow_getattr", getattr)
           ^^^^^^^^^^^^^^^^^^^^^^^^^^^^^^^^^^^^^^^^^^^^^^^^^^^^^^^^^^^^^^^^^^^^^^^^^^^
  File "C:\Users\awsch\miniconda3\envs\nsp\Lib\site-packages\rpyc\core\protocol.py", line 781, in _access_attr
    return accessor(obj, name, *args)
           ^^^^^^^^^^^^^^^^^^^^^^^^^^
AttributeError: 'list' object has no attribute '__array__'
2026-05-29 15:45:18.430 [   DEBUG] (         protocol.py: 363) Exception caught
Traceback (most recent call last):
  File "C:\Users\awsch\miniconda3\envs\nsp\Lib\site-packages\rpyc\core\protocol.py", line 356, in _dispatch_request
    res = self._HANDLERS[handler](self, *args)
          ^^^^^^^^^^^^^^^^^^^^^^^^^^^^^^^^^^^^
  File "C:\Users\awsch\miniconda3\envs\nsp\Lib\site-packages\rpyc\core\protocol.py", line 853, in _handle_getattr
    return self._access_attr(obj, name, (), "_rpyc_getattr", "allow_getattr", getattr)
           ^^^^^^^^^^^^^^^^^^^^^^^^^^^^^^^^^^^^^^^^^^^^^^^^^^^^^^^^^^^^^^^^^^^^^^^^^^^
  File "C:\Users\awsch\miniconda3\envs\nsp\Lib\site-packages\rpyc\core\protocol.py", line 781, in _access_attr
    return accessor(obj, name, *args)
           ^^^^^^^^^^^^^^^^^^^^^^^^^^
AttributeError: 'list' object has no attribute '__array_wrap__'
2026-05-29 15:45:18.431 [   DEBUG] (         protocol.py: 363) Exception caught
Traceback (most recent call last):
  File "C:\Users\awsch\miniconda3\envs\nsp\Lib\site-packages\rpyc\core\protocol.py", line 356, in _dispatch_request
    res = self._HANDLERS[handler](self, *args)
          ^^^^^^^^^^^^^^^^^^^^^^^^^^^^^^^^^^^^
  File "C:\Users\awsch\miniconda3\envs\nsp\Lib\site-packages\rpyc\core\protocol.py", line 853, in _handle_getattr
    return self._access_attr(obj, name, (), "_rpyc_getattr", "allow_getattr", getattr)
           ^^^^^^^^^^^^^^^^^^^^^^^^^^^^^^^^^^^^^^^^^^^^^^^^^^^^^^^^^^^^^^^^^^^^^^^^^^^
  File "C:\Users\awsch\miniconda3\envs\nsp\Lib\site-packages\rpyc\core\protocol.py", line 781, in _access_attr
    return accessor(obj, name, *args)
           ^^^^^^^^^^^^^^^^^^^^^^^^^^
AttributeError: 'list' object has no attribute '__array_wrap__'
2026-05-29 15:45:18.434 [   DEBUG] (        highlevel.py: 186) viWrite(1, b'MEAS:POWER?\r\n', 13, 'c_ulong(13)') -> 0
2026-05-29 15:45:18.434 [   DEBUG] (     messagebased.py: 435) USB0::0x1313::0x8072::1916964::0::INSTR - reading 20480 bytes (last status <StatusCode.success_max_count_read: 1073676294>)
2026-05-29 15:45:18.437 [   DEBUG] (        highlevel.py: 186) viRead(1, <ctypes.c_char_Array_20480 object at 0x000001E05EA88DD0>, 20480, 'c_ulong(15)') -> 0
2026-05-29 15:45:18.442 [   DEBUG] (        highlevel.py: 186) viWrite(2, b'FREQ 9690000000.00\r\n', 20, 'c_ulong(20)') -> 0
2026-05-29 15:45:19.518 [   DEBUG] (         protocol.py: 363) Exception caught
Traceback (most recent call last):
  File "C:\Users\awsch\miniconda3\envs\nsp\Lib\site-packages\rpyc\core\protocol.py", line 356, in _dispatch_request
    res = self._HANDLERS[handler](self, *args)
          ^^^^^^^^^^^^^^^^^^^^^^^^^^^^^^^^^^^^
  File "C:\Users\awsch\miniconda3\envs\nsp\Lib\site-packages\rpyc\core\protocol.py", line 853, in _handle_getattr
    return self._access_attr(obj, name, (), "_rpyc_getattr", "allow_getattr", getattr)
           ^^^^^^^^^^^^^^^^^^^^^^^^^^^^^^^^^^^^^^^^^^^^^^^^^^^^^^^^^^^^^^^^^^^^^^^^^^^
  File "C:\Users\awsch\miniconda3\envs\nsp\Lib\site-packages\rpyc\core\protocol.py", line 781, in _access_attr
    return accessor(obj, name, *args)
           ^^^^^^^^^^^^^^^^^^^^^^^^^^
AttributeError: 'list' object has no attribute 'sum'
2026-05-29 15:45:19.519 [   DEBUG] (         protocol.py: 363) Exception caught
Traceback (most recent call last):
  File "C:\Users\awsch\miniconda3\envs\nsp\Lib\site-packages\rpyc\core\protocol.py", line 356, in _dispatch_request
    res = self._HANDLERS[handler](self, *args)
          ^^^^^^^^^^^^^^^^^^^^^^^^^^^^^^^^^^^^
  File "C:\Users\awsch\miniconda3\envs\nsp\Lib\site-packages\rpyc\core\protocol.py", line 853, in _handle_getattr
    return self._access_attr(obj, name, (), "_rpyc_getattr", "allow_getattr", getattr)
           ^^^^^^^^^^^^^^^^^^^^^^^^^^^^^^^^^^^^^^^^^^^^^^^^^^^^^^^^^^^^^^^^^^^^^^^^^^^
  File "C:\Users\awsch\miniconda3\envs\nsp\Lib\site-packages\rpyc\core\protocol.py", line 781, in _access_attr
    return accessor(obj, name, *args)
           ^^^^^^^^^^^^^^^^^^^^^^^^^^
AttributeError: 'list' object has no attribute 'sum'
2026-05-29 15:45:19.520 [   DEBUG] (         protocol.py: 363) Exception caught
Traceback (most recent call last):
  File "C:\Users\awsch\miniconda3\envs\nsp\Lib\site-packages\rpyc\core\protocol.py", line 356, in _dispatch_request
    res = self._HANDLERS[handler](self, *args)
          ^^^^^^^^^^^^^^^^^^^^^^^^^^^^^^^^^^^^
  File "C:\Users\awsch\miniconda3\envs\nsp\Lib\site-packages\rpyc\core\protocol.py", line 853, in _handle_getattr
    return self._access_attr(obj, name, (), "_rpyc_getattr", "allow_getattr", getattr)
           ^^^^^^^^^^^^^^^^^^^^^^^^^^^^^^^^^^^^^^^^^^^^^^^^^^^^^^^^^^^^^^^^^^^^^^^^^^^
  File "C:\Users\awsch\miniconda3\envs\nsp\Lib\site-packages\rpyc\core\protocol.py", line 781, in _access_attr
    return accessor(obj, name, *args)
           ^^^^^^^^^^^^^^^^^^^^^^^^^^
AttributeError: 'list' object has no attribute '__array__'
2026-05-29 15:45:19.537 [   DEBUG] (         protocol.py: 363) Exception caught
Traceback (most recent call last):
  File "C:\Users\awsch\miniconda3\envs\nsp\Lib\site-packages\rpyc\core\protocol.py", line 356, in _dispatch_request
    res = self._HANDLERS[handler](self, *args)
          ^^^^^^^^^^^^^^^^^^^^^^^^^^^^^^^^^^^^
  File "C:\Users\awsch\miniconda3\envs\nsp\Lib\site-packages\rpyc\core\protocol.py", line 853, in _handle_getattr
    return self._access_attr(obj, name, (), "_rpyc_getattr", "allow_getattr", getattr)
           ^^^^^^^^^^^^^^^^^^^^^^^^^^^^^^^^^^^^^^^^^^^^^^^^^^^^^^^^^^^^^^^^^^^^^^^^^^^
  File "C:\Users\awsch\miniconda3\envs\nsp\Lib\site-packages\rpyc\core\protocol.py", line 781, in _access_attr
    return accessor(obj, name, *args)
           ^^^^^^^^^^^^^^^^^^^^^^^^^^
AttributeError: 'list' object has no attribute '__array_wrap__'
2026-05-29 15:45:19.538 [   DEBUG] (         protocol.py: 363) Exception caught
Traceback (most recent call last):
  File "C:\Users\awsch\miniconda3\envs\nsp\Lib\site-packages\rpyc\core\protocol.py", line 356, in _dispatch_request
    res = self._HANDLERS[handler](self, *args)
          ^^^^^^^^^^^^^^^^^^^^^^^^^^^^^^^^^^^^
  File "C:\Users\awsch\miniconda3\envs\nsp\Lib\site-packages\rpyc\core\protocol.py", line 853, in _handle_getattr
    return self._access_attr(obj, name, (), "_rpyc_getattr", "allow_getattr", getattr)
           ^^^^^^^^^^^^^^^^^^^^^^^^^^^^^^^^^^^^^^^^^^^^^^^^^^^^^^^^^^^^^^^^^^^^^^^^^^^
  File "C:\Users\awsch\miniconda3\envs\nsp\Lib\site-packages\rpyc\core\protocol.py", line 781, in _access_attr
    return accessor(obj, name, *args)
           ^^^^^^^^^^^^^^^^^^^^^^^^^^
AttributeError: 'list' object has no attribute '__array_wrap__'
2026-05-29 15:45:19.539 [   DEBUG] (         protocol.py: 363) Exception caught
Traceback (most recent call last):
  File "C:\Users\awsch\miniconda3\envs\nsp\Lib\site-packages\rpyc\core\protocol.py", line 356, in _dispatch_request
    res = self._HANDLERS[handler](self, *args)
          ^^^^^^^^^^^^^^^^^^^^^^^^^^^^^^^^^^^^
  File "C:\Users\awsch\miniconda3\envs\nsp\Lib\site-packages\rpyc\core\protocol.py", line 853, in _handle_getattr
    return self._access_attr(obj, name, (), "_rpyc_getattr", "allow_getattr", getattr)
           ^^^^^^^^^^^^^^^^^^^^^^^^^^^^^^^^^^^^^^^^^^^^^^^^^^^^^^^^^^^^^^^^^^^^^^^^^^^
  File "C:\Users\awsch\miniconda3\envs\nsp\Lib\site-packages\rpyc\core\protocol.py", line 781, in _access_attr
    return accessor(obj, name, *args)
           ^^^^^^^^^^^^^^^^^^^^^^^^^^
AttributeError: 'list' object has no attribute 'sum'
2026-05-29 15:45:19.540 [   DEBUG] (         protocol.py: 363) Exception caught
Traceback (most recent call last):
  File "C:\Users\awsch\miniconda3\envs\nsp\Lib\site-packages\rpyc\core\protocol.py", line 356, in _dispatch_request
    res = self._HANDLERS[handler](self, *args)
          ^^^^^^^^^^^^^^^^^^^^^^^^^^^^^^^^^^^^
  File "C:\Users\awsch\miniconda3\envs\nsp\Lib\site-packages\rpyc\core\protocol.py", line 853, in _handle_getattr
    return self._access_attr(obj, name, (), "_rpyc_getattr", "allow_getattr", getattr)
           ^^^^^^^^^^^^^^^^^^^^^^^^^^^^^^^^^^^^^^^^^^^^^^^^^^^^^^^^^^^^^^^^^^^^^^^^^^^
  File "C:\Users\awsch\miniconda3\envs\nsp\Lib\site-packages\rpyc\core\protocol.py", line 781, in _access_attr
    return accessor(obj, name, *args)
           ^^^^^^^^^^^^^^^^^^^^^^^^^^
AttributeError: 'list' object has no attribute 'sum'
2026-05-29 15:45:19.541 [   DEBUG] (         protocol.py: 363) Exception caught
Traceback (most recent call last):
  File "C:\Users\awsch\miniconda3\envs\nsp\Lib\site-packages\rpyc\core\protocol.py", line 356, in _dispatch_request
    res = self._HANDLERS[handler](self, *args)
          ^^^^^^^^^^^^^^^^^^^^^^^^^^^^^^^^^^^^
  File "C:\Users\awsch\miniconda3\envs\nsp\Lib\site-packages\rpyc\core\protocol.py", line 853, in _handle_getattr
    return self._access_attr(obj, name, (), "_rpyc_getattr", "allow_getattr", getattr)
           ^^^^^^^^^^^^^^^^^^^^^^^^^^^^^^^^^^^^^^^^^^^^^^^^^^^^^^^^^^^^^^^^^^^^^^^^^^^
  File "C:\Users\awsch\miniconda3\envs\nsp\Lib\site-packages\rpyc\core\protocol.py", line 781, in _access_attr
    return accessor(obj, name, *args)
           ^^^^^^^^^^^^^^^^^^^^^^^^^^
AttributeError: 'list' object has no attribute '__array__'
2026-05-29 15:45:19.560 [   DEBUG] (         protocol.py: 363) Exception caught
Traceback (most recent call last):
  File "C:\Users\awsch\miniconda3\envs\nsp\Lib\site-packages\rpyc\core\protocol.py", line 356, in _dispatch_request
    res = self._HANDLERS[handler](self, *args)
          ^^^^^^^^^^^^^^^^^^^^^^^^^^^^^^^^^^^^
  File "C:\Users\awsch\miniconda3\envs\nsp\Lib\site-packages\rpyc\core\protocol.py", line 853, in _handle_getattr
    return self._access_attr(obj, name, (), "_rpyc_getattr", "allow_getattr", getattr)
           ^^^^^^^^^^^^^^^^^^^^^^^^^^^^^^^^^^^^^^^^^^^^^^^^^^^^^^^^^^^^^^^^^^^^^^^^^^^
  File "C:\Users\awsch\miniconda3\envs\nsp\Lib\site-packages\rpyc\core\protocol.py", line 781, in _access_attr
    return accessor(obj, name, *args)
           ^^^^^^^^^^^^^^^^^^^^^^^^^^
AttributeError: 'list' object has no attribute '__array_wrap__'
2026-05-29 15:45:19.561 [   DEBUG] (         protocol.py: 363) Exception caught
Traceback (most recent call last):
  File "C:\Users\awsch\miniconda3\envs\nsp\Lib\site-packages\rpyc\core\protocol.py", line 356, in _dispatch_request
    res = self._HANDLERS[handler](self, *args)
          ^^^^^^^^^^^^^^^^^^^^^^^^^^^^^^^^^^^^
  File "C:\Users\awsch\miniconda3\envs\nsp\Lib\site-packages\rpyc\core\protocol.py", line 853, in _handle_getattr
    return self._access_attr(obj, name, (), "_rpyc_getattr", "allow_getattr", getattr)
           ^^^^^^^^^^^^^^^^^^^^^^^^^^^^^^^^^^^^^^^^^^^^^^^^^^^^^^^^^^^^^^^^^^^^^^^^^^^
  File "C:\Users\awsch\miniconda3\envs\nsp\Lib\site-packages\rpyc\core\protocol.py", line 781, in _access_attr
    return accessor(obj, name, *args)
           ^^^^^^^^^^^^^^^^^^^^^^^^^^
AttributeError: 'list' object has no attribute '__array_wrap__'
2026-05-29 15:45:19.563 [   DEBUG] (        highlevel.py: 186) viWrite(1, b'MEAS:POWER?\r\n', 13, 'c_ulong(13)') -> 0
2026-05-29 15:45:19.563 [   DEBUG] (     messagebased.py: 435) USB0::0x1313::0x8072::1916964::0::INSTR - reading 20480 bytes (last status <StatusCode.success_max_count_read: 1073676294>)
2026-05-29 15:45:19.566 [   DEBUG] (        highlevel.py: 186) viRead(1, <ctypes.c_char_Array_20480 object at 0x000001E05EA89350>, 20480, 'c_ulong(15)') -> 0
2026-05-29 15:45:19.572 [   DEBUG] (        highlevel.py: 186) viWrite(2, b'FREQ 9700000000.00\r\n', 20, 'c_ulong(20)') -> 0
2026-05-29 15:45:20.650 [   DEBUG] (         protocol.py: 363) Exception caught
Traceback (most recent call last):
  File "C:\Users\awsch\miniconda3\envs\nsp\Lib\site-packages\rpyc\core\protocol.py", line 356, in _dispatch_request
    res = self._HANDLERS[handler](self, *args)
          ^^^^^^^^^^^^^^^^^^^^^^^^^^^^^^^^^^^^
  File "C:\Users\awsch\miniconda3\envs\nsp\Lib\site-packages\rpyc\core\protocol.py", line 853, in _handle_getattr
    return self._access_attr(obj, name, (), "_rpyc_getattr", "allow_getattr", getattr)
           ^^^^^^^^^^^^^^^^^^^^^^^^^^^^^^^^^^^^^^^^^^^^^^^^^^^^^^^^^^^^^^^^^^^^^^^^^^^
  File "C:\Users\awsch\miniconda3\envs\nsp\Lib\site-packages\rpyc\core\protocol.py", line 781, in _access_attr
    return accessor(obj, name, *args)
           ^^^^^^^^^^^^^^^^^^^^^^^^^^
AttributeError: 'list' object has no attribute 'sum'
2026-05-29 15:45:20.651 [   DEBUG] (         protocol.py: 363) Exception caught
Traceback (most recent call last):
  File "C:\Users\awsch\miniconda3\envs\nsp\Lib\site-packages\rpyc\core\protocol.py", line 356, in _dispatch_request
    res = self._HANDLERS[handler](self, *args)
          ^^^^^^^^^^^^^^^^^^^^^^^^^^^^^^^^^^^^
  File "C:\Users\awsch\miniconda3\envs\nsp\Lib\site-packages\rpyc\core\protocol.py", line 853, in _handle_getattr
    return self._access_attr(obj, name, (), "_rpyc_getattr", "allow_getattr", getattr)
           ^^^^^^^^^^^^^^^^^^^^^^^^^^^^^^^^^^^^^^^^^^^^^^^^^^^^^^^^^^^^^^^^^^^^^^^^^^^
  File "C:\Users\awsch\miniconda3\envs\nsp\Lib\site-packages\rpyc\core\protocol.py", line 781, in _access_attr
    return accessor(obj, name, *args)
           ^^^^^^^^^^^^^^^^^^^^^^^^^^
AttributeError: 'list' object has no attribute 'sum'
2026-05-29 15:45:20.652 [   DEBUG] (         protocol.py: 363) Exception caught
Traceback (most recent call last):
  File "C:\Users\awsch\miniconda3\envs\nsp\Lib\site-packages\rpyc\core\protocol.py", line 356, in _dispatch_request
    res = self._HANDLERS[handler](self, *args)
          ^^^^^^^^^^^^^^^^^^^^^^^^^^^^^^^^^^^^
  File "C:\Users\awsch\miniconda3\envs\nsp\Lib\site-packages\rpyc\core\protocol.py", line 853, in _handle_getattr
    return self._access_attr(obj, name, (), "_rpyc_getattr", "allow_getattr", getattr)
           ^^^^^^^^^^^^^^^^^^^^^^^^^^^^^^^^^^^^^^^^^^^^^^^^^^^^^^^^^^^^^^^^^^^^^^^^^^^
  File "C:\Users\awsch\miniconda3\envs\nsp\Lib\site-packages\rpyc\core\protocol.py", line 781, in _access_attr
    return accessor(obj, name, *args)
           ^^^^^^^^^^^^^^^^^^^^^^^^^^
AttributeError: 'list' object has no attribute '__array__'
2026-05-29 15:45:20.670 [   DEBUG] (         protocol.py: 363) Exception caught
Traceback (most recent call last):
  File "C:\Users\awsch\miniconda3\envs\nsp\Lib\site-packages\rpyc\core\protocol.py", line 356, in _dispatch_request
    res = self._HANDLERS[handler](self, *args)
          ^^^^^^^^^^^^^^^^^^^^^^^^^^^^^^^^^^^^
  File "C:\Users\awsch\miniconda3\envs\nsp\Lib\site-packages\rpyc\core\protocol.py", line 853, in _handle_getattr
    return self._access_attr(obj, name, (), "_rpyc_getattr", "allow_getattr", getattr)
           ^^^^^^^^^^^^^^^^^^^^^^^^^^^^^^^^^^^^^^^^^^^^^^^^^^^^^^^^^^^^^^^^^^^^^^^^^^^
  File "C:\Users\awsch\miniconda3\envs\nsp\Lib\site-packages\rpyc\core\protocol.py", line 781, in _access_attr
    return accessor(obj, name, *args)
           ^^^^^^^^^^^^^^^^^^^^^^^^^^
AttributeError: 'list' object has no attribute '__array_wrap__'
2026-05-29 15:45:20.671 [   DEBUG] (         protocol.py: 363) Exception caught
Traceback (most recent call last):
  File "C:\Users\awsch\miniconda3\envs\nsp\Lib\site-packages\rpyc\core\protocol.py", line 356, in _dispatch_request
    res = self._HANDLERS[handler](self, *args)
          ^^^^^^^^^^^^^^^^^^^^^^^^^^^^^^^^^^^^
  File "C:\Users\awsch\miniconda3\envs\nsp\Lib\site-packages\rpyc\core\protocol.py", line 853, in _handle_getattr
    return self._access_attr(obj, name, (), "_rpyc_getattr", "allow_getattr", getattr)
           ^^^^^^^^^^^^^^^^^^^^^^^^^^^^^^^^^^^^^^^^^^^^^^^^^^^^^^^^^^^^^^^^^^^^^^^^^^^
  File "C:\Users\awsch\miniconda3\envs\nsp\Lib\site-packages\rpyc\core\protocol.py", line 781, in _access_attr
    return accessor(obj, name, *args)
           ^^^^^^^^^^^^^^^^^^^^^^^^^^
AttributeError: 'list' object has no attribute '__array_wrap__'
2026-05-29 15:45:20.672 [   DEBUG] (         protocol.py: 363) Exception caught
Traceback (most recent call last):
  File "C:\Users\awsch\miniconda3\envs\nsp\Lib\site-packages\rpyc\core\protocol.py", line 356, in _dispatch_request
    res = self._HANDLERS[handler](self, *args)
          ^^^^^^^^^^^^^^^^^^^^^^^^^^^^^^^^^^^^
  File "C:\Users\awsch\miniconda3\envs\nsp\Lib\site-packages\rpyc\core\protocol.py", line 853, in _handle_getattr
    return self._access_attr(obj, name, (), "_rpyc_getattr", "allow_getattr", getattr)
           ^^^^^^^^^^^^^^^^^^^^^^^^^^^^^^^^^^^^^^^^^^^^^^^^^^^^^^^^^^^^^^^^^^^^^^^^^^^
  File "C:\Users\awsch\miniconda3\envs\nsp\Lib\site-packages\rpyc\core\protocol.py", line 781, in _access_attr
    return accessor(obj, name, *args)
           ^^^^^^^^^^^^^^^^^^^^^^^^^^
AttributeError: 'list' object has no attribute 'sum'
2026-05-29 15:45:20.673 [   DEBUG] (         protocol.py: 363) Exception caught
Traceback (most recent call last):
  File "C:\Users\awsch\miniconda3\envs\nsp\Lib\site-packages\rpyc\core\protocol.py", line 356, in _dispatch_request
    res = self._HANDLERS[handler](self, *args)
          ^^^^^^^^^^^^^^^^^^^^^^^^^^^^^^^^^^^^
  File "C:\Users\awsch\miniconda3\envs\nsp\Lib\site-packages\rpyc\core\protocol.py", line 853, in _handle_getattr
    return self._access_attr(obj, name, (), "_rpyc_getattr", "allow_getattr", getattr)
           ^^^^^^^^^^^^^^^^^^^^^^^^^^^^^^^^^^^^^^^^^^^^^^^^^^^^^^^^^^^^^^^^^^^^^^^^^^^
  File "C:\Users\awsch\miniconda3\envs\nsp\Lib\site-packages\rpyc\core\protocol.py", line 781, in _access_attr
    return accessor(obj, name, *args)
           ^^^^^^^^^^^^^^^^^^^^^^^^^^
AttributeError: 'list' object has no attribute 'sum'
2026-05-29 15:45:20.674 [   DEBUG] (         protocol.py: 363) Exception caught
Traceback (most recent call last):
  File "C:\Users\awsch\miniconda3\envs\nsp\Lib\site-packages\rpyc\core\protocol.py", line 356, in _dispatch_request
    res = self._HANDLERS[handler](self, *args)
          ^^^^^^^^^^^^^^^^^^^^^^^^^^^^^^^^^^^^
  File "C:\Users\awsch\miniconda3\envs\nsp\Lib\site-packages\rpyc\core\protocol.py", line 853, in _handle_getattr
    return self._access_attr(obj, name, (), "_rpyc_getattr", "allow_getattr", getattr)
           ^^^^^^^^^^^^^^^^^^^^^^^^^^^^^^^^^^^^^^^^^^^^^^^^^^^^^^^^^^^^^^^^^^^^^^^^^^^
  File "C:\Users\awsch\miniconda3\envs\nsp\Lib\site-packages\rpyc\core\protocol.py", line 781, in _access_attr
    return accessor(obj, name, *args)
           ^^^^^^^^^^^^^^^^^^^^^^^^^^
AttributeError: 'list' object has no attribute '__array__'
2026-05-29 15:45:20.695 [   DEBUG] (         protocol.py: 363) Exception caught
Traceback (most recent call last):
  File "C:\Users\awsch\miniconda3\envs\nsp\Lib\site-packages\rpyc\core\protocol.py", line 356, in _dispatch_request
    res = self._HANDLERS[handler](self, *args)
          ^^^^^^^^^^^^^^^^^^^^^^^^^^^^^^^^^^^^
  File "C:\Users\awsch\miniconda3\envs\nsp\Lib\site-packages\rpyc\core\protocol.py", line 853, in _handle_getattr
    return self._access_attr(obj, name, (), "_rpyc_getattr", "allow_getattr", getattr)
           ^^^^^^^^^^^^^^^^^^^^^^^^^^^^^^^^^^^^^^^^^^^^^^^^^^^^^^^^^^^^^^^^^^^^^^^^^^^
  File "C:\Users\awsch\miniconda3\envs\nsp\Lib\site-packages\rpyc\core\protocol.py", line 781, in _access_attr
    return accessor(obj, name, *args)
           ^^^^^^^^^^^^^^^^^^^^^^^^^^
AttributeError: 'list' object has no attribute '__array_wrap__'
2026-05-29 15:45:20.696 [   DEBUG] (         protocol.py: 363) Exception caught
Traceback (most recent call last):
  File "C:\Users\awsch\miniconda3\envs\nsp\Lib\site-packages\rpyc\core\protocol.py", line 356, in _dispatch_request
    res = self._HANDLERS[handler](self, *args)
          ^^^^^^^^^^^^^^^^^^^^^^^^^^^^^^^^^^^^
  File "C:\Users\awsch\miniconda3\envs\nsp\Lib\site-packages\rpyc\core\protocol.py", line 853, in _handle_getattr
    return self._access_attr(obj, name, (), "_rpyc_getattr", "allow_getattr", getattr)
           ^^^^^^^^^^^^^^^^^^^^^^^^^^^^^^^^^^^^^^^^^^^^^^^^^^^^^^^^^^^^^^^^^^^^^^^^^^^
  File "C:\Users\awsch\miniconda3\envs\nsp\Lib\site-packages\rpyc\core\protocol.py", line 781, in _access_attr
    return accessor(obj, name, *args)
           ^^^^^^^^^^^^^^^^^^^^^^^^^^
AttributeError: 'list' object has no attribute '__array_wrap__'
2026-05-29 15:45:20.699 [   DEBUG] (        highlevel.py: 186) viWrite(1, b'MEAS:POWER?\r\n', 13, 'c_ulong(13)') -> 0
2026-05-29 15:45:20.699 [   DEBUG] (     messagebased.py: 435) USB0::0x1313::0x8072::1916964::0::INSTR - reading 20480 bytes (last status <StatusCode.success_max_count_read: 1073676294>)
2026-05-29 15:45:20.701 [   DEBUG] (        highlevel.py: 186) viRead(1, <ctypes.c_char_Array_20480 object at 0x000001E05EA897D0>, 20480, 'c_ulong(15)') -> 0
2026-05-29 15:45:20.709 [   DEBUG] (        highlevel.py: 186) viWrite(2, b'FREQ 9400000000.00\r\n', 20, 'c_ulong(20)') -> 0
2026-05-29 15:45:21.779 [   DEBUG] (         protocol.py: 363) Exception caught
Traceback (most recent call last):
  File "C:\Users\awsch\miniconda3\envs\nsp\Lib\site-packages\rpyc\core\protocol.py", line 356, in _dispatch_request
    res = self._HANDLERS[handler](self, *args)
          ^^^^^^^^^^^^^^^^^^^^^^^^^^^^^^^^^^^^
  File "C:\Users\awsch\miniconda3\envs\nsp\Lib\site-packages\rpyc\core\protocol.py", line 853, in _handle_getattr
    return self._access_attr(obj, name, (), "_rpyc_getattr", "allow_getattr", getattr)
           ^^^^^^^^^^^^^^^^^^^^^^^^^^^^^^^^^^^^^^^^^^^^^^^^^^^^^^^^^^^^^^^^^^^^^^^^^^^
  File "C:\Users\awsch\miniconda3\envs\nsp\Lib\site-packages\rpyc\core\protocol.py", line 781, in _access_attr
    return accessor(obj, name, *args)
           ^^^^^^^^^^^^^^^^^^^^^^^^^^
AttributeError: 'list' object has no attribute 'sum'
2026-05-29 15:45:21.781 [   DEBUG] (         protocol.py: 363) Exception caught
Traceback (most recent call last):
  File "C:\Users\awsch\miniconda3\envs\nsp\Lib\site-packages\rpyc\core\protocol.py", line 356, in _dispatch_request
    res = self._HANDLERS[handler](self, *args)
          ^^^^^^^^^^^^^^^^^^^^^^^^^^^^^^^^^^^^
  File "C:\Users\awsch\miniconda3\envs\nsp\Lib\site-packages\rpyc\core\protocol.py", line 853, in _handle_getattr
    return self._access_attr(obj, name, (), "_rpyc_getattr", "allow_getattr", getattr)
           ^^^^^^^^^^^^^^^^^^^^^^^^^^^^^^^^^^^^^^^^^^^^^^^^^^^^^^^^^^^^^^^^^^^^^^^^^^^
  File "C:\Users\awsch\miniconda3\envs\nsp\Lib\site-packages\rpyc\core\protocol.py", line 781, in _access_attr
    return accessor(obj, name, *args)
           ^^^^^^^^^^^^^^^^^^^^^^^^^^
AttributeError: 'list' object has no attribute 'sum'
2026-05-29 15:45:21.782 [   DEBUG] (         protocol.py: 363) Exception caught
Traceback (most recent call last):
  File "C:\Users\awsch\miniconda3\envs\nsp\Lib\site-packages\rpyc\core\protocol.py", line 356, in _dispatch_request
    res = self._HANDLERS[handler](self, *args)
          ^^^^^^^^^^^^^^^^^^^^^^^^^^^^^^^^^^^^
  File "C:\Users\awsch\miniconda3\envs\nsp\Lib\site-packages\rpyc\core\protocol.py", line 853, in _handle_getattr
    return self._access_attr(obj, name, (), "_rpyc_getattr", "allow_getattr", getattr)
           ^^^^^^^^^^^^^^^^^^^^^^^^^^^^^^^^^^^^^^^^^^^^^^^^^^^^^^^^^^^^^^^^^^^^^^^^^^^
  File "C:\Users\awsch\miniconda3\envs\nsp\Lib\site-packages\rpyc\core\protocol.py", line 781, in _access_attr
    return accessor(obj, name, *args)
           ^^^^^^^^^^^^^^^^^^^^^^^^^^
AttributeError: 'list' object has no attribute '__array__'
2026-05-29 15:45:21.799 [   DEBUG] (         protocol.py: 363) Exception caught
Traceback (most recent call last):
  File "C:\Users\awsch\miniconda3\envs\nsp\Lib\site-packages\rpyc\core\protocol.py", line 356, in _dispatch_request
    res = self._HANDLERS[handler](self, *args)
          ^^^^^^^^^^^^^^^^^^^^^^^^^^^^^^^^^^^^
  File "C:\Users\awsch\miniconda3\envs\nsp\Lib\site-packages\rpyc\core\protocol.py", line 853, in _handle_getattr
    return self._access_attr(obj, name, (), "_rpyc_getattr", "allow_getattr", getattr)
           ^^^^^^^^^^^^^^^^^^^^^^^^^^^^^^^^^^^^^^^^^^^^^^^^^^^^^^^^^^^^^^^^^^^^^^^^^^^
  File "C:\Users\awsch\miniconda3\envs\nsp\Lib\site-packages\rpyc\core\protocol.py", line 781, in _access_attr
    return accessor(obj, name, *args)
           ^^^^^^^^^^^^^^^^^^^^^^^^^^
AttributeError: 'list' object has no attribute '__array_wrap__'
2026-05-29 15:45:21.800 [   DEBUG] (         protocol.py: 363) Exception caught
Traceback (most recent call last):
  File "C:\Users\awsch\miniconda3\envs\nsp\Lib\site-packages\rpyc\core\protocol.py", line 356, in _dispatch_request
    res = self._HANDLERS[handler](self, *args)
          ^^^^^^^^^^^^^^^^^^^^^^^^^^^^^^^^^^^^
  File "C:\Users\awsch\miniconda3\envs\nsp\Lib\site-packages\rpyc\core\protocol.py", line 853, in _handle_getattr
    return self._access_attr(obj, name, (), "_rpyc_getattr", "allow_getattr", getattr)
           ^^^^^^^^^^^^^^^^^^^^^^^^^^^^^^^^^^^^^^^^^^^^^^^^^^^^^^^^^^^^^^^^^^^^^^^^^^^
  File "C:\Users\awsch\miniconda3\envs\nsp\Lib\site-packages\rpyc\core\protocol.py", line 781, in _access_attr
    return accessor(obj, name, *args)
           ^^^^^^^^^^^^^^^^^^^^^^^^^^
AttributeError: 'list' object has no attribute '__array_wrap__'
2026-05-29 15:45:21.801 [   DEBUG] (         protocol.py: 363) Exception caught
Traceback (most recent call last):
  File "C:\Users\awsch\miniconda3\envs\nsp\Lib\site-packages\rpyc\core\protocol.py", line 356, in _dispatch_request
    res = self._HANDLERS[handler](self, *args)
          ^^^^^^^^^^^^^^^^^^^^^^^^^^^^^^^^^^^^
  File "C:\Users\awsch\miniconda3\envs\nsp\Lib\site-packages\rpyc\core\protocol.py", line 853, in _handle_getattr
    return self._access_attr(obj, name, (), "_rpyc_getattr", "allow_getattr", getattr)
           ^^^^^^^^^^^^^^^^^^^^^^^^^^^^^^^^^^^^^^^^^^^^^^^^^^^^^^^^^^^^^^^^^^^^^^^^^^^
  File "C:\Users\awsch\miniconda3\envs\nsp\Lib\site-packages\rpyc\core\protocol.py", line 781, in _access_attr
    return accessor(obj, name, *args)
           ^^^^^^^^^^^^^^^^^^^^^^^^^^
AttributeError: 'list' object has no attribute 'sum'
2026-05-29 15:45:21.802 [   DEBUG] (         protocol.py: 363) Exception caught
Traceback (most recent call last):
  File "C:\Users\awsch\miniconda3\envs\nsp\Lib\site-packages\rpyc\core\protocol.py", line 356, in _dispatch_request
    res = self._HANDLERS[handler](self, *args)
          ^^^^^^^^^^^^^^^^^^^^^^^^^^^^^^^^^^^^
  File "C:\Users\awsch\miniconda3\envs\nsp\Lib\site-packages\rpyc\core\protocol.py", line 853, in _handle_getattr
    return self._access_attr(obj, name, (), "_rpyc_getattr", "allow_getattr", getattr)
           ^^^^^^^^^^^^^^^^^^^^^^^^^^^^^^^^^^^^^^^^^^^^^^^^^^^^^^^^^^^^^^^^^^^^^^^^^^^
  File "C:\Users\awsch\miniconda3\envs\nsp\Lib\site-packages\rpyc\core\protocol.py", line 781, in _access_attr
    return accessor(obj, name, *args)
           ^^^^^^^^^^^^^^^^^^^^^^^^^^
AttributeError: 'list' object has no attribute 'sum'
2026-05-29 15:45:21.803 [   DEBUG] (         protocol.py: 363) Exception caught
Traceback (most recent call last):
  File "C:\Users\awsch\miniconda3\envs\nsp\Lib\site-packages\rpyc\core\protocol.py", line 356, in _dispatch_request
    res = self._HANDLERS[handler](self, *args)
          ^^^^^^^^^^^^^^^^^^^^^^^^^^^^^^^^^^^^
  File "C:\Users\awsch\miniconda3\envs\nsp\Lib\site-packages\rpyc\core\protocol.py", line 853, in _handle_getattr
    return self._access_attr(obj, name, (), "_rpyc_getattr", "allow_getattr", getattr)
           ^^^^^^^^^^^^^^^^^^^^^^^^^^^^^^^^^^^^^^^^^^^^^^^^^^^^^^^^^^^^^^^^^^^^^^^^^^^
  File "C:\Users\awsch\miniconda3\envs\nsp\Lib\site-packages\rpyc\core\protocol.py", line 781, in _access_attr
    return accessor(obj, name, *args)
           ^^^^^^^^^^^^^^^^^^^^^^^^^^
AttributeError: 'list' object has no attribute '__array__'
2026-05-29 15:45:21.820 [   DEBUG] (         protocol.py: 363) Exception caught
Traceback (most recent call last):
  File "C:\Users\awsch\miniconda3\envs\nsp\Lib\site-packages\rpyc\core\protocol.py", line 356, in _dispatch_request
    res = self._HANDLERS[handler](self, *args)
          ^^^^^^^^^^^^^^^^^^^^^^^^^^^^^^^^^^^^
  File "C:\Users\awsch\miniconda3\envs\nsp\Lib\site-packages\rpyc\core\protocol.py", line 853, in _handle_getattr
    return self._access_attr(obj, name, (), "_rpyc_getattr", "allow_getattr", getattr)
           ^^^^^^^^^^^^^^^^^^^^^^^^^^^^^^^^^^^^^^^^^^^^^^^^^^^^^^^^^^^^^^^^^^^^^^^^^^^
  File "C:\Users\awsch\miniconda3\envs\nsp\Lib\site-packages\rpyc\core\protocol.py", line 781, in _access_attr
    return accessor(obj, name, *args)
           ^^^^^^^^^^^^^^^^^^^^^^^^^^
AttributeError: 'list' object has no attribute '__array_wrap__'
2026-05-29 15:45:21.822 [   DEBUG] (         protocol.py: 363) Exception caught
Traceback (most recent call last):
  File "C:\Users\awsch\miniconda3\envs\nsp\Lib\site-packages\rpyc\core\protocol.py", line 356, in _dispatch_request
    res = self._HANDLERS[handler](self, *args)
          ^^^^^^^^^^^^^^^^^^^^^^^^^^^^^^^^^^^^
  File "C:\Users\awsch\miniconda3\envs\nsp\Lib\site-packages\rpyc\core\protocol.py", line 853, in _handle_getattr
    return self._access_attr(obj, name, (), "_rpyc_getattr", "allow_getattr", getattr)
           ^^^^^^^^^^^^^^^^^^^^^^^^^^^^^^^^^^^^^^^^^^^^^^^^^^^^^^^^^^^^^^^^^^^^^^^^^^^
  File "C:\Users\awsch\miniconda3\envs\nsp\Lib\site-packages\rpyc\core\protocol.py", line 781, in _access_attr
    return accessor(obj, name, *args)
           ^^^^^^^^^^^^^^^^^^^^^^^^^^
AttributeError: 'list' object has no attribute '__array_wrap__'
2026-05-29 15:45:21.823 [   DEBUG] (        highlevel.py: 186) viWrite(1, b'MEAS:POWER?\r\n', 13, 'c_ulong(13)') -> 0
2026-05-29 15:45:21.824 [   DEBUG] (     messagebased.py: 435) USB0::0x1313::0x8072::1916964::0::INSTR - reading 20480 bytes (last status <StatusCode.success_max_count_read: 1073676294>)
2026-05-29 15:45:21.826 [   DEBUG] (        highlevel.py: 186) viRead(1, <ctypes.c_char_Array_20480 object at 0x000001E05EA88B50>, 20480, 'c_ulong(15)') -> 0
2026-05-29 15:45:21.832 [   DEBUG] (        highlevel.py: 186) viWrite(2, b'FREQ 9410000000.00\r\n', 20, 'c_ulong(20)') -> 0
2026-05-29 15:45:22.916 [   DEBUG] (         protocol.py: 363) Exception caught
Traceback (most recent call last):
  File "C:\Users\awsch\miniconda3\envs\nsp\Lib\site-packages\rpyc\core\protocol.py", line 356, in _dispatch_request
    res = self._HANDLERS[handler](self, *args)
          ^^^^^^^^^^^^^^^^^^^^^^^^^^^^^^^^^^^^
  File "C:\Users\awsch\miniconda3\envs\nsp\Lib\site-packages\rpyc\core\protocol.py", line 853, in _handle_getattr
    return self._access_attr(obj, name, (), "_rpyc_getattr", "allow_getattr", getattr)
           ^^^^^^^^^^^^^^^^^^^^^^^^^^^^^^^^^^^^^^^^^^^^^^^^^^^^^^^^^^^^^^^^^^^^^^^^^^^
  File "C:\Users\awsch\miniconda3\envs\nsp\Lib\site-packages\rpyc\core\protocol.py", line 781, in _access_attr
    return accessor(obj, name, *args)
           ^^^^^^^^^^^^^^^^^^^^^^^^^^
AttributeError: 'list' object has no attribute 'sum'
2026-05-29 15:45:22.918 [   DEBUG] (         protocol.py: 363) Exception caught
Traceback (most recent call last):
  File "C:\Users\awsch\miniconda3\envs\nsp\Lib\site-packages\rpyc\core\protocol.py", line 356, in _dispatch_request
    res = self._HANDLERS[handler](self, *args)
          ^^^^^^^^^^^^^^^^^^^^^^^^^^^^^^^^^^^^
  File "C:\Users\awsch\miniconda3\envs\nsp\Lib\site-packages\rpyc\core\protocol.py", line 853, in _handle_getattr
    return self._access_attr(obj, name, (), "_rpyc_getattr", "allow_getattr", getattr)
           ^^^^^^^^^^^^^^^^^^^^^^^^^^^^^^^^^^^^^^^^^^^^^^^^^^^^^^^^^^^^^^^^^^^^^^^^^^^
  File "C:\Users\awsch\miniconda3\envs\nsp\Lib\site-packages\rpyc\core\protocol.py", line 781, in _access_attr
    return accessor(obj, name, *args)
           ^^^^^^^^^^^^^^^^^^^^^^^^^^
AttributeError: 'list' object has no attribute 'sum'
2026-05-29 15:45:22.919 [   DEBUG] (         protocol.py: 363) Exception caught
Traceback (most recent call last):
  File "C:\Users\awsch\miniconda3\envs\nsp\Lib\site-packages\rpyc\core\protocol.py", line 356, in _dispatch_request
    res = self._HANDLERS[handler](self, *args)
          ^^^^^^^^^^^^^^^^^^^^^^^^^^^^^^^^^^^^
  File "C:\Users\awsch\miniconda3\envs\nsp\Lib\site-packages\rpyc\core\protocol.py", line 853, in _handle_getattr
    return self._access_attr(obj, name, (), "_rpyc_getattr", "allow_getattr", getattr)
           ^^^^^^^^^^^^^^^^^^^^^^^^^^^^^^^^^^^^^^^^^^^^^^^^^^^^^^^^^^^^^^^^^^^^^^^^^^^
  File "C:\Users\awsch\miniconda3\envs\nsp\Lib\site-packages\rpyc\core\protocol.py", line 781, in _access_attr
    return accessor(obj, name, *args)
           ^^^^^^^^^^^^^^^^^^^^^^^^^^
AttributeError: 'list' object has no attribute '__array__'
2026-05-29 15:45:22.937 [   DEBUG] (         protocol.py: 363) Exception caught
Traceback (most recent call last):
  File "C:\Users\awsch\miniconda3\envs\nsp\Lib\site-packages\rpyc\core\protocol.py", line 356, in _dispatch_request
    res = self._HANDLERS[handler](self, *args)
          ^^^^^^^^^^^^^^^^^^^^^^^^^^^^^^^^^^^^
  File "C:\Users\awsch\miniconda3\envs\nsp\Lib\site-packages\rpyc\core\protocol.py", line 853, in _handle_getattr
    return self._access_attr(obj, name, (), "_rpyc_getattr", "allow_getattr", getattr)
           ^^^^^^^^^^^^^^^^^^^^^^^^^^^^^^^^^^^^^^^^^^^^^^^^^^^^^^^^^^^^^^^^^^^^^^^^^^^
  File "C:\Users\awsch\miniconda3\envs\nsp\Lib\site-packages\rpyc\core\protocol.py", line 781, in _access_attr
    return accessor(obj, name, *args)
           ^^^^^^^^^^^^^^^^^^^^^^^^^^
AttributeError: 'list' object has no attribute '__array_wrap__'
2026-05-29 15:45:22.938 [   DEBUG] (         protocol.py: 363) Exception caught
Traceback (most recent call last):
  File "C:\Users\awsch\miniconda3\envs\nsp\Lib\site-packages\rpyc\core\protocol.py", line 356, in _dispatch_request
    res = self._HANDLERS[handler](self, *args)
          ^^^^^^^^^^^^^^^^^^^^^^^^^^^^^^^^^^^^
  File "C:\Users\awsch\miniconda3\envs\nsp\Lib\site-packages\rpyc\core\protocol.py", line 853, in _handle_getattr
    return self._access_attr(obj, name, (), "_rpyc_getattr", "allow_getattr", getattr)
           ^^^^^^^^^^^^^^^^^^^^^^^^^^^^^^^^^^^^^^^^^^^^^^^^^^^^^^^^^^^^^^^^^^^^^^^^^^^
  File "C:\Users\awsch\miniconda3\envs\nsp\Lib\site-packages\rpyc\core\protocol.py", line 781, in _access_attr
    return accessor(obj, name, *args)
           ^^^^^^^^^^^^^^^^^^^^^^^^^^
AttributeError: 'list' object has no attribute '__array_wrap__'
2026-05-29 15:45:22.939 [   DEBUG] (         protocol.py: 363) Exception caught
Traceback (most recent call last):
  File "C:\Users\awsch\miniconda3\envs\nsp\Lib\site-packages\rpyc\core\protocol.py", line 356, in _dispatch_request
    res = self._HANDLERS[handler](self, *args)
          ^^^^^^^^^^^^^^^^^^^^^^^^^^^^^^^^^^^^
  File "C:\Users\awsch\miniconda3\envs\nsp\Lib\site-packages\rpyc\core\protocol.py", line 853, in _handle_getattr
    return self._access_attr(obj, name, (), "_rpyc_getattr", "allow_getattr", getattr)
           ^^^^^^^^^^^^^^^^^^^^^^^^^^^^^^^^^^^^^^^^^^^^^^^^^^^^^^^^^^^^^^^^^^^^^^^^^^^
  File "C:\Users\awsch\miniconda3\envs\nsp\Lib\site-packages\rpyc\core\protocol.py", line 781, in _access_attr
    return accessor(obj, name, *args)
           ^^^^^^^^^^^^^^^^^^^^^^^^^^
AttributeError: 'list' object has no attribute 'sum'
2026-05-29 15:45:22.940 [   DEBUG] (         protocol.py: 363) Exception caught
Traceback (most recent call last):
  File "C:\Users\awsch\miniconda3\envs\nsp\Lib\site-packages\rpyc\core\protocol.py", line 356, in _dispatch_request
    res = self._HANDLERS[handler](self, *args)
          ^^^^^^^^^^^^^^^^^^^^^^^^^^^^^^^^^^^^
  File "C:\Users\awsch\miniconda3\envs\nsp\Lib\site-packages\rpyc\core\protocol.py", line 853, in _handle_getattr
    return self._access_attr(obj, name, (), "_rpyc_getattr", "allow_getattr", getattr)
           ^^^^^^^^^^^^^^^^^^^^^^^^^^^^^^^^^^^^^^^^^^^^^^^^^^^^^^^^^^^^^^^^^^^^^^^^^^^
  File "C:\Users\awsch\miniconda3\envs\nsp\Lib\site-packages\rpyc\core\protocol.py", line 781, in _access_attr
    return accessor(obj, name, *args)
           ^^^^^^^^^^^^^^^^^^^^^^^^^^
AttributeError: 'list' object has no attribute 'sum'
2026-05-29 15:45:22.941 [   DEBUG] (         protocol.py: 363) Exception caught
Traceback (most recent call last):
  File "C:\Users\awsch\miniconda3\envs\nsp\Lib\site-packages\rpyc\core\protocol.py", line 356, in _dispatch_request
    res = self._HANDLERS[handler](self, *args)
          ^^^^^^^^^^^^^^^^^^^^^^^^^^^^^^^^^^^^
  File "C:\Users\awsch\miniconda3\envs\nsp\Lib\site-packages\rpyc\core\protocol.py", line 853, in _handle_getattr
    return self._access_attr(obj, name, (), "_rpyc_getattr", "allow_getattr", getattr)
           ^^^^^^^^^^^^^^^^^^^^^^^^^^^^^^^^^^^^^^^^^^^^^^^^^^^^^^^^^^^^^^^^^^^^^^^^^^^
  File "C:\Users\awsch\miniconda3\envs\nsp\Lib\site-packages\rpyc\core\protocol.py", line 781, in _access_attr
    return accessor(obj, name, *args)
           ^^^^^^^^^^^^^^^^^^^^^^^^^^
AttributeError: 'list' object has no attribute '__array__'
2026-05-29 15:45:22.958 [   DEBUG] (         protocol.py: 363) Exception caught
Traceback (most recent call last):
  File "C:\Users\awsch\miniconda3\envs\nsp\Lib\site-packages\rpyc\core\protocol.py", line 356, in _dispatch_request
    res = self._HANDLERS[handler](self, *args)
          ^^^^^^^^^^^^^^^^^^^^^^^^^^^^^^^^^^^^
  File "C:\Users\awsch\miniconda3\envs\nsp\Lib\site-packages\rpyc\core\protocol.py", line 853, in _handle_getattr
    return self._access_attr(obj, name, (), "_rpyc_getattr", "allow_getattr", getattr)
           ^^^^^^^^^^^^^^^^^^^^^^^^^^^^^^^^^^^^^^^^^^^^^^^^^^^^^^^^^^^^^^^^^^^^^^^^^^^
  File "C:\Users\awsch\miniconda3\envs\nsp\Lib\site-packages\rpyc\core\protocol.py", line 781, in _access_attr
    return accessor(obj, name, *args)
           ^^^^^^^^^^^^^^^^^^^^^^^^^^
AttributeError: 'list' object has no attribute '__array_wrap__'
2026-05-29 15:45:22.959 [   DEBUG] (         protocol.py: 363) Exception caught
Traceback (most recent call last):
  File "C:\Users\awsch\miniconda3\envs\nsp\Lib\site-packages\rpyc\core\protocol.py", line 356, in _dispatch_request
    res = self._HANDLERS[handler](self, *args)
          ^^^^^^^^^^^^^^^^^^^^^^^^^^^^^^^^^^^^
  File "C:\Users\awsch\miniconda3\envs\nsp\Lib\site-packages\rpyc\core\protocol.py", line 853, in _handle_getattr
    return self._access_attr(obj, name, (), "_rpyc_getattr", "allow_getattr", getattr)
           ^^^^^^^^^^^^^^^^^^^^^^^^^^^^^^^^^^^^^^^^^^^^^^^^^^^^^^^^^^^^^^^^^^^^^^^^^^^
  File "C:\Users\awsch\miniconda3\envs\nsp\Lib\site-packages\rpyc\core\protocol.py", line 781, in _access_attr
    return accessor(obj, name, *args)
           ^^^^^^^^^^^^^^^^^^^^^^^^^^
AttributeError: 'list' object has no attribute '__array_wrap__'
2026-05-29 15:45:22.961 [   DEBUG] (        highlevel.py: 186) viWrite(1, b'MEAS:POWER?\r\n', 13, 'c_ulong(13)') -> 0
2026-05-29 15:45:22.962 [   DEBUG] (     messagebased.py: 435) USB0::0x1313::0x8072::1916964::0::INSTR - reading 20480 bytes (last status <StatusCode.success_max_count_read: 1073676294>)
2026-05-29 15:45:22.964 [   DEBUG] (        highlevel.py: 186) viRead(1, <ctypes.c_char_Array_20480 object at 0x000001E05EA88350>, 20480, 'c_ulong(15)') -> 0
2026-05-29 15:45:22.971 [   DEBUG] (        highlevel.py: 186) viWrite(2, b'FREQ 9420000000.00\r\n', 20, 'c_ulong(20)') -> 0
2026-05-29 15:45:24.051 [   DEBUG] (         protocol.py: 363) Exception caught
Traceback (most recent call last):
  File "C:\Users\awsch\miniconda3\envs\nsp\Lib\site-packages\rpyc\core\protocol.py", line 356, in _dispatch_request
    res = self._HANDLERS[handler](self, *args)
          ^^^^^^^^^^^^^^^^^^^^^^^^^^^^^^^^^^^^
  File "C:\Users\awsch\miniconda3\envs\nsp\Lib\site-packages\rpyc\core\protocol.py", line 853, in _handle_getattr
    return self._access_attr(obj, name, (), "_rpyc_getattr", "allow_getattr", getattr)
           ^^^^^^^^^^^^^^^^^^^^^^^^^^^^^^^^^^^^^^^^^^^^^^^^^^^^^^^^^^^^^^^^^^^^^^^^^^^
  File "C:\Users\awsch\miniconda3\envs\nsp\Lib\site-packages\rpyc\core\protocol.py", line 781, in _access_attr
    return accessor(obj, name, *args)
           ^^^^^^^^^^^^^^^^^^^^^^^^^^
AttributeError: 'list' object has no attribute 'sum'
2026-05-29 15:45:24.053 [   DEBUG] (         protocol.py: 363) Exception caught
Traceback (most recent call last):
  File "C:\Users\awsch\miniconda3\envs\nsp\Lib\site-packages\rpyc\core\protocol.py", line 356, in _dispatch_request
    res = self._HANDLERS[handler](self, *args)
          ^^^^^^^^^^^^^^^^^^^^^^^^^^^^^^^^^^^^
  File "C:\Users\awsch\miniconda3\envs\nsp\Lib\site-packages\rpyc\core\protocol.py", line 853, in _handle_getattr
    return self._access_attr(obj, name, (), "_rpyc_getattr", "allow_getattr", getattr)
           ^^^^^^^^^^^^^^^^^^^^^^^^^^^^^^^^^^^^^^^^^^^^^^^^^^^^^^^^^^^^^^^^^^^^^^^^^^^
  File "C:\Users\awsch\miniconda3\envs\nsp\Lib\site-packages\rpyc\core\protocol.py", line 781, in _access_attr
    return accessor(obj, name, *args)
           ^^^^^^^^^^^^^^^^^^^^^^^^^^
AttributeError: 'list' object has no attribute 'sum'
2026-05-29 15:45:24.054 [   DEBUG] (         protocol.py: 363) Exception caught
Traceback (most recent call last):
  File "C:\Users\awsch\miniconda3\envs\nsp\Lib\site-packages\rpyc\core\protocol.py", line 356, in _dispatch_request
    res = self._HANDLERS[handler](self, *args)
          ^^^^^^^^^^^^^^^^^^^^^^^^^^^^^^^^^^^^
  File "C:\Users\awsch\miniconda3\envs\nsp\Lib\site-packages\rpyc\core\protocol.py", line 853, in _handle_getattr
    return self._access_attr(obj, name, (), "_rpyc_getattr", "allow_getattr", getattr)
           ^^^^^^^^^^^^^^^^^^^^^^^^^^^^^^^^^^^^^^^^^^^^^^^^^^^^^^^^^^^^^^^^^^^^^^^^^^^
  File "C:\Users\awsch\miniconda3\envs\nsp\Lib\site-packages\rpyc\core\protocol.py", line 781, in _access_attr
    return accessor(obj, name, *args)
           ^^^^^^^^^^^^^^^^^^^^^^^^^^
AttributeError: 'list' object has no attribute '__array__'
2026-05-29 15:45:24.072 [   DEBUG] (         protocol.py: 363) Exception caught
Traceback (most recent call last):
  File "C:\Users\awsch\miniconda3\envs\nsp\Lib\site-packages\rpyc\core\protocol.py", line 356, in _dispatch_request
    res = self._HANDLERS[handler](self, *args)
          ^^^^^^^^^^^^^^^^^^^^^^^^^^^^^^^^^^^^
  File "C:\Users\awsch\miniconda3\envs\nsp\Lib\site-packages\rpyc\core\protocol.py", line 853, in _handle_getattr
    return self._access_attr(obj, name, (), "_rpyc_getattr", "allow_getattr", getattr)
           ^^^^^^^^^^^^^^^^^^^^^^^^^^^^^^^^^^^^^^^^^^^^^^^^^^^^^^^^^^^^^^^^^^^^^^^^^^^
  File "C:\Users\awsch\miniconda3\envs\nsp\Lib\site-packages\rpyc\core\protocol.py", line 781, in _access_attr
    return accessor(obj, name, *args)
           ^^^^^^^^^^^^^^^^^^^^^^^^^^
AttributeError: 'list' object has no attribute '__array_wrap__'
2026-05-29 15:45:24.073 [   DEBUG] (         protocol.py: 363) Exception caught
Traceback (most recent call last):
  File "C:\Users\awsch\miniconda3\envs\nsp\Lib\site-packages\rpyc\core\protocol.py", line 356, in _dispatch_request
    res = self._HANDLERS[handler](self, *args)
          ^^^^^^^^^^^^^^^^^^^^^^^^^^^^^^^^^^^^
  File "C:\Users\awsch\miniconda3\envs\nsp\Lib\site-packages\rpyc\core\protocol.py", line 853, in _handle_getattr
    return self._access_attr(obj, name, (), "_rpyc_getattr", "allow_getattr", getattr)
           ^^^^^^^^^^^^^^^^^^^^^^^^^^^^^^^^^^^^^^^^^^^^^^^^^^^^^^^^^^^^^^^^^^^^^^^^^^^
  File "C:\Users\awsch\miniconda3\envs\nsp\Lib\site-packages\rpyc\core\protocol.py", line 781, in _access_attr
    return accessor(obj, name, *args)
           ^^^^^^^^^^^^^^^^^^^^^^^^^^
AttributeError: 'list' object has no attribute '__array_wrap__'
2026-05-29 15:45:24.074 [   DEBUG] (         protocol.py: 363) Exception caught
Traceback (most recent call last):
  File "C:\Users\awsch\miniconda3\envs\nsp\Lib\site-packages\rpyc\core\protocol.py", line 356, in _dispatch_request
    res = self._HANDLERS[handler](self, *args)
          ^^^^^^^^^^^^^^^^^^^^^^^^^^^^^^^^^^^^
  File "C:\Users\awsch\miniconda3\envs\nsp\Lib\site-packages\rpyc\core\protocol.py", line 853, in _handle_getattr
    return self._access_attr(obj, name, (), "_rpyc_getattr", "allow_getattr", getattr)
           ^^^^^^^^^^^^^^^^^^^^^^^^^^^^^^^^^^^^^^^^^^^^^^^^^^^^^^^^^^^^^^^^^^^^^^^^^^^
  File "C:\Users\awsch\miniconda3\envs\nsp\Lib\site-packages\rpyc\core\protocol.py", line 781, in _access_attr
    return accessor(obj, name, *args)
           ^^^^^^^^^^^^^^^^^^^^^^^^^^
AttributeError: 'list' object has no attribute 'sum'
2026-05-29 15:45:24.075 [   DEBUG] (         protocol.py: 363) Exception caught
Traceback (most recent call last):
  File "C:\Users\awsch\miniconda3\envs\nsp\Lib\site-packages\rpyc\core\protocol.py", line 356, in _dispatch_request
    res = self._HANDLERS[handler](self, *args)
          ^^^^^^^^^^^^^^^^^^^^^^^^^^^^^^^^^^^^
  File "C:\Users\awsch\miniconda3\envs\nsp\Lib\site-packages\rpyc\core\protocol.py", line 853, in _handle_getattr
    return self._access_attr(obj, name, (), "_rpyc_getattr", "allow_getattr", getattr)
           ^^^^^^^^^^^^^^^^^^^^^^^^^^^^^^^^^^^^^^^^^^^^^^^^^^^^^^^^^^^^^^^^^^^^^^^^^^^
  File "C:\Users\awsch\miniconda3\envs\nsp\Lib\site-packages\rpyc\core\protocol.py", line 781, in _access_attr
    return accessor(obj, name, *args)
           ^^^^^^^^^^^^^^^^^^^^^^^^^^
AttributeError: 'list' object has no attribute 'sum'
2026-05-29 15:45:24.076 [   DEBUG] (         protocol.py: 363) Exception caught
Traceback (most recent call last):
  File "C:\Users\awsch\miniconda3\envs\nsp\Lib\site-packages\rpyc\core\protocol.py", line 356, in _dispatch_request
    res = self._HANDLERS[handler](self, *args)
          ^^^^^^^^^^^^^^^^^^^^^^^^^^^^^^^^^^^^
  File "C:\Users\awsch\miniconda3\envs\nsp\Lib\site-packages\rpyc\core\protocol.py", line 853, in _handle_getattr
    return self._access_attr(obj, name, (), "_rpyc_getattr", "allow_getattr", getattr)
           ^^^^^^^^^^^^^^^^^^^^^^^^^^^^^^^^^^^^^^^^^^^^^^^^^^^^^^^^^^^^^^^^^^^^^^^^^^^
  File "C:\Users\awsch\miniconda3\envs\nsp\Lib\site-packages\rpyc\core\protocol.py", line 781, in _access_attr
    return accessor(obj, name, *args)
           ^^^^^^^^^^^^^^^^^^^^^^^^^^
AttributeError: 'list' object has no attribute '__array__'
2026-05-29 15:45:24.093 [   DEBUG] (         protocol.py: 363) Exception caught
Traceback (most recent call last):
  File "C:\Users\awsch\miniconda3\envs\nsp\Lib\site-packages\rpyc\core\protocol.py", line 356, in _dispatch_request
    res = self._HANDLERS[handler](self, *args)
          ^^^^^^^^^^^^^^^^^^^^^^^^^^^^^^^^^^^^
  File "C:\Users\awsch\miniconda3\envs\nsp\Lib\site-packages\rpyc\core\protocol.py", line 853, in _handle_getattr
    return self._access_attr(obj, name, (), "_rpyc_getattr", "allow_getattr", getattr)
           ^^^^^^^^^^^^^^^^^^^^^^^^^^^^^^^^^^^^^^^^^^^^^^^^^^^^^^^^^^^^^^^^^^^^^^^^^^^
  File "C:\Users\awsch\miniconda3\envs\nsp\Lib\site-packages\rpyc\core\protocol.py", line 781, in _access_attr
    return accessor(obj, name, *args)
           ^^^^^^^^^^^^^^^^^^^^^^^^^^
AttributeError: 'list' object has no attribute '__array_wrap__'
2026-05-29 15:45:24.094 [   DEBUG] (         protocol.py: 363) Exception caught
Traceback (most recent call last):
  File "C:\Users\awsch\miniconda3\envs\nsp\Lib\site-packages\rpyc\core\protocol.py", line 356, in _dispatch_request
    res = self._HANDLERS[handler](self, *args)
          ^^^^^^^^^^^^^^^^^^^^^^^^^^^^^^^^^^^^
  File "C:\Users\awsch\miniconda3\envs\nsp\Lib\site-packages\rpyc\core\protocol.py", line 853, in _handle_getattr
    return self._access_attr(obj, name, (), "_rpyc_getattr", "allow_getattr", getattr)
           ^^^^^^^^^^^^^^^^^^^^^^^^^^^^^^^^^^^^^^^^^^^^^^^^^^^^^^^^^^^^^^^^^^^^^^^^^^^
  File "C:\Users\awsch\miniconda3\envs\nsp\Lib\site-packages\rpyc\core\protocol.py", line 781, in _access_attr
    return accessor(obj, name, *args)
           ^^^^^^^^^^^^^^^^^^^^^^^^^^
AttributeError: 'list' object has no attribute '__array_wrap__'
2026-05-29 15:45:24.096 [   DEBUG] (        highlevel.py: 186) viWrite(1, b'MEAS:POWER?\r\n', 13, 'c_ulong(13)') -> 0
2026-05-29 15:45:24.096 [   DEBUG] (     messagebased.py: 435) USB0::0x1313::0x8072::1916964::0::INSTR - reading 20480 bytes (last status <StatusCode.success_max_count_read: 1073676294>)
2026-05-29 15:45:24.099 [   DEBUG] (        highlevel.py: 186) viRead(1, <ctypes.c_char_Array_20480 object at 0x000001E05EA89D50>, 20480, 'c_ulong(15)') -> 0
2026-05-29 15:45:24.104 [   DEBUG] (        highlevel.py: 186) viWrite(2, b'FREQ 9430000000.00\r\n', 20, 'c_ulong(20)') -> 0
2026-05-29 15:45:25.189 [   DEBUG] (         protocol.py: 363) Exception caught
Traceback (most recent call last):
  File "C:\Users\awsch\miniconda3\envs\nsp\Lib\site-packages\rpyc\core\protocol.py", line 356, in _dispatch_request
    res = self._HANDLERS[handler](self, *args)
          ^^^^^^^^^^^^^^^^^^^^^^^^^^^^^^^^^^^^
  File "C:\Users\awsch\miniconda3\envs\nsp\Lib\site-packages\rpyc\core\protocol.py", line 853, in _handle_getattr
    return self._access_attr(obj, name, (), "_rpyc_getattr", "allow_getattr", getattr)
           ^^^^^^^^^^^^^^^^^^^^^^^^^^^^^^^^^^^^^^^^^^^^^^^^^^^^^^^^^^^^^^^^^^^^^^^^^^^
  File "C:\Users\awsch\miniconda3\envs\nsp\Lib\site-packages\rpyc\core\protocol.py", line 781, in _access_attr
    return accessor(obj, name, *args)
           ^^^^^^^^^^^^^^^^^^^^^^^^^^
AttributeError: 'list' object has no attribute 'sum'
2026-05-29 15:45:25.191 [   DEBUG] (         protocol.py: 363) Exception caught
Traceback (most recent call last):
  File "C:\Users\awsch\miniconda3\envs\nsp\Lib\site-packages\rpyc\core\protocol.py", line 356, in _dispatch_request
    res = self._HANDLERS[handler](self, *args)
          ^^^^^^^^^^^^^^^^^^^^^^^^^^^^^^^^^^^^
  File "C:\Users\awsch\miniconda3\envs\nsp\Lib\site-packages\rpyc\core\protocol.py", line 853, in _handle_getattr
    return self._access_attr(obj, name, (), "_rpyc_getattr", "allow_getattr", getattr)
           ^^^^^^^^^^^^^^^^^^^^^^^^^^^^^^^^^^^^^^^^^^^^^^^^^^^^^^^^^^^^^^^^^^^^^^^^^^^
  File "C:\Users\awsch\miniconda3\envs\nsp\Lib\site-packages\rpyc\core\protocol.py", line 781, in _access_attr
    return accessor(obj, name, *args)
           ^^^^^^^^^^^^^^^^^^^^^^^^^^
AttributeError: 'list' object has no attribute 'sum'
2026-05-29 15:45:25.192 [   DEBUG] (         protocol.py: 363) Exception caught
Traceback (most recent call last):
  File "C:\Users\awsch\miniconda3\envs\nsp\Lib\site-packages\rpyc\core\protocol.py", line 356, in _dispatch_request
    res = self._HANDLERS[handler](self, *args)
          ^^^^^^^^^^^^^^^^^^^^^^^^^^^^^^^^^^^^
  File "C:\Users\awsch\miniconda3\envs\nsp\Lib\site-packages\rpyc\core\protocol.py", line 853, in _handle_getattr
    return self._access_attr(obj, name, (), "_rpyc_getattr", "allow_getattr", getattr)
           ^^^^^^^^^^^^^^^^^^^^^^^^^^^^^^^^^^^^^^^^^^^^^^^^^^^^^^^^^^^^^^^^^^^^^^^^^^^
  File "C:\Users\awsch\miniconda3\envs\nsp\Lib\site-packages\rpyc\core\protocol.py", line 781, in _access_attr
    return accessor(obj, name, *args)
           ^^^^^^^^^^^^^^^^^^^^^^^^^^
AttributeError: 'list' object has no attribute '__array__'
2026-05-29 15:45:25.210 [   DEBUG] (         protocol.py: 363) Exception caught
Traceback (most recent call last):
  File "C:\Users\awsch\miniconda3\envs\nsp\Lib\site-packages\rpyc\core\protocol.py", line 356, in _dispatch_request
    res = self._HANDLERS[handler](self, *args)
          ^^^^^^^^^^^^^^^^^^^^^^^^^^^^^^^^^^^^
  File "C:\Users\awsch\miniconda3\envs\nsp\Lib\site-packages\rpyc\core\protocol.py", line 853, in _handle_getattr
    return self._access_attr(obj, name, (), "_rpyc_getattr", "allow_getattr", getattr)
           ^^^^^^^^^^^^^^^^^^^^^^^^^^^^^^^^^^^^^^^^^^^^^^^^^^^^^^^^^^^^^^^^^^^^^^^^^^^
  File "C:\Users\awsch\miniconda3\envs\nsp\Lib\site-packages\rpyc\core\protocol.py", line 781, in _access_attr
    return accessor(obj, name, *args)
           ^^^^^^^^^^^^^^^^^^^^^^^^^^
AttributeError: 'list' object has no attribute '__array_wrap__'
2026-05-29 15:45:25.211 [   DEBUG] (         protocol.py: 363) Exception caught
Traceback (most recent call last):
  File "C:\Users\awsch\miniconda3\envs\nsp\Lib\site-packages\rpyc\core\protocol.py", line 356, in _dispatch_request
    res = self._HANDLERS[handler](self, *args)
          ^^^^^^^^^^^^^^^^^^^^^^^^^^^^^^^^^^^^
  File "C:\Users\awsch\miniconda3\envs\nsp\Lib\site-packages\rpyc\core\protocol.py", line 853, in _handle_getattr
    return self._access_attr(obj, name, (), "_rpyc_getattr", "allow_getattr", getattr)
           ^^^^^^^^^^^^^^^^^^^^^^^^^^^^^^^^^^^^^^^^^^^^^^^^^^^^^^^^^^^^^^^^^^^^^^^^^^^
  File "C:\Users\awsch\miniconda3\envs\nsp\Lib\site-packages\rpyc\core\protocol.py", line 781, in _access_attr
    return accessor(obj, name, *args)
           ^^^^^^^^^^^^^^^^^^^^^^^^^^
AttributeError: 'list' object has no attribute '__array_wrap__'
2026-05-29 15:45:25.212 [   DEBUG] (         protocol.py: 363) Exception caught
Traceback (most recent call last):
  File "C:\Users\awsch\miniconda3\envs\nsp\Lib\site-packages\rpyc\core\protocol.py", line 356, in _dispatch_request
    res = self._HANDLERS[handler](self, *args)
          ^^^^^^^^^^^^^^^^^^^^^^^^^^^^^^^^^^^^
  File "C:\Users\awsch\miniconda3\envs\nsp\Lib\site-packages\rpyc\core\protocol.py", line 853, in _handle_getattr
    return self._access_attr(obj, name, (), "_rpyc_getattr", "allow_getattr", getattr)
           ^^^^^^^^^^^^^^^^^^^^^^^^^^^^^^^^^^^^^^^^^^^^^^^^^^^^^^^^^^^^^^^^^^^^^^^^^^^
  File "C:\Users\awsch\miniconda3\envs\nsp\Lib\site-packages\rpyc\core\protocol.py", line 781, in _access_attr
    return accessor(obj, name, *args)
           ^^^^^^^^^^^^^^^^^^^^^^^^^^
AttributeError: 'list' object has no attribute 'sum'
2026-05-29 15:45:25.213 [   DEBUG] (         protocol.py: 363) Exception caught
Traceback (most recent call last):
  File "C:\Users\awsch\miniconda3\envs\nsp\Lib\site-packages\rpyc\core\protocol.py", line 356, in _dispatch_request
    res = self._HANDLERS[handler](self, *args)
          ^^^^^^^^^^^^^^^^^^^^^^^^^^^^^^^^^^^^
  File "C:\Users\awsch\miniconda3\envs\nsp\Lib\site-packages\rpyc\core\protocol.py", line 853, in _handle_getattr
    return self._access_attr(obj, name, (), "_rpyc_getattr", "allow_getattr", getattr)
           ^^^^^^^^^^^^^^^^^^^^^^^^^^^^^^^^^^^^^^^^^^^^^^^^^^^^^^^^^^^^^^^^^^^^^^^^^^^
  File "C:\Users\awsch\miniconda3\envs\nsp\Lib\site-packages\rpyc\core\protocol.py", line 781, in _access_attr
    return accessor(obj, name, *args)
           ^^^^^^^^^^^^^^^^^^^^^^^^^^
AttributeError: 'list' object has no attribute 'sum'
2026-05-29 15:45:25.214 [   DEBUG] (         protocol.py: 363) Exception caught
Traceback (most recent call last):
  File "C:\Users\awsch\miniconda3\envs\nsp\Lib\site-packages\rpyc\core\protocol.py", line 356, in _dispatch_request
    res = self._HANDLERS[handler](self, *args)
          ^^^^^^^^^^^^^^^^^^^^^^^^^^^^^^^^^^^^
  File "C:\Users\awsch\miniconda3\envs\nsp\Lib\site-packages\rpyc\core\protocol.py", line 853, in _handle_getattr
    return self._access_attr(obj, name, (), "_rpyc_getattr", "allow_getattr", getattr)
           ^^^^^^^^^^^^^^^^^^^^^^^^^^^^^^^^^^^^^^^^^^^^^^^^^^^^^^^^^^^^^^^^^^^^^^^^^^^
  File "C:\Users\awsch\miniconda3\envs\nsp\Lib\site-packages\rpyc\core\protocol.py", line 781, in _access_attr
    return accessor(obj, name, *args)
           ^^^^^^^^^^^^^^^^^^^^^^^^^^
AttributeError: 'list' object has no attribute '__array__'
2026-05-29 15:45:25.232 [   DEBUG] (         protocol.py: 363) Exception caught
Traceback (most recent call last):
  File "C:\Users\awsch\miniconda3\envs\nsp\Lib\site-packages\rpyc\core\protocol.py", line 356, in _dispatch_request
    res = self._HANDLERS[handler](self, *args)
          ^^^^^^^^^^^^^^^^^^^^^^^^^^^^^^^^^^^^
  File "C:\Users\awsch\miniconda3\envs\nsp\Lib\site-packages\rpyc\core\protocol.py", line 853, in _handle_getattr
    return self._access_attr(obj, name, (), "_rpyc_getattr", "allow_getattr", getattr)
           ^^^^^^^^^^^^^^^^^^^^^^^^^^^^^^^^^^^^^^^^^^^^^^^^^^^^^^^^^^^^^^^^^^^^^^^^^^^
  File "C:\Users\awsch\miniconda3\envs\nsp\Lib\site-packages\rpyc\core\protocol.py", line 781, in _access_attr
    return accessor(obj, name, *args)
           ^^^^^^^^^^^^^^^^^^^^^^^^^^
AttributeError: 'list' object has no attribute '__array_wrap__'
2026-05-29 15:45:25.233 [   DEBUG] (         protocol.py: 363) Exception caught
Traceback (most recent call last):
  File "C:\Users\awsch\miniconda3\envs\nsp\Lib\site-packages\rpyc\core\protocol.py", line 356, in _dispatch_request
    res = self._HANDLERS[handler](self, *args)
          ^^^^^^^^^^^^^^^^^^^^^^^^^^^^^^^^^^^^
  File "C:\Users\awsch\miniconda3\envs\nsp\Lib\site-packages\rpyc\core\protocol.py", line 853, in _handle_getattr
    return self._access_attr(obj, name, (), "_rpyc_getattr", "allow_getattr", getattr)
           ^^^^^^^^^^^^^^^^^^^^^^^^^^^^^^^^^^^^^^^^^^^^^^^^^^^^^^^^^^^^^^^^^^^^^^^^^^^
  File "C:\Users\awsch\miniconda3\envs\nsp\Lib\site-packages\rpyc\core\protocol.py", line 781, in _access_attr
    return accessor(obj, name, *args)
           ^^^^^^^^^^^^^^^^^^^^^^^^^^
AttributeError: 'list' object has no attribute '__array_wrap__'
2026-05-29 15:45:25.235 [   DEBUG] (        highlevel.py: 186) viWrite(1, b'MEAS:POWER?\r\n', 13, 'c_ulong(13)') -> 0
2026-05-29 15:45:25.235 [   DEBUG] (     messagebased.py: 435) USB0::0x1313::0x8072::1916964::0::INSTR - reading 20480 bytes (last status <StatusCode.success_max_count_read: 1073676294>)
2026-05-29 15:45:25.238 [   DEBUG] (        highlevel.py: 186) viRead(1, <ctypes.c_char_Array_20480 object at 0x000001E05EA885D0>, 20480, 'c_ulong(15)') -> 0
2026-05-29 15:45:25.244 [   DEBUG] (        highlevel.py: 186) viWrite(2, b'FREQ 9440000000.00\r\n', 20, 'c_ulong(20)') -> 0
2026-05-29 15:45:26.328 [   DEBUG] (         protocol.py: 363) Exception caught
Traceback (most recent call last):
  File "C:\Users\awsch\miniconda3\envs\nsp\Lib\site-packages\rpyc\core\protocol.py", line 356, in _dispatch_request
    res = self._HANDLERS[handler](self, *args)
          ^^^^^^^^^^^^^^^^^^^^^^^^^^^^^^^^^^^^
  File "C:\Users\awsch\miniconda3\envs\nsp\Lib\site-packages\rpyc\core\protocol.py", line 853, in _handle_getattr
    return self._access_attr(obj, name, (), "_rpyc_getattr", "allow_getattr", getattr)
           ^^^^^^^^^^^^^^^^^^^^^^^^^^^^^^^^^^^^^^^^^^^^^^^^^^^^^^^^^^^^^^^^^^^^^^^^^^^
  File "C:\Users\awsch\miniconda3\envs\nsp\Lib\site-packages\rpyc\core\protocol.py", line 781, in _access_attr
    return accessor(obj, name, *args)
           ^^^^^^^^^^^^^^^^^^^^^^^^^^
AttributeError: 'list' object has no attribute 'sum'
2026-05-29 15:45:26.330 [   DEBUG] (         protocol.py: 363) Exception caught
Traceback (most recent call last):
  File "C:\Users\awsch\miniconda3\envs\nsp\Lib\site-packages\rpyc\core\protocol.py", line 356, in _dispatch_request
    res = self._HANDLERS[handler](self, *args)
          ^^^^^^^^^^^^^^^^^^^^^^^^^^^^^^^^^^^^
  File "C:\Users\awsch\miniconda3\envs\nsp\Lib\site-packages\rpyc\core\protocol.py", line 853, in _handle_getattr
    return self._access_attr(obj, name, (), "_rpyc_getattr", "allow_getattr", getattr)
           ^^^^^^^^^^^^^^^^^^^^^^^^^^^^^^^^^^^^^^^^^^^^^^^^^^^^^^^^^^^^^^^^^^^^^^^^^^^
  File "C:\Users\awsch\miniconda3\envs\nsp\Lib\site-packages\rpyc\core\protocol.py", line 781, in _access_attr
    return accessor(obj, name, *args)
           ^^^^^^^^^^^^^^^^^^^^^^^^^^
AttributeError: 'list' object has no attribute 'sum'
2026-05-29 15:45:26.330 [   DEBUG] (         protocol.py: 363) Exception caught
Traceback (most recent call last):
  File "C:\Users\awsch\miniconda3\envs\nsp\Lib\site-packages\rpyc\core\protocol.py", line 356, in _dispatch_request
    res = self._HANDLERS[handler](self, *args)
          ^^^^^^^^^^^^^^^^^^^^^^^^^^^^^^^^^^^^
  File "C:\Users\awsch\miniconda3\envs\nsp\Lib\site-packages\rpyc\core\protocol.py", line 853, in _handle_getattr
    return self._access_attr(obj, name, (), "_rpyc_getattr", "allow_getattr", getattr)
           ^^^^^^^^^^^^^^^^^^^^^^^^^^^^^^^^^^^^^^^^^^^^^^^^^^^^^^^^^^^^^^^^^^^^^^^^^^^
  File "C:\Users\awsch\miniconda3\envs\nsp\Lib\site-packages\rpyc\core\protocol.py", line 781, in _access_attr
    return accessor(obj, name, *args)
           ^^^^^^^^^^^^^^^^^^^^^^^^^^
AttributeError: 'list' object has no attribute '__array__'
2026-05-29 15:45:26.347 [   DEBUG] (         protocol.py: 363) Exception caught
Traceback (most recent call last):
  File "C:\Users\awsch\miniconda3\envs\nsp\Lib\site-packages\rpyc\core\protocol.py", line 356, in _dispatch_request
    res = self._HANDLERS[handler](self, *args)
          ^^^^^^^^^^^^^^^^^^^^^^^^^^^^^^^^^^^^
  File "C:\Users\awsch\miniconda3\envs\nsp\Lib\site-packages\rpyc\core\protocol.py", line 853, in _handle_getattr
    return self._access_attr(obj, name, (), "_rpyc_getattr", "allow_getattr", getattr)
           ^^^^^^^^^^^^^^^^^^^^^^^^^^^^^^^^^^^^^^^^^^^^^^^^^^^^^^^^^^^^^^^^^^^^^^^^^^^
  File "C:\Users\awsch\miniconda3\envs\nsp\Lib\site-packages\rpyc\core\protocol.py", line 781, in _access_attr
    return accessor(obj, name, *args)
           ^^^^^^^^^^^^^^^^^^^^^^^^^^
AttributeError: 'list' object has no attribute '__array_wrap__'
2026-05-29 15:45:26.349 [   DEBUG] (         protocol.py: 363) Exception caught
Traceback (most recent call last):
  File "C:\Users\awsch\miniconda3\envs\nsp\Lib\site-packages\rpyc\core\protocol.py", line 356, in _dispatch_request
    res = self._HANDLERS[handler](self, *args)
          ^^^^^^^^^^^^^^^^^^^^^^^^^^^^^^^^^^^^
  File "C:\Users\awsch\miniconda3\envs\nsp\Lib\site-packages\rpyc\core\protocol.py", line 853, in _handle_getattr
    return self._access_attr(obj, name, (), "_rpyc_getattr", "allow_getattr", getattr)
           ^^^^^^^^^^^^^^^^^^^^^^^^^^^^^^^^^^^^^^^^^^^^^^^^^^^^^^^^^^^^^^^^^^^^^^^^^^^
  File "C:\Users\awsch\miniconda3\envs\nsp\Lib\site-packages\rpyc\core\protocol.py", line 781, in _access_attr
    return accessor(obj, name, *args)
           ^^^^^^^^^^^^^^^^^^^^^^^^^^
AttributeError: 'list' object has no attribute '__array_wrap__'
2026-05-29 15:45:26.350 [   DEBUG] (         protocol.py: 363) Exception caught
Traceback (most recent call last):
  File "C:\Users\awsch\miniconda3\envs\nsp\Lib\site-packages\rpyc\core\protocol.py", line 356, in _dispatch_request
    res = self._HANDLERS[handler](self, *args)
          ^^^^^^^^^^^^^^^^^^^^^^^^^^^^^^^^^^^^
  File "C:\Users\awsch\miniconda3\envs\nsp\Lib\site-packages\rpyc\core\protocol.py", line 853, in _handle_getattr
    return self._access_attr(obj, name, (), "_rpyc_getattr", "allow_getattr", getattr)
           ^^^^^^^^^^^^^^^^^^^^^^^^^^^^^^^^^^^^^^^^^^^^^^^^^^^^^^^^^^^^^^^^^^^^^^^^^^^
  File "C:\Users\awsch\miniconda3\envs\nsp\Lib\site-packages\rpyc\core\protocol.py", line 781, in _access_attr
    return accessor(obj, name, *args)
           ^^^^^^^^^^^^^^^^^^^^^^^^^^
AttributeError: 'list' object has no attribute 'sum'
2026-05-29 15:45:26.351 [   DEBUG] (         protocol.py: 363) Exception caught
Traceback (most recent call last):
  File "C:\Users\awsch\miniconda3\envs\nsp\Lib\site-packages\rpyc\core\protocol.py", line 356, in _dispatch_request
    res = self._HANDLERS[handler](self, *args)
          ^^^^^^^^^^^^^^^^^^^^^^^^^^^^^^^^^^^^
  File "C:\Users\awsch\miniconda3\envs\nsp\Lib\site-packages\rpyc\core\protocol.py", line 853, in _handle_getattr
    return self._access_attr(obj, name, (), "_rpyc_getattr", "allow_getattr", getattr)
           ^^^^^^^^^^^^^^^^^^^^^^^^^^^^^^^^^^^^^^^^^^^^^^^^^^^^^^^^^^^^^^^^^^^^^^^^^^^
  File "C:\Users\awsch\miniconda3\envs\nsp\Lib\site-packages\rpyc\core\protocol.py", line 781, in _access_attr
    return accessor(obj, name, *args)
           ^^^^^^^^^^^^^^^^^^^^^^^^^^
AttributeError: 'list' object has no attribute 'sum'
2026-05-29 15:45:26.352 [   DEBUG] (         protocol.py: 363) Exception caught
Traceback (most recent call last):
  File "C:\Users\awsch\miniconda3\envs\nsp\Lib\site-packages\rpyc\core\protocol.py", line 356, in _dispatch_request
    res = self._HANDLERS[handler](self, *args)
          ^^^^^^^^^^^^^^^^^^^^^^^^^^^^^^^^^^^^
  File "C:\Users\awsch\miniconda3\envs\nsp\Lib\site-packages\rpyc\core\protocol.py", line 853, in _handle_getattr
    return self._access_attr(obj, name, (), "_rpyc_getattr", "allow_getattr", getattr)
           ^^^^^^^^^^^^^^^^^^^^^^^^^^^^^^^^^^^^^^^^^^^^^^^^^^^^^^^^^^^^^^^^^^^^^^^^^^^
  File "C:\Users\awsch\miniconda3\envs\nsp\Lib\site-packages\rpyc\core\protocol.py", line 781, in _access_attr
    return accessor(obj, name, *args)
           ^^^^^^^^^^^^^^^^^^^^^^^^^^
AttributeError: 'list' object has no attribute '__array__'
2026-05-29 15:45:26.369 [   DEBUG] (         protocol.py: 363) Exception caught
Traceback (most recent call last):
  File "C:\Users\awsch\miniconda3\envs\nsp\Lib\site-packages\rpyc\core\protocol.py", line 356, in _dispatch_request
    res = self._HANDLERS[handler](self, *args)
          ^^^^^^^^^^^^^^^^^^^^^^^^^^^^^^^^^^^^
  File "C:\Users\awsch\miniconda3\envs\nsp\Lib\site-packages\rpyc\core\protocol.py", line 853, in _handle_getattr
    return self._access_attr(obj, name, (), "_rpyc_getattr", "allow_getattr", getattr)
           ^^^^^^^^^^^^^^^^^^^^^^^^^^^^^^^^^^^^^^^^^^^^^^^^^^^^^^^^^^^^^^^^^^^^^^^^^^^
  File "C:\Users\awsch\miniconda3\envs\nsp\Lib\site-packages\rpyc\core\protocol.py", line 781, in _access_attr
    return accessor(obj, name, *args)
           ^^^^^^^^^^^^^^^^^^^^^^^^^^
AttributeError: 'list' object has no attribute '__array_wrap__'
2026-05-29 15:45:26.370 [   DEBUG] (         protocol.py: 363) Exception caught
Traceback (most recent call last):
  File "C:\Users\awsch\miniconda3\envs\nsp\Lib\site-packages\rpyc\core\protocol.py", line 356, in _dispatch_request
    res = self._HANDLERS[handler](self, *args)
          ^^^^^^^^^^^^^^^^^^^^^^^^^^^^^^^^^^^^
  File "C:\Users\awsch\miniconda3\envs\nsp\Lib\site-packages\rpyc\core\protocol.py", line 853, in _handle_getattr
    return self._access_attr(obj, name, (), "_rpyc_getattr", "allow_getattr", getattr)
           ^^^^^^^^^^^^^^^^^^^^^^^^^^^^^^^^^^^^^^^^^^^^^^^^^^^^^^^^^^^^^^^^^^^^^^^^^^^
  File "C:\Users\awsch\miniconda3\envs\nsp\Lib\site-packages\rpyc\core\protocol.py", line 781, in _access_attr
    return accessor(obj, name, *args)
           ^^^^^^^^^^^^^^^^^^^^^^^^^^
AttributeError: 'list' object has no attribute '__array_wrap__'
2026-05-29 15:45:26.372 [   DEBUG] (        highlevel.py: 186) viWrite(1, b'MEAS:POWER?\r\n', 13, 'c_ulong(13)') -> 0
2026-05-29 15:45:26.372 [   DEBUG] (     messagebased.py: 435) USB0::0x1313::0x8072::1916964::0::INSTR - reading 20480 bytes (last status <StatusCode.success_max_count_read: 1073676294>)
2026-05-29 15:45:26.375 [   DEBUG] (        highlevel.py: 186) viRead(1, <ctypes.c_char_Array_20480 object at 0x000001E05EA89AD0>, 20480, 'c_ulong(15)') -> 0
2026-05-29 15:45:26.380 [   DEBUG] (        highlevel.py: 186) viWrite(2, b'FREQ 9450000000.00\r\n', 20, 'c_ulong(20)') -> 0
2026-05-29 15:45:27.453 [   DEBUG] (         protocol.py: 363) Exception caught
Traceback (most recent call last):
  File "C:\Users\awsch\miniconda3\envs\nsp\Lib\site-packages\rpyc\core\protocol.py", line 356, in _dispatch_request
    res = self._HANDLERS[handler](self, *args)
          ^^^^^^^^^^^^^^^^^^^^^^^^^^^^^^^^^^^^
  File "C:\Users\awsch\miniconda3\envs\nsp\Lib\site-packages\rpyc\core\protocol.py", line 853, in _handle_getattr
    return self._access_attr(obj, name, (), "_rpyc_getattr", "allow_getattr", getattr)
           ^^^^^^^^^^^^^^^^^^^^^^^^^^^^^^^^^^^^^^^^^^^^^^^^^^^^^^^^^^^^^^^^^^^^^^^^^^^
  File "C:\Users\awsch\miniconda3\envs\nsp\Lib\site-packages\rpyc\core\protocol.py", line 781, in _access_attr
    return accessor(obj, name, *args)
           ^^^^^^^^^^^^^^^^^^^^^^^^^^
AttributeError: 'list' object has no attribute 'sum'
2026-05-29 15:45:27.454 [   DEBUG] (         protocol.py: 363) Exception caught
Traceback (most recent call last):
  File "C:\Users\awsch\miniconda3\envs\nsp\Lib\site-packages\rpyc\core\protocol.py", line 356, in _dispatch_request
    res = self._HANDLERS[handler](self, *args)
          ^^^^^^^^^^^^^^^^^^^^^^^^^^^^^^^^^^^^
  File "C:\Users\awsch\miniconda3\envs\nsp\Lib\site-packages\rpyc\core\protocol.py", line 853, in _handle_getattr
    return self._access_attr(obj, name, (), "_rpyc_getattr", "allow_getattr", getattr)
           ^^^^^^^^^^^^^^^^^^^^^^^^^^^^^^^^^^^^^^^^^^^^^^^^^^^^^^^^^^^^^^^^^^^^^^^^^^^
  File "C:\Users\awsch\miniconda3\envs\nsp\Lib\site-packages\rpyc\core\protocol.py", line 781, in _access_attr
    return accessor(obj, name, *args)
           ^^^^^^^^^^^^^^^^^^^^^^^^^^
AttributeError: 'list' object has no attribute 'sum'
2026-05-29 15:45:27.455 [   DEBUG] (         protocol.py: 363) Exception caught
Traceback (most recent call last):
  File "C:\Users\awsch\miniconda3\envs\nsp\Lib\site-packages\rpyc\core\protocol.py", line 356, in _dispatch_request
    res = self._HANDLERS[handler](self, *args)
          ^^^^^^^^^^^^^^^^^^^^^^^^^^^^^^^^^^^^
  File "C:\Users\awsch\miniconda3\envs\nsp\Lib\site-packages\rpyc\core\protocol.py", line 853, in _handle_getattr
    return self._access_attr(obj, name, (), "_rpyc_getattr", "allow_getattr", getattr)
           ^^^^^^^^^^^^^^^^^^^^^^^^^^^^^^^^^^^^^^^^^^^^^^^^^^^^^^^^^^^^^^^^^^^^^^^^^^^
  File "C:\Users\awsch\miniconda3\envs\nsp\Lib\site-packages\rpyc\core\protocol.py", line 781, in _access_attr
    return accessor(obj, name, *args)
           ^^^^^^^^^^^^^^^^^^^^^^^^^^
AttributeError: 'list' object has no attribute '__array__'
2026-05-29 15:45:27.474 [   DEBUG] (         protocol.py: 363) Exception caught
Traceback (most recent call last):
  File "C:\Users\awsch\miniconda3\envs\nsp\Lib\site-packages\rpyc\core\protocol.py", line 356, in _dispatch_request
    res = self._HANDLERS[handler](self, *args)
          ^^^^^^^^^^^^^^^^^^^^^^^^^^^^^^^^^^^^
  File "C:\Users\awsch\miniconda3\envs\nsp\Lib\site-packages\rpyc\core\protocol.py", line 853, in _handle_getattr
    return self._access_attr(obj, name, (), "_rpyc_getattr", "allow_getattr", getattr)
           ^^^^^^^^^^^^^^^^^^^^^^^^^^^^^^^^^^^^^^^^^^^^^^^^^^^^^^^^^^^^^^^^^^^^^^^^^^^
  File "C:\Users\awsch\miniconda3\envs\nsp\Lib\site-packages\rpyc\core\protocol.py", line 781, in _access_attr
    return accessor(obj, name, *args)
           ^^^^^^^^^^^^^^^^^^^^^^^^^^
AttributeError: 'list' object has no attribute '__array_wrap__'
2026-05-29 15:45:27.476 [   DEBUG] (         protocol.py: 363) Exception caught
Traceback (most recent call last):
  File "C:\Users\awsch\miniconda3\envs\nsp\Lib\site-packages\rpyc\core\protocol.py", line 356, in _dispatch_request
    res = self._HANDLERS[handler](self, *args)
          ^^^^^^^^^^^^^^^^^^^^^^^^^^^^^^^^^^^^
  File "C:\Users\awsch\miniconda3\envs\nsp\Lib\site-packages\rpyc\core\protocol.py", line 853, in _handle_getattr
    return self._access_attr(obj, name, (), "_rpyc_getattr", "allow_getattr", getattr)
           ^^^^^^^^^^^^^^^^^^^^^^^^^^^^^^^^^^^^^^^^^^^^^^^^^^^^^^^^^^^^^^^^^^^^^^^^^^^
  File "C:\Users\awsch\miniconda3\envs\nsp\Lib\site-packages\rpyc\core\protocol.py", line 781, in _access_attr
    return accessor(obj, name, *args)
           ^^^^^^^^^^^^^^^^^^^^^^^^^^
AttributeError: 'list' object has no attribute '__array_wrap__'
2026-05-29 15:45:27.477 [   DEBUG] (         protocol.py: 363) Exception caught
Traceback (most recent call last):
  File "C:\Users\awsch\miniconda3\envs\nsp\Lib\site-packages\rpyc\core\protocol.py", line 356, in _dispatch_request
    res = self._HANDLERS[handler](self, *args)
          ^^^^^^^^^^^^^^^^^^^^^^^^^^^^^^^^^^^^
  File "C:\Users\awsch\miniconda3\envs\nsp\Lib\site-packages\rpyc\core\protocol.py", line 853, in _handle_getattr
    return self._access_attr(obj, name, (), "_rpyc_getattr", "allow_getattr", getattr)
           ^^^^^^^^^^^^^^^^^^^^^^^^^^^^^^^^^^^^^^^^^^^^^^^^^^^^^^^^^^^^^^^^^^^^^^^^^^^
  File "C:\Users\awsch\miniconda3\envs\nsp\Lib\site-packages\rpyc\core\protocol.py", line 781, in _access_attr
    return accessor(obj, name, *args)
           ^^^^^^^^^^^^^^^^^^^^^^^^^^
AttributeError: 'list' object has no attribute 'sum'
2026-05-29 15:45:27.477 [   DEBUG] (         protocol.py: 363) Exception caught
Traceback (most recent call last):
  File "C:\Users\awsch\miniconda3\envs\nsp\Lib\site-packages\rpyc\core\protocol.py", line 356, in _dispatch_request
    res = self._HANDLERS[handler](self, *args)
          ^^^^^^^^^^^^^^^^^^^^^^^^^^^^^^^^^^^^
  File "C:\Users\awsch\miniconda3\envs\nsp\Lib\site-packages\rpyc\core\protocol.py", line 853, in _handle_getattr
    return self._access_attr(obj, name, (), "_rpyc_getattr", "allow_getattr", getattr)
           ^^^^^^^^^^^^^^^^^^^^^^^^^^^^^^^^^^^^^^^^^^^^^^^^^^^^^^^^^^^^^^^^^^^^^^^^^^^
  File "C:\Users\awsch\miniconda3\envs\nsp\Lib\site-packages\rpyc\core\protocol.py", line 781, in _access_attr
    return accessor(obj, name, *args)
           ^^^^^^^^^^^^^^^^^^^^^^^^^^
AttributeError: 'list' object has no attribute 'sum'
2026-05-29 15:45:27.478 [   DEBUG] (         protocol.py: 363) Exception caught
Traceback (most recent call last):
  File "C:\Users\awsch\miniconda3\envs\nsp\Lib\site-packages\rpyc\core\protocol.py", line 356, in _dispatch_request
    res = self._HANDLERS[handler](self, *args)
          ^^^^^^^^^^^^^^^^^^^^^^^^^^^^^^^^^^^^
  File "C:\Users\awsch\miniconda3\envs\nsp\Lib\site-packages\rpyc\core\protocol.py", line 853, in _handle_getattr
    return self._access_attr(obj, name, (), "_rpyc_getattr", "allow_getattr", getattr)
           ^^^^^^^^^^^^^^^^^^^^^^^^^^^^^^^^^^^^^^^^^^^^^^^^^^^^^^^^^^^^^^^^^^^^^^^^^^^
  File "C:\Users\awsch\miniconda3\envs\nsp\Lib\site-packages\rpyc\core\protocol.py", line 781, in _access_attr
    return accessor(obj, name, *args)
           ^^^^^^^^^^^^^^^^^^^^^^^^^^
AttributeError: 'list' object has no attribute '__array__'
2026-05-29 15:45:27.495 [   DEBUG] (         protocol.py: 363) Exception caught
Traceback (most recent call last):
  File "C:\Users\awsch\miniconda3\envs\nsp\Lib\site-packages\rpyc\core\protocol.py", line 356, in _dispatch_request
    res = self._HANDLERS[handler](self, *args)
          ^^^^^^^^^^^^^^^^^^^^^^^^^^^^^^^^^^^^
  File "C:\Users\awsch\miniconda3\envs\nsp\Lib\site-packages\rpyc\core\protocol.py", line 853, in _handle_getattr
    return self._access_attr(obj, name, (), "_rpyc_getattr", "allow_getattr", getattr)
           ^^^^^^^^^^^^^^^^^^^^^^^^^^^^^^^^^^^^^^^^^^^^^^^^^^^^^^^^^^^^^^^^^^^^^^^^^^^
  File "C:\Users\awsch\miniconda3\envs\nsp\Lib\site-packages\rpyc\core\protocol.py", line 781, in _access_attr
    return accessor(obj, name, *args)
           ^^^^^^^^^^^^^^^^^^^^^^^^^^
AttributeError: 'list' object has no attribute '__array_wrap__'
2026-05-29 15:45:27.496 [   DEBUG] (         protocol.py: 363) Exception caught
Traceback (most recent call last):
  File "C:\Users\awsch\miniconda3\envs\nsp\Lib\site-packages\rpyc\core\protocol.py", line 356, in _dispatch_request
    res = self._HANDLERS[handler](self, *args)
          ^^^^^^^^^^^^^^^^^^^^^^^^^^^^^^^^^^^^
  File "C:\Users\awsch\miniconda3\envs\nsp\Lib\site-packages\rpyc\core\protocol.py", line 853, in _handle_getattr
    return self._access_attr(obj, name, (), "_rpyc_getattr", "allow_getattr", getattr)
           ^^^^^^^^^^^^^^^^^^^^^^^^^^^^^^^^^^^^^^^^^^^^^^^^^^^^^^^^^^^^^^^^^^^^^^^^^^^
  File "C:\Users\awsch\miniconda3\envs\nsp\Lib\site-packages\rpyc\core\protocol.py", line 781, in _access_attr
    return accessor(obj, name, *args)
           ^^^^^^^^^^^^^^^^^^^^^^^^^^
AttributeError: 'list' object has no attribute '__array_wrap__'
2026-05-29 15:45:27.498 [   DEBUG] (        highlevel.py: 186) viWrite(1, b'MEAS:POWER?\r\n', 13, 'c_ulong(13)') -> 0
2026-05-29 15:45:27.498 [   DEBUG] (     messagebased.py: 435) USB0::0x1313::0x8072::1916964::0::INSTR - reading 20480 bytes (last status <StatusCode.success_max_count_read: 1073676294>)
2026-05-29 15:45:27.501 [   DEBUG] (        highlevel.py: 186) viRead(1, <ctypes.c_char_Array_20480 object at 0x000001E05EA892D0>, 20480, 'c_ulong(15)') -> 0
2026-05-29 15:45:27.506 [   DEBUG] (        highlevel.py: 186) viWrite(2, b'FREQ 9460000000.00\r\n', 20, 'c_ulong(20)') -> 0
2026-05-29 15:45:28.579 [   DEBUG] (         protocol.py: 363) Exception caught
Traceback (most recent call last):
  File "C:\Users\awsch\miniconda3\envs\nsp\Lib\site-packages\rpyc\core\protocol.py", line 356, in _dispatch_request
    res = self._HANDLERS[handler](self, *args)
          ^^^^^^^^^^^^^^^^^^^^^^^^^^^^^^^^^^^^
  File "C:\Users\awsch\miniconda3\envs\nsp\Lib\site-packages\rpyc\core\protocol.py", line 853, in _handle_getattr
    return self._access_attr(obj, name, (), "_rpyc_getattr", "allow_getattr", getattr)
           ^^^^^^^^^^^^^^^^^^^^^^^^^^^^^^^^^^^^^^^^^^^^^^^^^^^^^^^^^^^^^^^^^^^^^^^^^^^
  File "C:\Users\awsch\miniconda3\envs\nsp\Lib\site-packages\rpyc\core\protocol.py", line 781, in _access_attr
    return accessor(obj, name, *args)
           ^^^^^^^^^^^^^^^^^^^^^^^^^^
AttributeError: 'list' object has no attribute 'sum'
2026-05-29 15:45:28.580 [   DEBUG] (         protocol.py: 363) Exception caught
Traceback (most recent call last):
  File "C:\Users\awsch\miniconda3\envs\nsp\Lib\site-packages\rpyc\core\protocol.py", line 356, in _dispatch_request
    res = self._HANDLERS[handler](self, *args)
          ^^^^^^^^^^^^^^^^^^^^^^^^^^^^^^^^^^^^
  File "C:\Users\awsch\miniconda3\envs\nsp\Lib\site-packages\rpyc\core\protocol.py", line 853, in _handle_getattr
    return self._access_attr(obj, name, (), "_rpyc_getattr", "allow_getattr", getattr)
           ^^^^^^^^^^^^^^^^^^^^^^^^^^^^^^^^^^^^^^^^^^^^^^^^^^^^^^^^^^^^^^^^^^^^^^^^^^^
  File "C:\Users\awsch\miniconda3\envs\nsp\Lib\site-packages\rpyc\core\protocol.py", line 781, in _access_attr
    return accessor(obj, name, *args)
           ^^^^^^^^^^^^^^^^^^^^^^^^^^
AttributeError: 'list' object has no attribute 'sum'
2026-05-29 15:45:28.581 [   DEBUG] (         protocol.py: 363) Exception caught
Traceback (most recent call last):
  File "C:\Users\awsch\miniconda3\envs\nsp\Lib\site-packages\rpyc\core\protocol.py", line 356, in _dispatch_request
    res = self._HANDLERS[handler](self, *args)
          ^^^^^^^^^^^^^^^^^^^^^^^^^^^^^^^^^^^^
  File "C:\Users\awsch\miniconda3\envs\nsp\Lib\site-packages\rpyc\core\protocol.py", line 853, in _handle_getattr
    return self._access_attr(obj, name, (), "_rpyc_getattr", "allow_getattr", getattr)
           ^^^^^^^^^^^^^^^^^^^^^^^^^^^^^^^^^^^^^^^^^^^^^^^^^^^^^^^^^^^^^^^^^^^^^^^^^^^
  File "C:\Users\awsch\miniconda3\envs\nsp\Lib\site-packages\rpyc\core\protocol.py", line 781, in _access_attr
    return accessor(obj, name, *args)
           ^^^^^^^^^^^^^^^^^^^^^^^^^^
AttributeError: 'list' object has no attribute '__array__'
2026-05-29 15:45:28.598 [   DEBUG] (         protocol.py: 363) Exception caught
Traceback (most recent call last):
  File "C:\Users\awsch\miniconda3\envs\nsp\Lib\site-packages\rpyc\core\protocol.py", line 356, in _dispatch_request
    res = self._HANDLERS[handler](self, *args)
          ^^^^^^^^^^^^^^^^^^^^^^^^^^^^^^^^^^^^
  File "C:\Users\awsch\miniconda3\envs\nsp\Lib\site-packages\rpyc\core\protocol.py", line 853, in _handle_getattr
    return self._access_attr(obj, name, (), "_rpyc_getattr", "allow_getattr", getattr)
           ^^^^^^^^^^^^^^^^^^^^^^^^^^^^^^^^^^^^^^^^^^^^^^^^^^^^^^^^^^^^^^^^^^^^^^^^^^^
  File "C:\Users\awsch\miniconda3\envs\nsp\Lib\site-packages\rpyc\core\protocol.py", line 781, in _access_attr
    return accessor(obj, name, *args)
           ^^^^^^^^^^^^^^^^^^^^^^^^^^
AttributeError: 'list' object has no attribute '__array_wrap__'
2026-05-29 15:45:28.599 [   DEBUG] (         protocol.py: 363) Exception caught
Traceback (most recent call last):
  File "C:\Users\awsch\miniconda3\envs\nsp\Lib\site-packages\rpyc\core\protocol.py", line 356, in _dispatch_request
    res = self._HANDLERS[handler](self, *args)
          ^^^^^^^^^^^^^^^^^^^^^^^^^^^^^^^^^^^^
  File "C:\Users\awsch\miniconda3\envs\nsp\Lib\site-packages\rpyc\core\protocol.py", line 853, in _handle_getattr
    return self._access_attr(obj, name, (), "_rpyc_getattr", "allow_getattr", getattr)
           ^^^^^^^^^^^^^^^^^^^^^^^^^^^^^^^^^^^^^^^^^^^^^^^^^^^^^^^^^^^^^^^^^^^^^^^^^^^
  File "C:\Users\awsch\miniconda3\envs\nsp\Lib\site-packages\rpyc\core\protocol.py", line 781, in _access_attr
    return accessor(obj, name, *args)
           ^^^^^^^^^^^^^^^^^^^^^^^^^^
AttributeError: 'list' object has no attribute '__array_wrap__'
2026-05-29 15:45:28.600 [   DEBUG] (         protocol.py: 363) Exception caught
Traceback (most recent call last):
  File "C:\Users\awsch\miniconda3\envs\nsp\Lib\site-packages\rpyc\core\protocol.py", line 356, in _dispatch_request
    res = self._HANDLERS[handler](self, *args)
          ^^^^^^^^^^^^^^^^^^^^^^^^^^^^^^^^^^^^
  File "C:\Users\awsch\miniconda3\envs\nsp\Lib\site-packages\rpyc\core\protocol.py", line 853, in _handle_getattr
    return self._access_attr(obj, name, (), "_rpyc_getattr", "allow_getattr", getattr)
           ^^^^^^^^^^^^^^^^^^^^^^^^^^^^^^^^^^^^^^^^^^^^^^^^^^^^^^^^^^^^^^^^^^^^^^^^^^^
  File "C:\Users\awsch\miniconda3\envs\nsp\Lib\site-packages\rpyc\core\protocol.py", line 781, in _access_attr
    return accessor(obj, name, *args)
           ^^^^^^^^^^^^^^^^^^^^^^^^^^
AttributeError: 'list' object has no attribute 'sum'
2026-05-29 15:45:28.601 [   DEBUG] (         protocol.py: 363) Exception caught
Traceback (most recent call last):
  File "C:\Users\awsch\miniconda3\envs\nsp\Lib\site-packages\rpyc\core\protocol.py", line 356, in _dispatch_request
    res = self._HANDLERS[handler](self, *args)
          ^^^^^^^^^^^^^^^^^^^^^^^^^^^^^^^^^^^^
  File "C:\Users\awsch\miniconda3\envs\nsp\Lib\site-packages\rpyc\core\protocol.py", line 853, in _handle_getattr
    return self._access_attr(obj, name, (), "_rpyc_getattr", "allow_getattr", getattr)
           ^^^^^^^^^^^^^^^^^^^^^^^^^^^^^^^^^^^^^^^^^^^^^^^^^^^^^^^^^^^^^^^^^^^^^^^^^^^
  File "C:\Users\awsch\miniconda3\envs\nsp\Lib\site-packages\rpyc\core\protocol.py", line 781, in _access_attr
    return accessor(obj, name, *args)
           ^^^^^^^^^^^^^^^^^^^^^^^^^^
AttributeError: 'list' object has no attribute 'sum'
2026-05-29 15:45:28.602 [   DEBUG] (         protocol.py: 363) Exception caught
Traceback (most recent call last):
  File "C:\Users\awsch\miniconda3\envs\nsp\Lib\site-packages\rpyc\core\protocol.py", line 356, in _dispatch_request
    res = self._HANDLERS[handler](self, *args)
          ^^^^^^^^^^^^^^^^^^^^^^^^^^^^^^^^^^^^
  File "C:\Users\awsch\miniconda3\envs\nsp\Lib\site-packages\rpyc\core\protocol.py", line 853, in _handle_getattr
    return self._access_attr(obj, name, (), "_rpyc_getattr", "allow_getattr", getattr)
           ^^^^^^^^^^^^^^^^^^^^^^^^^^^^^^^^^^^^^^^^^^^^^^^^^^^^^^^^^^^^^^^^^^^^^^^^^^^
  File "C:\Users\awsch\miniconda3\envs\nsp\Lib\site-packages\rpyc\core\protocol.py", line 781, in _access_attr
    return accessor(obj, name, *args)
           ^^^^^^^^^^^^^^^^^^^^^^^^^^
AttributeError: 'list' object has no attribute '__array__'
2026-05-29 15:45:28.619 [   DEBUG] (         protocol.py: 363) Exception caught
Traceback (most recent call last):
  File "C:\Users\awsch\miniconda3\envs\nsp\Lib\site-packages\rpyc\core\protocol.py", line 356, in _dispatch_request
    res = self._HANDLERS[handler](self, *args)
          ^^^^^^^^^^^^^^^^^^^^^^^^^^^^^^^^^^^^
  File "C:\Users\awsch\miniconda3\envs\nsp\Lib\site-packages\rpyc\core\protocol.py", line 853, in _handle_getattr
    return self._access_attr(obj, name, (), "_rpyc_getattr", "allow_getattr", getattr)
           ^^^^^^^^^^^^^^^^^^^^^^^^^^^^^^^^^^^^^^^^^^^^^^^^^^^^^^^^^^^^^^^^^^^^^^^^^^^
  File "C:\Users\awsch\miniconda3\envs\nsp\Lib\site-packages\rpyc\core\protocol.py", line 781, in _access_attr
    return accessor(obj, name, *args)
           ^^^^^^^^^^^^^^^^^^^^^^^^^^
AttributeError: 'list' object has no attribute '__array_wrap__'
2026-05-29 15:45:28.620 [   DEBUG] (         protocol.py: 363) Exception caught
Traceback (most recent call last):
  File "C:\Users\awsch\miniconda3\envs\nsp\Lib\site-packages\rpyc\core\protocol.py", line 356, in _dispatch_request
    res = self._HANDLERS[handler](self, *args)
          ^^^^^^^^^^^^^^^^^^^^^^^^^^^^^^^^^^^^
  File "C:\Users\awsch\miniconda3\envs\nsp\Lib\site-packages\rpyc\core\protocol.py", line 853, in _handle_getattr
    return self._access_attr(obj, name, (), "_rpyc_getattr", "allow_getattr", getattr)
           ^^^^^^^^^^^^^^^^^^^^^^^^^^^^^^^^^^^^^^^^^^^^^^^^^^^^^^^^^^^^^^^^^^^^^^^^^^^
  File "C:\Users\awsch\miniconda3\envs\nsp\Lib\site-packages\rpyc\core\protocol.py", line 781, in _access_attr
    return accessor(obj, name, *args)
           ^^^^^^^^^^^^^^^^^^^^^^^^^^
AttributeError: 'list' object has no attribute '__array_wrap__'
2026-05-29 15:45:28.622 [   DEBUG] (        highlevel.py: 186) viWrite(1, b'MEAS:POWER?\r\n', 13, 'c_ulong(13)') -> 0
2026-05-29 15:45:28.622 [   DEBUG] (     messagebased.py: 435) USB0::0x1313::0x8072::1916964::0::INSTR - reading 20480 bytes (last status <StatusCode.success_max_count_read: 1073676294>)
2026-05-29 15:45:28.625 [   DEBUG] (        highlevel.py: 186) viRead(1, <ctypes.c_char_Array_20480 object at 0x000001E05EA89850>, 20480, 'c_ulong(15)') -> 0
2026-05-29 15:45:28.632 [   DEBUG] (        highlevel.py: 186) viWrite(2, b'FREQ 9470000000.00\r\n', 20, 'c_ulong(20)') -> 0
2026-05-29 15:45:29.705 [   DEBUG] (         protocol.py: 363) Exception caught
Traceback (most recent call last):
  File "C:\Users\awsch\miniconda3\envs\nsp\Lib\site-packages\rpyc\core\protocol.py", line 356, in _dispatch_request
    res = self._HANDLERS[handler](self, *args)
          ^^^^^^^^^^^^^^^^^^^^^^^^^^^^^^^^^^^^
  File "C:\Users\awsch\miniconda3\envs\nsp\Lib\site-packages\rpyc\core\protocol.py", line 853, in _handle_getattr
    return self._access_attr(obj, name, (), "_rpyc_getattr", "allow_getattr", getattr)
           ^^^^^^^^^^^^^^^^^^^^^^^^^^^^^^^^^^^^^^^^^^^^^^^^^^^^^^^^^^^^^^^^^^^^^^^^^^^
  File "C:\Users\awsch\miniconda3\envs\nsp\Lib\site-packages\rpyc\core\protocol.py", line 781, in _access_attr
    return accessor(obj, name, *args)
           ^^^^^^^^^^^^^^^^^^^^^^^^^^
AttributeError: 'list' object has no attribute 'sum'
2026-05-29 15:45:29.706 [   DEBUG] (         protocol.py: 363) Exception caught
Traceback (most recent call last):
  File "C:\Users\awsch\miniconda3\envs\nsp\Lib\site-packages\rpyc\core\protocol.py", line 356, in _dispatch_request
    res = self._HANDLERS[handler](self, *args)
          ^^^^^^^^^^^^^^^^^^^^^^^^^^^^^^^^^^^^
  File "C:\Users\awsch\miniconda3\envs\nsp\Lib\site-packages\rpyc\core\protocol.py", line 853, in _handle_getattr
    return self._access_attr(obj, name, (), "_rpyc_getattr", "allow_getattr", getattr)
           ^^^^^^^^^^^^^^^^^^^^^^^^^^^^^^^^^^^^^^^^^^^^^^^^^^^^^^^^^^^^^^^^^^^^^^^^^^^
  File "C:\Users\awsch\miniconda3\envs\nsp\Lib\site-packages\rpyc\core\protocol.py", line 781, in _access_attr
    return accessor(obj, name, *args)
           ^^^^^^^^^^^^^^^^^^^^^^^^^^
AttributeError: 'list' object has no attribute 'sum'
2026-05-29 15:45:29.707 [   DEBUG] (         protocol.py: 363) Exception caught
Traceback (most recent call last):
  File "C:\Users\awsch\miniconda3\envs\nsp\Lib\site-packages\rpyc\core\protocol.py", line 356, in _dispatch_request
    res = self._HANDLERS[handler](self, *args)
          ^^^^^^^^^^^^^^^^^^^^^^^^^^^^^^^^^^^^
  File "C:\Users\awsch\miniconda3\envs\nsp\Lib\site-packages\rpyc\core\protocol.py", line 853, in _handle_getattr
    return self._access_attr(obj, name, (), "_rpyc_getattr", "allow_getattr", getattr)
           ^^^^^^^^^^^^^^^^^^^^^^^^^^^^^^^^^^^^^^^^^^^^^^^^^^^^^^^^^^^^^^^^^^^^^^^^^^^
  File "C:\Users\awsch\miniconda3\envs\nsp\Lib\site-packages\rpyc\core\protocol.py", line 781, in _access_attr
    return accessor(obj, name, *args)
           ^^^^^^^^^^^^^^^^^^^^^^^^^^
AttributeError: 'list' object has no attribute '__array__'
2026-05-29 15:45:29.724 [   DEBUG] (         protocol.py: 363) Exception caught
Traceback (most recent call last):
  File "C:\Users\awsch\miniconda3\envs\nsp\Lib\site-packages\rpyc\core\protocol.py", line 356, in _dispatch_request
    res = self._HANDLERS[handler](self, *args)
          ^^^^^^^^^^^^^^^^^^^^^^^^^^^^^^^^^^^^
  File "C:\Users\awsch\miniconda3\envs\nsp\Lib\site-packages\rpyc\core\protocol.py", line 853, in _handle_getattr
    return self._access_attr(obj, name, (), "_rpyc_getattr", "allow_getattr", getattr)
           ^^^^^^^^^^^^^^^^^^^^^^^^^^^^^^^^^^^^^^^^^^^^^^^^^^^^^^^^^^^^^^^^^^^^^^^^^^^
  File "C:\Users\awsch\miniconda3\envs\nsp\Lib\site-packages\rpyc\core\protocol.py", line 781, in _access_attr
    return accessor(obj, name, *args)
           ^^^^^^^^^^^^^^^^^^^^^^^^^^
AttributeError: 'list' object has no attribute '__array_wrap__'
2026-05-29 15:45:29.725 [   DEBUG] (         protocol.py: 363) Exception caught
Traceback (most recent call last):
  File "C:\Users\awsch\miniconda3\envs\nsp\Lib\site-packages\rpyc\core\protocol.py", line 356, in _dispatch_request
    res = self._HANDLERS[handler](self, *args)
          ^^^^^^^^^^^^^^^^^^^^^^^^^^^^^^^^^^^^
  File "C:\Users\awsch\miniconda3\envs\nsp\Lib\site-packages\rpyc\core\protocol.py", line 853, in _handle_getattr
    return self._access_attr(obj, name, (), "_rpyc_getattr", "allow_getattr", getattr)
           ^^^^^^^^^^^^^^^^^^^^^^^^^^^^^^^^^^^^^^^^^^^^^^^^^^^^^^^^^^^^^^^^^^^^^^^^^^^
  File "C:\Users\awsch\miniconda3\envs\nsp\Lib\site-packages\rpyc\core\protocol.py", line 781, in _access_attr
    return accessor(obj, name, *args)
           ^^^^^^^^^^^^^^^^^^^^^^^^^^
AttributeError: 'list' object has no attribute '__array_wrap__'
2026-05-29 15:45:29.726 [   DEBUG] (         protocol.py: 363) Exception caught
Traceback (most recent call last):
  File "C:\Users\awsch\miniconda3\envs\nsp\Lib\site-packages\rpyc\core\protocol.py", line 356, in _dispatch_request
    res = self._HANDLERS[handler](self, *args)
          ^^^^^^^^^^^^^^^^^^^^^^^^^^^^^^^^^^^^
  File "C:\Users\awsch\miniconda3\envs\nsp\Lib\site-packages\rpyc\core\protocol.py", line 853, in _handle_getattr
    return self._access_attr(obj, name, (), "_rpyc_getattr", "allow_getattr", getattr)
           ^^^^^^^^^^^^^^^^^^^^^^^^^^^^^^^^^^^^^^^^^^^^^^^^^^^^^^^^^^^^^^^^^^^^^^^^^^^
  File "C:\Users\awsch\miniconda3\envs\nsp\Lib\site-packages\rpyc\core\protocol.py", line 781, in _access_attr
    return accessor(obj, name, *args)
           ^^^^^^^^^^^^^^^^^^^^^^^^^^
AttributeError: 'list' object has no attribute 'sum'
2026-05-29 15:45:29.727 [   DEBUG] (         protocol.py: 363) Exception caught
Traceback (most recent call last):
  File "C:\Users\awsch\miniconda3\envs\nsp\Lib\site-packages\rpyc\core\protocol.py", line 356, in _dispatch_request
    res = self._HANDLERS[handler](self, *args)
          ^^^^^^^^^^^^^^^^^^^^^^^^^^^^^^^^^^^^
  File "C:\Users\awsch\miniconda3\envs\nsp\Lib\site-packages\rpyc\core\protocol.py", line 853, in _handle_getattr
    return self._access_attr(obj, name, (), "_rpyc_getattr", "allow_getattr", getattr)
           ^^^^^^^^^^^^^^^^^^^^^^^^^^^^^^^^^^^^^^^^^^^^^^^^^^^^^^^^^^^^^^^^^^^^^^^^^^^
  File "C:\Users\awsch\miniconda3\envs\nsp\Lib\site-packages\rpyc\core\protocol.py", line 781, in _access_attr
    return accessor(obj, name, *args)
           ^^^^^^^^^^^^^^^^^^^^^^^^^^
AttributeError: 'list' object has no attribute 'sum'
2026-05-29 15:45:29.728 [   DEBUG] (         protocol.py: 363) Exception caught
Traceback (most recent call last):
  File "C:\Users\awsch\miniconda3\envs\nsp\Lib\site-packages\rpyc\core\protocol.py", line 356, in _dispatch_request
    res = self._HANDLERS[handler](self, *args)
          ^^^^^^^^^^^^^^^^^^^^^^^^^^^^^^^^^^^^
  File "C:\Users\awsch\miniconda3\envs\nsp\Lib\site-packages\rpyc\core\protocol.py", line 853, in _handle_getattr
    return self._access_attr(obj, name, (), "_rpyc_getattr", "allow_getattr", getattr)
           ^^^^^^^^^^^^^^^^^^^^^^^^^^^^^^^^^^^^^^^^^^^^^^^^^^^^^^^^^^^^^^^^^^^^^^^^^^^
  File "C:\Users\awsch\miniconda3\envs\nsp\Lib\site-packages\rpyc\core\protocol.py", line 781, in _access_attr
    return accessor(obj, name, *args)
           ^^^^^^^^^^^^^^^^^^^^^^^^^^
AttributeError: 'list' object has no attribute '__array__'
2026-05-29 15:45:29.746 [   DEBUG] (         protocol.py: 363) Exception caught
Traceback (most recent call last):
  File "C:\Users\awsch\miniconda3\envs\nsp\Lib\site-packages\rpyc\core\protocol.py", line 356, in _dispatch_request
    res = self._HANDLERS[handler](self, *args)
          ^^^^^^^^^^^^^^^^^^^^^^^^^^^^^^^^^^^^
  File "C:\Users\awsch\miniconda3\envs\nsp\Lib\site-packages\rpyc\core\protocol.py", line 853, in _handle_getattr
    return self._access_attr(obj, name, (), "_rpyc_getattr", "allow_getattr", getattr)
           ^^^^^^^^^^^^^^^^^^^^^^^^^^^^^^^^^^^^^^^^^^^^^^^^^^^^^^^^^^^^^^^^^^^^^^^^^^^
  File "C:\Users\awsch\miniconda3\envs\nsp\Lib\site-packages\rpyc\core\protocol.py", line 781, in _access_attr
    return accessor(obj, name, *args)
           ^^^^^^^^^^^^^^^^^^^^^^^^^^
AttributeError: 'list' object has no attribute '__array_wrap__'
2026-05-29 15:45:29.747 [   DEBUG] (         protocol.py: 363) Exception caught
Traceback (most recent call last):
  File "C:\Users\awsch\miniconda3\envs\nsp\Lib\site-packages\rpyc\core\protocol.py", line 356, in _dispatch_request
    res = self._HANDLERS[handler](self, *args)
          ^^^^^^^^^^^^^^^^^^^^^^^^^^^^^^^^^^^^
  File "C:\Users\awsch\miniconda3\envs\nsp\Lib\site-packages\rpyc\core\protocol.py", line 853, in _handle_getattr
    return self._access_attr(obj, name, (), "_rpyc_getattr", "allow_getattr", getattr)
           ^^^^^^^^^^^^^^^^^^^^^^^^^^^^^^^^^^^^^^^^^^^^^^^^^^^^^^^^^^^^^^^^^^^^^^^^^^^
  File "C:\Users\awsch\miniconda3\envs\nsp\Lib\site-packages\rpyc\core\protocol.py", line 781, in _access_attr
    return accessor(obj, name, *args)
           ^^^^^^^^^^^^^^^^^^^^^^^^^^
AttributeError: 'list' object has no attribute '__array_wrap__'
2026-05-29 15:45:29.748 [   DEBUG] (        highlevel.py: 186) viWrite(1, b'MEAS:POWER?\r\n', 13, 'c_ulong(13)') -> 0
2026-05-29 15:45:29.749 [   DEBUG] (     messagebased.py: 435) USB0::0x1313::0x8072::1916964::0::INSTR - reading 20480 bytes (last status <StatusCode.success_max_count_read: 1073676294>)
2026-05-29 15:45:29.751 [   DEBUG] (        highlevel.py: 186) viRead(1, <ctypes.c_char_Array_20480 object at 0x000001E05EA89B50>, 20480, 'c_ulong(15)') -> 0
2026-05-29 15:45:29.757 [   DEBUG] (        highlevel.py: 186) viWrite(2, b'FREQ 9480000000.00\r\n', 20, 'c_ulong(20)') -> 0
2026-05-29 15:45:30.844 [   DEBUG] (         protocol.py: 363) Exception caught
Traceback (most recent call last):
  File "C:\Users\awsch\miniconda3\envs\nsp\Lib\site-packages\rpyc\core\protocol.py", line 356, in _dispatch_request
    res = self._HANDLERS[handler](self, *args)
          ^^^^^^^^^^^^^^^^^^^^^^^^^^^^^^^^^^^^
  File "C:\Users\awsch\miniconda3\envs\nsp\Lib\site-packages\rpyc\core\protocol.py", line 853, in _handle_getattr
    return self._access_attr(obj, name, (), "_rpyc_getattr", "allow_getattr", getattr)
           ^^^^^^^^^^^^^^^^^^^^^^^^^^^^^^^^^^^^^^^^^^^^^^^^^^^^^^^^^^^^^^^^^^^^^^^^^^^
  File "C:\Users\awsch\miniconda3\envs\nsp\Lib\site-packages\rpyc\core\protocol.py", line 781, in _access_attr
    return accessor(obj, name, *args)
           ^^^^^^^^^^^^^^^^^^^^^^^^^^
AttributeError: 'list' object has no attribute 'sum'
2026-05-29 15:45:30.845 [   DEBUG] (         protocol.py: 363) Exception caught
Traceback (most recent call last):
  File "C:\Users\awsch\miniconda3\envs\nsp\Lib\site-packages\rpyc\core\protocol.py", line 356, in _dispatch_request
    res = self._HANDLERS[handler](self, *args)
          ^^^^^^^^^^^^^^^^^^^^^^^^^^^^^^^^^^^^
  File "C:\Users\awsch\miniconda3\envs\nsp\Lib\site-packages\rpyc\core\protocol.py", line 853, in _handle_getattr
    return self._access_attr(obj, name, (), "_rpyc_getattr", "allow_getattr", getattr)
           ^^^^^^^^^^^^^^^^^^^^^^^^^^^^^^^^^^^^^^^^^^^^^^^^^^^^^^^^^^^^^^^^^^^^^^^^^^^
  File "C:\Users\awsch\miniconda3\envs\nsp\Lib\site-packages\rpyc\core\protocol.py", line 781, in _access_attr
    return accessor(obj, name, *args)
           ^^^^^^^^^^^^^^^^^^^^^^^^^^
AttributeError: 'list' object has no attribute 'sum'
2026-05-29 15:45:30.846 [   DEBUG] (         protocol.py: 363) Exception caught
Traceback (most recent call last):
  File "C:\Users\awsch\miniconda3\envs\nsp\Lib\site-packages\rpyc\core\protocol.py", line 356, in _dispatch_request
    res = self._HANDLERS[handler](self, *args)
          ^^^^^^^^^^^^^^^^^^^^^^^^^^^^^^^^^^^^
  File "C:\Users\awsch\miniconda3\envs\nsp\Lib\site-packages\rpyc\core\protocol.py", line 853, in _handle_getattr
    return self._access_attr(obj, name, (), "_rpyc_getattr", "allow_getattr", getattr)
           ^^^^^^^^^^^^^^^^^^^^^^^^^^^^^^^^^^^^^^^^^^^^^^^^^^^^^^^^^^^^^^^^^^^^^^^^^^^
  File "C:\Users\awsch\miniconda3\envs\nsp\Lib\site-packages\rpyc\core\protocol.py", line 781, in _access_attr
    return accessor(obj, name, *args)
           ^^^^^^^^^^^^^^^^^^^^^^^^^^
AttributeError: 'list' object has no attribute '__array__'
2026-05-29 15:45:30.863 [   DEBUG] (         protocol.py: 363) Exception caught
Traceback (most recent call last):
  File "C:\Users\awsch\miniconda3\envs\nsp\Lib\site-packages\rpyc\core\protocol.py", line 356, in _dispatch_request
    res = self._HANDLERS[handler](self, *args)
          ^^^^^^^^^^^^^^^^^^^^^^^^^^^^^^^^^^^^
  File "C:\Users\awsch\miniconda3\envs\nsp\Lib\site-packages\rpyc\core\protocol.py", line 853, in _handle_getattr
    return self._access_attr(obj, name, (), "_rpyc_getattr", "allow_getattr", getattr)
           ^^^^^^^^^^^^^^^^^^^^^^^^^^^^^^^^^^^^^^^^^^^^^^^^^^^^^^^^^^^^^^^^^^^^^^^^^^^
  File "C:\Users\awsch\miniconda3\envs\nsp\Lib\site-packages\rpyc\core\protocol.py", line 781, in _access_attr
    return accessor(obj, name, *args)
           ^^^^^^^^^^^^^^^^^^^^^^^^^^
AttributeError: 'list' object has no attribute '__array_wrap__'
2026-05-29 15:45:30.864 [   DEBUG] (         protocol.py: 363) Exception caught
Traceback (most recent call last):
  File "C:\Users\awsch\miniconda3\envs\nsp\Lib\site-packages\rpyc\core\protocol.py", line 356, in _dispatch_request
    res = self._HANDLERS[handler](self, *args)
          ^^^^^^^^^^^^^^^^^^^^^^^^^^^^^^^^^^^^
  File "C:\Users\awsch\miniconda3\envs\nsp\Lib\site-packages\rpyc\core\protocol.py", line 853, in _handle_getattr
    return self._access_attr(obj, name, (), "_rpyc_getattr", "allow_getattr", getattr)
           ^^^^^^^^^^^^^^^^^^^^^^^^^^^^^^^^^^^^^^^^^^^^^^^^^^^^^^^^^^^^^^^^^^^^^^^^^^^
  File "C:\Users\awsch\miniconda3\envs\nsp\Lib\site-packages\rpyc\core\protocol.py", line 781, in _access_attr
    return accessor(obj, name, *args)
           ^^^^^^^^^^^^^^^^^^^^^^^^^^
AttributeError: 'list' object has no attribute '__array_wrap__'
2026-05-29 15:45:30.865 [   DEBUG] (         protocol.py: 363) Exception caught
Traceback (most recent call last):
  File "C:\Users\awsch\miniconda3\envs\nsp\Lib\site-packages\rpyc\core\protocol.py", line 356, in _dispatch_request
    res = self._HANDLERS[handler](self, *args)
          ^^^^^^^^^^^^^^^^^^^^^^^^^^^^^^^^^^^^
  File "C:\Users\awsch\miniconda3\envs\nsp\Lib\site-packages\rpyc\core\protocol.py", line 853, in _handle_getattr
    return self._access_attr(obj, name, (), "_rpyc_getattr", "allow_getattr", getattr)
           ^^^^^^^^^^^^^^^^^^^^^^^^^^^^^^^^^^^^^^^^^^^^^^^^^^^^^^^^^^^^^^^^^^^^^^^^^^^
  File "C:\Users\awsch\miniconda3\envs\nsp\Lib\site-packages\rpyc\core\protocol.py", line 781, in _access_attr
    return accessor(obj, name, *args)
           ^^^^^^^^^^^^^^^^^^^^^^^^^^
AttributeError: 'list' object has no attribute 'sum'
2026-05-29 15:45:30.866 [   DEBUG] (         protocol.py: 363) Exception caught
Traceback (most recent call last):
  File "C:\Users\awsch\miniconda3\envs\nsp\Lib\site-packages\rpyc\core\protocol.py", line 356, in _dispatch_request
    res = self._HANDLERS[handler](self, *args)
          ^^^^^^^^^^^^^^^^^^^^^^^^^^^^^^^^^^^^
  File "C:\Users\awsch\miniconda3\envs\nsp\Lib\site-packages\rpyc\core\protocol.py", line 853, in _handle_getattr
    return self._access_attr(obj, name, (), "_rpyc_getattr", "allow_getattr", getattr)
           ^^^^^^^^^^^^^^^^^^^^^^^^^^^^^^^^^^^^^^^^^^^^^^^^^^^^^^^^^^^^^^^^^^^^^^^^^^^
  File "C:\Users\awsch\miniconda3\envs\nsp\Lib\site-packages\rpyc\core\protocol.py", line 781, in _access_attr
    return accessor(obj, name, *args)
           ^^^^^^^^^^^^^^^^^^^^^^^^^^
AttributeError: 'list' object has no attribute 'sum'
2026-05-29 15:45:30.867 [   DEBUG] (         protocol.py: 363) Exception caught
Traceback (most recent call last):
  File "C:\Users\awsch\miniconda3\envs\nsp\Lib\site-packages\rpyc\core\protocol.py", line 356, in _dispatch_request
    res = self._HANDLERS[handler](self, *args)
          ^^^^^^^^^^^^^^^^^^^^^^^^^^^^^^^^^^^^
  File "C:\Users\awsch\miniconda3\envs\nsp\Lib\site-packages\rpyc\core\protocol.py", line 853, in _handle_getattr
    return self._access_attr(obj, name, (), "_rpyc_getattr", "allow_getattr", getattr)
           ^^^^^^^^^^^^^^^^^^^^^^^^^^^^^^^^^^^^^^^^^^^^^^^^^^^^^^^^^^^^^^^^^^^^^^^^^^^
  File "C:\Users\awsch\miniconda3\envs\nsp\Lib\site-packages\rpyc\core\protocol.py", line 781, in _access_attr
    return accessor(obj, name, *args)
           ^^^^^^^^^^^^^^^^^^^^^^^^^^
AttributeError: 'list' object has no attribute '__array__'
2026-05-29 15:45:30.884 [   DEBUG] (         protocol.py: 363) Exception caught
Traceback (most recent call last):
  File "C:\Users\awsch\miniconda3\envs\nsp\Lib\site-packages\rpyc\core\protocol.py", line 356, in _dispatch_request
    res = self._HANDLERS[handler](self, *args)
          ^^^^^^^^^^^^^^^^^^^^^^^^^^^^^^^^^^^^
  File "C:\Users\awsch\miniconda3\envs\nsp\Lib\site-packages\rpyc\core\protocol.py", line 853, in _handle_getattr
    return self._access_attr(obj, name, (), "_rpyc_getattr", "allow_getattr", getattr)
           ^^^^^^^^^^^^^^^^^^^^^^^^^^^^^^^^^^^^^^^^^^^^^^^^^^^^^^^^^^^^^^^^^^^^^^^^^^^
  File "C:\Users\awsch\miniconda3\envs\nsp\Lib\site-packages\rpyc\core\protocol.py", line 781, in _access_attr
    return accessor(obj, name, *args)
           ^^^^^^^^^^^^^^^^^^^^^^^^^^
AttributeError: 'list' object has no attribute '__array_wrap__'
2026-05-29 15:45:30.885 [   DEBUG] (         protocol.py: 363) Exception caught
Traceback (most recent call last):
  File "C:\Users\awsch\miniconda3\envs\nsp\Lib\site-packages\rpyc\core\protocol.py", line 356, in _dispatch_request
    res = self._HANDLERS[handler](self, *args)
          ^^^^^^^^^^^^^^^^^^^^^^^^^^^^^^^^^^^^
  File "C:\Users\awsch\miniconda3\envs\nsp\Lib\site-packages\rpyc\core\protocol.py", line 853, in _handle_getattr
    return self._access_attr(obj, name, (), "_rpyc_getattr", "allow_getattr", getattr)
           ^^^^^^^^^^^^^^^^^^^^^^^^^^^^^^^^^^^^^^^^^^^^^^^^^^^^^^^^^^^^^^^^^^^^^^^^^^^
  File "C:\Users\awsch\miniconda3\envs\nsp\Lib\site-packages\rpyc\core\protocol.py", line 781, in _access_attr
    return accessor(obj, name, *args)
           ^^^^^^^^^^^^^^^^^^^^^^^^^^
AttributeError: 'list' object has no attribute '__array_wrap__'
2026-05-29 15:45:30.887 [   DEBUG] (        highlevel.py: 186) viWrite(1, b'MEAS:POWER?\r\n', 13, 'c_ulong(13)') -> 0
2026-05-29 15:45:30.887 [   DEBUG] (     messagebased.py: 435) USB0::0x1313::0x8072::1916964::0::INSTR - reading 20480 bytes (last status <StatusCode.success_max_count_read: 1073676294>)
2026-05-29 15:45:30.889 [   DEBUG] (        highlevel.py: 186) viRead(1, <ctypes.c_char_Array_20480 object at 0x000001E05EA89150>, 20480, 'c_ulong(15)') -> 0
2026-05-29 15:45:30.895 [   DEBUG] (        highlevel.py: 186) viWrite(2, b'FREQ 9490000000.00\r\n', 20, 'c_ulong(20)') -> 0
2026-05-29 15:45:31.981 [   DEBUG] (         protocol.py: 363) Exception caught
Traceback (most recent call last):
  File "C:\Users\awsch\miniconda3\envs\nsp\Lib\site-packages\rpyc\core\protocol.py", line 356, in _dispatch_request
    res = self._HANDLERS[handler](self, *args)
          ^^^^^^^^^^^^^^^^^^^^^^^^^^^^^^^^^^^^
  File "C:\Users\awsch\miniconda3\envs\nsp\Lib\site-packages\rpyc\core\protocol.py", line 853, in _handle_getattr
    return self._access_attr(obj, name, (), "_rpyc_getattr", "allow_getattr", getattr)
           ^^^^^^^^^^^^^^^^^^^^^^^^^^^^^^^^^^^^^^^^^^^^^^^^^^^^^^^^^^^^^^^^^^^^^^^^^^^
  File "C:\Users\awsch\miniconda3\envs\nsp\Lib\site-packages\rpyc\core\protocol.py", line 781, in _access_attr
    return accessor(obj, name, *args)
           ^^^^^^^^^^^^^^^^^^^^^^^^^^
AttributeError: 'list' object has no attribute 'sum'
2026-05-29 15:45:31.982 [   DEBUG] (         protocol.py: 363) Exception caught
Traceback (most recent call last):
  File "C:\Users\awsch\miniconda3\envs\nsp\Lib\site-packages\rpyc\core\protocol.py", line 356, in _dispatch_request
    res = self._HANDLERS[handler](self, *args)
          ^^^^^^^^^^^^^^^^^^^^^^^^^^^^^^^^^^^^
  File "C:\Users\awsch\miniconda3\envs\nsp\Lib\site-packages\rpyc\core\protocol.py", line 853, in _handle_getattr
    return self._access_attr(obj, name, (), "_rpyc_getattr", "allow_getattr", getattr)
           ^^^^^^^^^^^^^^^^^^^^^^^^^^^^^^^^^^^^^^^^^^^^^^^^^^^^^^^^^^^^^^^^^^^^^^^^^^^
  File "C:\Users\awsch\miniconda3\envs\nsp\Lib\site-packages\rpyc\core\protocol.py", line 781, in _access_attr
    return accessor(obj, name, *args)
           ^^^^^^^^^^^^^^^^^^^^^^^^^^
AttributeError: 'list' object has no attribute 'sum'
2026-05-29 15:45:31.983 [   DEBUG] (         protocol.py: 363) Exception caught
Traceback (most recent call last):
  File "C:\Users\awsch\miniconda3\envs\nsp\Lib\site-packages\rpyc\core\protocol.py", line 356, in _dispatch_request
    res = self._HANDLERS[handler](self, *args)
          ^^^^^^^^^^^^^^^^^^^^^^^^^^^^^^^^^^^^
  File "C:\Users\awsch\miniconda3\envs\nsp\Lib\site-packages\rpyc\core\protocol.py", line 853, in _handle_getattr
    return self._access_attr(obj, name, (), "_rpyc_getattr", "allow_getattr", getattr)
           ^^^^^^^^^^^^^^^^^^^^^^^^^^^^^^^^^^^^^^^^^^^^^^^^^^^^^^^^^^^^^^^^^^^^^^^^^^^
  File "C:\Users\awsch\miniconda3\envs\nsp\Lib\site-packages\rpyc\core\protocol.py", line 781, in _access_attr
    return accessor(obj, name, *args)
           ^^^^^^^^^^^^^^^^^^^^^^^^^^
AttributeError: 'list' object has no attribute '__array__'
2026-05-29 15:45:32.001 [   DEBUG] (         protocol.py: 363) Exception caught
Traceback (most recent call last):
  File "C:\Users\awsch\miniconda3\envs\nsp\Lib\site-packages\rpyc\core\protocol.py", line 356, in _dispatch_request
    res = self._HANDLERS[handler](self, *args)
          ^^^^^^^^^^^^^^^^^^^^^^^^^^^^^^^^^^^^
  File "C:\Users\awsch\miniconda3\envs\nsp\Lib\site-packages\rpyc\core\protocol.py", line 853, in _handle_getattr
    return self._access_attr(obj, name, (), "_rpyc_getattr", "allow_getattr", getattr)
           ^^^^^^^^^^^^^^^^^^^^^^^^^^^^^^^^^^^^^^^^^^^^^^^^^^^^^^^^^^^^^^^^^^^^^^^^^^^
  File "C:\Users\awsch\miniconda3\envs\nsp\Lib\site-packages\rpyc\core\protocol.py", line 781, in _access_attr
    return accessor(obj, name, *args)
           ^^^^^^^^^^^^^^^^^^^^^^^^^^
AttributeError: 'list' object has no attribute '__array_wrap__'
2026-05-29 15:45:32.002 [   DEBUG] (         protocol.py: 363) Exception caught
Traceback (most recent call last):
  File "C:\Users\awsch\miniconda3\envs\nsp\Lib\site-packages\rpyc\core\protocol.py", line 356, in _dispatch_request
    res = self._HANDLERS[handler](self, *args)
          ^^^^^^^^^^^^^^^^^^^^^^^^^^^^^^^^^^^^
  File "C:\Users\awsch\miniconda3\envs\nsp\Lib\site-packages\rpyc\core\protocol.py", line 853, in _handle_getattr
    return self._access_attr(obj, name, (), "_rpyc_getattr", "allow_getattr", getattr)
           ^^^^^^^^^^^^^^^^^^^^^^^^^^^^^^^^^^^^^^^^^^^^^^^^^^^^^^^^^^^^^^^^^^^^^^^^^^^
  File "C:\Users\awsch\miniconda3\envs\nsp\Lib\site-packages\rpyc\core\protocol.py", line 781, in _access_attr
    return accessor(obj, name, *args)
           ^^^^^^^^^^^^^^^^^^^^^^^^^^
AttributeError: 'list' object has no attribute '__array_wrap__'
2026-05-29 15:45:32.003 [   DEBUG] (         protocol.py: 363) Exception caught
Traceback (most recent call last):
  File "C:\Users\awsch\miniconda3\envs\nsp\Lib\site-packages\rpyc\core\protocol.py", line 356, in _dispatch_request
    res = self._HANDLERS[handler](self, *args)
          ^^^^^^^^^^^^^^^^^^^^^^^^^^^^^^^^^^^^
  File "C:\Users\awsch\miniconda3\envs\nsp\Lib\site-packages\rpyc\core\protocol.py", line 853, in _handle_getattr
    return self._access_attr(obj, name, (), "_rpyc_getattr", "allow_getattr", getattr)
           ^^^^^^^^^^^^^^^^^^^^^^^^^^^^^^^^^^^^^^^^^^^^^^^^^^^^^^^^^^^^^^^^^^^^^^^^^^^
  File "C:\Users\awsch\miniconda3\envs\nsp\Lib\site-packages\rpyc\core\protocol.py", line 781, in _access_attr
    return accessor(obj, name, *args)
           ^^^^^^^^^^^^^^^^^^^^^^^^^^
AttributeError: 'list' object has no attribute 'sum'
2026-05-29 15:45:32.004 [   DEBUG] (         protocol.py: 363) Exception caught
Traceback (most recent call last):
  File "C:\Users\awsch\miniconda3\envs\nsp\Lib\site-packages\rpyc\core\protocol.py", line 356, in _dispatch_request
    res = self._HANDLERS[handler](self, *args)
          ^^^^^^^^^^^^^^^^^^^^^^^^^^^^^^^^^^^^
  File "C:\Users\awsch\miniconda3\envs\nsp\Lib\site-packages\rpyc\core\protocol.py", line 853, in _handle_getattr
    return self._access_attr(obj, name, (), "_rpyc_getattr", "allow_getattr", getattr)
           ^^^^^^^^^^^^^^^^^^^^^^^^^^^^^^^^^^^^^^^^^^^^^^^^^^^^^^^^^^^^^^^^^^^^^^^^^^^
  File "C:\Users\awsch\miniconda3\envs\nsp\Lib\site-packages\rpyc\core\protocol.py", line 781, in _access_attr
    return accessor(obj, name, *args)
           ^^^^^^^^^^^^^^^^^^^^^^^^^^
AttributeError: 'list' object has no attribute 'sum'
2026-05-29 15:45:32.005 [   DEBUG] (         protocol.py: 363) Exception caught
Traceback (most recent call last):
  File "C:\Users\awsch\miniconda3\envs\nsp\Lib\site-packages\rpyc\core\protocol.py", line 356, in _dispatch_request
    res = self._HANDLERS[handler](self, *args)
          ^^^^^^^^^^^^^^^^^^^^^^^^^^^^^^^^^^^^
  File "C:\Users\awsch\miniconda3\envs\nsp\Lib\site-packages\rpyc\core\protocol.py", line 853, in _handle_getattr
    return self._access_attr(obj, name, (), "_rpyc_getattr", "allow_getattr", getattr)
           ^^^^^^^^^^^^^^^^^^^^^^^^^^^^^^^^^^^^^^^^^^^^^^^^^^^^^^^^^^^^^^^^^^^^^^^^^^^
  File "C:\Users\awsch\miniconda3\envs\nsp\Lib\site-packages\rpyc\core\protocol.py", line 781, in _access_attr
    return accessor(obj, name, *args)
           ^^^^^^^^^^^^^^^^^^^^^^^^^^
AttributeError: 'list' object has no attribute '__array__'
2026-05-29 15:45:32.022 [   DEBUG] (         protocol.py: 363) Exception caught
Traceback (most recent call last):
  File "C:\Users\awsch\miniconda3\envs\nsp\Lib\site-packages\rpyc\core\protocol.py", line 356, in _dispatch_request
    res = self._HANDLERS[handler](self, *args)
          ^^^^^^^^^^^^^^^^^^^^^^^^^^^^^^^^^^^^
  File "C:\Users\awsch\miniconda3\envs\nsp\Lib\site-packages\rpyc\core\protocol.py", line 853, in _handle_getattr
    return self._access_attr(obj, name, (), "_rpyc_getattr", "allow_getattr", getattr)
           ^^^^^^^^^^^^^^^^^^^^^^^^^^^^^^^^^^^^^^^^^^^^^^^^^^^^^^^^^^^^^^^^^^^^^^^^^^^
  File "C:\Users\awsch\miniconda3\envs\nsp\Lib\site-packages\rpyc\core\protocol.py", line 781, in _access_attr
    return accessor(obj, name, *args)
           ^^^^^^^^^^^^^^^^^^^^^^^^^^
AttributeError: 'list' object has no attribute '__array_wrap__'
2026-05-29 15:45:32.023 [   DEBUG] (         protocol.py: 363) Exception caught
Traceback (most recent call last):
  File "C:\Users\awsch\miniconda3\envs\nsp\Lib\site-packages\rpyc\core\protocol.py", line 356, in _dispatch_request
    res = self._HANDLERS[handler](self, *args)
          ^^^^^^^^^^^^^^^^^^^^^^^^^^^^^^^^^^^^
  File "C:\Users\awsch\miniconda3\envs\nsp\Lib\site-packages\rpyc\core\protocol.py", line 853, in _handle_getattr
    return self._access_attr(obj, name, (), "_rpyc_getattr", "allow_getattr", getattr)
           ^^^^^^^^^^^^^^^^^^^^^^^^^^^^^^^^^^^^^^^^^^^^^^^^^^^^^^^^^^^^^^^^^^^^^^^^^^^
  File "C:\Users\awsch\miniconda3\envs\nsp\Lib\site-packages\rpyc\core\protocol.py", line 781, in _access_attr
    return accessor(obj, name, *args)
           ^^^^^^^^^^^^^^^^^^^^^^^^^^
AttributeError: 'list' object has no attribute '__array_wrap__'
2026-05-29 15:45:32.025 [   DEBUG] (        highlevel.py: 186) viWrite(1, b'MEAS:POWER?\r\n', 13, 'c_ulong(13)') -> 0
2026-05-29 15:45:32.026 [   DEBUG] (     messagebased.py: 435) USB0::0x1313::0x8072::1916964::0::INSTR - reading 20480 bytes (last status <StatusCode.success_max_count_read: 1073676294>)
2026-05-29 15:45:32.028 [   DEBUG] (        highlevel.py: 186) viRead(1, <ctypes.c_char_Array_20480 object at 0x000001E05EA89E50>, 20480, 'c_ulong(15)') -> 0
2026-05-29 15:45:32.033 [   DEBUG] (        highlevel.py: 186) viWrite(2, b'FREQ 9500000000.00\r\n', 20, 'c_ulong(20)') -> 0
2026-05-29 15:45:33.112 [   DEBUG] (         protocol.py: 363) Exception caught
Traceback (most recent call last):
  File "C:\Users\awsch\miniconda3\envs\nsp\Lib\site-packages\rpyc\core\protocol.py", line 356, in _dispatch_request
    res = self._HANDLERS[handler](self, *args)
          ^^^^^^^^^^^^^^^^^^^^^^^^^^^^^^^^^^^^
  File "C:\Users\awsch\miniconda3\envs\nsp\Lib\site-packages\rpyc\core\protocol.py", line 853, in _handle_getattr
    return self._access_attr(obj, name, (), "_rpyc_getattr", "allow_getattr", getattr)
           ^^^^^^^^^^^^^^^^^^^^^^^^^^^^^^^^^^^^^^^^^^^^^^^^^^^^^^^^^^^^^^^^^^^^^^^^^^^
  File "C:\Users\awsch\miniconda3\envs\nsp\Lib\site-packages\rpyc\core\protocol.py", line 781, in _access_attr
    return accessor(obj, name, *args)
           ^^^^^^^^^^^^^^^^^^^^^^^^^^
AttributeError: 'list' object has no attribute 'sum'
2026-05-29 15:45:33.113 [   DEBUG] (         protocol.py: 363) Exception caught
Traceback (most recent call last):
  File "C:\Users\awsch\miniconda3\envs\nsp\Lib\site-packages\rpyc\core\protocol.py", line 356, in _dispatch_request
    res = self._HANDLERS[handler](self, *args)
          ^^^^^^^^^^^^^^^^^^^^^^^^^^^^^^^^^^^^
  File "C:\Users\awsch\miniconda3\envs\nsp\Lib\site-packages\rpyc\core\protocol.py", line 853, in _handle_getattr
    return self._access_attr(obj, name, (), "_rpyc_getattr", "allow_getattr", getattr)
           ^^^^^^^^^^^^^^^^^^^^^^^^^^^^^^^^^^^^^^^^^^^^^^^^^^^^^^^^^^^^^^^^^^^^^^^^^^^
  File "C:\Users\awsch\miniconda3\envs\nsp\Lib\site-packages\rpyc\core\protocol.py", line 781, in _access_attr
    return accessor(obj, name, *args)
           ^^^^^^^^^^^^^^^^^^^^^^^^^^
AttributeError: 'list' object has no attribute 'sum'
2026-05-29 15:45:33.114 [   DEBUG] (         protocol.py: 363) Exception caught
Traceback (most recent call last):
  File "C:\Users\awsch\miniconda3\envs\nsp\Lib\site-packages\rpyc\core\protocol.py", line 356, in _dispatch_request
    res = self._HANDLERS[handler](self, *args)
          ^^^^^^^^^^^^^^^^^^^^^^^^^^^^^^^^^^^^
  File "C:\Users\awsch\miniconda3\envs\nsp\Lib\site-packages\rpyc\core\protocol.py", line 853, in _handle_getattr
    return self._access_attr(obj, name, (), "_rpyc_getattr", "allow_getattr", getattr)
           ^^^^^^^^^^^^^^^^^^^^^^^^^^^^^^^^^^^^^^^^^^^^^^^^^^^^^^^^^^^^^^^^^^^^^^^^^^^
  File "C:\Users\awsch\miniconda3\envs\nsp\Lib\site-packages\rpyc\core\protocol.py", line 781, in _access_attr
    return accessor(obj, name, *args)
           ^^^^^^^^^^^^^^^^^^^^^^^^^^
AttributeError: 'list' object has no attribute '__array__'
2026-05-29 15:45:33.131 [   DEBUG] (         protocol.py: 363) Exception caught
Traceback (most recent call last):
  File "C:\Users\awsch\miniconda3\envs\nsp\Lib\site-packages\rpyc\core\protocol.py", line 356, in _dispatch_request
    res = self._HANDLERS[handler](self, *args)
          ^^^^^^^^^^^^^^^^^^^^^^^^^^^^^^^^^^^^
  File "C:\Users\awsch\miniconda3\envs\nsp\Lib\site-packages\rpyc\core\protocol.py", line 853, in _handle_getattr
    return self._access_attr(obj, name, (), "_rpyc_getattr", "allow_getattr", getattr)
           ^^^^^^^^^^^^^^^^^^^^^^^^^^^^^^^^^^^^^^^^^^^^^^^^^^^^^^^^^^^^^^^^^^^^^^^^^^^
  File "C:\Users\awsch\miniconda3\envs\nsp\Lib\site-packages\rpyc\core\protocol.py", line 781, in _access_attr
    return accessor(obj, name, *args)
           ^^^^^^^^^^^^^^^^^^^^^^^^^^
AttributeError: 'list' object has no attribute '__array_wrap__'
2026-05-29 15:45:33.132 [   DEBUG] (         protocol.py: 363) Exception caught
Traceback (most recent call last):
  File "C:\Users\awsch\miniconda3\envs\nsp\Lib\site-packages\rpyc\core\protocol.py", line 356, in _dispatch_request
    res = self._HANDLERS[handler](self, *args)
          ^^^^^^^^^^^^^^^^^^^^^^^^^^^^^^^^^^^^
  File "C:\Users\awsch\miniconda3\envs\nsp\Lib\site-packages\rpyc\core\protocol.py", line 853, in _handle_getattr
    return self._access_attr(obj, name, (), "_rpyc_getattr", "allow_getattr", getattr)
           ^^^^^^^^^^^^^^^^^^^^^^^^^^^^^^^^^^^^^^^^^^^^^^^^^^^^^^^^^^^^^^^^^^^^^^^^^^^
  File "C:\Users\awsch\miniconda3\envs\nsp\Lib\site-packages\rpyc\core\protocol.py", line 781, in _access_attr
    return accessor(obj, name, *args)
           ^^^^^^^^^^^^^^^^^^^^^^^^^^
AttributeError: 'list' object has no attribute '__array_wrap__'
2026-05-29 15:45:33.133 [   DEBUG] (         protocol.py: 363) Exception caught
Traceback (most recent call last):
  File "C:\Users\awsch\miniconda3\envs\nsp\Lib\site-packages\rpyc\core\protocol.py", line 356, in _dispatch_request
    res = self._HANDLERS[handler](self, *args)
          ^^^^^^^^^^^^^^^^^^^^^^^^^^^^^^^^^^^^
  File "C:\Users\awsch\miniconda3\envs\nsp\Lib\site-packages\rpyc\core\protocol.py", line 853, in _handle_getattr
    return self._access_attr(obj, name, (), "_rpyc_getattr", "allow_getattr", getattr)
           ^^^^^^^^^^^^^^^^^^^^^^^^^^^^^^^^^^^^^^^^^^^^^^^^^^^^^^^^^^^^^^^^^^^^^^^^^^^
  File "C:\Users\awsch\miniconda3\envs\nsp\Lib\site-packages\rpyc\core\protocol.py", line 781, in _access_attr
    return accessor(obj, name, *args)
           ^^^^^^^^^^^^^^^^^^^^^^^^^^
AttributeError: 'list' object has no attribute 'sum'
2026-05-29 15:45:33.134 [   DEBUG] (         protocol.py: 363) Exception caught
Traceback (most recent call last):
  File "C:\Users\awsch\miniconda3\envs\nsp\Lib\site-packages\rpyc\core\protocol.py", line 356, in _dispatch_request
    res = self._HANDLERS[handler](self, *args)
          ^^^^^^^^^^^^^^^^^^^^^^^^^^^^^^^^^^^^
  File "C:\Users\awsch\miniconda3\envs\nsp\Lib\site-packages\rpyc\core\protocol.py", line 853, in _handle_getattr
    return self._access_attr(obj, name, (), "_rpyc_getattr", "allow_getattr", getattr)
           ^^^^^^^^^^^^^^^^^^^^^^^^^^^^^^^^^^^^^^^^^^^^^^^^^^^^^^^^^^^^^^^^^^^^^^^^^^^
  File "C:\Users\awsch\miniconda3\envs\nsp\Lib\site-packages\rpyc\core\protocol.py", line 781, in _access_attr
    return accessor(obj, name, *args)
           ^^^^^^^^^^^^^^^^^^^^^^^^^^
AttributeError: 'list' object has no attribute 'sum'
2026-05-29 15:45:33.135 [   DEBUG] (         protocol.py: 363) Exception caught
Traceback (most recent call last):
  File "C:\Users\awsch\miniconda3\envs\nsp\Lib\site-packages\rpyc\core\protocol.py", line 356, in _dispatch_request
    res = self._HANDLERS[handler](self, *args)
          ^^^^^^^^^^^^^^^^^^^^^^^^^^^^^^^^^^^^
  File "C:\Users\awsch\miniconda3\envs\nsp\Lib\site-packages\rpyc\core\protocol.py", line 853, in _handle_getattr
    return self._access_attr(obj, name, (), "_rpyc_getattr", "allow_getattr", getattr)
           ^^^^^^^^^^^^^^^^^^^^^^^^^^^^^^^^^^^^^^^^^^^^^^^^^^^^^^^^^^^^^^^^^^^^^^^^^^^
  File "C:\Users\awsch\miniconda3\envs\nsp\Lib\site-packages\rpyc\core\protocol.py", line 781, in _access_attr
    return accessor(obj, name, *args)
           ^^^^^^^^^^^^^^^^^^^^^^^^^^
AttributeError: 'list' object has no attribute '__array__'
2026-05-29 15:45:33.152 [   DEBUG] (         protocol.py: 363) Exception caught
Traceback (most recent call last):
  File "C:\Users\awsch\miniconda3\envs\nsp\Lib\site-packages\rpyc\core\protocol.py", line 356, in _dispatch_request
    res = self._HANDLERS[handler](self, *args)
          ^^^^^^^^^^^^^^^^^^^^^^^^^^^^^^^^^^^^
  File "C:\Users\awsch\miniconda3\envs\nsp\Lib\site-packages\rpyc\core\protocol.py", line 853, in _handle_getattr
    return self._access_attr(obj, name, (), "_rpyc_getattr", "allow_getattr", getattr)
           ^^^^^^^^^^^^^^^^^^^^^^^^^^^^^^^^^^^^^^^^^^^^^^^^^^^^^^^^^^^^^^^^^^^^^^^^^^^
  File "C:\Users\awsch\miniconda3\envs\nsp\Lib\site-packages\rpyc\core\protocol.py", line 781, in _access_attr
    return accessor(obj, name, *args)
           ^^^^^^^^^^^^^^^^^^^^^^^^^^
AttributeError: 'list' object has no attribute '__array_wrap__'
2026-05-29 15:45:33.153 [   DEBUG] (         protocol.py: 363) Exception caught
Traceback (most recent call last):
  File "C:\Users\awsch\miniconda3\envs\nsp\Lib\site-packages\rpyc\core\protocol.py", line 356, in _dispatch_request
    res = self._HANDLERS[handler](self, *args)
          ^^^^^^^^^^^^^^^^^^^^^^^^^^^^^^^^^^^^
  File "C:\Users\awsch\miniconda3\envs\nsp\Lib\site-packages\rpyc\core\protocol.py", line 853, in _handle_getattr
    return self._access_attr(obj, name, (), "_rpyc_getattr", "allow_getattr", getattr)
           ^^^^^^^^^^^^^^^^^^^^^^^^^^^^^^^^^^^^^^^^^^^^^^^^^^^^^^^^^^^^^^^^^^^^^^^^^^^
  File "C:\Users\awsch\miniconda3\envs\nsp\Lib\site-packages\rpyc\core\protocol.py", line 781, in _access_attr
    return accessor(obj, name, *args)
           ^^^^^^^^^^^^^^^^^^^^^^^^^^
AttributeError: 'list' object has no attribute '__array_wrap__'
2026-05-29 15:45:33.155 [   DEBUG] (        highlevel.py: 186) viWrite(1, b'MEAS:POWER?\r\n', 13, 'c_ulong(13)') -> 0
2026-05-29 15:45:33.156 [   DEBUG] (     messagebased.py: 435) USB0::0x1313::0x8072::1916964::0::INSTR - reading 20480 bytes (last status <StatusCode.success_max_count_read: 1073676294>)
2026-05-29 15:45:33.158 [   DEBUG] (        highlevel.py: 186) viRead(1, <ctypes.c_char_Array_20480 object at 0x000001E05EA89BD0>, 20480, 'c_ulong(15)') -> 0
2026-05-29 15:45:33.164 [   DEBUG] (        highlevel.py: 186) viWrite(2, b'FREQ 9510000000.00\r\n', 20, 'c_ulong(20)') -> 0
2026-05-29 15:45:34.243 [   DEBUG] (         protocol.py: 363) Exception caught
Traceback (most recent call last):
  File "C:\Users\awsch\miniconda3\envs\nsp\Lib\site-packages\rpyc\core\protocol.py", line 356, in _dispatch_request
    res = self._HANDLERS[handler](self, *args)
          ^^^^^^^^^^^^^^^^^^^^^^^^^^^^^^^^^^^^
  File "C:\Users\awsch\miniconda3\envs\nsp\Lib\site-packages\rpyc\core\protocol.py", line 853, in _handle_getattr
    return self._access_attr(obj, name, (), "_rpyc_getattr", "allow_getattr", getattr)
           ^^^^^^^^^^^^^^^^^^^^^^^^^^^^^^^^^^^^^^^^^^^^^^^^^^^^^^^^^^^^^^^^^^^^^^^^^^^
  File "C:\Users\awsch\miniconda3\envs\nsp\Lib\site-packages\rpyc\core\protocol.py", line 781, in _access_attr
    return accessor(obj, name, *args)
           ^^^^^^^^^^^^^^^^^^^^^^^^^^
AttributeError: 'list' object has no attribute 'sum'
2026-05-29 15:45:34.244 [   DEBUG] (         protocol.py: 363) Exception caught
Traceback (most recent call last):
  File "C:\Users\awsch\miniconda3\envs\nsp\Lib\site-packages\rpyc\core\protocol.py", line 356, in _dispatch_request
    res = self._HANDLERS[handler](self, *args)
          ^^^^^^^^^^^^^^^^^^^^^^^^^^^^^^^^^^^^
  File "C:\Users\awsch\miniconda3\envs\nsp\Lib\site-packages\rpyc\core\protocol.py", line 853, in _handle_getattr
    return self._access_attr(obj, name, (), "_rpyc_getattr", "allow_getattr", getattr)
           ^^^^^^^^^^^^^^^^^^^^^^^^^^^^^^^^^^^^^^^^^^^^^^^^^^^^^^^^^^^^^^^^^^^^^^^^^^^
  File "C:\Users\awsch\miniconda3\envs\nsp\Lib\site-packages\rpyc\core\protocol.py", line 781, in _access_attr
    return accessor(obj, name, *args)
           ^^^^^^^^^^^^^^^^^^^^^^^^^^
AttributeError: 'list' object has no attribute 'sum'
2026-05-29 15:45:34.245 [   DEBUG] (         protocol.py: 363) Exception caught
Traceback (most recent call last):
  File "C:\Users\awsch\miniconda3\envs\nsp\Lib\site-packages\rpyc\core\protocol.py", line 356, in _dispatch_request
    res = self._HANDLERS[handler](self, *args)
          ^^^^^^^^^^^^^^^^^^^^^^^^^^^^^^^^^^^^
  File "C:\Users\awsch\miniconda3\envs\nsp\Lib\site-packages\rpyc\core\protocol.py", line 853, in _handle_getattr
    return self._access_attr(obj, name, (), "_rpyc_getattr", "allow_getattr", getattr)
           ^^^^^^^^^^^^^^^^^^^^^^^^^^^^^^^^^^^^^^^^^^^^^^^^^^^^^^^^^^^^^^^^^^^^^^^^^^^
  File "C:\Users\awsch\miniconda3\envs\nsp\Lib\site-packages\rpyc\core\protocol.py", line 781, in _access_attr
    return accessor(obj, name, *args)
           ^^^^^^^^^^^^^^^^^^^^^^^^^^
AttributeError: 'list' object has no attribute '__array__'
2026-05-29 15:45:34.264 [   DEBUG] (         protocol.py: 363) Exception caught
Traceback (most recent call last):
  File "C:\Users\awsch\miniconda3\envs\nsp\Lib\site-packages\rpyc\core\protocol.py", line 356, in _dispatch_request
    res = self._HANDLERS[handler](self, *args)
          ^^^^^^^^^^^^^^^^^^^^^^^^^^^^^^^^^^^^
  File "C:\Users\awsch\miniconda3\envs\nsp\Lib\site-packages\rpyc\core\protocol.py", line 853, in _handle_getattr
    return self._access_attr(obj, name, (), "_rpyc_getattr", "allow_getattr", getattr)
           ^^^^^^^^^^^^^^^^^^^^^^^^^^^^^^^^^^^^^^^^^^^^^^^^^^^^^^^^^^^^^^^^^^^^^^^^^^^
  File "C:\Users\awsch\miniconda3\envs\nsp\Lib\site-packages\rpyc\core\protocol.py", line 781, in _access_attr
    return accessor(obj, name, *args)
           ^^^^^^^^^^^^^^^^^^^^^^^^^^
AttributeError: 'list' object has no attribute '__array_wrap__'
2026-05-29 15:45:34.265 [   DEBUG] (         protocol.py: 363) Exception caught
Traceback (most recent call last):
  File "C:\Users\awsch\miniconda3\envs\nsp\Lib\site-packages\rpyc\core\protocol.py", line 356, in _dispatch_request
    res = self._HANDLERS[handler](self, *args)
          ^^^^^^^^^^^^^^^^^^^^^^^^^^^^^^^^^^^^
  File "C:\Users\awsch\miniconda3\envs\nsp\Lib\site-packages\rpyc\core\protocol.py", line 853, in _handle_getattr
    return self._access_attr(obj, name, (), "_rpyc_getattr", "allow_getattr", getattr)
           ^^^^^^^^^^^^^^^^^^^^^^^^^^^^^^^^^^^^^^^^^^^^^^^^^^^^^^^^^^^^^^^^^^^^^^^^^^^
  File "C:\Users\awsch\miniconda3\envs\nsp\Lib\site-packages\rpyc\core\protocol.py", line 781, in _access_attr
    return accessor(obj, name, *args)
           ^^^^^^^^^^^^^^^^^^^^^^^^^^
AttributeError: 'list' object has no attribute '__array_wrap__'
2026-05-29 15:45:34.266 [   DEBUG] (         protocol.py: 363) Exception caught
Traceback (most recent call last):
  File "C:\Users\awsch\miniconda3\envs\nsp\Lib\site-packages\rpyc\core\protocol.py", line 356, in _dispatch_request
    res = self._HANDLERS[handler](self, *args)
          ^^^^^^^^^^^^^^^^^^^^^^^^^^^^^^^^^^^^
  File "C:\Users\awsch\miniconda3\envs\nsp\Lib\site-packages\rpyc\core\protocol.py", line 853, in _handle_getattr
    return self._access_attr(obj, name, (), "_rpyc_getattr", "allow_getattr", getattr)
           ^^^^^^^^^^^^^^^^^^^^^^^^^^^^^^^^^^^^^^^^^^^^^^^^^^^^^^^^^^^^^^^^^^^^^^^^^^^
  File "C:\Users\awsch\miniconda3\envs\nsp\Lib\site-packages\rpyc\core\protocol.py", line 781, in _access_attr
    return accessor(obj, name, *args)
           ^^^^^^^^^^^^^^^^^^^^^^^^^^
AttributeError: 'list' object has no attribute 'sum'
2026-05-29 15:45:34.267 [   DEBUG] (         protocol.py: 363) Exception caught
Traceback (most recent call last):
  File "C:\Users\awsch\miniconda3\envs\nsp\Lib\site-packages\rpyc\core\protocol.py", line 356, in _dispatch_request
    res = self._HANDLERS[handler](self, *args)
          ^^^^^^^^^^^^^^^^^^^^^^^^^^^^^^^^^^^^
  File "C:\Users\awsch\miniconda3\envs\nsp\Lib\site-packages\rpyc\core\protocol.py", line 853, in _handle_getattr
    return self._access_attr(obj, name, (), "_rpyc_getattr", "allow_getattr", getattr)
           ^^^^^^^^^^^^^^^^^^^^^^^^^^^^^^^^^^^^^^^^^^^^^^^^^^^^^^^^^^^^^^^^^^^^^^^^^^^
  File "C:\Users\awsch\miniconda3\envs\nsp\Lib\site-packages\rpyc\core\protocol.py", line 781, in _access_attr
    return accessor(obj, name, *args)
           ^^^^^^^^^^^^^^^^^^^^^^^^^^
AttributeError: 'list' object has no attribute 'sum'
2026-05-29 15:45:34.268 [   DEBUG] (         protocol.py: 363) Exception caught
Traceback (most recent call last):
  File "C:\Users\awsch\miniconda3\envs\nsp\Lib\site-packages\rpyc\core\protocol.py", line 356, in _dispatch_request
    res = self._HANDLERS[handler](self, *args)
          ^^^^^^^^^^^^^^^^^^^^^^^^^^^^^^^^^^^^
  File "C:\Users\awsch\miniconda3\envs\nsp\Lib\site-packages\rpyc\core\protocol.py", line 853, in _handle_getattr
    return self._access_attr(obj, name, (), "_rpyc_getattr", "allow_getattr", getattr)
           ^^^^^^^^^^^^^^^^^^^^^^^^^^^^^^^^^^^^^^^^^^^^^^^^^^^^^^^^^^^^^^^^^^^^^^^^^^^
  File "C:\Users\awsch\miniconda3\envs\nsp\Lib\site-packages\rpyc\core\protocol.py", line 781, in _access_attr
    return accessor(obj, name, *args)
           ^^^^^^^^^^^^^^^^^^^^^^^^^^
AttributeError: 'list' object has no attribute '__array__'
2026-05-29 15:45:34.285 [   DEBUG] (         protocol.py: 363) Exception caught
Traceback (most recent call last):
  File "C:\Users\awsch\miniconda3\envs\nsp\Lib\site-packages\rpyc\core\protocol.py", line 356, in _dispatch_request
    res = self._HANDLERS[handler](self, *args)
          ^^^^^^^^^^^^^^^^^^^^^^^^^^^^^^^^^^^^
  File "C:\Users\awsch\miniconda3\envs\nsp\Lib\site-packages\rpyc\core\protocol.py", line 853, in _handle_getattr
    return self._access_attr(obj, name, (), "_rpyc_getattr", "allow_getattr", getattr)
           ^^^^^^^^^^^^^^^^^^^^^^^^^^^^^^^^^^^^^^^^^^^^^^^^^^^^^^^^^^^^^^^^^^^^^^^^^^^
  File "C:\Users\awsch\miniconda3\envs\nsp\Lib\site-packages\rpyc\core\protocol.py", line 781, in _access_attr
    return accessor(obj, name, *args)
           ^^^^^^^^^^^^^^^^^^^^^^^^^^
AttributeError: 'list' object has no attribute '__array_wrap__'
2026-05-29 15:45:34.286 [   DEBUG] (         protocol.py: 363) Exception caught
Traceback (most recent call last):
  File "C:\Users\awsch\miniconda3\envs\nsp\Lib\site-packages\rpyc\core\protocol.py", line 356, in _dispatch_request
    res = self._HANDLERS[handler](self, *args)
          ^^^^^^^^^^^^^^^^^^^^^^^^^^^^^^^^^^^^
  File "C:\Users\awsch\miniconda3\envs\nsp\Lib\site-packages\rpyc\core\protocol.py", line 853, in _handle_getattr
    return self._access_attr(obj, name, (), "_rpyc_getattr", "allow_getattr", getattr)
           ^^^^^^^^^^^^^^^^^^^^^^^^^^^^^^^^^^^^^^^^^^^^^^^^^^^^^^^^^^^^^^^^^^^^^^^^^^^
  File "C:\Users\awsch\miniconda3\envs\nsp\Lib\site-packages\rpyc\core\protocol.py", line 781, in _access_attr
    return accessor(obj, name, *args)
           ^^^^^^^^^^^^^^^^^^^^^^^^^^
AttributeError: 'list' object has no attribute '__array_wrap__'
2026-05-29 15:45:34.288 [   DEBUG] (        highlevel.py: 186) viWrite(1, b'MEAS:POWER?\r\n', 13, 'c_ulong(13)') -> 0
2026-05-29 15:45:34.288 [   DEBUG] (     messagebased.py: 435) USB0::0x1313::0x8072::1916964::0::INSTR - reading 20480 bytes (last status <StatusCode.success_max_count_read: 1073676294>)
2026-05-29 15:45:34.291 [   DEBUG] (        highlevel.py: 186) viRead(1, <ctypes.c_char_Array_20480 object at 0x000001E05EA890D0>, 20480, 'c_ulong(15)') -> 0
2026-05-29 15:45:34.297 [   DEBUG] (        highlevel.py: 186) viWrite(2, b'FREQ 9520000000.00\r\n', 20, 'c_ulong(20)') -> 0
2026-05-29 15:45:35.376 [   DEBUG] (         protocol.py: 363) Exception caught
Traceback (most recent call last):
  File "C:\Users\awsch\miniconda3\envs\nsp\Lib\site-packages\rpyc\core\protocol.py", line 356, in _dispatch_request
    res = self._HANDLERS[handler](self, *args)
          ^^^^^^^^^^^^^^^^^^^^^^^^^^^^^^^^^^^^
  File "C:\Users\awsch\miniconda3\envs\nsp\Lib\site-packages\rpyc\core\protocol.py", line 853, in _handle_getattr
    return self._access_attr(obj, name, (), "_rpyc_getattr", "allow_getattr", getattr)
           ^^^^^^^^^^^^^^^^^^^^^^^^^^^^^^^^^^^^^^^^^^^^^^^^^^^^^^^^^^^^^^^^^^^^^^^^^^^
  File "C:\Users\awsch\miniconda3\envs\nsp\Lib\site-packages\rpyc\core\protocol.py", line 781, in _access_attr
    return accessor(obj, name, *args)
           ^^^^^^^^^^^^^^^^^^^^^^^^^^
AttributeError: 'list' object has no attribute 'sum'
2026-05-29 15:45:35.377 [   DEBUG] (         protocol.py: 363) Exception caught
Traceback (most recent call last):
  File "C:\Users\awsch\miniconda3\envs\nsp\Lib\site-packages\rpyc\core\protocol.py", line 356, in _dispatch_request
    res = self._HANDLERS[handler](self, *args)
          ^^^^^^^^^^^^^^^^^^^^^^^^^^^^^^^^^^^^
  File "C:\Users\awsch\miniconda3\envs\nsp\Lib\site-packages\rpyc\core\protocol.py", line 853, in _handle_getattr
    return self._access_attr(obj, name, (), "_rpyc_getattr", "allow_getattr", getattr)
           ^^^^^^^^^^^^^^^^^^^^^^^^^^^^^^^^^^^^^^^^^^^^^^^^^^^^^^^^^^^^^^^^^^^^^^^^^^^
  File "C:\Users\awsch\miniconda3\envs\nsp\Lib\site-packages\rpyc\core\protocol.py", line 781, in _access_attr
    return accessor(obj, name, *args)
           ^^^^^^^^^^^^^^^^^^^^^^^^^^
AttributeError: 'list' object has no attribute 'sum'
2026-05-29 15:45:35.378 [   DEBUG] (         protocol.py: 363) Exception caught
Traceback (most recent call last):
  File "C:\Users\awsch\miniconda3\envs\nsp\Lib\site-packages\rpyc\core\protocol.py", line 356, in _dispatch_request
    res = self._HANDLERS[handler](self, *args)
          ^^^^^^^^^^^^^^^^^^^^^^^^^^^^^^^^^^^^
  File "C:\Users\awsch\miniconda3\envs\nsp\Lib\site-packages\rpyc\core\protocol.py", line 853, in _handle_getattr
    return self._access_attr(obj, name, (), "_rpyc_getattr", "allow_getattr", getattr)
           ^^^^^^^^^^^^^^^^^^^^^^^^^^^^^^^^^^^^^^^^^^^^^^^^^^^^^^^^^^^^^^^^^^^^^^^^^^^
  File "C:\Users\awsch\miniconda3\envs\nsp\Lib\site-packages\rpyc\core\protocol.py", line 781, in _access_attr
    return accessor(obj, name, *args)
           ^^^^^^^^^^^^^^^^^^^^^^^^^^
AttributeError: 'list' object has no attribute '__array__'
2026-05-29 15:45:35.395 [   DEBUG] (         protocol.py: 363) Exception caught
Traceback (most recent call last):
  File "C:\Users\awsch\miniconda3\envs\nsp\Lib\site-packages\rpyc\core\protocol.py", line 356, in _dispatch_request
    res = self._HANDLERS[handler](self, *args)
          ^^^^^^^^^^^^^^^^^^^^^^^^^^^^^^^^^^^^
  File "C:\Users\awsch\miniconda3\envs\nsp\Lib\site-packages\rpyc\core\protocol.py", line 853, in _handle_getattr
    return self._access_attr(obj, name, (), "_rpyc_getattr", "allow_getattr", getattr)
           ^^^^^^^^^^^^^^^^^^^^^^^^^^^^^^^^^^^^^^^^^^^^^^^^^^^^^^^^^^^^^^^^^^^^^^^^^^^
  File "C:\Users\awsch\miniconda3\envs\nsp\Lib\site-packages\rpyc\core\protocol.py", line 781, in _access_attr
    return accessor(obj, name, *args)
           ^^^^^^^^^^^^^^^^^^^^^^^^^^
AttributeError: 'list' object has no attribute '__array_wrap__'
2026-05-29 15:45:35.397 [   DEBUG] (         protocol.py: 363) Exception caught
Traceback (most recent call last):
  File "C:\Users\awsch\miniconda3\envs\nsp\Lib\site-packages\rpyc\core\protocol.py", line 356, in _dispatch_request
    res = self._HANDLERS[handler](self, *args)
          ^^^^^^^^^^^^^^^^^^^^^^^^^^^^^^^^^^^^
  File "C:\Users\awsch\miniconda3\envs\nsp\Lib\site-packages\rpyc\core\protocol.py", line 853, in _handle_getattr
    return self._access_attr(obj, name, (), "_rpyc_getattr", "allow_getattr", getattr)
           ^^^^^^^^^^^^^^^^^^^^^^^^^^^^^^^^^^^^^^^^^^^^^^^^^^^^^^^^^^^^^^^^^^^^^^^^^^^
  File "C:\Users\awsch\miniconda3\envs\nsp\Lib\site-packages\rpyc\core\protocol.py", line 781, in _access_attr
    return accessor(obj, name, *args)
           ^^^^^^^^^^^^^^^^^^^^^^^^^^
AttributeError: 'list' object has no attribute '__array_wrap__'
2026-05-29 15:45:35.398 [   DEBUG] (         protocol.py: 363) Exception caught
Traceback (most recent call last):
  File "C:\Users\awsch\miniconda3\envs\nsp\Lib\site-packages\rpyc\core\protocol.py", line 356, in _dispatch_request
    res = self._HANDLERS[handler](self, *args)
          ^^^^^^^^^^^^^^^^^^^^^^^^^^^^^^^^^^^^
  File "C:\Users\awsch\miniconda3\envs\nsp\Lib\site-packages\rpyc\core\protocol.py", line 853, in _handle_getattr
    return self._access_attr(obj, name, (), "_rpyc_getattr", "allow_getattr", getattr)
           ^^^^^^^^^^^^^^^^^^^^^^^^^^^^^^^^^^^^^^^^^^^^^^^^^^^^^^^^^^^^^^^^^^^^^^^^^^^
  File "C:\Users\awsch\miniconda3\envs\nsp\Lib\site-packages\rpyc\core\protocol.py", line 781, in _access_attr
    return accessor(obj, name, *args)
           ^^^^^^^^^^^^^^^^^^^^^^^^^^
AttributeError: 'list' object has no attribute 'sum'
2026-05-29 15:45:35.399 [   DEBUG] (         protocol.py: 363) Exception caught
Traceback (most recent call last):
  File "C:\Users\awsch\miniconda3\envs\nsp\Lib\site-packages\rpyc\core\protocol.py", line 356, in _dispatch_request
    res = self._HANDLERS[handler](self, *args)
          ^^^^^^^^^^^^^^^^^^^^^^^^^^^^^^^^^^^^
  File "C:\Users\awsch\miniconda3\envs\nsp\Lib\site-packages\rpyc\core\protocol.py", line 853, in _handle_getattr
    return self._access_attr(obj, name, (), "_rpyc_getattr", "allow_getattr", getattr)
           ^^^^^^^^^^^^^^^^^^^^^^^^^^^^^^^^^^^^^^^^^^^^^^^^^^^^^^^^^^^^^^^^^^^^^^^^^^^
  File "C:\Users\awsch\miniconda3\envs\nsp\Lib\site-packages\rpyc\core\protocol.py", line 781, in _access_attr
    return accessor(obj, name, *args)
           ^^^^^^^^^^^^^^^^^^^^^^^^^^
AttributeError: 'list' object has no attribute 'sum'
2026-05-29 15:45:35.400 [   DEBUG] (         protocol.py: 363) Exception caught
Traceback (most recent call last):
  File "C:\Users\awsch\miniconda3\envs\nsp\Lib\site-packages\rpyc\core\protocol.py", line 356, in _dispatch_request
    res = self._HANDLERS[handler](self, *args)
          ^^^^^^^^^^^^^^^^^^^^^^^^^^^^^^^^^^^^
  File "C:\Users\awsch\miniconda3\envs\nsp\Lib\site-packages\rpyc\core\protocol.py", line 853, in _handle_getattr
    return self._access_attr(obj, name, (), "_rpyc_getattr", "allow_getattr", getattr)
           ^^^^^^^^^^^^^^^^^^^^^^^^^^^^^^^^^^^^^^^^^^^^^^^^^^^^^^^^^^^^^^^^^^^^^^^^^^^
  File "C:\Users\awsch\miniconda3\envs\nsp\Lib\site-packages\rpyc\core\protocol.py", line 781, in _access_attr
    return accessor(obj, name, *args)
           ^^^^^^^^^^^^^^^^^^^^^^^^^^
AttributeError: 'list' object has no attribute '__array__'
2026-05-29 15:45:35.417 [   DEBUG] (         protocol.py: 363) Exception caught
Traceback (most recent call last):
  File "C:\Users\awsch\miniconda3\envs\nsp\Lib\site-packages\rpyc\core\protocol.py", line 356, in _dispatch_request
    res = self._HANDLERS[handler](self, *args)
          ^^^^^^^^^^^^^^^^^^^^^^^^^^^^^^^^^^^^
  File "C:\Users\awsch\miniconda3\envs\nsp\Lib\site-packages\rpyc\core\protocol.py", line 853, in _handle_getattr
    return self._access_attr(obj, name, (), "_rpyc_getattr", "allow_getattr", getattr)
           ^^^^^^^^^^^^^^^^^^^^^^^^^^^^^^^^^^^^^^^^^^^^^^^^^^^^^^^^^^^^^^^^^^^^^^^^^^^
  File "C:\Users\awsch\miniconda3\envs\nsp\Lib\site-packages\rpyc\core\protocol.py", line 781, in _access_attr
    return accessor(obj, name, *args)
           ^^^^^^^^^^^^^^^^^^^^^^^^^^
AttributeError: 'list' object has no attribute '__array_wrap__'
2026-05-29 15:45:35.418 [   DEBUG] (         protocol.py: 363) Exception caught
Traceback (most recent call last):
  File "C:\Users\awsch\miniconda3\envs\nsp\Lib\site-packages\rpyc\core\protocol.py", line 356, in _dispatch_request
    res = self._HANDLERS[handler](self, *args)
          ^^^^^^^^^^^^^^^^^^^^^^^^^^^^^^^^^^^^
  File "C:\Users\awsch\miniconda3\envs\nsp\Lib\site-packages\rpyc\core\protocol.py", line 853, in _handle_getattr
    return self._access_attr(obj, name, (), "_rpyc_getattr", "allow_getattr", getattr)
           ^^^^^^^^^^^^^^^^^^^^^^^^^^^^^^^^^^^^^^^^^^^^^^^^^^^^^^^^^^^^^^^^^^^^^^^^^^^
  File "C:\Users\awsch\miniconda3\envs\nsp\Lib\site-packages\rpyc\core\protocol.py", line 781, in _access_attr
    return accessor(obj, name, *args)
           ^^^^^^^^^^^^^^^^^^^^^^^^^^
AttributeError: 'list' object has no attribute '__array_wrap__'
2026-05-29 15:45:35.420 [   DEBUG] (        highlevel.py: 186) viWrite(1, b'MEAS:POWER?\r\n', 13, 'c_ulong(13)') -> 0
2026-05-29 15:45:35.420 [   DEBUG] (     messagebased.py: 435) USB0::0x1313::0x8072::1916964::0::INSTR - reading 20480 bytes (last status <StatusCode.success_max_count_read: 1073676294>)
2026-05-29 15:45:35.423 [   DEBUG] (        highlevel.py: 186) viRead(1, <ctypes.c_char_Array_20480 object at 0x000001E05EA8A350>, 20480, 'c_ulong(15)') -> 0
2026-05-29 15:45:35.429 [   DEBUG] (        highlevel.py: 186) viWrite(2, b'FREQ 9530000000.00\r\n', 20, 'c_ulong(20)') -> 0
2026-05-29 15:45:36.513 [   DEBUG] (         protocol.py: 363) Exception caught
Traceback (most recent call last):
  File "C:\Users\awsch\miniconda3\envs\nsp\Lib\site-packages\rpyc\core\protocol.py", line 356, in _dispatch_request
    res = self._HANDLERS[handler](self, *args)
          ^^^^^^^^^^^^^^^^^^^^^^^^^^^^^^^^^^^^
  File "C:\Users\awsch\miniconda3\envs\nsp\Lib\site-packages\rpyc\core\protocol.py", line 853, in _handle_getattr
    return self._access_attr(obj, name, (), "_rpyc_getattr", "allow_getattr", getattr)
           ^^^^^^^^^^^^^^^^^^^^^^^^^^^^^^^^^^^^^^^^^^^^^^^^^^^^^^^^^^^^^^^^^^^^^^^^^^^
  File "C:\Users\awsch\miniconda3\envs\nsp\Lib\site-packages\rpyc\core\protocol.py", line 781, in _access_attr
    return accessor(obj, name, *args)
           ^^^^^^^^^^^^^^^^^^^^^^^^^^
AttributeError: 'list' object has no attribute 'sum'
2026-05-29 15:45:36.514 [   DEBUG] (         protocol.py: 363) Exception caught
Traceback (most recent call last):
  File "C:\Users\awsch\miniconda3\envs\nsp\Lib\site-packages\rpyc\core\protocol.py", line 356, in _dispatch_request
    res = self._HANDLERS[handler](self, *args)
          ^^^^^^^^^^^^^^^^^^^^^^^^^^^^^^^^^^^^
  File "C:\Users\awsch\miniconda3\envs\nsp\Lib\site-packages\rpyc\core\protocol.py", line 853, in _handle_getattr
    return self._access_attr(obj, name, (), "_rpyc_getattr", "allow_getattr", getattr)
           ^^^^^^^^^^^^^^^^^^^^^^^^^^^^^^^^^^^^^^^^^^^^^^^^^^^^^^^^^^^^^^^^^^^^^^^^^^^
  File "C:\Users\awsch\miniconda3\envs\nsp\Lib\site-packages\rpyc\core\protocol.py", line 781, in _access_attr
    return accessor(obj, name, *args)
           ^^^^^^^^^^^^^^^^^^^^^^^^^^
AttributeError: 'list' object has no attribute 'sum'
2026-05-29 15:45:36.515 [   DEBUG] (         protocol.py: 363) Exception caught
Traceback (most recent call last):
  File "C:\Users\awsch\miniconda3\envs\nsp\Lib\site-packages\rpyc\core\protocol.py", line 356, in _dispatch_request
    res = self._HANDLERS[handler](self, *args)
          ^^^^^^^^^^^^^^^^^^^^^^^^^^^^^^^^^^^^
  File "C:\Users\awsch\miniconda3\envs\nsp\Lib\site-packages\rpyc\core\protocol.py", line 853, in _handle_getattr
    return self._access_attr(obj, name, (), "_rpyc_getattr", "allow_getattr", getattr)
           ^^^^^^^^^^^^^^^^^^^^^^^^^^^^^^^^^^^^^^^^^^^^^^^^^^^^^^^^^^^^^^^^^^^^^^^^^^^
  File "C:\Users\awsch\miniconda3\envs\nsp\Lib\site-packages\rpyc\core\protocol.py", line 781, in _access_attr
    return accessor(obj, name, *args)
           ^^^^^^^^^^^^^^^^^^^^^^^^^^
AttributeError: 'list' object has no attribute '__array__'
2026-05-29 15:45:36.533 [   DEBUG] (         protocol.py: 363) Exception caught
Traceback (most recent call last):
  File "C:\Users\awsch\miniconda3\envs\nsp\Lib\site-packages\rpyc\core\protocol.py", line 356, in _dispatch_request
    res = self._HANDLERS[handler](self, *args)
          ^^^^^^^^^^^^^^^^^^^^^^^^^^^^^^^^^^^^
  File "C:\Users\awsch\miniconda3\envs\nsp\Lib\site-packages\rpyc\core\protocol.py", line 853, in _handle_getattr
    return self._access_attr(obj, name, (), "_rpyc_getattr", "allow_getattr", getattr)
           ^^^^^^^^^^^^^^^^^^^^^^^^^^^^^^^^^^^^^^^^^^^^^^^^^^^^^^^^^^^^^^^^^^^^^^^^^^^
  File "C:\Users\awsch\miniconda3\envs\nsp\Lib\site-packages\rpyc\core\protocol.py", line 781, in _access_attr
    return accessor(obj, name, *args)
           ^^^^^^^^^^^^^^^^^^^^^^^^^^
AttributeError: 'list' object has no attribute '__array_wrap__'
2026-05-29 15:45:36.535 [   DEBUG] (         protocol.py: 363) Exception caught
Traceback (most recent call last):
  File "C:\Users\awsch\miniconda3\envs\nsp\Lib\site-packages\rpyc\core\protocol.py", line 356, in _dispatch_request
    res = self._HANDLERS[handler](self, *args)
          ^^^^^^^^^^^^^^^^^^^^^^^^^^^^^^^^^^^^
  File "C:\Users\awsch\miniconda3\envs\nsp\Lib\site-packages\rpyc\core\protocol.py", line 853, in _handle_getattr
    return self._access_attr(obj, name, (), "_rpyc_getattr", "allow_getattr", getattr)
           ^^^^^^^^^^^^^^^^^^^^^^^^^^^^^^^^^^^^^^^^^^^^^^^^^^^^^^^^^^^^^^^^^^^^^^^^^^^
  File "C:\Users\awsch\miniconda3\envs\nsp\Lib\site-packages\rpyc\core\protocol.py", line 781, in _access_attr
    return accessor(obj, name, *args)
           ^^^^^^^^^^^^^^^^^^^^^^^^^^
AttributeError: 'list' object has no attribute '__array_wrap__'
2026-05-29 15:45:36.536 [   DEBUG] (         protocol.py: 363) Exception caught
Traceback (most recent call last):
  File "C:\Users\awsch\miniconda3\envs\nsp\Lib\site-packages\rpyc\core\protocol.py", line 356, in _dispatch_request
    res = self._HANDLERS[handler](self, *args)
          ^^^^^^^^^^^^^^^^^^^^^^^^^^^^^^^^^^^^
  File "C:\Users\awsch\miniconda3\envs\nsp\Lib\site-packages\rpyc\core\protocol.py", line 853, in _handle_getattr
    return self._access_attr(obj, name, (), "_rpyc_getattr", "allow_getattr", getattr)
           ^^^^^^^^^^^^^^^^^^^^^^^^^^^^^^^^^^^^^^^^^^^^^^^^^^^^^^^^^^^^^^^^^^^^^^^^^^^
  File "C:\Users\awsch\miniconda3\envs\nsp\Lib\site-packages\rpyc\core\protocol.py", line 781, in _access_attr
    return accessor(obj, name, *args)
           ^^^^^^^^^^^^^^^^^^^^^^^^^^
AttributeError: 'list' object has no attribute 'sum'
2026-05-29 15:45:36.537 [   DEBUG] (         protocol.py: 363) Exception caught
Traceback (most recent call last):
  File "C:\Users\awsch\miniconda3\envs\nsp\Lib\site-packages\rpyc\core\protocol.py", line 356, in _dispatch_request
    res = self._HANDLERS[handler](self, *args)
          ^^^^^^^^^^^^^^^^^^^^^^^^^^^^^^^^^^^^
  File "C:\Users\awsch\miniconda3\envs\nsp\Lib\site-packages\rpyc\core\protocol.py", line 853, in _handle_getattr
    return self._access_attr(obj, name, (), "_rpyc_getattr", "allow_getattr", getattr)
           ^^^^^^^^^^^^^^^^^^^^^^^^^^^^^^^^^^^^^^^^^^^^^^^^^^^^^^^^^^^^^^^^^^^^^^^^^^^
  File "C:\Users\awsch\miniconda3\envs\nsp\Lib\site-packages\rpyc\core\protocol.py", line 781, in _access_attr
    return accessor(obj, name, *args)
           ^^^^^^^^^^^^^^^^^^^^^^^^^^
AttributeError: 'list' object has no attribute 'sum'
2026-05-29 15:45:36.538 [   DEBUG] (         protocol.py: 363) Exception caught
Traceback (most recent call last):
  File "C:\Users\awsch\miniconda3\envs\nsp\Lib\site-packages\rpyc\core\protocol.py", line 356, in _dispatch_request
    res = self._HANDLERS[handler](self, *args)
          ^^^^^^^^^^^^^^^^^^^^^^^^^^^^^^^^^^^^
  File "C:\Users\awsch\miniconda3\envs\nsp\Lib\site-packages\rpyc\core\protocol.py", line 853, in _handle_getattr
    return self._access_attr(obj, name, (), "_rpyc_getattr", "allow_getattr", getattr)
           ^^^^^^^^^^^^^^^^^^^^^^^^^^^^^^^^^^^^^^^^^^^^^^^^^^^^^^^^^^^^^^^^^^^^^^^^^^^
  File "C:\Users\awsch\miniconda3\envs\nsp\Lib\site-packages\rpyc\core\protocol.py", line 781, in _access_attr
    return accessor(obj, name, *args)
           ^^^^^^^^^^^^^^^^^^^^^^^^^^
AttributeError: 'list' object has no attribute '__array__'
2026-05-29 15:45:36.556 [   DEBUG] (         protocol.py: 363) Exception caught
Traceback (most recent call last):
  File "C:\Users\awsch\miniconda3\envs\nsp\Lib\site-packages\rpyc\core\protocol.py", line 356, in _dispatch_request
    res = self._HANDLERS[handler](self, *args)
          ^^^^^^^^^^^^^^^^^^^^^^^^^^^^^^^^^^^^
  File "C:\Users\awsch\miniconda3\envs\nsp\Lib\site-packages\rpyc\core\protocol.py", line 853, in _handle_getattr
    return self._access_attr(obj, name, (), "_rpyc_getattr", "allow_getattr", getattr)
           ^^^^^^^^^^^^^^^^^^^^^^^^^^^^^^^^^^^^^^^^^^^^^^^^^^^^^^^^^^^^^^^^^^^^^^^^^^^
  File "C:\Users\awsch\miniconda3\envs\nsp\Lib\site-packages\rpyc\core\protocol.py", line 781, in _access_attr
    return accessor(obj, name, *args)
           ^^^^^^^^^^^^^^^^^^^^^^^^^^
AttributeError: 'list' object has no attribute '__array_wrap__'
2026-05-29 15:45:36.557 [   DEBUG] (         protocol.py: 363) Exception caught
Traceback (most recent call last):
  File "C:\Users\awsch\miniconda3\envs\nsp\Lib\site-packages\rpyc\core\protocol.py", line 356, in _dispatch_request
    res = self._HANDLERS[handler](self, *args)
          ^^^^^^^^^^^^^^^^^^^^^^^^^^^^^^^^^^^^
  File "C:\Users\awsch\miniconda3\envs\nsp\Lib\site-packages\rpyc\core\protocol.py", line 853, in _handle_getattr
    return self._access_attr(obj, name, (), "_rpyc_getattr", "allow_getattr", getattr)
           ^^^^^^^^^^^^^^^^^^^^^^^^^^^^^^^^^^^^^^^^^^^^^^^^^^^^^^^^^^^^^^^^^^^^^^^^^^^
  File "C:\Users\awsch\miniconda3\envs\nsp\Lib\site-packages\rpyc\core\protocol.py", line 781, in _access_attr
    return accessor(obj, name, *args)
           ^^^^^^^^^^^^^^^^^^^^^^^^^^
AttributeError: 'list' object has no attribute '__array_wrap__'
2026-05-29 15:45:36.559 [   DEBUG] (        highlevel.py: 186) viWrite(1, b'MEAS:POWER?\r\n', 13, 'c_ulong(13)') -> 0
2026-05-29 15:45:36.559 [   DEBUG] (     messagebased.py: 435) USB0::0x1313::0x8072::1916964::0::INSTR - reading 20480 bytes (last status <StatusCode.success_max_count_read: 1073676294>)
2026-05-29 15:45:36.562 [   DEBUG] (        highlevel.py: 186) viRead(1, <ctypes.c_char_Array_20480 object at 0x000001E05EA884D0>, 20480, 'c_ulong(15)') -> 0
2026-05-29 15:45:36.568 [   DEBUG] (        highlevel.py: 186) viWrite(2, b'FREQ 9540000000.00\r\n', 20, 'c_ulong(20)') -> 0
2026-05-29 15:45:37.641 [   DEBUG] (         protocol.py: 363) Exception caught
Traceback (most recent call last):
  File "C:\Users\awsch\miniconda3\envs\nsp\Lib\site-packages\rpyc\core\protocol.py", line 356, in _dispatch_request
    res = self._HANDLERS[handler](self, *args)
          ^^^^^^^^^^^^^^^^^^^^^^^^^^^^^^^^^^^^
  File "C:\Users\awsch\miniconda3\envs\nsp\Lib\site-packages\rpyc\core\protocol.py", line 853, in _handle_getattr
    return self._access_attr(obj, name, (), "_rpyc_getattr", "allow_getattr", getattr)
           ^^^^^^^^^^^^^^^^^^^^^^^^^^^^^^^^^^^^^^^^^^^^^^^^^^^^^^^^^^^^^^^^^^^^^^^^^^^
  File "C:\Users\awsch\miniconda3\envs\nsp\Lib\site-packages\rpyc\core\protocol.py", line 781, in _access_attr
    return accessor(obj, name, *args)
           ^^^^^^^^^^^^^^^^^^^^^^^^^^
AttributeError: 'list' object has no attribute 'sum'
2026-05-29 15:45:37.642 [   DEBUG] (         protocol.py: 363) Exception caught
Traceback (most recent call last):
  File "C:\Users\awsch\miniconda3\envs\nsp\Lib\site-packages\rpyc\core\protocol.py", line 356, in _dispatch_request
    res = self._HANDLERS[handler](self, *args)
          ^^^^^^^^^^^^^^^^^^^^^^^^^^^^^^^^^^^^
  File "C:\Users\awsch\miniconda3\envs\nsp\Lib\site-packages\rpyc\core\protocol.py", line 853, in _handle_getattr
    return self._access_attr(obj, name, (), "_rpyc_getattr", "allow_getattr", getattr)
           ^^^^^^^^^^^^^^^^^^^^^^^^^^^^^^^^^^^^^^^^^^^^^^^^^^^^^^^^^^^^^^^^^^^^^^^^^^^
  File "C:\Users\awsch\miniconda3\envs\nsp\Lib\site-packages\rpyc\core\protocol.py", line 781, in _access_attr
    return accessor(obj, name, *args)
           ^^^^^^^^^^^^^^^^^^^^^^^^^^
AttributeError: 'list' object has no attribute 'sum'
2026-05-29 15:45:37.643 [   DEBUG] (         protocol.py: 363) Exception caught
Traceback (most recent call last):
  File "C:\Users\awsch\miniconda3\envs\nsp\Lib\site-packages\rpyc\core\protocol.py", line 356, in _dispatch_request
    res = self._HANDLERS[handler](self, *args)
          ^^^^^^^^^^^^^^^^^^^^^^^^^^^^^^^^^^^^
  File "C:\Users\awsch\miniconda3\envs\nsp\Lib\site-packages\rpyc\core\protocol.py", line 853, in _handle_getattr
    return self._access_attr(obj, name, (), "_rpyc_getattr", "allow_getattr", getattr)
           ^^^^^^^^^^^^^^^^^^^^^^^^^^^^^^^^^^^^^^^^^^^^^^^^^^^^^^^^^^^^^^^^^^^^^^^^^^^
  File "C:\Users\awsch\miniconda3\envs\nsp\Lib\site-packages\rpyc\core\protocol.py", line 781, in _access_attr
    return accessor(obj, name, *args)
           ^^^^^^^^^^^^^^^^^^^^^^^^^^
AttributeError: 'list' object has no attribute '__array__'
2026-05-29 15:45:37.660 [   DEBUG] (         protocol.py: 363) Exception caught
Traceback (most recent call last):
  File "C:\Users\awsch\miniconda3\envs\nsp\Lib\site-packages\rpyc\core\protocol.py", line 356, in _dispatch_request
    res = self._HANDLERS[handler](self, *args)
          ^^^^^^^^^^^^^^^^^^^^^^^^^^^^^^^^^^^^
  File "C:\Users\awsch\miniconda3\envs\nsp\Lib\site-packages\rpyc\core\protocol.py", line 853, in _handle_getattr
    return self._access_attr(obj, name, (), "_rpyc_getattr", "allow_getattr", getattr)
           ^^^^^^^^^^^^^^^^^^^^^^^^^^^^^^^^^^^^^^^^^^^^^^^^^^^^^^^^^^^^^^^^^^^^^^^^^^^
  File "C:\Users\awsch\miniconda3\envs\nsp\Lib\site-packages\rpyc\core\protocol.py", line 781, in _access_attr
    return accessor(obj, name, *args)
           ^^^^^^^^^^^^^^^^^^^^^^^^^^
AttributeError: 'list' object has no attribute '__array_wrap__'
2026-05-29 15:45:37.662 [   DEBUG] (         protocol.py: 363) Exception caught
Traceback (most recent call last):
  File "C:\Users\awsch\miniconda3\envs\nsp\Lib\site-packages\rpyc\core\protocol.py", line 356, in _dispatch_request
    res = self._HANDLERS[handler](self, *args)
          ^^^^^^^^^^^^^^^^^^^^^^^^^^^^^^^^^^^^
  File "C:\Users\awsch\miniconda3\envs\nsp\Lib\site-packages\rpyc\core\protocol.py", line 853, in _handle_getattr
    return self._access_attr(obj, name, (), "_rpyc_getattr", "allow_getattr", getattr)
           ^^^^^^^^^^^^^^^^^^^^^^^^^^^^^^^^^^^^^^^^^^^^^^^^^^^^^^^^^^^^^^^^^^^^^^^^^^^
  File "C:\Users\awsch\miniconda3\envs\nsp\Lib\site-packages\rpyc\core\protocol.py", line 781, in _access_attr
    return accessor(obj, name, *args)
           ^^^^^^^^^^^^^^^^^^^^^^^^^^
AttributeError: 'list' object has no attribute '__array_wrap__'
2026-05-29 15:45:37.663 [   DEBUG] (         protocol.py: 363) Exception caught
Traceback (most recent call last):
  File "C:\Users\awsch\miniconda3\envs\nsp\Lib\site-packages\rpyc\core\protocol.py", line 356, in _dispatch_request
    res = self._HANDLERS[handler](self, *args)
          ^^^^^^^^^^^^^^^^^^^^^^^^^^^^^^^^^^^^
  File "C:\Users\awsch\miniconda3\envs\nsp\Lib\site-packages\rpyc\core\protocol.py", line 853, in _handle_getattr
    return self._access_attr(obj, name, (), "_rpyc_getattr", "allow_getattr", getattr)
           ^^^^^^^^^^^^^^^^^^^^^^^^^^^^^^^^^^^^^^^^^^^^^^^^^^^^^^^^^^^^^^^^^^^^^^^^^^^
  File "C:\Users\awsch\miniconda3\envs\nsp\Lib\site-packages\rpyc\core\protocol.py", line 781, in _access_attr
    return accessor(obj, name, *args)
           ^^^^^^^^^^^^^^^^^^^^^^^^^^
AttributeError: 'list' object has no attribute 'sum'
2026-05-29 15:45:37.664 [   DEBUG] (         protocol.py: 363) Exception caught
Traceback (most recent call last):
  File "C:\Users\awsch\miniconda3\envs\nsp\Lib\site-packages\rpyc\core\protocol.py", line 356, in _dispatch_request
    res = self._HANDLERS[handler](self, *args)
          ^^^^^^^^^^^^^^^^^^^^^^^^^^^^^^^^^^^^
  File "C:\Users\awsch\miniconda3\envs\nsp\Lib\site-packages\rpyc\core\protocol.py", line 853, in _handle_getattr
    return self._access_attr(obj, name, (), "_rpyc_getattr", "allow_getattr", getattr)
           ^^^^^^^^^^^^^^^^^^^^^^^^^^^^^^^^^^^^^^^^^^^^^^^^^^^^^^^^^^^^^^^^^^^^^^^^^^^
  File "C:\Users\awsch\miniconda3\envs\nsp\Lib\site-packages\rpyc\core\protocol.py", line 781, in _access_attr
    return accessor(obj, name, *args)
           ^^^^^^^^^^^^^^^^^^^^^^^^^^
AttributeError: 'list' object has no attribute 'sum'
2026-05-29 15:45:37.665 [   DEBUG] (         protocol.py: 363) Exception caught
Traceback (most recent call last):
  File "C:\Users\awsch\miniconda3\envs\nsp\Lib\site-packages\rpyc\core\protocol.py", line 356, in _dispatch_request
    res = self._HANDLERS[handler](self, *args)
          ^^^^^^^^^^^^^^^^^^^^^^^^^^^^^^^^^^^^
  File "C:\Users\awsch\miniconda3\envs\nsp\Lib\site-packages\rpyc\core\protocol.py", line 853, in _handle_getattr
    return self._access_attr(obj, name, (), "_rpyc_getattr", "allow_getattr", getattr)
           ^^^^^^^^^^^^^^^^^^^^^^^^^^^^^^^^^^^^^^^^^^^^^^^^^^^^^^^^^^^^^^^^^^^^^^^^^^^
  File "C:\Users\awsch\miniconda3\envs\nsp\Lib\site-packages\rpyc\core\protocol.py", line 781, in _access_attr
    return accessor(obj, name, *args)
           ^^^^^^^^^^^^^^^^^^^^^^^^^^
AttributeError: 'list' object has no attribute '__array__'
2026-05-29 15:45:37.681 [   DEBUG] (         protocol.py: 363) Exception caught
Traceback (most recent call last):
  File "C:\Users\awsch\miniconda3\envs\nsp\Lib\site-packages\rpyc\core\protocol.py", line 356, in _dispatch_request
    res = self._HANDLERS[handler](self, *args)
          ^^^^^^^^^^^^^^^^^^^^^^^^^^^^^^^^^^^^
  File "C:\Users\awsch\miniconda3\envs\nsp\Lib\site-packages\rpyc\core\protocol.py", line 853, in _handle_getattr
    return self._access_attr(obj, name, (), "_rpyc_getattr", "allow_getattr", getattr)
           ^^^^^^^^^^^^^^^^^^^^^^^^^^^^^^^^^^^^^^^^^^^^^^^^^^^^^^^^^^^^^^^^^^^^^^^^^^^
  File "C:\Users\awsch\miniconda3\envs\nsp\Lib\site-packages\rpyc\core\protocol.py", line 781, in _access_attr
    return accessor(obj, name, *args)
           ^^^^^^^^^^^^^^^^^^^^^^^^^^
AttributeError: 'list' object has no attribute '__array_wrap__'
2026-05-29 15:45:37.682 [   DEBUG] (         protocol.py: 363) Exception caught
Traceback (most recent call last):
  File "C:\Users\awsch\miniconda3\envs\nsp\Lib\site-packages\rpyc\core\protocol.py", line 356, in _dispatch_request
    res = self._HANDLERS[handler](self, *args)
          ^^^^^^^^^^^^^^^^^^^^^^^^^^^^^^^^^^^^
  File "C:\Users\awsch\miniconda3\envs\nsp\Lib\site-packages\rpyc\core\protocol.py", line 853, in _handle_getattr
    return self._access_attr(obj, name, (), "_rpyc_getattr", "allow_getattr", getattr)
           ^^^^^^^^^^^^^^^^^^^^^^^^^^^^^^^^^^^^^^^^^^^^^^^^^^^^^^^^^^^^^^^^^^^^^^^^^^^
  File "C:\Users\awsch\miniconda3\envs\nsp\Lib\site-packages\rpyc\core\protocol.py", line 781, in _access_attr
    return accessor(obj, name, *args)
           ^^^^^^^^^^^^^^^^^^^^^^^^^^
AttributeError: 'list' object has no attribute '__array_wrap__'
2026-05-29 15:45:37.684 [   DEBUG] (        highlevel.py: 186) viWrite(1, b'MEAS:POWER?\r\n', 13, 'c_ulong(13)') -> 0
2026-05-29 15:45:37.684 [   DEBUG] (     messagebased.py: 435) USB0::0x1313::0x8072::1916964::0::INSTR - reading 20480 bytes (last status <StatusCode.success_max_count_read: 1073676294>)
2026-05-29 15:45:37.687 [   DEBUG] (        highlevel.py: 186) viRead(1, <ctypes.c_char_Array_20480 object at 0x000001E05EA8A0D0>, 20480, 'c_ulong(15)') -> 0
2026-05-29 15:45:37.692 [   DEBUG] (        highlevel.py: 186) viWrite(2, b'FREQ 9550000000.00\r\n', 20, 'c_ulong(20)') -> 0
2026-05-29 15:45:38.784 [   DEBUG] (         protocol.py: 363) Exception caught
Traceback (most recent call last):
  File "C:\Users\awsch\miniconda3\envs\nsp\Lib\site-packages\rpyc\core\protocol.py", line 356, in _dispatch_request
    res = self._HANDLERS[handler](self, *args)
          ^^^^^^^^^^^^^^^^^^^^^^^^^^^^^^^^^^^^
  File "C:\Users\awsch\miniconda3\envs\nsp\Lib\site-packages\rpyc\core\protocol.py", line 853, in _handle_getattr
    return self._access_attr(obj, name, (), "_rpyc_getattr", "allow_getattr", getattr)
           ^^^^^^^^^^^^^^^^^^^^^^^^^^^^^^^^^^^^^^^^^^^^^^^^^^^^^^^^^^^^^^^^^^^^^^^^^^^
  File "C:\Users\awsch\miniconda3\envs\nsp\Lib\site-packages\rpyc\core\protocol.py", line 781, in _access_attr
    return accessor(obj, name, *args)
           ^^^^^^^^^^^^^^^^^^^^^^^^^^
AttributeError: 'list' object has no attribute 'sum'
2026-05-29 15:45:38.785 [   DEBUG] (         protocol.py: 363) Exception caught
Traceback (most recent call last):
  File "C:\Users\awsch\miniconda3\envs\nsp\Lib\site-packages\rpyc\core\protocol.py", line 356, in _dispatch_request
    res = self._HANDLERS[handler](self, *args)
          ^^^^^^^^^^^^^^^^^^^^^^^^^^^^^^^^^^^^
  File "C:\Users\awsch\miniconda3\envs\nsp\Lib\site-packages\rpyc\core\protocol.py", line 853, in _handle_getattr
    return self._access_attr(obj, name, (), "_rpyc_getattr", "allow_getattr", getattr)
           ^^^^^^^^^^^^^^^^^^^^^^^^^^^^^^^^^^^^^^^^^^^^^^^^^^^^^^^^^^^^^^^^^^^^^^^^^^^
  File "C:\Users\awsch\miniconda3\envs\nsp\Lib\site-packages\rpyc\core\protocol.py", line 781, in _access_attr
    return accessor(obj, name, *args)
           ^^^^^^^^^^^^^^^^^^^^^^^^^^
AttributeError: 'list' object has no attribute 'sum'
2026-05-29 15:45:38.786 [   DEBUG] (         protocol.py: 363) Exception caught
Traceback (most recent call last):
  File "C:\Users\awsch\miniconda3\envs\nsp\Lib\site-packages\rpyc\core\protocol.py", line 356, in _dispatch_request
    res = self._HANDLERS[handler](self, *args)
          ^^^^^^^^^^^^^^^^^^^^^^^^^^^^^^^^^^^^
  File "C:\Users\awsch\miniconda3\envs\nsp\Lib\site-packages\rpyc\core\protocol.py", line 853, in _handle_getattr
    return self._access_attr(obj, name, (), "_rpyc_getattr", "allow_getattr", getattr)
           ^^^^^^^^^^^^^^^^^^^^^^^^^^^^^^^^^^^^^^^^^^^^^^^^^^^^^^^^^^^^^^^^^^^^^^^^^^^
  File "C:\Users\awsch\miniconda3\envs\nsp\Lib\site-packages\rpyc\core\protocol.py", line 781, in _access_attr
    return accessor(obj, name, *args)
           ^^^^^^^^^^^^^^^^^^^^^^^^^^
AttributeError: 'list' object has no attribute '__array__'
2026-05-29 15:45:38.802 [   DEBUG] (         protocol.py: 363) Exception caught
Traceback (most recent call last):
  File "C:\Users\awsch\miniconda3\envs\nsp\Lib\site-packages\rpyc\core\protocol.py", line 356, in _dispatch_request
    res = self._HANDLERS[handler](self, *args)
          ^^^^^^^^^^^^^^^^^^^^^^^^^^^^^^^^^^^^
  File "C:\Users\awsch\miniconda3\envs\nsp\Lib\site-packages\rpyc\core\protocol.py", line 853, in _handle_getattr
    return self._access_attr(obj, name, (), "_rpyc_getattr", "allow_getattr", getattr)
           ^^^^^^^^^^^^^^^^^^^^^^^^^^^^^^^^^^^^^^^^^^^^^^^^^^^^^^^^^^^^^^^^^^^^^^^^^^^
  File "C:\Users\awsch\miniconda3\envs\nsp\Lib\site-packages\rpyc\core\protocol.py", line 781, in _access_attr
    return accessor(obj, name, *args)
           ^^^^^^^^^^^^^^^^^^^^^^^^^^
AttributeError: 'list' object has no attribute '__array_wrap__'
2026-05-29 15:45:38.803 [   DEBUG] (         protocol.py: 363) Exception caught
Traceback (most recent call last):
  File "C:\Users\awsch\miniconda3\envs\nsp\Lib\site-packages\rpyc\core\protocol.py", line 356, in _dispatch_request
    res = self._HANDLERS[handler](self, *args)
          ^^^^^^^^^^^^^^^^^^^^^^^^^^^^^^^^^^^^
  File "C:\Users\awsch\miniconda3\envs\nsp\Lib\site-packages\rpyc\core\protocol.py", line 853, in _handle_getattr
    return self._access_attr(obj, name, (), "_rpyc_getattr", "allow_getattr", getattr)
           ^^^^^^^^^^^^^^^^^^^^^^^^^^^^^^^^^^^^^^^^^^^^^^^^^^^^^^^^^^^^^^^^^^^^^^^^^^^
  File "C:\Users\awsch\miniconda3\envs\nsp\Lib\site-packages\rpyc\core\protocol.py", line 781, in _access_attr
    return accessor(obj, name, *args)
           ^^^^^^^^^^^^^^^^^^^^^^^^^^
AttributeError: 'list' object has no attribute '__array_wrap__'
2026-05-29 15:45:38.804 [   DEBUG] (         protocol.py: 363) Exception caught
Traceback (most recent call last):
  File "C:\Users\awsch\miniconda3\envs\nsp\Lib\site-packages\rpyc\core\protocol.py", line 356, in _dispatch_request
    res = self._HANDLERS[handler](self, *args)
          ^^^^^^^^^^^^^^^^^^^^^^^^^^^^^^^^^^^^
  File "C:\Users\awsch\miniconda3\envs\nsp\Lib\site-packages\rpyc\core\protocol.py", line 853, in _handle_getattr
    return self._access_attr(obj, name, (), "_rpyc_getattr", "allow_getattr", getattr)
           ^^^^^^^^^^^^^^^^^^^^^^^^^^^^^^^^^^^^^^^^^^^^^^^^^^^^^^^^^^^^^^^^^^^^^^^^^^^
  File "C:\Users\awsch\miniconda3\envs\nsp\Lib\site-packages\rpyc\core\protocol.py", line 781, in _access_attr
    return accessor(obj, name, *args)
           ^^^^^^^^^^^^^^^^^^^^^^^^^^
AttributeError: 'list' object has no attribute 'sum'
2026-05-29 15:45:38.805 [   DEBUG] (         protocol.py: 363) Exception caught
Traceback (most recent call last):
  File "C:\Users\awsch\miniconda3\envs\nsp\Lib\site-packages\rpyc\core\protocol.py", line 356, in _dispatch_request
    res = self._HANDLERS[handler](self, *args)
          ^^^^^^^^^^^^^^^^^^^^^^^^^^^^^^^^^^^^
  File "C:\Users\awsch\miniconda3\envs\nsp\Lib\site-packages\rpyc\core\protocol.py", line 853, in _handle_getattr
    return self._access_attr(obj, name, (), "_rpyc_getattr", "allow_getattr", getattr)
           ^^^^^^^^^^^^^^^^^^^^^^^^^^^^^^^^^^^^^^^^^^^^^^^^^^^^^^^^^^^^^^^^^^^^^^^^^^^
  File "C:\Users\awsch\miniconda3\envs\nsp\Lib\site-packages\rpyc\core\protocol.py", line 781, in _access_attr
    return accessor(obj, name, *args)
           ^^^^^^^^^^^^^^^^^^^^^^^^^^
AttributeError: 'list' object has no attribute 'sum'
2026-05-29 15:45:38.806 [   DEBUG] (         protocol.py: 363) Exception caught
Traceback (most recent call last):
  File "C:\Users\awsch\miniconda3\envs\nsp\Lib\site-packages\rpyc\core\protocol.py", line 356, in _dispatch_request
    res = self._HANDLERS[handler](self, *args)
          ^^^^^^^^^^^^^^^^^^^^^^^^^^^^^^^^^^^^
  File "C:\Users\awsch\miniconda3\envs\nsp\Lib\site-packages\rpyc\core\protocol.py", line 853, in _handle_getattr
    return self._access_attr(obj, name, (), "_rpyc_getattr", "allow_getattr", getattr)
           ^^^^^^^^^^^^^^^^^^^^^^^^^^^^^^^^^^^^^^^^^^^^^^^^^^^^^^^^^^^^^^^^^^^^^^^^^^^
  File "C:\Users\awsch\miniconda3\envs\nsp\Lib\site-packages\rpyc\core\protocol.py", line 781, in _access_attr
    return accessor(obj, name, *args)
           ^^^^^^^^^^^^^^^^^^^^^^^^^^
AttributeError: 'list' object has no attribute '__array__'
2026-05-29 15:45:38.824 [   DEBUG] (         protocol.py: 363) Exception caught
Traceback (most recent call last):
  File "C:\Users\awsch\miniconda3\envs\nsp\Lib\site-packages\rpyc\core\protocol.py", line 356, in _dispatch_request
    res = self._HANDLERS[handler](self, *args)
          ^^^^^^^^^^^^^^^^^^^^^^^^^^^^^^^^^^^^
  File "C:\Users\awsch\miniconda3\envs\nsp\Lib\site-packages\rpyc\core\protocol.py", line 853, in _handle_getattr
    return self._access_attr(obj, name, (), "_rpyc_getattr", "allow_getattr", getattr)
           ^^^^^^^^^^^^^^^^^^^^^^^^^^^^^^^^^^^^^^^^^^^^^^^^^^^^^^^^^^^^^^^^^^^^^^^^^^^
  File "C:\Users\awsch\miniconda3\envs\nsp\Lib\site-packages\rpyc\core\protocol.py", line 781, in _access_attr
    return accessor(obj, name, *args)
           ^^^^^^^^^^^^^^^^^^^^^^^^^^
AttributeError: 'list' object has no attribute '__array_wrap__'
2026-05-29 15:45:38.825 [   DEBUG] (         protocol.py: 363) Exception caught
Traceback (most recent call last):
  File "C:\Users\awsch\miniconda3\envs\nsp\Lib\site-packages\rpyc\core\protocol.py", line 356, in _dispatch_request
    res = self._HANDLERS[handler](self, *args)
          ^^^^^^^^^^^^^^^^^^^^^^^^^^^^^^^^^^^^
  File "C:\Users\awsch\miniconda3\envs\nsp\Lib\site-packages\rpyc\core\protocol.py", line 853, in _handle_getattr
    return self._access_attr(obj, name, (), "_rpyc_getattr", "allow_getattr", getattr)
           ^^^^^^^^^^^^^^^^^^^^^^^^^^^^^^^^^^^^^^^^^^^^^^^^^^^^^^^^^^^^^^^^^^^^^^^^^^^
  File "C:\Users\awsch\miniconda3\envs\nsp\Lib\site-packages\rpyc\core\protocol.py", line 781, in _access_attr
    return accessor(obj, name, *args)
           ^^^^^^^^^^^^^^^^^^^^^^^^^^
AttributeError: 'list' object has no attribute '__array_wrap__'
2026-05-29 15:45:38.827 [   DEBUG] (        highlevel.py: 186) viWrite(1, b'MEAS:POWER?\r\n', 13, 'c_ulong(13)') -> 0
2026-05-29 15:45:38.827 [   DEBUG] (     messagebased.py: 435) USB0::0x1313::0x8072::1916964::0::INSTR - reading 20480 bytes (last status <StatusCode.success_max_count_read: 1073676294>)
2026-05-29 15:45:38.830 [   DEBUG] (        highlevel.py: 186) viRead(1, <ctypes.c_char_Array_20480 object at 0x000001E05EA88E50>, 20480, 'c_ulong(15)') -> 0
2026-05-29 15:45:38.835 [   DEBUG] (        highlevel.py: 186) viWrite(2, b'FREQ 9560000000.00\r\n', 20, 'c_ulong(20)') -> 0
2026-05-29 15:45:39.924 [   DEBUG] (         protocol.py: 363) Exception caught
Traceback (most recent call last):
  File "C:\Users\awsch\miniconda3\envs\nsp\Lib\site-packages\rpyc\core\protocol.py", line 356, in _dispatch_request
    res = self._HANDLERS[handler](self, *args)
          ^^^^^^^^^^^^^^^^^^^^^^^^^^^^^^^^^^^^
  File "C:\Users\awsch\miniconda3\envs\nsp\Lib\site-packages\rpyc\core\protocol.py", line 853, in _handle_getattr
    return self._access_attr(obj, name, (), "_rpyc_getattr", "allow_getattr", getattr)
           ^^^^^^^^^^^^^^^^^^^^^^^^^^^^^^^^^^^^^^^^^^^^^^^^^^^^^^^^^^^^^^^^^^^^^^^^^^^
  File "C:\Users\awsch\miniconda3\envs\nsp\Lib\site-packages\rpyc\core\protocol.py", line 781, in _access_attr
    return accessor(obj, name, *args)
           ^^^^^^^^^^^^^^^^^^^^^^^^^^
AttributeError: 'list' object has no attribute 'sum'
2026-05-29 15:45:39.926 [   DEBUG] (         protocol.py: 363) Exception caught
Traceback (most recent call last):
  File "C:\Users\awsch\miniconda3\envs\nsp\Lib\site-packages\rpyc\core\protocol.py", line 356, in _dispatch_request
    res = self._HANDLERS[handler](self, *args)
          ^^^^^^^^^^^^^^^^^^^^^^^^^^^^^^^^^^^^
  File "C:\Users\awsch\miniconda3\envs\nsp\Lib\site-packages\rpyc\core\protocol.py", line 853, in _handle_getattr
    return self._access_attr(obj, name, (), "_rpyc_getattr", "allow_getattr", getattr)
           ^^^^^^^^^^^^^^^^^^^^^^^^^^^^^^^^^^^^^^^^^^^^^^^^^^^^^^^^^^^^^^^^^^^^^^^^^^^
  File "C:\Users\awsch\miniconda3\envs\nsp\Lib\site-packages\rpyc\core\protocol.py", line 781, in _access_attr
    return accessor(obj, name, *args)
           ^^^^^^^^^^^^^^^^^^^^^^^^^^
AttributeError: 'list' object has no attribute 'sum'
2026-05-29 15:45:39.926 [   DEBUG] (         protocol.py: 363) Exception caught
Traceback (most recent call last):
  File "C:\Users\awsch\miniconda3\envs\nsp\Lib\site-packages\rpyc\core\protocol.py", line 356, in _dispatch_request
    res = self._HANDLERS[handler](self, *args)
          ^^^^^^^^^^^^^^^^^^^^^^^^^^^^^^^^^^^^
  File "C:\Users\awsch\miniconda3\envs\nsp\Lib\site-packages\rpyc\core\protocol.py", line 853, in _handle_getattr
    return self._access_attr(obj, name, (), "_rpyc_getattr", "allow_getattr", getattr)
           ^^^^^^^^^^^^^^^^^^^^^^^^^^^^^^^^^^^^^^^^^^^^^^^^^^^^^^^^^^^^^^^^^^^^^^^^^^^
  File "C:\Users\awsch\miniconda3\envs\nsp\Lib\site-packages\rpyc\core\protocol.py", line 781, in _access_attr
    return accessor(obj, name, *args)
           ^^^^^^^^^^^^^^^^^^^^^^^^^^
AttributeError: 'list' object has no attribute '__array__'
2026-05-29 15:45:39.946 [   DEBUG] (         protocol.py: 363) Exception caught
Traceback (most recent call last):
  File "C:\Users\awsch\miniconda3\envs\nsp\Lib\site-packages\rpyc\core\protocol.py", line 356, in _dispatch_request
    res = self._HANDLERS[handler](self, *args)
          ^^^^^^^^^^^^^^^^^^^^^^^^^^^^^^^^^^^^
  File "C:\Users\awsch\miniconda3\envs\nsp\Lib\site-packages\rpyc\core\protocol.py", line 853, in _handle_getattr
    return self._access_attr(obj, name, (), "_rpyc_getattr", "allow_getattr", getattr)
           ^^^^^^^^^^^^^^^^^^^^^^^^^^^^^^^^^^^^^^^^^^^^^^^^^^^^^^^^^^^^^^^^^^^^^^^^^^^
  File "C:\Users\awsch\miniconda3\envs\nsp\Lib\site-packages\rpyc\core\protocol.py", line 781, in _access_attr
    return accessor(obj, name, *args)
           ^^^^^^^^^^^^^^^^^^^^^^^^^^
AttributeError: 'list' object has no attribute '__array_wrap__'
2026-05-29 15:45:39.947 [   DEBUG] (         protocol.py: 363) Exception caught
Traceback (most recent call last):
  File "C:\Users\awsch\miniconda3\envs\nsp\Lib\site-packages\rpyc\core\protocol.py", line 356, in _dispatch_request
    res = self._HANDLERS[handler](self, *args)
          ^^^^^^^^^^^^^^^^^^^^^^^^^^^^^^^^^^^^
  File "C:\Users\awsch\miniconda3\envs\nsp\Lib\site-packages\rpyc\core\protocol.py", line 853, in _handle_getattr
    return self._access_attr(obj, name, (), "_rpyc_getattr", "allow_getattr", getattr)
           ^^^^^^^^^^^^^^^^^^^^^^^^^^^^^^^^^^^^^^^^^^^^^^^^^^^^^^^^^^^^^^^^^^^^^^^^^^^
  File "C:\Users\awsch\miniconda3\envs\nsp\Lib\site-packages\rpyc\core\protocol.py", line 781, in _access_attr
    return accessor(obj, name, *args)
           ^^^^^^^^^^^^^^^^^^^^^^^^^^
AttributeError: 'list' object has no attribute '__array_wrap__'
2026-05-29 15:45:39.948 [   DEBUG] (         protocol.py: 363) Exception caught
Traceback (most recent call last):
  File "C:\Users\awsch\miniconda3\envs\nsp\Lib\site-packages\rpyc\core\protocol.py", line 356, in _dispatch_request
    res = self._HANDLERS[handler](self, *args)
          ^^^^^^^^^^^^^^^^^^^^^^^^^^^^^^^^^^^^
  File "C:\Users\awsch\miniconda3\envs\nsp\Lib\site-packages\rpyc\core\protocol.py", line 853, in _handle_getattr
    return self._access_attr(obj, name, (), "_rpyc_getattr", "allow_getattr", getattr)
           ^^^^^^^^^^^^^^^^^^^^^^^^^^^^^^^^^^^^^^^^^^^^^^^^^^^^^^^^^^^^^^^^^^^^^^^^^^^
  File "C:\Users\awsch\miniconda3\envs\nsp\Lib\site-packages\rpyc\core\protocol.py", line 781, in _access_attr
    return accessor(obj, name, *args)
           ^^^^^^^^^^^^^^^^^^^^^^^^^^
AttributeError: 'list' object has no attribute 'sum'
2026-05-29 15:45:39.949 [   DEBUG] (         protocol.py: 363) Exception caught
Traceback (most recent call last):
  File "C:\Users\awsch\miniconda3\envs\nsp\Lib\site-packages\rpyc\core\protocol.py", line 356, in _dispatch_request
    res = self._HANDLERS[handler](self, *args)
          ^^^^^^^^^^^^^^^^^^^^^^^^^^^^^^^^^^^^
  File "C:\Users\awsch\miniconda3\envs\nsp\Lib\site-packages\rpyc\core\protocol.py", line 853, in _handle_getattr
    return self._access_attr(obj, name, (), "_rpyc_getattr", "allow_getattr", getattr)
           ^^^^^^^^^^^^^^^^^^^^^^^^^^^^^^^^^^^^^^^^^^^^^^^^^^^^^^^^^^^^^^^^^^^^^^^^^^^
  File "C:\Users\awsch\miniconda3\envs\nsp\Lib\site-packages\rpyc\core\protocol.py", line 781, in _access_attr
    return accessor(obj, name, *args)
           ^^^^^^^^^^^^^^^^^^^^^^^^^^
AttributeError: 'list' object has no attribute 'sum'
2026-05-29 15:45:39.950 [   DEBUG] (         protocol.py: 363) Exception caught
Traceback (most recent call last):
  File "C:\Users\awsch\miniconda3\envs\nsp\Lib\site-packages\rpyc\core\protocol.py", line 356, in _dispatch_request
    res = self._HANDLERS[handler](self, *args)
          ^^^^^^^^^^^^^^^^^^^^^^^^^^^^^^^^^^^^
  File "C:\Users\awsch\miniconda3\envs\nsp\Lib\site-packages\rpyc\core\protocol.py", line 853, in _handle_getattr
    return self._access_attr(obj, name, (), "_rpyc_getattr", "allow_getattr", getattr)
           ^^^^^^^^^^^^^^^^^^^^^^^^^^^^^^^^^^^^^^^^^^^^^^^^^^^^^^^^^^^^^^^^^^^^^^^^^^^
  File "C:\Users\awsch\miniconda3\envs\nsp\Lib\site-packages\rpyc\core\protocol.py", line 781, in _access_attr
    return accessor(obj, name, *args)
           ^^^^^^^^^^^^^^^^^^^^^^^^^^
AttributeError: 'list' object has no attribute '__array__'
2026-05-29 15:45:39.967 [   DEBUG] (         protocol.py: 363) Exception caught
Traceback (most recent call last):
  File "C:\Users\awsch\miniconda3\envs\nsp\Lib\site-packages\rpyc\core\protocol.py", line 356, in _dispatch_request
    res = self._HANDLERS[handler](self, *args)
          ^^^^^^^^^^^^^^^^^^^^^^^^^^^^^^^^^^^^
  File "C:\Users\awsch\miniconda3\envs\nsp\Lib\site-packages\rpyc\core\protocol.py", line 853, in _handle_getattr
    return self._access_attr(obj, name, (), "_rpyc_getattr", "allow_getattr", getattr)
           ^^^^^^^^^^^^^^^^^^^^^^^^^^^^^^^^^^^^^^^^^^^^^^^^^^^^^^^^^^^^^^^^^^^^^^^^^^^
  File "C:\Users\awsch\miniconda3\envs\nsp\Lib\site-packages\rpyc\core\protocol.py", line 781, in _access_attr
    return accessor(obj, name, *args)
           ^^^^^^^^^^^^^^^^^^^^^^^^^^
AttributeError: 'list' object has no attribute '__array_wrap__'
2026-05-29 15:45:39.968 [   DEBUG] (         protocol.py: 363) Exception caught
Traceback (most recent call last):
  File "C:\Users\awsch\miniconda3\envs\nsp\Lib\site-packages\rpyc\core\protocol.py", line 356, in _dispatch_request
    res = self._HANDLERS[handler](self, *args)
          ^^^^^^^^^^^^^^^^^^^^^^^^^^^^^^^^^^^^
  File "C:\Users\awsch\miniconda3\envs\nsp\Lib\site-packages\rpyc\core\protocol.py", line 853, in _handle_getattr
    return self._access_attr(obj, name, (), "_rpyc_getattr", "allow_getattr", getattr)
           ^^^^^^^^^^^^^^^^^^^^^^^^^^^^^^^^^^^^^^^^^^^^^^^^^^^^^^^^^^^^^^^^^^^^^^^^^^^
  File "C:\Users\awsch\miniconda3\envs\nsp\Lib\site-packages\rpyc\core\protocol.py", line 781, in _access_attr
    return accessor(obj, name, *args)
           ^^^^^^^^^^^^^^^^^^^^^^^^^^
AttributeError: 'list' object has no attribute '__array_wrap__'
2026-05-29 15:45:39.970 [   DEBUG] (        highlevel.py: 186) viWrite(1, b'MEAS:POWER?\r\n', 13, 'c_ulong(13)') -> 0
2026-05-29 15:45:39.970 [   DEBUG] (     messagebased.py: 435) USB0::0x1313::0x8072::1916964::0::INSTR - reading 20480 bytes (last status <StatusCode.success_max_count_read: 1073676294>)
2026-05-29 15:45:39.973 [   DEBUG] (        highlevel.py: 186) viRead(1, <ctypes.c_char_Array_20480 object at 0x000001E05EA89DD0>, 20480, 'c_ulong(15)') -> 0
2026-05-29 15:45:39.980 [   DEBUG] (        highlevel.py: 186) viWrite(2, b'FREQ 9570000000.00\r\n', 20, 'c_ulong(20)') -> 0
2026-05-29 15:45:41.052 [   DEBUG] (         protocol.py: 363) Exception caught
Traceback (most recent call last):
  File "C:\Users\awsch\miniconda3\envs\nsp\Lib\site-packages\rpyc\core\protocol.py", line 356, in _dispatch_request
    res = self._HANDLERS[handler](self, *args)
          ^^^^^^^^^^^^^^^^^^^^^^^^^^^^^^^^^^^^
  File "C:\Users\awsch\miniconda3\envs\nsp\Lib\site-packages\rpyc\core\protocol.py", line 853, in _handle_getattr
    return self._access_attr(obj, name, (), "_rpyc_getattr", "allow_getattr", getattr)
           ^^^^^^^^^^^^^^^^^^^^^^^^^^^^^^^^^^^^^^^^^^^^^^^^^^^^^^^^^^^^^^^^^^^^^^^^^^^
  File "C:\Users\awsch\miniconda3\envs\nsp\Lib\site-packages\rpyc\core\protocol.py", line 781, in _access_attr
    return accessor(obj, name, *args)
           ^^^^^^^^^^^^^^^^^^^^^^^^^^
AttributeError: 'list' object has no attribute 'sum'
2026-05-29 15:45:41.053 [   DEBUG] (         protocol.py: 363) Exception caught
Traceback (most recent call last):
  File "C:\Users\awsch\miniconda3\envs\nsp\Lib\site-packages\rpyc\core\protocol.py", line 356, in _dispatch_request
    res = self._HANDLERS[handler](self, *args)
          ^^^^^^^^^^^^^^^^^^^^^^^^^^^^^^^^^^^^
  File "C:\Users\awsch\miniconda3\envs\nsp\Lib\site-packages\rpyc\core\protocol.py", line 853, in _handle_getattr
    return self._access_attr(obj, name, (), "_rpyc_getattr", "allow_getattr", getattr)
           ^^^^^^^^^^^^^^^^^^^^^^^^^^^^^^^^^^^^^^^^^^^^^^^^^^^^^^^^^^^^^^^^^^^^^^^^^^^
  File "C:\Users\awsch\miniconda3\envs\nsp\Lib\site-packages\rpyc\core\protocol.py", line 781, in _access_attr
    return accessor(obj, name, *args)
           ^^^^^^^^^^^^^^^^^^^^^^^^^^
AttributeError: 'list' object has no attribute 'sum'
2026-05-29 15:45:41.054 [   DEBUG] (         protocol.py: 363) Exception caught
Traceback (most recent call last):
  File "C:\Users\awsch\miniconda3\envs\nsp\Lib\site-packages\rpyc\core\protocol.py", line 356, in _dispatch_request
    res = self._HANDLERS[handler](self, *args)
          ^^^^^^^^^^^^^^^^^^^^^^^^^^^^^^^^^^^^
  File "C:\Users\awsch\miniconda3\envs\nsp\Lib\site-packages\rpyc\core\protocol.py", line 853, in _handle_getattr
    return self._access_attr(obj, name, (), "_rpyc_getattr", "allow_getattr", getattr)
           ^^^^^^^^^^^^^^^^^^^^^^^^^^^^^^^^^^^^^^^^^^^^^^^^^^^^^^^^^^^^^^^^^^^^^^^^^^^
  File "C:\Users\awsch\miniconda3\envs\nsp\Lib\site-packages\rpyc\core\protocol.py", line 781, in _access_attr
    return accessor(obj, name, *args)
           ^^^^^^^^^^^^^^^^^^^^^^^^^^
AttributeError: 'list' object has no attribute '__array__'
2026-05-29 15:45:41.071 [   DEBUG] (         protocol.py: 363) Exception caught
Traceback (most recent call last):
  File "C:\Users\awsch\miniconda3\envs\nsp\Lib\site-packages\rpyc\core\protocol.py", line 356, in _dispatch_request
    res = self._HANDLERS[handler](self, *args)
          ^^^^^^^^^^^^^^^^^^^^^^^^^^^^^^^^^^^^
  File "C:\Users\awsch\miniconda3\envs\nsp\Lib\site-packages\rpyc\core\protocol.py", line 853, in _handle_getattr
    return self._access_attr(obj, name, (), "_rpyc_getattr", "allow_getattr", getattr)
           ^^^^^^^^^^^^^^^^^^^^^^^^^^^^^^^^^^^^^^^^^^^^^^^^^^^^^^^^^^^^^^^^^^^^^^^^^^^
  File "C:\Users\awsch\miniconda3\envs\nsp\Lib\site-packages\rpyc\core\protocol.py", line 781, in _access_attr
    return accessor(obj, name, *args)
           ^^^^^^^^^^^^^^^^^^^^^^^^^^
AttributeError: 'list' object has no attribute '__array_wrap__'
2026-05-29 15:45:41.073 [   DEBUG] (         protocol.py: 363) Exception caught
Traceback (most recent call last):
  File "C:\Users\awsch\miniconda3\envs\nsp\Lib\site-packages\rpyc\core\protocol.py", line 356, in _dispatch_request
    res = self._HANDLERS[handler](self, *args)
          ^^^^^^^^^^^^^^^^^^^^^^^^^^^^^^^^^^^^
  File "C:\Users\awsch\miniconda3\envs\nsp\Lib\site-packages\rpyc\core\protocol.py", line 853, in _handle_getattr
    return self._access_attr(obj, name, (), "_rpyc_getattr", "allow_getattr", getattr)
           ^^^^^^^^^^^^^^^^^^^^^^^^^^^^^^^^^^^^^^^^^^^^^^^^^^^^^^^^^^^^^^^^^^^^^^^^^^^
  File "C:\Users\awsch\miniconda3\envs\nsp\Lib\site-packages\rpyc\core\protocol.py", line 781, in _access_attr
    return accessor(obj, name, *args)
           ^^^^^^^^^^^^^^^^^^^^^^^^^^
AttributeError: 'list' object has no attribute '__array_wrap__'
2026-05-29 15:45:41.073 [   DEBUG] (         protocol.py: 363) Exception caught
Traceback (most recent call last):
  File "C:\Users\awsch\miniconda3\envs\nsp\Lib\site-packages\rpyc\core\protocol.py", line 356, in _dispatch_request
    res = self._HANDLERS[handler](self, *args)
          ^^^^^^^^^^^^^^^^^^^^^^^^^^^^^^^^^^^^
  File "C:\Users\awsch\miniconda3\envs\nsp\Lib\site-packages\rpyc\core\protocol.py", line 853, in _handle_getattr
    return self._access_attr(obj, name, (), "_rpyc_getattr", "allow_getattr", getattr)
           ^^^^^^^^^^^^^^^^^^^^^^^^^^^^^^^^^^^^^^^^^^^^^^^^^^^^^^^^^^^^^^^^^^^^^^^^^^^
  File "C:\Users\awsch\miniconda3\envs\nsp\Lib\site-packages\rpyc\core\protocol.py", line 781, in _access_attr
    return accessor(obj, name, *args)
           ^^^^^^^^^^^^^^^^^^^^^^^^^^
AttributeError: 'list' object has no attribute 'sum'
2026-05-29 15:45:41.074 [   DEBUG] (         protocol.py: 363) Exception caught
Traceback (most recent call last):
  File "C:\Users\awsch\miniconda3\envs\nsp\Lib\site-packages\rpyc\core\protocol.py", line 356, in _dispatch_request
    res = self._HANDLERS[handler](self, *args)
          ^^^^^^^^^^^^^^^^^^^^^^^^^^^^^^^^^^^^
  File "C:\Users\awsch\miniconda3\envs\nsp\Lib\site-packages\rpyc\core\protocol.py", line 853, in _handle_getattr
    return self._access_attr(obj, name, (), "_rpyc_getattr", "allow_getattr", getattr)
           ^^^^^^^^^^^^^^^^^^^^^^^^^^^^^^^^^^^^^^^^^^^^^^^^^^^^^^^^^^^^^^^^^^^^^^^^^^^
  File "C:\Users\awsch\miniconda3\envs\nsp\Lib\site-packages\rpyc\core\protocol.py", line 781, in _access_attr
    return accessor(obj, name, *args)
           ^^^^^^^^^^^^^^^^^^^^^^^^^^
AttributeError: 'list' object has no attribute 'sum'
2026-05-29 15:45:41.075 [   DEBUG] (         protocol.py: 363) Exception caught
Traceback (most recent call last):
  File "C:\Users\awsch\miniconda3\envs\nsp\Lib\site-packages\rpyc\core\protocol.py", line 356, in _dispatch_request
    res = self._HANDLERS[handler](self, *args)
          ^^^^^^^^^^^^^^^^^^^^^^^^^^^^^^^^^^^^
  File "C:\Users\awsch\miniconda3\envs\nsp\Lib\site-packages\rpyc\core\protocol.py", line 853, in _handle_getattr
    return self._access_attr(obj, name, (), "_rpyc_getattr", "allow_getattr", getattr)
           ^^^^^^^^^^^^^^^^^^^^^^^^^^^^^^^^^^^^^^^^^^^^^^^^^^^^^^^^^^^^^^^^^^^^^^^^^^^
  File "C:\Users\awsch\miniconda3\envs\nsp\Lib\site-packages\rpyc\core\protocol.py", line 781, in _access_attr
    return accessor(obj, name, *args)
           ^^^^^^^^^^^^^^^^^^^^^^^^^^
AttributeError: 'list' object has no attribute '__array__'
2026-05-29 15:45:41.093 [   DEBUG] (         protocol.py: 363) Exception caught
Traceback (most recent call last):
  File "C:\Users\awsch\miniconda3\envs\nsp\Lib\site-packages\rpyc\core\protocol.py", line 356, in _dispatch_request
    res = self._HANDLERS[handler](self, *args)
          ^^^^^^^^^^^^^^^^^^^^^^^^^^^^^^^^^^^^
  File "C:\Users\awsch\miniconda3\envs\nsp\Lib\site-packages\rpyc\core\protocol.py", line 853, in _handle_getattr
    return self._access_attr(obj, name, (), "_rpyc_getattr", "allow_getattr", getattr)
           ^^^^^^^^^^^^^^^^^^^^^^^^^^^^^^^^^^^^^^^^^^^^^^^^^^^^^^^^^^^^^^^^^^^^^^^^^^^
  File "C:\Users\awsch\miniconda3\envs\nsp\Lib\site-packages\rpyc\core\protocol.py", line 781, in _access_attr
    return accessor(obj, name, *args)
           ^^^^^^^^^^^^^^^^^^^^^^^^^^
AttributeError: 'list' object has no attribute '__array_wrap__'
2026-05-29 15:45:41.095 [   DEBUG] (         protocol.py: 363) Exception caught
Traceback (most recent call last):
  File "C:\Users\awsch\miniconda3\envs\nsp\Lib\site-packages\rpyc\core\protocol.py", line 356, in _dispatch_request
    res = self._HANDLERS[handler](self, *args)
          ^^^^^^^^^^^^^^^^^^^^^^^^^^^^^^^^^^^^
  File "C:\Users\awsch\miniconda3\envs\nsp\Lib\site-packages\rpyc\core\protocol.py", line 853, in _handle_getattr
    return self._access_attr(obj, name, (), "_rpyc_getattr", "allow_getattr", getattr)
           ^^^^^^^^^^^^^^^^^^^^^^^^^^^^^^^^^^^^^^^^^^^^^^^^^^^^^^^^^^^^^^^^^^^^^^^^^^^
  File "C:\Users\awsch\miniconda3\envs\nsp\Lib\site-packages\rpyc\core\protocol.py", line 781, in _access_attr
    return accessor(obj, name, *args)
           ^^^^^^^^^^^^^^^^^^^^^^^^^^
AttributeError: 'list' object has no attribute '__array_wrap__'
2026-05-29 15:45:41.097 [   DEBUG] (        highlevel.py: 186) viWrite(1, b'MEAS:POWER?\r\n', 13, 'c_ulong(13)') -> 0
2026-05-29 15:45:41.097 [   DEBUG] (     messagebased.py: 435) USB0::0x1313::0x8072::1916964::0::INSTR - reading 20480 bytes (last status <StatusCode.success_max_count_read: 1073676294>)
2026-05-29 15:45:41.099 [   DEBUG] (        highlevel.py: 186) viRead(1, <ctypes.c_char_Array_20480 object at 0x000001E05EA8A150>, 20480, 'c_ulong(15)') -> 0
2026-05-29 15:45:41.105 [   DEBUG] (        highlevel.py: 186) viWrite(2, b'FREQ 9580000000.00\r\n', 20, 'c_ulong(20)') -> 0
2026-05-29 15:45:42.182 [   DEBUG] (         protocol.py: 363) Exception caught
Traceback (most recent call last):
  File "C:\Users\awsch\miniconda3\envs\nsp\Lib\site-packages\rpyc\core\protocol.py", line 356, in _dispatch_request
    res = self._HANDLERS[handler](self, *args)
          ^^^^^^^^^^^^^^^^^^^^^^^^^^^^^^^^^^^^
  File "C:\Users\awsch\miniconda3\envs\nsp\Lib\site-packages\rpyc\core\protocol.py", line 853, in _handle_getattr
    return self._access_attr(obj, name, (), "_rpyc_getattr", "allow_getattr", getattr)
           ^^^^^^^^^^^^^^^^^^^^^^^^^^^^^^^^^^^^^^^^^^^^^^^^^^^^^^^^^^^^^^^^^^^^^^^^^^^
  File "C:\Users\awsch\miniconda3\envs\nsp\Lib\site-packages\rpyc\core\protocol.py", line 781, in _access_attr
    return accessor(obj, name, *args)
           ^^^^^^^^^^^^^^^^^^^^^^^^^^
AttributeError: 'list' object has no attribute 'sum'
2026-05-29 15:45:42.183 [   DEBUG] (         protocol.py: 363) Exception caught
Traceback (most recent call last):
  File "C:\Users\awsch\miniconda3\envs\nsp\Lib\site-packages\rpyc\core\protocol.py", line 356, in _dispatch_request
    res = self._HANDLERS[handler](self, *args)
          ^^^^^^^^^^^^^^^^^^^^^^^^^^^^^^^^^^^^
  File "C:\Users\awsch\miniconda3\envs\nsp\Lib\site-packages\rpyc\core\protocol.py", line 853, in _handle_getattr
    return self._access_attr(obj, name, (), "_rpyc_getattr", "allow_getattr", getattr)
           ^^^^^^^^^^^^^^^^^^^^^^^^^^^^^^^^^^^^^^^^^^^^^^^^^^^^^^^^^^^^^^^^^^^^^^^^^^^
  File "C:\Users\awsch\miniconda3\envs\nsp\Lib\site-packages\rpyc\core\protocol.py", line 781, in _access_attr
    return accessor(obj, name, *args)
           ^^^^^^^^^^^^^^^^^^^^^^^^^^
AttributeError: 'list' object has no attribute 'sum'
2026-05-29 15:45:42.184 [   DEBUG] (         protocol.py: 363) Exception caught
Traceback (most recent call last):
  File "C:\Users\awsch\miniconda3\envs\nsp\Lib\site-packages\rpyc\core\protocol.py", line 356, in _dispatch_request
    res = self._HANDLERS[handler](self, *args)
          ^^^^^^^^^^^^^^^^^^^^^^^^^^^^^^^^^^^^
  File "C:\Users\awsch\miniconda3\envs\nsp\Lib\site-packages\rpyc\core\protocol.py", line 853, in _handle_getattr
    return self._access_attr(obj, name, (), "_rpyc_getattr", "allow_getattr", getattr)
           ^^^^^^^^^^^^^^^^^^^^^^^^^^^^^^^^^^^^^^^^^^^^^^^^^^^^^^^^^^^^^^^^^^^^^^^^^^^
  File "C:\Users\awsch\miniconda3\envs\nsp\Lib\site-packages\rpyc\core\protocol.py", line 781, in _access_attr
    return accessor(obj, name, *args)
           ^^^^^^^^^^^^^^^^^^^^^^^^^^
AttributeError: 'list' object has no attribute '__array__'
2026-05-29 15:45:42.202 [   DEBUG] (         protocol.py: 363) Exception caught
Traceback (most recent call last):
  File "C:\Users\awsch\miniconda3\envs\nsp\Lib\site-packages\rpyc\core\protocol.py", line 356, in _dispatch_request
    res = self._HANDLERS[handler](self, *args)
          ^^^^^^^^^^^^^^^^^^^^^^^^^^^^^^^^^^^^
  File "C:\Users\awsch\miniconda3\envs\nsp\Lib\site-packages\rpyc\core\protocol.py", line 853, in _handle_getattr
    return self._access_attr(obj, name, (), "_rpyc_getattr", "allow_getattr", getattr)
           ^^^^^^^^^^^^^^^^^^^^^^^^^^^^^^^^^^^^^^^^^^^^^^^^^^^^^^^^^^^^^^^^^^^^^^^^^^^
  File "C:\Users\awsch\miniconda3\envs\nsp\Lib\site-packages\rpyc\core\protocol.py", line 781, in _access_attr
    return accessor(obj, name, *args)
           ^^^^^^^^^^^^^^^^^^^^^^^^^^
AttributeError: 'list' object has no attribute '__array_wrap__'
2026-05-29 15:45:42.204 [   DEBUG] (         protocol.py: 363) Exception caught
Traceback (most recent call last):
  File "C:\Users\awsch\miniconda3\envs\nsp\Lib\site-packages\rpyc\core\protocol.py", line 356, in _dispatch_request
    res = self._HANDLERS[handler](self, *args)
          ^^^^^^^^^^^^^^^^^^^^^^^^^^^^^^^^^^^^
  File "C:\Users\awsch\miniconda3\envs\nsp\Lib\site-packages\rpyc\core\protocol.py", line 853, in _handle_getattr
    return self._access_attr(obj, name, (), "_rpyc_getattr", "allow_getattr", getattr)
           ^^^^^^^^^^^^^^^^^^^^^^^^^^^^^^^^^^^^^^^^^^^^^^^^^^^^^^^^^^^^^^^^^^^^^^^^^^^
  File "C:\Users\awsch\miniconda3\envs\nsp\Lib\site-packages\rpyc\core\protocol.py", line 781, in _access_attr
    return accessor(obj, name, *args)
           ^^^^^^^^^^^^^^^^^^^^^^^^^^
AttributeError: 'list' object has no attribute '__array_wrap__'
2026-05-29 15:45:42.204 [   DEBUG] (         protocol.py: 363) Exception caught
Traceback (most recent call last):
  File "C:\Users\awsch\miniconda3\envs\nsp\Lib\site-packages\rpyc\core\protocol.py", line 356, in _dispatch_request
    res = self._HANDLERS[handler](self, *args)
          ^^^^^^^^^^^^^^^^^^^^^^^^^^^^^^^^^^^^
  File "C:\Users\awsch\miniconda3\envs\nsp\Lib\site-packages\rpyc\core\protocol.py", line 853, in _handle_getattr
    return self._access_attr(obj, name, (), "_rpyc_getattr", "allow_getattr", getattr)
           ^^^^^^^^^^^^^^^^^^^^^^^^^^^^^^^^^^^^^^^^^^^^^^^^^^^^^^^^^^^^^^^^^^^^^^^^^^^
  File "C:\Users\awsch\miniconda3\envs\nsp\Lib\site-packages\rpyc\core\protocol.py", line 781, in _access_attr
    return accessor(obj, name, *args)
           ^^^^^^^^^^^^^^^^^^^^^^^^^^
AttributeError: 'list' object has no attribute 'sum'
2026-05-29 15:45:42.206 [   DEBUG] (         protocol.py: 363) Exception caught
Traceback (most recent call last):
  File "C:\Users\awsch\miniconda3\envs\nsp\Lib\site-packages\rpyc\core\protocol.py", line 356, in _dispatch_request
    res = self._HANDLERS[handler](self, *args)
          ^^^^^^^^^^^^^^^^^^^^^^^^^^^^^^^^^^^^
  File "C:\Users\awsch\miniconda3\envs\nsp\Lib\site-packages\rpyc\core\protocol.py", line 853, in _handle_getattr
    return self._access_attr(obj, name, (), "_rpyc_getattr", "allow_getattr", getattr)
           ^^^^^^^^^^^^^^^^^^^^^^^^^^^^^^^^^^^^^^^^^^^^^^^^^^^^^^^^^^^^^^^^^^^^^^^^^^^
  File "C:\Users\awsch\miniconda3\envs\nsp\Lib\site-packages\rpyc\core\protocol.py", line 781, in _access_attr
    return accessor(obj, name, *args)
           ^^^^^^^^^^^^^^^^^^^^^^^^^^
AttributeError: 'list' object has no attribute 'sum'
2026-05-29 15:45:42.207 [   DEBUG] (         protocol.py: 363) Exception caught
Traceback (most recent call last):
  File "C:\Users\awsch\miniconda3\envs\nsp\Lib\site-packages\rpyc\core\protocol.py", line 356, in _dispatch_request
    res = self._HANDLERS[handler](self, *args)
          ^^^^^^^^^^^^^^^^^^^^^^^^^^^^^^^^^^^^
  File "C:\Users\awsch\miniconda3\envs\nsp\Lib\site-packages\rpyc\core\protocol.py", line 853, in _handle_getattr
    return self._access_attr(obj, name, (), "_rpyc_getattr", "allow_getattr", getattr)
           ^^^^^^^^^^^^^^^^^^^^^^^^^^^^^^^^^^^^^^^^^^^^^^^^^^^^^^^^^^^^^^^^^^^^^^^^^^^
  File "C:\Users\awsch\miniconda3\envs\nsp\Lib\site-packages\rpyc\core\protocol.py", line 781, in _access_attr
    return accessor(obj, name, *args)
           ^^^^^^^^^^^^^^^^^^^^^^^^^^
AttributeError: 'list' object has no attribute '__array__'
2026-05-29 15:45:42.224 [   DEBUG] (         protocol.py: 363) Exception caught
Traceback (most recent call last):
  File "C:\Users\awsch\miniconda3\envs\nsp\Lib\site-packages\rpyc\core\protocol.py", line 356, in _dispatch_request
    res = self._HANDLERS[handler](self, *args)
          ^^^^^^^^^^^^^^^^^^^^^^^^^^^^^^^^^^^^
  File "C:\Users\awsch\miniconda3\envs\nsp\Lib\site-packages\rpyc\core\protocol.py", line 853, in _handle_getattr
    return self._access_attr(obj, name, (), "_rpyc_getattr", "allow_getattr", getattr)
           ^^^^^^^^^^^^^^^^^^^^^^^^^^^^^^^^^^^^^^^^^^^^^^^^^^^^^^^^^^^^^^^^^^^^^^^^^^^
  File "C:\Users\awsch\miniconda3\envs\nsp\Lib\site-packages\rpyc\core\protocol.py", line 781, in _access_attr
    return accessor(obj, name, *args)
           ^^^^^^^^^^^^^^^^^^^^^^^^^^
AttributeError: 'list' object has no attribute '__array_wrap__'
2026-05-29 15:45:42.225 [   DEBUG] (         protocol.py: 363) Exception caught
Traceback (most recent call last):
  File "C:\Users\awsch\miniconda3\envs\nsp\Lib\site-packages\rpyc\core\protocol.py", line 356, in _dispatch_request
    res = self._HANDLERS[handler](self, *args)
          ^^^^^^^^^^^^^^^^^^^^^^^^^^^^^^^^^^^^
  File "C:\Users\awsch\miniconda3\envs\nsp\Lib\site-packages\rpyc\core\protocol.py", line 853, in _handle_getattr
    return self._access_attr(obj, name, (), "_rpyc_getattr", "allow_getattr", getattr)
           ^^^^^^^^^^^^^^^^^^^^^^^^^^^^^^^^^^^^^^^^^^^^^^^^^^^^^^^^^^^^^^^^^^^^^^^^^^^
  File "C:\Users\awsch\miniconda3\envs\nsp\Lib\site-packages\rpyc\core\protocol.py", line 781, in _access_attr
    return accessor(obj, name, *args)
           ^^^^^^^^^^^^^^^^^^^^^^^^^^
AttributeError: 'list' object has no attribute '__array_wrap__'
2026-05-29 15:45:42.227 [   DEBUG] (        highlevel.py: 186) viWrite(1, b'MEAS:POWER?\r\n', 13, 'c_ulong(13)') -> 0
2026-05-29 15:45:42.227 [   DEBUG] (     messagebased.py: 435) USB0::0x1313::0x8072::1916964::0::INSTR - reading 20480 bytes (last status <StatusCode.success_max_count_read: 1073676294>)
2026-05-29 15:45:42.230 [   DEBUG] (        highlevel.py: 186) viRead(1, <ctypes.c_char_Array_20480 object at 0x000001E05EA89A50>, 20480, 'c_ulong(15)') -> 0
2026-05-29 15:45:42.236 [   DEBUG] (        highlevel.py: 186) viWrite(2, b'FREQ 9590000000.00\r\n', 20, 'c_ulong(20)') -> 0
2026-05-29 15:45:43.320 [   DEBUG] (         protocol.py: 363) Exception caught
Traceback (most recent call last):
  File "C:\Users\awsch\miniconda3\envs\nsp\Lib\site-packages\rpyc\core\protocol.py", line 356, in _dispatch_request
    res = self._HANDLERS[handler](self, *args)
          ^^^^^^^^^^^^^^^^^^^^^^^^^^^^^^^^^^^^
  File "C:\Users\awsch\miniconda3\envs\nsp\Lib\site-packages\rpyc\core\protocol.py", line 853, in _handle_getattr
    return self._access_attr(obj, name, (), "_rpyc_getattr", "allow_getattr", getattr)
           ^^^^^^^^^^^^^^^^^^^^^^^^^^^^^^^^^^^^^^^^^^^^^^^^^^^^^^^^^^^^^^^^^^^^^^^^^^^
  File "C:\Users\awsch\miniconda3\envs\nsp\Lib\site-packages\rpyc\core\protocol.py", line 781, in _access_attr
    return accessor(obj, name, *args)
           ^^^^^^^^^^^^^^^^^^^^^^^^^^
AttributeError: 'list' object has no attribute 'sum'
2026-05-29 15:45:43.321 [   DEBUG] (         protocol.py: 363) Exception caught
Traceback (most recent call last):
  File "C:\Users\awsch\miniconda3\envs\nsp\Lib\site-packages\rpyc\core\protocol.py", line 356, in _dispatch_request
    res = self._HANDLERS[handler](self, *args)
          ^^^^^^^^^^^^^^^^^^^^^^^^^^^^^^^^^^^^
  File "C:\Users\awsch\miniconda3\envs\nsp\Lib\site-packages\rpyc\core\protocol.py", line 853, in _handle_getattr
    return self._access_attr(obj, name, (), "_rpyc_getattr", "allow_getattr", getattr)
           ^^^^^^^^^^^^^^^^^^^^^^^^^^^^^^^^^^^^^^^^^^^^^^^^^^^^^^^^^^^^^^^^^^^^^^^^^^^
  File "C:\Users\awsch\miniconda3\envs\nsp\Lib\site-packages\rpyc\core\protocol.py", line 781, in _access_attr
    return accessor(obj, name, *args)
           ^^^^^^^^^^^^^^^^^^^^^^^^^^
AttributeError: 'list' object has no attribute 'sum'
2026-05-29 15:45:43.323 [   DEBUG] (         protocol.py: 363) Exception caught
Traceback (most recent call last):
  File "C:\Users\awsch\miniconda3\envs\nsp\Lib\site-packages\rpyc\core\protocol.py", line 356, in _dispatch_request
    res = self._HANDLERS[handler](self, *args)
          ^^^^^^^^^^^^^^^^^^^^^^^^^^^^^^^^^^^^
  File "C:\Users\awsch\miniconda3\envs\nsp\Lib\site-packages\rpyc\core\protocol.py", line 853, in _handle_getattr
    return self._access_attr(obj, name, (), "_rpyc_getattr", "allow_getattr", getattr)
           ^^^^^^^^^^^^^^^^^^^^^^^^^^^^^^^^^^^^^^^^^^^^^^^^^^^^^^^^^^^^^^^^^^^^^^^^^^^
  File "C:\Users\awsch\miniconda3\envs\nsp\Lib\site-packages\rpyc\core\protocol.py", line 781, in _access_attr
    return accessor(obj, name, *args)
           ^^^^^^^^^^^^^^^^^^^^^^^^^^
AttributeError: 'list' object has no attribute '__array__'
2026-05-29 15:45:43.343 [   DEBUG] (         protocol.py: 363) Exception caught
Traceback (most recent call last):
  File "C:\Users\awsch\miniconda3\envs\nsp\Lib\site-packages\rpyc\core\protocol.py", line 356, in _dispatch_request
    res = self._HANDLERS[handler](self, *args)
          ^^^^^^^^^^^^^^^^^^^^^^^^^^^^^^^^^^^^
  File "C:\Users\awsch\miniconda3\envs\nsp\Lib\site-packages\rpyc\core\protocol.py", line 853, in _handle_getattr
    return self._access_attr(obj, name, (), "_rpyc_getattr", "allow_getattr", getattr)
           ^^^^^^^^^^^^^^^^^^^^^^^^^^^^^^^^^^^^^^^^^^^^^^^^^^^^^^^^^^^^^^^^^^^^^^^^^^^
  File "C:\Users\awsch\miniconda3\envs\nsp\Lib\site-packages\rpyc\core\protocol.py", line 781, in _access_attr
    return accessor(obj, name, *args)
           ^^^^^^^^^^^^^^^^^^^^^^^^^^
AttributeError: 'list' object has no attribute '__array_wrap__'
2026-05-29 15:45:43.344 [   DEBUG] (         protocol.py: 363) Exception caught
Traceback (most recent call last):
  File "C:\Users\awsch\miniconda3\envs\nsp\Lib\site-packages\rpyc\core\protocol.py", line 356, in _dispatch_request
    res = self._HANDLERS[handler](self, *args)
          ^^^^^^^^^^^^^^^^^^^^^^^^^^^^^^^^^^^^
  File "C:\Users\awsch\miniconda3\envs\nsp\Lib\site-packages\rpyc\core\protocol.py", line 853, in _handle_getattr
    return self._access_attr(obj, name, (), "_rpyc_getattr", "allow_getattr", getattr)
           ^^^^^^^^^^^^^^^^^^^^^^^^^^^^^^^^^^^^^^^^^^^^^^^^^^^^^^^^^^^^^^^^^^^^^^^^^^^
  File "C:\Users\awsch\miniconda3\envs\nsp\Lib\site-packages\rpyc\core\protocol.py", line 781, in _access_attr
    return accessor(obj, name, *args)
           ^^^^^^^^^^^^^^^^^^^^^^^^^^
AttributeError: 'list' object has no attribute '__array_wrap__'
2026-05-29 15:45:43.345 [   DEBUG] (         protocol.py: 363) Exception caught
Traceback (most recent call last):
  File "C:\Users\awsch\miniconda3\envs\nsp\Lib\site-packages\rpyc\core\protocol.py", line 356, in _dispatch_request
    res = self._HANDLERS[handler](self, *args)
          ^^^^^^^^^^^^^^^^^^^^^^^^^^^^^^^^^^^^
  File "C:\Users\awsch\miniconda3\envs\nsp\Lib\site-packages\rpyc\core\protocol.py", line 853, in _handle_getattr
    return self._access_attr(obj, name, (), "_rpyc_getattr", "allow_getattr", getattr)
           ^^^^^^^^^^^^^^^^^^^^^^^^^^^^^^^^^^^^^^^^^^^^^^^^^^^^^^^^^^^^^^^^^^^^^^^^^^^
  File "C:\Users\awsch\miniconda3\envs\nsp\Lib\site-packages\rpyc\core\protocol.py", line 781, in _access_attr
    return accessor(obj, name, *args)
           ^^^^^^^^^^^^^^^^^^^^^^^^^^
AttributeError: 'list' object has no attribute 'sum'
2026-05-29 15:45:43.346 [   DEBUG] (         protocol.py: 363) Exception caught
Traceback (most recent call last):
  File "C:\Users\awsch\miniconda3\envs\nsp\Lib\site-packages\rpyc\core\protocol.py", line 356, in _dispatch_request
    res = self._HANDLERS[handler](self, *args)
          ^^^^^^^^^^^^^^^^^^^^^^^^^^^^^^^^^^^^
  File "C:\Users\awsch\miniconda3\envs\nsp\Lib\site-packages\rpyc\core\protocol.py", line 853, in _handle_getattr
    return self._access_attr(obj, name, (), "_rpyc_getattr", "allow_getattr", getattr)
           ^^^^^^^^^^^^^^^^^^^^^^^^^^^^^^^^^^^^^^^^^^^^^^^^^^^^^^^^^^^^^^^^^^^^^^^^^^^
  File "C:\Users\awsch\miniconda3\envs\nsp\Lib\site-packages\rpyc\core\protocol.py", line 781, in _access_attr
    return accessor(obj, name, *args)
           ^^^^^^^^^^^^^^^^^^^^^^^^^^
AttributeError: 'list' object has no attribute 'sum'
2026-05-29 15:45:43.347 [   DEBUG] (         protocol.py: 363) Exception caught
Traceback (most recent call last):
  File "C:\Users\awsch\miniconda3\envs\nsp\Lib\site-packages\rpyc\core\protocol.py", line 356, in _dispatch_request
    res = self._HANDLERS[handler](self, *args)
          ^^^^^^^^^^^^^^^^^^^^^^^^^^^^^^^^^^^^
  File "C:\Users\awsch\miniconda3\envs\nsp\Lib\site-packages\rpyc\core\protocol.py", line 853, in _handle_getattr
    return self._access_attr(obj, name, (), "_rpyc_getattr", "allow_getattr", getattr)
           ^^^^^^^^^^^^^^^^^^^^^^^^^^^^^^^^^^^^^^^^^^^^^^^^^^^^^^^^^^^^^^^^^^^^^^^^^^^
  File "C:\Users\awsch\miniconda3\envs\nsp\Lib\site-packages\rpyc\core\protocol.py", line 781, in _access_attr
    return accessor(obj, name, *args)
           ^^^^^^^^^^^^^^^^^^^^^^^^^^
AttributeError: 'list' object has no attribute '__array__'
2026-05-29 15:45:43.365 [   DEBUG] (         protocol.py: 363) Exception caught
Traceback (most recent call last):
  File "C:\Users\awsch\miniconda3\envs\nsp\Lib\site-packages\rpyc\core\protocol.py", line 356, in _dispatch_request
    res = self._HANDLERS[handler](self, *args)
          ^^^^^^^^^^^^^^^^^^^^^^^^^^^^^^^^^^^^
  File "C:\Users\awsch\miniconda3\envs\nsp\Lib\site-packages\rpyc\core\protocol.py", line 853, in _handle_getattr
    return self._access_attr(obj, name, (), "_rpyc_getattr", "allow_getattr", getattr)
           ^^^^^^^^^^^^^^^^^^^^^^^^^^^^^^^^^^^^^^^^^^^^^^^^^^^^^^^^^^^^^^^^^^^^^^^^^^^
  File "C:\Users\awsch\miniconda3\envs\nsp\Lib\site-packages\rpyc\core\protocol.py", line 781, in _access_attr
    return accessor(obj, name, *args)
           ^^^^^^^^^^^^^^^^^^^^^^^^^^
AttributeError: 'list' object has no attribute '__array_wrap__'
2026-05-29 15:45:43.367 [   DEBUG] (         protocol.py: 363) Exception caught
Traceback (most recent call last):
  File "C:\Users\awsch\miniconda3\envs\nsp\Lib\site-packages\rpyc\core\protocol.py", line 356, in _dispatch_request
    res = self._HANDLERS[handler](self, *args)
          ^^^^^^^^^^^^^^^^^^^^^^^^^^^^^^^^^^^^
  File "C:\Users\awsch\miniconda3\envs\nsp\Lib\site-packages\rpyc\core\protocol.py", line 853, in _handle_getattr
    return self._access_attr(obj, name, (), "_rpyc_getattr", "allow_getattr", getattr)
           ^^^^^^^^^^^^^^^^^^^^^^^^^^^^^^^^^^^^^^^^^^^^^^^^^^^^^^^^^^^^^^^^^^^^^^^^^^^
  File "C:\Users\awsch\miniconda3\envs\nsp\Lib\site-packages\rpyc\core\protocol.py", line 781, in _access_attr
    return accessor(obj, name, *args)
           ^^^^^^^^^^^^^^^^^^^^^^^^^^
AttributeError: 'list' object has no attribute '__array_wrap__'
2026-05-29 15:45:43.370 [   DEBUG] (        highlevel.py: 186) viWrite(1, b'MEAS:POWER?\r\n', 13, 'c_ulong(13)') -> 0
2026-05-29 15:45:43.371 [   DEBUG] (     messagebased.py: 435) USB0::0x1313::0x8072::1916964::0::INSTR - reading 20480 bytes (last status <StatusCode.success_max_count_read: 1073676294>)
2026-05-29 15:45:43.373 [   DEBUG] (        highlevel.py: 186) viRead(1, <ctypes.c_char_Array_20480 object at 0x000001E05EA8A450>, 20480, 'c_ulong(15)') -> 0
2026-05-29 15:45:43.379 [   DEBUG] (        highlevel.py: 186) viWrite(2, b'FREQ 9600000000.00\r\n', 20, 'c_ulong(20)') -> 0
2026-05-29 15:45:44.462 [   DEBUG] (         protocol.py: 363) Exception caught
Traceback (most recent call last):
  File "C:\Users\awsch\miniconda3\envs\nsp\Lib\site-packages\rpyc\core\protocol.py", line 356, in _dispatch_request
    res = self._HANDLERS[handler](self, *args)
          ^^^^^^^^^^^^^^^^^^^^^^^^^^^^^^^^^^^^
  File "C:\Users\awsch\miniconda3\envs\nsp\Lib\site-packages\rpyc\core\protocol.py", line 853, in _handle_getattr
    return self._access_attr(obj, name, (), "_rpyc_getattr", "allow_getattr", getattr)
           ^^^^^^^^^^^^^^^^^^^^^^^^^^^^^^^^^^^^^^^^^^^^^^^^^^^^^^^^^^^^^^^^^^^^^^^^^^^
  File "C:\Users\awsch\miniconda3\envs\nsp\Lib\site-packages\rpyc\core\protocol.py", line 781, in _access_attr
    return accessor(obj, name, *args)
           ^^^^^^^^^^^^^^^^^^^^^^^^^^
AttributeError: 'list' object has no attribute 'sum'
2026-05-29 15:45:44.463 [   DEBUG] (         protocol.py: 363) Exception caught
Traceback (most recent call last):
  File "C:\Users\awsch\miniconda3\envs\nsp\Lib\site-packages\rpyc\core\protocol.py", line 356, in _dispatch_request
    res = self._HANDLERS[handler](self, *args)
          ^^^^^^^^^^^^^^^^^^^^^^^^^^^^^^^^^^^^
  File "C:\Users\awsch\miniconda3\envs\nsp\Lib\site-packages\rpyc\core\protocol.py", line 853, in _handle_getattr
    return self._access_attr(obj, name, (), "_rpyc_getattr", "allow_getattr", getattr)
           ^^^^^^^^^^^^^^^^^^^^^^^^^^^^^^^^^^^^^^^^^^^^^^^^^^^^^^^^^^^^^^^^^^^^^^^^^^^
  File "C:\Users\awsch\miniconda3\envs\nsp\Lib\site-packages\rpyc\core\protocol.py", line 781, in _access_attr
    return accessor(obj, name, *args)
           ^^^^^^^^^^^^^^^^^^^^^^^^^^
AttributeError: 'list' object has no attribute 'sum'
2026-05-29 15:45:44.464 [   DEBUG] (         protocol.py: 363) Exception caught
Traceback (most recent call last):
  File "C:\Users\awsch\miniconda3\envs\nsp\Lib\site-packages\rpyc\core\protocol.py", line 356, in _dispatch_request
    res = self._HANDLERS[handler](self, *args)
          ^^^^^^^^^^^^^^^^^^^^^^^^^^^^^^^^^^^^
  File "C:\Users\awsch\miniconda3\envs\nsp\Lib\site-packages\rpyc\core\protocol.py", line 853, in _handle_getattr
    return self._access_attr(obj, name, (), "_rpyc_getattr", "allow_getattr", getattr)
           ^^^^^^^^^^^^^^^^^^^^^^^^^^^^^^^^^^^^^^^^^^^^^^^^^^^^^^^^^^^^^^^^^^^^^^^^^^^
  File "C:\Users\awsch\miniconda3\envs\nsp\Lib\site-packages\rpyc\core\protocol.py", line 781, in _access_attr
    return accessor(obj, name, *args)
           ^^^^^^^^^^^^^^^^^^^^^^^^^^
AttributeError: 'list' object has no attribute '__array__'
2026-05-29 15:45:44.483 [   DEBUG] (         protocol.py: 363) Exception caught
Traceback (most recent call last):
  File "C:\Users\awsch\miniconda3\envs\nsp\Lib\site-packages\rpyc\core\protocol.py", line 356, in _dispatch_request
    res = self._HANDLERS[handler](self, *args)
          ^^^^^^^^^^^^^^^^^^^^^^^^^^^^^^^^^^^^
  File "C:\Users\awsch\miniconda3\envs\nsp\Lib\site-packages\rpyc\core\protocol.py", line 853, in _handle_getattr
    return self._access_attr(obj, name, (), "_rpyc_getattr", "allow_getattr", getattr)
           ^^^^^^^^^^^^^^^^^^^^^^^^^^^^^^^^^^^^^^^^^^^^^^^^^^^^^^^^^^^^^^^^^^^^^^^^^^^
  File "C:\Users\awsch\miniconda3\envs\nsp\Lib\site-packages\rpyc\core\protocol.py", line 781, in _access_attr
    return accessor(obj, name, *args)
           ^^^^^^^^^^^^^^^^^^^^^^^^^^
AttributeError: 'list' object has no attribute '__array_wrap__'
2026-05-29 15:45:44.484 [   DEBUG] (         protocol.py: 363) Exception caught
Traceback (most recent call last):
  File "C:\Users\awsch\miniconda3\envs\nsp\Lib\site-packages\rpyc\core\protocol.py", line 356, in _dispatch_request
    res = self._HANDLERS[handler](self, *args)
          ^^^^^^^^^^^^^^^^^^^^^^^^^^^^^^^^^^^^
  File "C:\Users\awsch\miniconda3\envs\nsp\Lib\site-packages\rpyc\core\protocol.py", line 853, in _handle_getattr
    return self._access_attr(obj, name, (), "_rpyc_getattr", "allow_getattr", getattr)
           ^^^^^^^^^^^^^^^^^^^^^^^^^^^^^^^^^^^^^^^^^^^^^^^^^^^^^^^^^^^^^^^^^^^^^^^^^^^
  File "C:\Users\awsch\miniconda3\envs\nsp\Lib\site-packages\rpyc\core\protocol.py", line 781, in _access_attr
    return accessor(obj, name, *args)
           ^^^^^^^^^^^^^^^^^^^^^^^^^^
AttributeError: 'list' object has no attribute '__array_wrap__'
2026-05-29 15:45:44.485 [   DEBUG] (         protocol.py: 363) Exception caught
Traceback (most recent call last):
  File "C:\Users\awsch\miniconda3\envs\nsp\Lib\site-packages\rpyc\core\protocol.py", line 356, in _dispatch_request
    res = self._HANDLERS[handler](self, *args)
          ^^^^^^^^^^^^^^^^^^^^^^^^^^^^^^^^^^^^
  File "C:\Users\awsch\miniconda3\envs\nsp\Lib\site-packages\rpyc\core\protocol.py", line 853, in _handle_getattr
    return self._access_attr(obj, name, (), "_rpyc_getattr", "allow_getattr", getattr)
           ^^^^^^^^^^^^^^^^^^^^^^^^^^^^^^^^^^^^^^^^^^^^^^^^^^^^^^^^^^^^^^^^^^^^^^^^^^^
  File "C:\Users\awsch\miniconda3\envs\nsp\Lib\site-packages\rpyc\core\protocol.py", line 781, in _access_attr
    return accessor(obj, name, *args)
           ^^^^^^^^^^^^^^^^^^^^^^^^^^
AttributeError: 'list' object has no attribute 'sum'
2026-05-29 15:45:44.486 [   DEBUG] (         protocol.py: 363) Exception caught
Traceback (most recent call last):
  File "C:\Users\awsch\miniconda3\envs\nsp\Lib\site-packages\rpyc\core\protocol.py", line 356, in _dispatch_request
    res = self._HANDLERS[handler](self, *args)
          ^^^^^^^^^^^^^^^^^^^^^^^^^^^^^^^^^^^^
  File "C:\Users\awsch\miniconda3\envs\nsp\Lib\site-packages\rpyc\core\protocol.py", line 853, in _handle_getattr
    return self._access_attr(obj, name, (), "_rpyc_getattr", "allow_getattr", getattr)
           ^^^^^^^^^^^^^^^^^^^^^^^^^^^^^^^^^^^^^^^^^^^^^^^^^^^^^^^^^^^^^^^^^^^^^^^^^^^
  File "C:\Users\awsch\miniconda3\envs\nsp\Lib\site-packages\rpyc\core\protocol.py", line 781, in _access_attr
    return accessor(obj, name, *args)
           ^^^^^^^^^^^^^^^^^^^^^^^^^^
AttributeError: 'list' object has no attribute 'sum'
2026-05-29 15:45:44.487 [   DEBUG] (         protocol.py: 363) Exception caught
Traceback (most recent call last):
  File "C:\Users\awsch\miniconda3\envs\nsp\Lib\site-packages\rpyc\core\protocol.py", line 356, in _dispatch_request
    res = self._HANDLERS[handler](self, *args)
          ^^^^^^^^^^^^^^^^^^^^^^^^^^^^^^^^^^^^
  File "C:\Users\awsch\miniconda3\envs\nsp\Lib\site-packages\rpyc\core\protocol.py", line 853, in _handle_getattr
    return self._access_attr(obj, name, (), "_rpyc_getattr", "allow_getattr", getattr)
           ^^^^^^^^^^^^^^^^^^^^^^^^^^^^^^^^^^^^^^^^^^^^^^^^^^^^^^^^^^^^^^^^^^^^^^^^^^^
  File "C:\Users\awsch\miniconda3\envs\nsp\Lib\site-packages\rpyc\core\protocol.py", line 781, in _access_attr
    return accessor(obj, name, *args)
           ^^^^^^^^^^^^^^^^^^^^^^^^^^
AttributeError: 'list' object has no attribute '__array__'
2026-05-29 15:45:44.505 [   DEBUG] (         protocol.py: 363) Exception caught
Traceback (most recent call last):
  File "C:\Users\awsch\miniconda3\envs\nsp\Lib\site-packages\rpyc\core\protocol.py", line 356, in _dispatch_request
    res = self._HANDLERS[handler](self, *args)
          ^^^^^^^^^^^^^^^^^^^^^^^^^^^^^^^^^^^^
  File "C:\Users\awsch\miniconda3\envs\nsp\Lib\site-packages\rpyc\core\protocol.py", line 853, in _handle_getattr
    return self._access_attr(obj, name, (), "_rpyc_getattr", "allow_getattr", getattr)
           ^^^^^^^^^^^^^^^^^^^^^^^^^^^^^^^^^^^^^^^^^^^^^^^^^^^^^^^^^^^^^^^^^^^^^^^^^^^
  File "C:\Users\awsch\miniconda3\envs\nsp\Lib\site-packages\rpyc\core\protocol.py", line 781, in _access_attr
    return accessor(obj, name, *args)
           ^^^^^^^^^^^^^^^^^^^^^^^^^^
AttributeError: 'list' object has no attribute '__array_wrap__'
2026-05-29 15:45:44.507 [   DEBUG] (         protocol.py: 363) Exception caught
Traceback (most recent call last):
  File "C:\Users\awsch\miniconda3\envs\nsp\Lib\site-packages\rpyc\core\protocol.py", line 356, in _dispatch_request
    res = self._HANDLERS[handler](self, *args)
          ^^^^^^^^^^^^^^^^^^^^^^^^^^^^^^^^^^^^
  File "C:\Users\awsch\miniconda3\envs\nsp\Lib\site-packages\rpyc\core\protocol.py", line 853, in _handle_getattr
    return self._access_attr(obj, name, (), "_rpyc_getattr", "allow_getattr", getattr)
           ^^^^^^^^^^^^^^^^^^^^^^^^^^^^^^^^^^^^^^^^^^^^^^^^^^^^^^^^^^^^^^^^^^^^^^^^^^^
  File "C:\Users\awsch\miniconda3\envs\nsp\Lib\site-packages\rpyc\core\protocol.py", line 781, in _access_attr
    return accessor(obj, name, *args)
           ^^^^^^^^^^^^^^^^^^^^^^^^^^
AttributeError: 'list' object has no attribute '__array_wrap__'
2026-05-29 15:45:44.509 [   DEBUG] (        highlevel.py: 186) viWrite(1, b'MEAS:POWER?\r\n', 13, 'c_ulong(13)') -> 0
2026-05-29 15:45:44.510 [   DEBUG] (     messagebased.py: 435) USB0::0x1313::0x8072::1916964::0::INSTR - reading 20480 bytes (last status <StatusCode.success_max_count_read: 1073676294>)
2026-05-29 15:45:44.512 [   DEBUG] (        highlevel.py: 186) viRead(1, <ctypes.c_char_Array_20480 object at 0x000001E05EA8A1D0>, 20480, 'c_ulong(15)') -> 0
2026-05-29 15:45:44.519 [   DEBUG] (        highlevel.py: 186) viWrite(2, b'FREQ 9610000000.00\r\n', 20, 'c_ulong(20)') -> 0
2026-05-29 15:45:45.592 [   DEBUG] (         protocol.py: 363) Exception caught
Traceback (most recent call last):
  File "C:\Users\awsch\miniconda3\envs\nsp\Lib\site-packages\rpyc\core\protocol.py", line 356, in _dispatch_request
    res = self._HANDLERS[handler](self, *args)
          ^^^^^^^^^^^^^^^^^^^^^^^^^^^^^^^^^^^^
  File "C:\Users\awsch\miniconda3\envs\nsp\Lib\site-packages\rpyc\core\protocol.py", line 853, in _handle_getattr
    return self._access_attr(obj, name, (), "_rpyc_getattr", "allow_getattr", getattr)
           ^^^^^^^^^^^^^^^^^^^^^^^^^^^^^^^^^^^^^^^^^^^^^^^^^^^^^^^^^^^^^^^^^^^^^^^^^^^
  File "C:\Users\awsch\miniconda3\envs\nsp\Lib\site-packages\rpyc\core\protocol.py", line 781, in _access_attr
    return accessor(obj, name, *args)
           ^^^^^^^^^^^^^^^^^^^^^^^^^^
AttributeError: 'list' object has no attribute 'sum'
2026-05-29 15:45:45.593 [   DEBUG] (         protocol.py: 363) Exception caught
Traceback (most recent call last):
  File "C:\Users\awsch\miniconda3\envs\nsp\Lib\site-packages\rpyc\core\protocol.py", line 356, in _dispatch_request
    res = self._HANDLERS[handler](self, *args)
          ^^^^^^^^^^^^^^^^^^^^^^^^^^^^^^^^^^^^
  File "C:\Users\awsch\miniconda3\envs\nsp\Lib\site-packages\rpyc\core\protocol.py", line 853, in _handle_getattr
    return self._access_attr(obj, name, (), "_rpyc_getattr", "allow_getattr", getattr)
           ^^^^^^^^^^^^^^^^^^^^^^^^^^^^^^^^^^^^^^^^^^^^^^^^^^^^^^^^^^^^^^^^^^^^^^^^^^^
  File "C:\Users\awsch\miniconda3\envs\nsp\Lib\site-packages\rpyc\core\protocol.py", line 781, in _access_attr
    return accessor(obj, name, *args)
           ^^^^^^^^^^^^^^^^^^^^^^^^^^
AttributeError: 'list' object has no attribute 'sum'
2026-05-29 15:45:45.595 [   DEBUG] (         protocol.py: 363) Exception caught
Traceback (most recent call last):
  File "C:\Users\awsch\miniconda3\envs\nsp\Lib\site-packages\rpyc\core\protocol.py", line 356, in _dispatch_request
    res = self._HANDLERS[handler](self, *args)
          ^^^^^^^^^^^^^^^^^^^^^^^^^^^^^^^^^^^^
  File "C:\Users\awsch\miniconda3\envs\nsp\Lib\site-packages\rpyc\core\protocol.py", line 853, in _handle_getattr
    return self._access_attr(obj, name, (), "_rpyc_getattr", "allow_getattr", getattr)
           ^^^^^^^^^^^^^^^^^^^^^^^^^^^^^^^^^^^^^^^^^^^^^^^^^^^^^^^^^^^^^^^^^^^^^^^^^^^
  File "C:\Users\awsch\miniconda3\envs\nsp\Lib\site-packages\rpyc\core\protocol.py", line 781, in _access_attr
    return accessor(obj, name, *args)
           ^^^^^^^^^^^^^^^^^^^^^^^^^^
AttributeError: 'list' object has no attribute '__array__'
2026-05-29 15:45:45.612 [   DEBUG] (         protocol.py: 363) Exception caught
Traceback (most recent call last):
  File "C:\Users\awsch\miniconda3\envs\nsp\Lib\site-packages\rpyc\core\protocol.py", line 356, in _dispatch_request
    res = self._HANDLERS[handler](self, *args)
          ^^^^^^^^^^^^^^^^^^^^^^^^^^^^^^^^^^^^
  File "C:\Users\awsch\miniconda3\envs\nsp\Lib\site-packages\rpyc\core\protocol.py", line 853, in _handle_getattr
    return self._access_attr(obj, name, (), "_rpyc_getattr", "allow_getattr", getattr)
           ^^^^^^^^^^^^^^^^^^^^^^^^^^^^^^^^^^^^^^^^^^^^^^^^^^^^^^^^^^^^^^^^^^^^^^^^^^^
  File "C:\Users\awsch\miniconda3\envs\nsp\Lib\site-packages\rpyc\core\protocol.py", line 781, in _access_attr
    return accessor(obj, name, *args)
           ^^^^^^^^^^^^^^^^^^^^^^^^^^
AttributeError: 'list' object has no attribute '__array_wrap__'
2026-05-29 15:45:45.613 [   DEBUG] (         protocol.py: 363) Exception caught
Traceback (most recent call last):
  File "C:\Users\awsch\miniconda3\envs\nsp\Lib\site-packages\rpyc\core\protocol.py", line 356, in _dispatch_request
    res = self._HANDLERS[handler](self, *args)
          ^^^^^^^^^^^^^^^^^^^^^^^^^^^^^^^^^^^^
  File "C:\Users\awsch\miniconda3\envs\nsp\Lib\site-packages\rpyc\core\protocol.py", line 853, in _handle_getattr
    return self._access_attr(obj, name, (), "_rpyc_getattr", "allow_getattr", getattr)
           ^^^^^^^^^^^^^^^^^^^^^^^^^^^^^^^^^^^^^^^^^^^^^^^^^^^^^^^^^^^^^^^^^^^^^^^^^^^
  File "C:\Users\awsch\miniconda3\envs\nsp\Lib\site-packages\rpyc\core\protocol.py", line 781, in _access_attr
    return accessor(obj, name, *args)
           ^^^^^^^^^^^^^^^^^^^^^^^^^^
AttributeError: 'list' object has no attribute '__array_wrap__'
2026-05-29 15:45:45.614 [   DEBUG] (         protocol.py: 363) Exception caught
Traceback (most recent call last):
  File "C:\Users\awsch\miniconda3\envs\nsp\Lib\site-packages\rpyc\core\protocol.py", line 356, in _dispatch_request
    res = self._HANDLERS[handler](self, *args)
          ^^^^^^^^^^^^^^^^^^^^^^^^^^^^^^^^^^^^
  File "C:\Users\awsch\miniconda3\envs\nsp\Lib\site-packages\rpyc\core\protocol.py", line 853, in _handle_getattr
    return self._access_attr(obj, name, (), "_rpyc_getattr", "allow_getattr", getattr)
           ^^^^^^^^^^^^^^^^^^^^^^^^^^^^^^^^^^^^^^^^^^^^^^^^^^^^^^^^^^^^^^^^^^^^^^^^^^^
  File "C:\Users\awsch\miniconda3\envs\nsp\Lib\site-packages\rpyc\core\protocol.py", line 781, in _access_attr
    return accessor(obj, name, *args)
           ^^^^^^^^^^^^^^^^^^^^^^^^^^
AttributeError: 'list' object has no attribute 'sum'
2026-05-29 15:45:45.615 [   DEBUG] (         protocol.py: 363) Exception caught
Traceback (most recent call last):
  File "C:\Users\awsch\miniconda3\envs\nsp\Lib\site-packages\rpyc\core\protocol.py", line 356, in _dispatch_request
    res = self._HANDLERS[handler](self, *args)
          ^^^^^^^^^^^^^^^^^^^^^^^^^^^^^^^^^^^^
  File "C:\Users\awsch\miniconda3\envs\nsp\Lib\site-packages\rpyc\core\protocol.py", line 853, in _handle_getattr
    return self._access_attr(obj, name, (), "_rpyc_getattr", "allow_getattr", getattr)
           ^^^^^^^^^^^^^^^^^^^^^^^^^^^^^^^^^^^^^^^^^^^^^^^^^^^^^^^^^^^^^^^^^^^^^^^^^^^
  File "C:\Users\awsch\miniconda3\envs\nsp\Lib\site-packages\rpyc\core\protocol.py", line 781, in _access_attr
    return accessor(obj, name, *args)
           ^^^^^^^^^^^^^^^^^^^^^^^^^^
AttributeError: 'list' object has no attribute 'sum'
2026-05-29 15:45:45.616 [   DEBUG] (         protocol.py: 363) Exception caught
Traceback (most recent call last):
  File "C:\Users\awsch\miniconda3\envs\nsp\Lib\site-packages\rpyc\core\protocol.py", line 356, in _dispatch_request
    res = self._HANDLERS[handler](self, *args)
          ^^^^^^^^^^^^^^^^^^^^^^^^^^^^^^^^^^^^
  File "C:\Users\awsch\miniconda3\envs\nsp\Lib\site-packages\rpyc\core\protocol.py", line 853, in _handle_getattr
    return self._access_attr(obj, name, (), "_rpyc_getattr", "allow_getattr", getattr)
           ^^^^^^^^^^^^^^^^^^^^^^^^^^^^^^^^^^^^^^^^^^^^^^^^^^^^^^^^^^^^^^^^^^^^^^^^^^^
  File "C:\Users\awsch\miniconda3\envs\nsp\Lib\site-packages\rpyc\core\protocol.py", line 781, in _access_attr
    return accessor(obj, name, *args)
           ^^^^^^^^^^^^^^^^^^^^^^^^^^
AttributeError: 'list' object has no attribute '__array__'
2026-05-29 15:45:45.633 [   DEBUG] (         protocol.py: 363) Exception caught
Traceback (most recent call last):
  File "C:\Users\awsch\miniconda3\envs\nsp\Lib\site-packages\rpyc\core\protocol.py", line 356, in _dispatch_request
    res = self._HANDLERS[handler](self, *args)
          ^^^^^^^^^^^^^^^^^^^^^^^^^^^^^^^^^^^^
  File "C:\Users\awsch\miniconda3\envs\nsp\Lib\site-packages\rpyc\core\protocol.py", line 853, in _handle_getattr
    return self._access_attr(obj, name, (), "_rpyc_getattr", "allow_getattr", getattr)
           ^^^^^^^^^^^^^^^^^^^^^^^^^^^^^^^^^^^^^^^^^^^^^^^^^^^^^^^^^^^^^^^^^^^^^^^^^^^
  File "C:\Users\awsch\miniconda3\envs\nsp\Lib\site-packages\rpyc\core\protocol.py", line 781, in _access_attr
    return accessor(obj, name, *args)
           ^^^^^^^^^^^^^^^^^^^^^^^^^^
AttributeError: 'list' object has no attribute '__array_wrap__'
2026-05-29 15:45:45.634 [   DEBUG] (         protocol.py: 363) Exception caught
Traceback (most recent call last):
  File "C:\Users\awsch\miniconda3\envs\nsp\Lib\site-packages\rpyc\core\protocol.py", line 356, in _dispatch_request
    res = self._HANDLERS[handler](self, *args)
          ^^^^^^^^^^^^^^^^^^^^^^^^^^^^^^^^^^^^
  File "C:\Users\awsch\miniconda3\envs\nsp\Lib\site-packages\rpyc\core\protocol.py", line 853, in _handle_getattr
    return self._access_attr(obj, name, (), "_rpyc_getattr", "allow_getattr", getattr)
           ^^^^^^^^^^^^^^^^^^^^^^^^^^^^^^^^^^^^^^^^^^^^^^^^^^^^^^^^^^^^^^^^^^^^^^^^^^^
  File "C:\Users\awsch\miniconda3\envs\nsp\Lib\site-packages\rpyc\core\protocol.py", line 781, in _access_attr
    return accessor(obj, name, *args)
           ^^^^^^^^^^^^^^^^^^^^^^^^^^
AttributeError: 'list' object has no attribute '__array_wrap__'
2026-05-29 15:45:45.636 [   DEBUG] (        highlevel.py: 186) viWrite(1, b'MEAS:POWER?\r\n', 13, 'c_ulong(13)') -> 0
2026-05-29 15:45:45.637 [   DEBUG] (     messagebased.py: 435) USB0::0x1313::0x8072::1916964::0::INSTR - reading 20480 bytes (last status <StatusCode.success_max_count_read: 1073676294>)
2026-05-29 15:45:45.639 [   DEBUG] (        highlevel.py: 186) viRead(1, <ctypes.c_char_Array_20480 object at 0x000001E05EA88450>, 20480, 'c_ulong(15)') -> 0
2026-05-29 15:45:45.648 [   DEBUG] (        highlevel.py: 186) viWrite(2, b'FREQ 9620000000.00\r\n', 20, 'c_ulong(20)') -> 0
2026-05-29 15:45:46.722 [   DEBUG] (         protocol.py: 363) Exception caught
Traceback (most recent call last):
  File "C:\Users\awsch\miniconda3\envs\nsp\Lib\site-packages\rpyc\core\protocol.py", line 356, in _dispatch_request
    res = self._HANDLERS[handler](self, *args)
          ^^^^^^^^^^^^^^^^^^^^^^^^^^^^^^^^^^^^
  File "C:\Users\awsch\miniconda3\envs\nsp\Lib\site-packages\rpyc\core\protocol.py", line 853, in _handle_getattr
    return self._access_attr(obj, name, (), "_rpyc_getattr", "allow_getattr", getattr)
           ^^^^^^^^^^^^^^^^^^^^^^^^^^^^^^^^^^^^^^^^^^^^^^^^^^^^^^^^^^^^^^^^^^^^^^^^^^^
  File "C:\Users\awsch\miniconda3\envs\nsp\Lib\site-packages\rpyc\core\protocol.py", line 781, in _access_attr
    return accessor(obj, name, *args)
           ^^^^^^^^^^^^^^^^^^^^^^^^^^
AttributeError: 'list' object has no attribute 'sum'
2026-05-29 15:45:46.723 [   DEBUG] (         protocol.py: 363) Exception caught
Traceback (most recent call last):
  File "C:\Users\awsch\miniconda3\envs\nsp\Lib\site-packages\rpyc\core\protocol.py", line 356, in _dispatch_request
    res = self._HANDLERS[handler](self, *args)
          ^^^^^^^^^^^^^^^^^^^^^^^^^^^^^^^^^^^^
  File "C:\Users\awsch\miniconda3\envs\nsp\Lib\site-packages\rpyc\core\protocol.py", line 853, in _handle_getattr
    return self._access_attr(obj, name, (), "_rpyc_getattr", "allow_getattr", getattr)
           ^^^^^^^^^^^^^^^^^^^^^^^^^^^^^^^^^^^^^^^^^^^^^^^^^^^^^^^^^^^^^^^^^^^^^^^^^^^
  File "C:\Users\awsch\miniconda3\envs\nsp\Lib\site-packages\rpyc\core\protocol.py", line 781, in _access_attr
    return accessor(obj, name, *args)
           ^^^^^^^^^^^^^^^^^^^^^^^^^^
AttributeError: 'list' object has no attribute 'sum'
2026-05-29 15:45:46.725 [   DEBUG] (         protocol.py: 363) Exception caught
Traceback (most recent call last):
  File "C:\Users\awsch\miniconda3\envs\nsp\Lib\site-packages\rpyc\core\protocol.py", line 356, in _dispatch_request
    res = self._HANDLERS[handler](self, *args)
          ^^^^^^^^^^^^^^^^^^^^^^^^^^^^^^^^^^^^
  File "C:\Users\awsch\miniconda3\envs\nsp\Lib\site-packages\rpyc\core\protocol.py", line 853, in _handle_getattr
    return self._access_attr(obj, name, (), "_rpyc_getattr", "allow_getattr", getattr)
           ^^^^^^^^^^^^^^^^^^^^^^^^^^^^^^^^^^^^^^^^^^^^^^^^^^^^^^^^^^^^^^^^^^^^^^^^^^^
  File "C:\Users\awsch\miniconda3\envs\nsp\Lib\site-packages\rpyc\core\protocol.py", line 781, in _access_attr
    return accessor(obj, name, *args)
           ^^^^^^^^^^^^^^^^^^^^^^^^^^
AttributeError: 'list' object has no attribute '__array__'
2026-05-29 15:45:46.742 [   DEBUG] (         protocol.py: 363) Exception caught
Traceback (most recent call last):
  File "C:\Users\awsch\miniconda3\envs\nsp\Lib\site-packages\rpyc\core\protocol.py", line 356, in _dispatch_request
    res = self._HANDLERS[handler](self, *args)
          ^^^^^^^^^^^^^^^^^^^^^^^^^^^^^^^^^^^^
  File "C:\Users\awsch\miniconda3\envs\nsp\Lib\site-packages\rpyc\core\protocol.py", line 853, in _handle_getattr
    return self._access_attr(obj, name, (), "_rpyc_getattr", "allow_getattr", getattr)
           ^^^^^^^^^^^^^^^^^^^^^^^^^^^^^^^^^^^^^^^^^^^^^^^^^^^^^^^^^^^^^^^^^^^^^^^^^^^
  File "C:\Users\awsch\miniconda3\envs\nsp\Lib\site-packages\rpyc\core\protocol.py", line 781, in _access_attr
    return accessor(obj, name, *args)
           ^^^^^^^^^^^^^^^^^^^^^^^^^^
AttributeError: 'list' object has no attribute '__array_wrap__'
2026-05-29 15:45:46.743 [   DEBUG] (         protocol.py: 363) Exception caught
Traceback (most recent call last):
  File "C:\Users\awsch\miniconda3\envs\nsp\Lib\site-packages\rpyc\core\protocol.py", line 356, in _dispatch_request
    res = self._HANDLERS[handler](self, *args)
          ^^^^^^^^^^^^^^^^^^^^^^^^^^^^^^^^^^^^
  File "C:\Users\awsch\miniconda3\envs\nsp\Lib\site-packages\rpyc\core\protocol.py", line 853, in _handle_getattr
    return self._access_attr(obj, name, (), "_rpyc_getattr", "allow_getattr", getattr)
           ^^^^^^^^^^^^^^^^^^^^^^^^^^^^^^^^^^^^^^^^^^^^^^^^^^^^^^^^^^^^^^^^^^^^^^^^^^^
  File "C:\Users\awsch\miniconda3\envs\nsp\Lib\site-packages\rpyc\core\protocol.py", line 781, in _access_attr
    return accessor(obj, name, *args)
           ^^^^^^^^^^^^^^^^^^^^^^^^^^
AttributeError: 'list' object has no attribute '__array_wrap__'
2026-05-29 15:45:46.745 [   DEBUG] (         protocol.py: 363) Exception caught
Traceback (most recent call last):
  File "C:\Users\awsch\miniconda3\envs\nsp\Lib\site-packages\rpyc\core\protocol.py", line 356, in _dispatch_request
    res = self._HANDLERS[handler](self, *args)
          ^^^^^^^^^^^^^^^^^^^^^^^^^^^^^^^^^^^^
  File "C:\Users\awsch\miniconda3\envs\nsp\Lib\site-packages\rpyc\core\protocol.py", line 853, in _handle_getattr
    return self._access_attr(obj, name, (), "_rpyc_getattr", "allow_getattr", getattr)
           ^^^^^^^^^^^^^^^^^^^^^^^^^^^^^^^^^^^^^^^^^^^^^^^^^^^^^^^^^^^^^^^^^^^^^^^^^^^
  File "C:\Users\awsch\miniconda3\envs\nsp\Lib\site-packages\rpyc\core\protocol.py", line 781, in _access_attr
    return accessor(obj, name, *args)
           ^^^^^^^^^^^^^^^^^^^^^^^^^^
AttributeError: 'list' object has no attribute 'sum'
2026-05-29 15:45:46.746 [   DEBUG] (         protocol.py: 363) Exception caught
Traceback (most recent call last):
  File "C:\Users\awsch\miniconda3\envs\nsp\Lib\site-packages\rpyc\core\protocol.py", line 356, in _dispatch_request
    res = self._HANDLERS[handler](self, *args)
          ^^^^^^^^^^^^^^^^^^^^^^^^^^^^^^^^^^^^
  File "C:\Users\awsch\miniconda3\envs\nsp\Lib\site-packages\rpyc\core\protocol.py", line 853, in _handle_getattr
    return self._access_attr(obj, name, (), "_rpyc_getattr", "allow_getattr", getattr)
           ^^^^^^^^^^^^^^^^^^^^^^^^^^^^^^^^^^^^^^^^^^^^^^^^^^^^^^^^^^^^^^^^^^^^^^^^^^^
  File "C:\Users\awsch\miniconda3\envs\nsp\Lib\site-packages\rpyc\core\protocol.py", line 781, in _access_attr
    return accessor(obj, name, *args)
           ^^^^^^^^^^^^^^^^^^^^^^^^^^
AttributeError: 'list' object has no attribute 'sum'
2026-05-29 15:45:46.747 [   DEBUG] (         protocol.py: 363) Exception caught
Traceback (most recent call last):
  File "C:\Users\awsch\miniconda3\envs\nsp\Lib\site-packages\rpyc\core\protocol.py", line 356, in _dispatch_request
    res = self._HANDLERS[handler](self, *args)
          ^^^^^^^^^^^^^^^^^^^^^^^^^^^^^^^^^^^^
  File "C:\Users\awsch\miniconda3\envs\nsp\Lib\site-packages\rpyc\core\protocol.py", line 853, in _handle_getattr
    return self._access_attr(obj, name, (), "_rpyc_getattr", "allow_getattr", getattr)
           ^^^^^^^^^^^^^^^^^^^^^^^^^^^^^^^^^^^^^^^^^^^^^^^^^^^^^^^^^^^^^^^^^^^^^^^^^^^
  File "C:\Users\awsch\miniconda3\envs\nsp\Lib\site-packages\rpyc\core\protocol.py", line 781, in _access_attr
    return accessor(obj, name, *args)
           ^^^^^^^^^^^^^^^^^^^^^^^^^^
AttributeError: 'list' object has no attribute '__array__'
2026-05-29 15:45:46.769 [   DEBUG] (         protocol.py: 363) Exception caught
Traceback (most recent call last):
  File "C:\Users\awsch\miniconda3\envs\nsp\Lib\site-packages\rpyc\core\protocol.py", line 356, in _dispatch_request
    res = self._HANDLERS[handler](self, *args)
          ^^^^^^^^^^^^^^^^^^^^^^^^^^^^^^^^^^^^
  File "C:\Users\awsch\miniconda3\envs\nsp\Lib\site-packages\rpyc\core\protocol.py", line 853, in _handle_getattr
    return self._access_attr(obj, name, (), "_rpyc_getattr", "allow_getattr", getattr)
           ^^^^^^^^^^^^^^^^^^^^^^^^^^^^^^^^^^^^^^^^^^^^^^^^^^^^^^^^^^^^^^^^^^^^^^^^^^^
  File "C:\Users\awsch\miniconda3\envs\nsp\Lib\site-packages\rpyc\core\protocol.py", line 781, in _access_attr
    return accessor(obj, name, *args)
           ^^^^^^^^^^^^^^^^^^^^^^^^^^
AttributeError: 'list' object has no attribute '__array_wrap__'
2026-05-29 15:45:46.770 [   DEBUG] (         protocol.py: 363) Exception caught
Traceback (most recent call last):
  File "C:\Users\awsch\miniconda3\envs\nsp\Lib\site-packages\rpyc\core\protocol.py", line 356, in _dispatch_request
    res = self._HANDLERS[handler](self, *args)
          ^^^^^^^^^^^^^^^^^^^^^^^^^^^^^^^^^^^^
  File "C:\Users\awsch\miniconda3\envs\nsp\Lib\site-packages\rpyc\core\protocol.py", line 853, in _handle_getattr
    return self._access_attr(obj, name, (), "_rpyc_getattr", "allow_getattr", getattr)
           ^^^^^^^^^^^^^^^^^^^^^^^^^^^^^^^^^^^^^^^^^^^^^^^^^^^^^^^^^^^^^^^^^^^^^^^^^^^
  File "C:\Users\awsch\miniconda3\envs\nsp\Lib\site-packages\rpyc\core\protocol.py", line 781, in _access_attr
    return accessor(obj, name, *args)
           ^^^^^^^^^^^^^^^^^^^^^^^^^^
AttributeError: 'list' object has no attribute '__array_wrap__'
2026-05-29 15:45:46.772 [   DEBUG] (        highlevel.py: 186) viWrite(1, b'MEAS:POWER?\r\n', 13, 'c_ulong(13)') -> 0
2026-05-29 15:45:46.773 [   DEBUG] (     messagebased.py: 435) USB0::0x1313::0x8072::1916964::0::INSTR - reading 20480 bytes (last status <StatusCode.success_max_count_read: 1073676294>)
2026-05-29 15:45:46.775 [   DEBUG] (        highlevel.py: 186) viRead(1, <ctypes.c_char_Array_20480 object at 0x000001E05EA8A950>, 20480, 'c_ulong(15)') -> 0
2026-05-29 15:45:46.783 [   DEBUG] (        highlevel.py: 186) viWrite(2, b'FREQ 9630000000.00\r\n', 20, 'c_ulong(20)') -> 0
2026-05-29 15:45:47.871 [   DEBUG] (         protocol.py: 363) Exception caught
Traceback (most recent call last):
  File "C:\Users\awsch\miniconda3\envs\nsp\Lib\site-packages\rpyc\core\protocol.py", line 356, in _dispatch_request
    res = self._HANDLERS[handler](self, *args)
          ^^^^^^^^^^^^^^^^^^^^^^^^^^^^^^^^^^^^
  File "C:\Users\awsch\miniconda3\envs\nsp\Lib\site-packages\rpyc\core\protocol.py", line 853, in _handle_getattr
    return self._access_attr(obj, name, (), "_rpyc_getattr", "allow_getattr", getattr)
           ^^^^^^^^^^^^^^^^^^^^^^^^^^^^^^^^^^^^^^^^^^^^^^^^^^^^^^^^^^^^^^^^^^^^^^^^^^^
  File "C:\Users\awsch\miniconda3\envs\nsp\Lib\site-packages\rpyc\core\protocol.py", line 781, in _access_attr
    return accessor(obj, name, *args)
           ^^^^^^^^^^^^^^^^^^^^^^^^^^
AttributeError: 'list' object has no attribute 'sum'
2026-05-29 15:45:47.873 [   DEBUG] (         protocol.py: 363) Exception caught
Traceback (most recent call last):
  File "C:\Users\awsch\miniconda3\envs\nsp\Lib\site-packages\rpyc\core\protocol.py", line 356, in _dispatch_request
    res = self._HANDLERS[handler](self, *args)
          ^^^^^^^^^^^^^^^^^^^^^^^^^^^^^^^^^^^^
  File "C:\Users\awsch\miniconda3\envs\nsp\Lib\site-packages\rpyc\core\protocol.py", line 853, in _handle_getattr
    return self._access_attr(obj, name, (), "_rpyc_getattr", "allow_getattr", getattr)
           ^^^^^^^^^^^^^^^^^^^^^^^^^^^^^^^^^^^^^^^^^^^^^^^^^^^^^^^^^^^^^^^^^^^^^^^^^^^
  File "C:\Users\awsch\miniconda3\envs\nsp\Lib\site-packages\rpyc\core\protocol.py", line 781, in _access_attr
    return accessor(obj, name, *args)
           ^^^^^^^^^^^^^^^^^^^^^^^^^^
AttributeError: 'list' object has no attribute 'sum'
2026-05-29 15:45:47.874 [   DEBUG] (         protocol.py: 363) Exception caught
Traceback (most recent call last):
  File "C:\Users\awsch\miniconda3\envs\nsp\Lib\site-packages\rpyc\core\protocol.py", line 356, in _dispatch_request
    res = self._HANDLERS[handler](self, *args)
          ^^^^^^^^^^^^^^^^^^^^^^^^^^^^^^^^^^^^
  File "C:\Users\awsch\miniconda3\envs\nsp\Lib\site-packages\rpyc\core\protocol.py", line 853, in _handle_getattr
    return self._access_attr(obj, name, (), "_rpyc_getattr", "allow_getattr", getattr)
           ^^^^^^^^^^^^^^^^^^^^^^^^^^^^^^^^^^^^^^^^^^^^^^^^^^^^^^^^^^^^^^^^^^^^^^^^^^^
  File "C:\Users\awsch\miniconda3\envs\nsp\Lib\site-packages\rpyc\core\protocol.py", line 781, in _access_attr
    return accessor(obj, name, *args)
           ^^^^^^^^^^^^^^^^^^^^^^^^^^
AttributeError: 'list' object has no attribute '__array__'
2026-05-29 15:45:47.895 [   DEBUG] (         protocol.py: 363) Exception caught
Traceback (most recent call last):
  File "C:\Users\awsch\miniconda3\envs\nsp\Lib\site-packages\rpyc\core\protocol.py", line 356, in _dispatch_request
    res = self._HANDLERS[handler](self, *args)
          ^^^^^^^^^^^^^^^^^^^^^^^^^^^^^^^^^^^^
  File "C:\Users\awsch\miniconda3\envs\nsp\Lib\site-packages\rpyc\core\protocol.py", line 853, in _handle_getattr
    return self._access_attr(obj, name, (), "_rpyc_getattr", "allow_getattr", getattr)
           ^^^^^^^^^^^^^^^^^^^^^^^^^^^^^^^^^^^^^^^^^^^^^^^^^^^^^^^^^^^^^^^^^^^^^^^^^^^
  File "C:\Users\awsch\miniconda3\envs\nsp\Lib\site-packages\rpyc\core\protocol.py", line 781, in _access_attr
    return accessor(obj, name, *args)
           ^^^^^^^^^^^^^^^^^^^^^^^^^^
AttributeError: 'list' object has no attribute '__array_wrap__'
2026-05-29 15:45:47.896 [   DEBUG] (         protocol.py: 363) Exception caught
Traceback (most recent call last):
  File "C:\Users\awsch\miniconda3\envs\nsp\Lib\site-packages\rpyc\core\protocol.py", line 356, in _dispatch_request
    res = self._HANDLERS[handler](self, *args)
          ^^^^^^^^^^^^^^^^^^^^^^^^^^^^^^^^^^^^
  File "C:\Users\awsch\miniconda3\envs\nsp\Lib\site-packages\rpyc\core\protocol.py", line 853, in _handle_getattr
    return self._access_attr(obj, name, (), "_rpyc_getattr", "allow_getattr", getattr)
           ^^^^^^^^^^^^^^^^^^^^^^^^^^^^^^^^^^^^^^^^^^^^^^^^^^^^^^^^^^^^^^^^^^^^^^^^^^^
  File "C:\Users\awsch\miniconda3\envs\nsp\Lib\site-packages\rpyc\core\protocol.py", line 781, in _access_attr
    return accessor(obj, name, *args)
           ^^^^^^^^^^^^^^^^^^^^^^^^^^
AttributeError: 'list' object has no attribute '__array_wrap__'
2026-05-29 15:45:47.897 [   DEBUG] (         protocol.py: 363) Exception caught
Traceback (most recent call last):
  File "C:\Users\awsch\miniconda3\envs\nsp\Lib\site-packages\rpyc\core\protocol.py", line 356, in _dispatch_request
    res = self._HANDLERS[handler](self, *args)
          ^^^^^^^^^^^^^^^^^^^^^^^^^^^^^^^^^^^^
  File "C:\Users\awsch\miniconda3\envs\nsp\Lib\site-packages\rpyc\core\protocol.py", line 853, in _handle_getattr
    return self._access_attr(obj, name, (), "_rpyc_getattr", "allow_getattr", getattr)
           ^^^^^^^^^^^^^^^^^^^^^^^^^^^^^^^^^^^^^^^^^^^^^^^^^^^^^^^^^^^^^^^^^^^^^^^^^^^
  File "C:\Users\awsch\miniconda3\envs\nsp\Lib\site-packages\rpyc\core\protocol.py", line 781, in _access_attr
    return accessor(obj, name, *args)
           ^^^^^^^^^^^^^^^^^^^^^^^^^^
AttributeError: 'list' object has no attribute 'sum'
2026-05-29 15:45:47.898 [   DEBUG] (         protocol.py: 363) Exception caught
Traceback (most recent call last):
  File "C:\Users\awsch\miniconda3\envs\nsp\Lib\site-packages\rpyc\core\protocol.py", line 356, in _dispatch_request
    res = self._HANDLERS[handler](self, *args)
          ^^^^^^^^^^^^^^^^^^^^^^^^^^^^^^^^^^^^
  File "C:\Users\awsch\miniconda3\envs\nsp\Lib\site-packages\rpyc\core\protocol.py", line 853, in _handle_getattr
    return self._access_attr(obj, name, (), "_rpyc_getattr", "allow_getattr", getattr)
           ^^^^^^^^^^^^^^^^^^^^^^^^^^^^^^^^^^^^^^^^^^^^^^^^^^^^^^^^^^^^^^^^^^^^^^^^^^^
  File "C:\Users\awsch\miniconda3\envs\nsp\Lib\site-packages\rpyc\core\protocol.py", line 781, in _access_attr
    return accessor(obj, name, *args)
           ^^^^^^^^^^^^^^^^^^^^^^^^^^
AttributeError: 'list' object has no attribute 'sum'
2026-05-29 15:45:47.899 [   DEBUG] (         protocol.py: 363) Exception caught
Traceback (most recent call last):
  File "C:\Users\awsch\miniconda3\envs\nsp\Lib\site-packages\rpyc\core\protocol.py", line 356, in _dispatch_request
    res = self._HANDLERS[handler](self, *args)
          ^^^^^^^^^^^^^^^^^^^^^^^^^^^^^^^^^^^^
  File "C:\Users\awsch\miniconda3\envs\nsp\Lib\site-packages\rpyc\core\protocol.py", line 853, in _handle_getattr
    return self._access_attr(obj, name, (), "_rpyc_getattr", "allow_getattr", getattr)
           ^^^^^^^^^^^^^^^^^^^^^^^^^^^^^^^^^^^^^^^^^^^^^^^^^^^^^^^^^^^^^^^^^^^^^^^^^^^
  File "C:\Users\awsch\miniconda3\envs\nsp\Lib\site-packages\rpyc\core\protocol.py", line 781, in _access_attr
    return accessor(obj, name, *args)
           ^^^^^^^^^^^^^^^^^^^^^^^^^^
AttributeError: 'list' object has no attribute '__array__'
2026-05-29 15:45:47.916 [   DEBUG] (         protocol.py: 363) Exception caught
Traceback (most recent call last):
  File "C:\Users\awsch\miniconda3\envs\nsp\Lib\site-packages\rpyc\core\protocol.py", line 356, in _dispatch_request
    res = self._HANDLERS[handler](self, *args)
          ^^^^^^^^^^^^^^^^^^^^^^^^^^^^^^^^^^^^
  File "C:\Users\awsch\miniconda3\envs\nsp\Lib\site-packages\rpyc\core\protocol.py", line 853, in _handle_getattr
    return self._access_attr(obj, name, (), "_rpyc_getattr", "allow_getattr", getattr)
           ^^^^^^^^^^^^^^^^^^^^^^^^^^^^^^^^^^^^^^^^^^^^^^^^^^^^^^^^^^^^^^^^^^^^^^^^^^^
  File "C:\Users\awsch\miniconda3\envs\nsp\Lib\site-packages\rpyc\core\protocol.py", line 781, in _access_attr
    return accessor(obj, name, *args)
           ^^^^^^^^^^^^^^^^^^^^^^^^^^
AttributeError: 'list' object has no attribute '__array_wrap__'
2026-05-29 15:45:47.918 [   DEBUG] (         protocol.py: 363) Exception caught
Traceback (most recent call last):
  File "C:\Users\awsch\miniconda3\envs\nsp\Lib\site-packages\rpyc\core\protocol.py", line 356, in _dispatch_request
    res = self._HANDLERS[handler](self, *args)
          ^^^^^^^^^^^^^^^^^^^^^^^^^^^^^^^^^^^^
  File "C:\Users\awsch\miniconda3\envs\nsp\Lib\site-packages\rpyc\core\protocol.py", line 853, in _handle_getattr
    return self._access_attr(obj, name, (), "_rpyc_getattr", "allow_getattr", getattr)
           ^^^^^^^^^^^^^^^^^^^^^^^^^^^^^^^^^^^^^^^^^^^^^^^^^^^^^^^^^^^^^^^^^^^^^^^^^^^
  File "C:\Users\awsch\miniconda3\envs\nsp\Lib\site-packages\rpyc\core\protocol.py", line 781, in _access_attr
    return accessor(obj, name, *args)
           ^^^^^^^^^^^^^^^^^^^^^^^^^^
AttributeError: 'list' object has no attribute '__array_wrap__'
2026-05-29 15:45:47.920 [   DEBUG] (        highlevel.py: 186) viWrite(1, b'MEAS:POWER?\r\n', 13, 'c_ulong(13)') -> 0
2026-05-29 15:45:47.920 [   DEBUG] (     messagebased.py: 435) USB0::0x1313::0x8072::1916964::0::INSTR - reading 20480 bytes (last status <StatusCode.success_max_count_read: 1073676294>)
2026-05-29 15:45:47.922 [   DEBUG] (        highlevel.py: 186) viRead(1, <ctypes.c_char_Array_20480 object at 0x000001E05EA88C50>, 20480, 'c_ulong(15)') -> 0
2026-05-29 15:45:47.928 [   DEBUG] (        highlevel.py: 186) viWrite(2, b'FREQ 9640000000.00\r\n', 20, 'c_ulong(20)') -> 0
2026-05-29 15:45:49.001 [   DEBUG] (         protocol.py: 363) Exception caught
Traceback (most recent call last):
  File "C:\Users\awsch\miniconda3\envs\nsp\Lib\site-packages\rpyc\core\protocol.py", line 356, in _dispatch_request
    res = self._HANDLERS[handler](self, *args)
          ^^^^^^^^^^^^^^^^^^^^^^^^^^^^^^^^^^^^
  File "C:\Users\awsch\miniconda3\envs\nsp\Lib\site-packages\rpyc\core\protocol.py", line 853, in _handle_getattr
    return self._access_attr(obj, name, (), "_rpyc_getattr", "allow_getattr", getattr)
           ^^^^^^^^^^^^^^^^^^^^^^^^^^^^^^^^^^^^^^^^^^^^^^^^^^^^^^^^^^^^^^^^^^^^^^^^^^^
  File "C:\Users\awsch\miniconda3\envs\nsp\Lib\site-packages\rpyc\core\protocol.py", line 781, in _access_attr
    return accessor(obj, name, *args)
           ^^^^^^^^^^^^^^^^^^^^^^^^^^
AttributeError: 'list' object has no attribute 'sum'
2026-05-29 15:45:49.002 [   DEBUG] (         protocol.py: 363) Exception caught
Traceback (most recent call last):
  File "C:\Users\awsch\miniconda3\envs\nsp\Lib\site-packages\rpyc\core\protocol.py", line 356, in _dispatch_request
    res = self._HANDLERS[handler](self, *args)
          ^^^^^^^^^^^^^^^^^^^^^^^^^^^^^^^^^^^^
  File "C:\Users\awsch\miniconda3\envs\nsp\Lib\site-packages\rpyc\core\protocol.py", line 853, in _handle_getattr
    return self._access_attr(obj, name, (), "_rpyc_getattr", "allow_getattr", getattr)
           ^^^^^^^^^^^^^^^^^^^^^^^^^^^^^^^^^^^^^^^^^^^^^^^^^^^^^^^^^^^^^^^^^^^^^^^^^^^
  File "C:\Users\awsch\miniconda3\envs\nsp\Lib\site-packages\rpyc\core\protocol.py", line 781, in _access_attr
    return accessor(obj, name, *args)
           ^^^^^^^^^^^^^^^^^^^^^^^^^^
AttributeError: 'list' object has no attribute 'sum'
2026-05-29 15:45:49.003 [   DEBUG] (         protocol.py: 363) Exception caught
Traceback (most recent call last):
  File "C:\Users\awsch\miniconda3\envs\nsp\Lib\site-packages\rpyc\core\protocol.py", line 356, in _dispatch_request
    res = self._HANDLERS[handler](self, *args)
          ^^^^^^^^^^^^^^^^^^^^^^^^^^^^^^^^^^^^
  File "C:\Users\awsch\miniconda3\envs\nsp\Lib\site-packages\rpyc\core\protocol.py", line 853, in _handle_getattr
    return self._access_attr(obj, name, (), "_rpyc_getattr", "allow_getattr", getattr)
           ^^^^^^^^^^^^^^^^^^^^^^^^^^^^^^^^^^^^^^^^^^^^^^^^^^^^^^^^^^^^^^^^^^^^^^^^^^^
  File "C:\Users\awsch\miniconda3\envs\nsp\Lib\site-packages\rpyc\core\protocol.py", line 781, in _access_attr
    return accessor(obj, name, *args)
           ^^^^^^^^^^^^^^^^^^^^^^^^^^
AttributeError: 'list' object has no attribute '__array__'
2026-05-29 15:45:49.020 [   DEBUG] (         protocol.py: 363) Exception caught
Traceback (most recent call last):
  File "C:\Users\awsch\miniconda3\envs\nsp\Lib\site-packages\rpyc\core\protocol.py", line 356, in _dispatch_request
    res = self._HANDLERS[handler](self, *args)
          ^^^^^^^^^^^^^^^^^^^^^^^^^^^^^^^^^^^^
  File "C:\Users\awsch\miniconda3\envs\nsp\Lib\site-packages\rpyc\core\protocol.py", line 853, in _handle_getattr
    return self._access_attr(obj, name, (), "_rpyc_getattr", "allow_getattr", getattr)
           ^^^^^^^^^^^^^^^^^^^^^^^^^^^^^^^^^^^^^^^^^^^^^^^^^^^^^^^^^^^^^^^^^^^^^^^^^^^
  File "C:\Users\awsch\miniconda3\envs\nsp\Lib\site-packages\rpyc\core\protocol.py", line 781, in _access_attr
    return accessor(obj, name, *args)
           ^^^^^^^^^^^^^^^^^^^^^^^^^^
AttributeError: 'list' object has no attribute '__array_wrap__'
2026-05-29 15:45:49.021 [   DEBUG] (         protocol.py: 363) Exception caught
Traceback (most recent call last):
  File "C:\Users\awsch\miniconda3\envs\nsp\Lib\site-packages\rpyc\core\protocol.py", line 356, in _dispatch_request
    res = self._HANDLERS[handler](self, *args)
          ^^^^^^^^^^^^^^^^^^^^^^^^^^^^^^^^^^^^
  File "C:\Users\awsch\miniconda3\envs\nsp\Lib\site-packages\rpyc\core\protocol.py", line 853, in _handle_getattr
    return self._access_attr(obj, name, (), "_rpyc_getattr", "allow_getattr", getattr)
           ^^^^^^^^^^^^^^^^^^^^^^^^^^^^^^^^^^^^^^^^^^^^^^^^^^^^^^^^^^^^^^^^^^^^^^^^^^^
  File "C:\Users\awsch\miniconda3\envs\nsp\Lib\site-packages\rpyc\core\protocol.py", line 781, in _access_attr
    return accessor(obj, name, *args)
           ^^^^^^^^^^^^^^^^^^^^^^^^^^
AttributeError: 'list' object has no attribute '__array_wrap__'
2026-05-29 15:45:49.022 [   DEBUG] (         protocol.py: 363) Exception caught
Traceback (most recent call last):
  File "C:\Users\awsch\miniconda3\envs\nsp\Lib\site-packages\rpyc\core\protocol.py", line 356, in _dispatch_request
    res = self._HANDLERS[handler](self, *args)
          ^^^^^^^^^^^^^^^^^^^^^^^^^^^^^^^^^^^^
  File "C:\Users\awsch\miniconda3\envs\nsp\Lib\site-packages\rpyc\core\protocol.py", line 853, in _handle_getattr
    return self._access_attr(obj, name, (), "_rpyc_getattr", "allow_getattr", getattr)
           ^^^^^^^^^^^^^^^^^^^^^^^^^^^^^^^^^^^^^^^^^^^^^^^^^^^^^^^^^^^^^^^^^^^^^^^^^^^
  File "C:\Users\awsch\miniconda3\envs\nsp\Lib\site-packages\rpyc\core\protocol.py", line 781, in _access_attr
    return accessor(obj, name, *args)
           ^^^^^^^^^^^^^^^^^^^^^^^^^^
AttributeError: 'list' object has no attribute 'sum'
2026-05-29 15:45:49.023 [   DEBUG] (         protocol.py: 363) Exception caught
Traceback (most recent call last):
  File "C:\Users\awsch\miniconda3\envs\nsp\Lib\site-packages\rpyc\core\protocol.py", line 356, in _dispatch_request
    res = self._HANDLERS[handler](self, *args)
          ^^^^^^^^^^^^^^^^^^^^^^^^^^^^^^^^^^^^
  File "C:\Users\awsch\miniconda3\envs\nsp\Lib\site-packages\rpyc\core\protocol.py", line 853, in _handle_getattr
    return self._access_attr(obj, name, (), "_rpyc_getattr", "allow_getattr", getattr)
           ^^^^^^^^^^^^^^^^^^^^^^^^^^^^^^^^^^^^^^^^^^^^^^^^^^^^^^^^^^^^^^^^^^^^^^^^^^^
  File "C:\Users\awsch\miniconda3\envs\nsp\Lib\site-packages\rpyc\core\protocol.py", line 781, in _access_attr
    return accessor(obj, name, *args)
           ^^^^^^^^^^^^^^^^^^^^^^^^^^
AttributeError: 'list' object has no attribute 'sum'
2026-05-29 15:45:49.024 [   DEBUG] (         protocol.py: 363) Exception caught
Traceback (most recent call last):
  File "C:\Users\awsch\miniconda3\envs\nsp\Lib\site-packages\rpyc\core\protocol.py", line 356, in _dispatch_request
    res = self._HANDLERS[handler](self, *args)
          ^^^^^^^^^^^^^^^^^^^^^^^^^^^^^^^^^^^^
  File "C:\Users\awsch\miniconda3\envs\nsp\Lib\site-packages\rpyc\core\protocol.py", line 853, in _handle_getattr
    return self._access_attr(obj, name, (), "_rpyc_getattr", "allow_getattr", getattr)
           ^^^^^^^^^^^^^^^^^^^^^^^^^^^^^^^^^^^^^^^^^^^^^^^^^^^^^^^^^^^^^^^^^^^^^^^^^^^
  File "C:\Users\awsch\miniconda3\envs\nsp\Lib\site-packages\rpyc\core\protocol.py", line 781, in _access_attr
    return accessor(obj, name, *args)
           ^^^^^^^^^^^^^^^^^^^^^^^^^^
AttributeError: 'list' object has no attribute '__array__'
2026-05-29 15:45:49.042 [   DEBUG] (         protocol.py: 363) Exception caught
Traceback (most recent call last):
  File "C:\Users\awsch\miniconda3\envs\nsp\Lib\site-packages\rpyc\core\protocol.py", line 356, in _dispatch_request
    res = self._HANDLERS[handler](self, *args)
          ^^^^^^^^^^^^^^^^^^^^^^^^^^^^^^^^^^^^
  File "C:\Users\awsch\miniconda3\envs\nsp\Lib\site-packages\rpyc\core\protocol.py", line 853, in _handle_getattr
    return self._access_attr(obj, name, (), "_rpyc_getattr", "allow_getattr", getattr)
           ^^^^^^^^^^^^^^^^^^^^^^^^^^^^^^^^^^^^^^^^^^^^^^^^^^^^^^^^^^^^^^^^^^^^^^^^^^^
  File "C:\Users\awsch\miniconda3\envs\nsp\Lib\site-packages\rpyc\core\protocol.py", line 781, in _access_attr
    return accessor(obj, name, *args)
           ^^^^^^^^^^^^^^^^^^^^^^^^^^
AttributeError: 'list' object has no attribute '__array_wrap__'
2026-05-29 15:45:49.043 [   DEBUG] (         protocol.py: 363) Exception caught
Traceback (most recent call last):
  File "C:\Users\awsch\miniconda3\envs\nsp\Lib\site-packages\rpyc\core\protocol.py", line 356, in _dispatch_request
    res = self._HANDLERS[handler](self, *args)
          ^^^^^^^^^^^^^^^^^^^^^^^^^^^^^^^^^^^^
  File "C:\Users\awsch\miniconda3\envs\nsp\Lib\site-packages\rpyc\core\protocol.py", line 853, in _handle_getattr
    return self._access_attr(obj, name, (), "_rpyc_getattr", "allow_getattr", getattr)
           ^^^^^^^^^^^^^^^^^^^^^^^^^^^^^^^^^^^^^^^^^^^^^^^^^^^^^^^^^^^^^^^^^^^^^^^^^^^
  File "C:\Users\awsch\miniconda3\envs\nsp\Lib\site-packages\rpyc\core\protocol.py", line 781, in _access_attr
    return accessor(obj, name, *args)
           ^^^^^^^^^^^^^^^^^^^^^^^^^^
AttributeError: 'list' object has no attribute '__array_wrap__'
2026-05-29 15:45:49.045 [   DEBUG] (        highlevel.py: 186) viWrite(1, b'MEAS:POWER?\r\n', 13, 'c_ulong(13)') -> 0
2026-05-29 15:45:49.045 [   DEBUG] (     messagebased.py: 435) USB0::0x1313::0x8072::1916964::0::INSTR - reading 20480 bytes (last status <StatusCode.success_max_count_read: 1073676294>)
2026-05-29 15:45:49.048 [   DEBUG] (        highlevel.py: 186) viRead(1, <ctypes.c_char_Array_20480 object at 0x000001E05EA8A6D0>, 20480, 'c_ulong(15)') -> 0
2026-05-29 15:45:49.055 [   DEBUG] (        highlevel.py: 186) viWrite(2, b'FREQ 9650000000.00\r\n', 20, 'c_ulong(20)') -> 0
2026-05-29 15:45:50.129 [   DEBUG] (         protocol.py: 363) Exception caught
Traceback (most recent call last):
  File "C:\Users\awsch\miniconda3\envs\nsp\Lib\site-packages\rpyc\core\protocol.py", line 356, in _dispatch_request
    res = self._HANDLERS[handler](self, *args)
          ^^^^^^^^^^^^^^^^^^^^^^^^^^^^^^^^^^^^
  File "C:\Users\awsch\miniconda3\envs\nsp\Lib\site-packages\rpyc\core\protocol.py", line 853, in _handle_getattr
    return self._access_attr(obj, name, (), "_rpyc_getattr", "allow_getattr", getattr)
           ^^^^^^^^^^^^^^^^^^^^^^^^^^^^^^^^^^^^^^^^^^^^^^^^^^^^^^^^^^^^^^^^^^^^^^^^^^^
  File "C:\Users\awsch\miniconda3\envs\nsp\Lib\site-packages\rpyc\core\protocol.py", line 781, in _access_attr
    return accessor(obj, name, *args)
           ^^^^^^^^^^^^^^^^^^^^^^^^^^
AttributeError: 'list' object has no attribute 'sum'
2026-05-29 15:45:50.130 [   DEBUG] (         protocol.py: 363) Exception caught
Traceback (most recent call last):
  File "C:\Users\awsch\miniconda3\envs\nsp\Lib\site-packages\rpyc\core\protocol.py", line 356, in _dispatch_request
    res = self._HANDLERS[handler](self, *args)
          ^^^^^^^^^^^^^^^^^^^^^^^^^^^^^^^^^^^^
  File "C:\Users\awsch\miniconda3\envs\nsp\Lib\site-packages\rpyc\core\protocol.py", line 853, in _handle_getattr
    return self._access_attr(obj, name, (), "_rpyc_getattr", "allow_getattr", getattr)
           ^^^^^^^^^^^^^^^^^^^^^^^^^^^^^^^^^^^^^^^^^^^^^^^^^^^^^^^^^^^^^^^^^^^^^^^^^^^
  File "C:\Users\awsch\miniconda3\envs\nsp\Lib\site-packages\rpyc\core\protocol.py", line 781, in _access_attr
    return accessor(obj, name, *args)
           ^^^^^^^^^^^^^^^^^^^^^^^^^^
AttributeError: 'list' object has no attribute 'sum'
2026-05-29 15:45:50.131 [   DEBUG] (         protocol.py: 363) Exception caught
Traceback (most recent call last):
  File "C:\Users\awsch\miniconda3\envs\nsp\Lib\site-packages\rpyc\core\protocol.py", line 356, in _dispatch_request
    res = self._HANDLERS[handler](self, *args)
          ^^^^^^^^^^^^^^^^^^^^^^^^^^^^^^^^^^^^
  File "C:\Users\awsch\miniconda3\envs\nsp\Lib\site-packages\rpyc\core\protocol.py", line 853, in _handle_getattr
    return self._access_attr(obj, name, (), "_rpyc_getattr", "allow_getattr", getattr)
           ^^^^^^^^^^^^^^^^^^^^^^^^^^^^^^^^^^^^^^^^^^^^^^^^^^^^^^^^^^^^^^^^^^^^^^^^^^^
  File "C:\Users\awsch\miniconda3\envs\nsp\Lib\site-packages\rpyc\core\protocol.py", line 781, in _access_attr
    return accessor(obj, name, *args)
           ^^^^^^^^^^^^^^^^^^^^^^^^^^
AttributeError: 'list' object has no attribute '__array__'
2026-05-29 15:45:50.149 [   DEBUG] (         protocol.py: 363) Exception caught
Traceback (most recent call last):
  File "C:\Users\awsch\miniconda3\envs\nsp\Lib\site-packages\rpyc\core\protocol.py", line 356, in _dispatch_request
    res = self._HANDLERS[handler](self, *args)
          ^^^^^^^^^^^^^^^^^^^^^^^^^^^^^^^^^^^^
  File "C:\Users\awsch\miniconda3\envs\nsp\Lib\site-packages\rpyc\core\protocol.py", line 853, in _handle_getattr
    return self._access_attr(obj, name, (), "_rpyc_getattr", "allow_getattr", getattr)
           ^^^^^^^^^^^^^^^^^^^^^^^^^^^^^^^^^^^^^^^^^^^^^^^^^^^^^^^^^^^^^^^^^^^^^^^^^^^
  File "C:\Users\awsch\miniconda3\envs\nsp\Lib\site-packages\rpyc\core\protocol.py", line 781, in _access_attr
    return accessor(obj, name, *args)
           ^^^^^^^^^^^^^^^^^^^^^^^^^^
AttributeError: 'list' object has no attribute '__array_wrap__'
2026-05-29 15:45:50.150 [   DEBUG] (         protocol.py: 363) Exception caught
Traceback (most recent call last):
  File "C:\Users\awsch\miniconda3\envs\nsp\Lib\site-packages\rpyc\core\protocol.py", line 356, in _dispatch_request
    res = self._HANDLERS[handler](self, *args)
          ^^^^^^^^^^^^^^^^^^^^^^^^^^^^^^^^^^^^
  File "C:\Users\awsch\miniconda3\envs\nsp\Lib\site-packages\rpyc\core\protocol.py", line 853, in _handle_getattr
    return self._access_attr(obj, name, (), "_rpyc_getattr", "allow_getattr", getattr)
           ^^^^^^^^^^^^^^^^^^^^^^^^^^^^^^^^^^^^^^^^^^^^^^^^^^^^^^^^^^^^^^^^^^^^^^^^^^^
  File "C:\Users\awsch\miniconda3\envs\nsp\Lib\site-packages\rpyc\core\protocol.py", line 781, in _access_attr
    return accessor(obj, name, *args)
           ^^^^^^^^^^^^^^^^^^^^^^^^^^
AttributeError: 'list' object has no attribute '__array_wrap__'
2026-05-29 15:45:50.151 [   DEBUG] (         protocol.py: 363) Exception caught
Traceback (most recent call last):
  File "C:\Users\awsch\miniconda3\envs\nsp\Lib\site-packages\rpyc\core\protocol.py", line 356, in _dispatch_request
    res = self._HANDLERS[handler](self, *args)
          ^^^^^^^^^^^^^^^^^^^^^^^^^^^^^^^^^^^^
  File "C:\Users\awsch\miniconda3\envs\nsp\Lib\site-packages\rpyc\core\protocol.py", line 853, in _handle_getattr
    return self._access_attr(obj, name, (), "_rpyc_getattr", "allow_getattr", getattr)
           ^^^^^^^^^^^^^^^^^^^^^^^^^^^^^^^^^^^^^^^^^^^^^^^^^^^^^^^^^^^^^^^^^^^^^^^^^^^
  File "C:\Users\awsch\miniconda3\envs\nsp\Lib\site-packages\rpyc\core\protocol.py", line 781, in _access_attr
    return accessor(obj, name, *args)
           ^^^^^^^^^^^^^^^^^^^^^^^^^^
AttributeError: 'list' object has no attribute 'sum'
2026-05-29 15:45:50.152 [   DEBUG] (         protocol.py: 363) Exception caught
Traceback (most recent call last):
  File "C:\Users\awsch\miniconda3\envs\nsp\Lib\site-packages\rpyc\core\protocol.py", line 356, in _dispatch_request
    res = self._HANDLERS[handler](self, *args)
          ^^^^^^^^^^^^^^^^^^^^^^^^^^^^^^^^^^^^
  File "C:\Users\awsch\miniconda3\envs\nsp\Lib\site-packages\rpyc\core\protocol.py", line 853, in _handle_getattr
    return self._access_attr(obj, name, (), "_rpyc_getattr", "allow_getattr", getattr)
           ^^^^^^^^^^^^^^^^^^^^^^^^^^^^^^^^^^^^^^^^^^^^^^^^^^^^^^^^^^^^^^^^^^^^^^^^^^^
  File "C:\Users\awsch\miniconda3\envs\nsp\Lib\site-packages\rpyc\core\protocol.py", line 781, in _access_attr
    return accessor(obj, name, *args)
           ^^^^^^^^^^^^^^^^^^^^^^^^^^
AttributeError: 'list' object has no attribute 'sum'
2026-05-29 15:45:50.153 [   DEBUG] (         protocol.py: 363) Exception caught
Traceback (most recent call last):
  File "C:\Users\awsch\miniconda3\envs\nsp\Lib\site-packages\rpyc\core\protocol.py", line 356, in _dispatch_request
    res = self._HANDLERS[handler](self, *args)
          ^^^^^^^^^^^^^^^^^^^^^^^^^^^^^^^^^^^^
  File "C:\Users\awsch\miniconda3\envs\nsp\Lib\site-packages\rpyc\core\protocol.py", line 853, in _handle_getattr
    return self._access_attr(obj, name, (), "_rpyc_getattr", "allow_getattr", getattr)
           ^^^^^^^^^^^^^^^^^^^^^^^^^^^^^^^^^^^^^^^^^^^^^^^^^^^^^^^^^^^^^^^^^^^^^^^^^^^
  File "C:\Users\awsch\miniconda3\envs\nsp\Lib\site-packages\rpyc\core\protocol.py", line 781, in _access_attr
    return accessor(obj, name, *args)
           ^^^^^^^^^^^^^^^^^^^^^^^^^^
AttributeError: 'list' object has no attribute '__array__'
2026-05-29 15:45:50.171 [   DEBUG] (         protocol.py: 363) Exception caught
Traceback (most recent call last):
  File "C:\Users\awsch\miniconda3\envs\nsp\Lib\site-packages\rpyc\core\protocol.py", line 356, in _dispatch_request
    res = self._HANDLERS[handler](self, *args)
          ^^^^^^^^^^^^^^^^^^^^^^^^^^^^^^^^^^^^
  File "C:\Users\awsch\miniconda3\envs\nsp\Lib\site-packages\rpyc\core\protocol.py", line 853, in _handle_getattr
    return self._access_attr(obj, name, (), "_rpyc_getattr", "allow_getattr", getattr)
           ^^^^^^^^^^^^^^^^^^^^^^^^^^^^^^^^^^^^^^^^^^^^^^^^^^^^^^^^^^^^^^^^^^^^^^^^^^^
  File "C:\Users\awsch\miniconda3\envs\nsp\Lib\site-packages\rpyc\core\protocol.py", line 781, in _access_attr
    return accessor(obj, name, *args)
           ^^^^^^^^^^^^^^^^^^^^^^^^^^
AttributeError: 'list' object has no attribute '__array_wrap__'
2026-05-29 15:45:50.172 [   DEBUG] (         protocol.py: 363) Exception caught
Traceback (most recent call last):
  File "C:\Users\awsch\miniconda3\envs\nsp\Lib\site-packages\rpyc\core\protocol.py", line 356, in _dispatch_request
    res = self._HANDLERS[handler](self, *args)
          ^^^^^^^^^^^^^^^^^^^^^^^^^^^^^^^^^^^^
  File "C:\Users\awsch\miniconda3\envs\nsp\Lib\site-packages\rpyc\core\protocol.py", line 853, in _handle_getattr
    return self._access_attr(obj, name, (), "_rpyc_getattr", "allow_getattr", getattr)
           ^^^^^^^^^^^^^^^^^^^^^^^^^^^^^^^^^^^^^^^^^^^^^^^^^^^^^^^^^^^^^^^^^^^^^^^^^^^
  File "C:\Users\awsch\miniconda3\envs\nsp\Lib\site-packages\rpyc\core\protocol.py", line 781, in _access_attr
    return accessor(obj, name, *args)
           ^^^^^^^^^^^^^^^^^^^^^^^^^^
AttributeError: 'list' object has no attribute '__array_wrap__'
2026-05-29 15:45:50.174 [   DEBUG] (        highlevel.py: 186) viWrite(1, b'MEAS:POWER?\r\n', 13, 'c_ulong(13)') -> 0
2026-05-29 15:45:50.174 [   DEBUG] (     messagebased.py: 435) USB0::0x1313::0x8072::1916964::0::INSTR - reading 20480 bytes (last status <StatusCode.success_max_count_read: 1073676294>)
2026-05-29 15:45:50.177 [   DEBUG] (        highlevel.py: 186) viRead(1, <ctypes.c_char_Array_20480 object at 0x000001E05EA886D0>, 20480, 'c_ulong(15)') -> 0
2026-05-29 15:45:50.183 [   DEBUG] (        highlevel.py: 186) viWrite(2, b'FREQ 9660000000.00\r\n', 20, 'c_ulong(20)') -> 0
2026-05-29 15:45:51.254 [   DEBUG] (         protocol.py: 363) Exception caught
Traceback (most recent call last):
  File "C:\Users\awsch\miniconda3\envs\nsp\Lib\site-packages\rpyc\core\protocol.py", line 356, in _dispatch_request
    res = self._HANDLERS[handler](self, *args)
          ^^^^^^^^^^^^^^^^^^^^^^^^^^^^^^^^^^^^
  File "C:\Users\awsch\miniconda3\envs\nsp\Lib\site-packages\rpyc\core\protocol.py", line 853, in _handle_getattr
    return self._access_attr(obj, name, (), "_rpyc_getattr", "allow_getattr", getattr)
           ^^^^^^^^^^^^^^^^^^^^^^^^^^^^^^^^^^^^^^^^^^^^^^^^^^^^^^^^^^^^^^^^^^^^^^^^^^^
  File "C:\Users\awsch\miniconda3\envs\nsp\Lib\site-packages\rpyc\core\protocol.py", line 781, in _access_attr
    return accessor(obj, name, *args)
           ^^^^^^^^^^^^^^^^^^^^^^^^^^
AttributeError: 'list' object has no attribute 'sum'
2026-05-29 15:45:51.255 [   DEBUG] (         protocol.py: 363) Exception caught
Traceback (most recent call last):
  File "C:\Users\awsch\miniconda3\envs\nsp\Lib\site-packages\rpyc\core\protocol.py", line 356, in _dispatch_request
    res = self._HANDLERS[handler](self, *args)
          ^^^^^^^^^^^^^^^^^^^^^^^^^^^^^^^^^^^^
  File "C:\Users\awsch\miniconda3\envs\nsp\Lib\site-packages\rpyc\core\protocol.py", line 853, in _handle_getattr
    return self._access_attr(obj, name, (), "_rpyc_getattr", "allow_getattr", getattr)
           ^^^^^^^^^^^^^^^^^^^^^^^^^^^^^^^^^^^^^^^^^^^^^^^^^^^^^^^^^^^^^^^^^^^^^^^^^^^
  File "C:\Users\awsch\miniconda3\envs\nsp\Lib\site-packages\rpyc\core\protocol.py", line 781, in _access_attr
    return accessor(obj, name, *args)
           ^^^^^^^^^^^^^^^^^^^^^^^^^^
AttributeError: 'list' object has no attribute 'sum'
2026-05-29 15:45:51.256 [   DEBUG] (         protocol.py: 363) Exception caught
Traceback (most recent call last):
  File "C:\Users\awsch\miniconda3\envs\nsp\Lib\site-packages\rpyc\core\protocol.py", line 356, in _dispatch_request
    res = self._HANDLERS[handler](self, *args)
          ^^^^^^^^^^^^^^^^^^^^^^^^^^^^^^^^^^^^
  File "C:\Users\awsch\miniconda3\envs\nsp\Lib\site-packages\rpyc\core\protocol.py", line 853, in _handle_getattr
    return self._access_attr(obj, name, (), "_rpyc_getattr", "allow_getattr", getattr)
           ^^^^^^^^^^^^^^^^^^^^^^^^^^^^^^^^^^^^^^^^^^^^^^^^^^^^^^^^^^^^^^^^^^^^^^^^^^^
  File "C:\Users\awsch\miniconda3\envs\nsp\Lib\site-packages\rpyc\core\protocol.py", line 781, in _access_attr
    return accessor(obj, name, *args)
           ^^^^^^^^^^^^^^^^^^^^^^^^^^
AttributeError: 'list' object has no attribute '__array__'
2026-05-29 15:45:51.273 [   DEBUG] (         protocol.py: 363) Exception caught
Traceback (most recent call last):
  File "C:\Users\awsch\miniconda3\envs\nsp\Lib\site-packages\rpyc\core\protocol.py", line 356, in _dispatch_request
    res = self._HANDLERS[handler](self, *args)
          ^^^^^^^^^^^^^^^^^^^^^^^^^^^^^^^^^^^^
  File "C:\Users\awsch\miniconda3\envs\nsp\Lib\site-packages\rpyc\core\protocol.py", line 853, in _handle_getattr
    return self._access_attr(obj, name, (), "_rpyc_getattr", "allow_getattr", getattr)
           ^^^^^^^^^^^^^^^^^^^^^^^^^^^^^^^^^^^^^^^^^^^^^^^^^^^^^^^^^^^^^^^^^^^^^^^^^^^
  File "C:\Users\awsch\miniconda3\envs\nsp\Lib\site-packages\rpyc\core\protocol.py", line 781, in _access_attr
    return accessor(obj, name, *args)
           ^^^^^^^^^^^^^^^^^^^^^^^^^^
AttributeError: 'list' object has no attribute '__array_wrap__'
2026-05-29 15:45:51.274 [   DEBUG] (         protocol.py: 363) Exception caught
Traceback (most recent call last):
  File "C:\Users\awsch\miniconda3\envs\nsp\Lib\site-packages\rpyc\core\protocol.py", line 356, in _dispatch_request
    res = self._HANDLERS[handler](self, *args)
          ^^^^^^^^^^^^^^^^^^^^^^^^^^^^^^^^^^^^
  File "C:\Users\awsch\miniconda3\envs\nsp\Lib\site-packages\rpyc\core\protocol.py", line 853, in _handle_getattr
    return self._access_attr(obj, name, (), "_rpyc_getattr", "allow_getattr", getattr)
           ^^^^^^^^^^^^^^^^^^^^^^^^^^^^^^^^^^^^^^^^^^^^^^^^^^^^^^^^^^^^^^^^^^^^^^^^^^^
  File "C:\Users\awsch\miniconda3\envs\nsp\Lib\site-packages\rpyc\core\protocol.py", line 781, in _access_attr
    return accessor(obj, name, *args)
           ^^^^^^^^^^^^^^^^^^^^^^^^^^
AttributeError: 'list' object has no attribute '__array_wrap__'
2026-05-29 15:45:51.275 [   DEBUG] (         protocol.py: 363) Exception caught
Traceback (most recent call last):
  File "C:\Users\awsch\miniconda3\envs\nsp\Lib\site-packages\rpyc\core\protocol.py", line 356, in _dispatch_request
    res = self._HANDLERS[handler](self, *args)
          ^^^^^^^^^^^^^^^^^^^^^^^^^^^^^^^^^^^^
  File "C:\Users\awsch\miniconda3\envs\nsp\Lib\site-packages\rpyc\core\protocol.py", line 853, in _handle_getattr
    return self._access_attr(obj, name, (), "_rpyc_getattr", "allow_getattr", getattr)
           ^^^^^^^^^^^^^^^^^^^^^^^^^^^^^^^^^^^^^^^^^^^^^^^^^^^^^^^^^^^^^^^^^^^^^^^^^^^
  File "C:\Users\awsch\miniconda3\envs\nsp\Lib\site-packages\rpyc\core\protocol.py", line 781, in _access_attr
    return accessor(obj, name, *args)
           ^^^^^^^^^^^^^^^^^^^^^^^^^^
AttributeError: 'list' object has no attribute 'sum'
2026-05-29 15:45:51.277 [   DEBUG] (         protocol.py: 363) Exception caught
Traceback (most recent call last):
  File "C:\Users\awsch\miniconda3\envs\nsp\Lib\site-packages\rpyc\core\protocol.py", line 356, in _dispatch_request
    res = self._HANDLERS[handler](self, *args)
          ^^^^^^^^^^^^^^^^^^^^^^^^^^^^^^^^^^^^
  File "C:\Users\awsch\miniconda3\envs\nsp\Lib\site-packages\rpyc\core\protocol.py", line 853, in _handle_getattr
    return self._access_attr(obj, name, (), "_rpyc_getattr", "allow_getattr", getattr)
           ^^^^^^^^^^^^^^^^^^^^^^^^^^^^^^^^^^^^^^^^^^^^^^^^^^^^^^^^^^^^^^^^^^^^^^^^^^^
  File "C:\Users\awsch\miniconda3\envs\nsp\Lib\site-packages\rpyc\core\protocol.py", line 781, in _access_attr
    return accessor(obj, name, *args)
           ^^^^^^^^^^^^^^^^^^^^^^^^^^
AttributeError: 'list' object has no attribute 'sum'
2026-05-29 15:45:51.278 [   DEBUG] (         protocol.py: 363) Exception caught
Traceback (most recent call last):
  File "C:\Users\awsch\miniconda3\envs\nsp\Lib\site-packages\rpyc\core\protocol.py", line 356, in _dispatch_request
    res = self._HANDLERS[handler](self, *args)
          ^^^^^^^^^^^^^^^^^^^^^^^^^^^^^^^^^^^^
  File "C:\Users\awsch\miniconda3\envs\nsp\Lib\site-packages\rpyc\core\protocol.py", line 853, in _handle_getattr
    return self._access_attr(obj, name, (), "_rpyc_getattr", "allow_getattr", getattr)
           ^^^^^^^^^^^^^^^^^^^^^^^^^^^^^^^^^^^^^^^^^^^^^^^^^^^^^^^^^^^^^^^^^^^^^^^^^^^
  File "C:\Users\awsch\miniconda3\envs\nsp\Lib\site-packages\rpyc\core\protocol.py", line 781, in _access_attr
    return accessor(obj, name, *args)
           ^^^^^^^^^^^^^^^^^^^^^^^^^^
AttributeError: 'list' object has no attribute '__array__'
2026-05-29 15:45:51.295 [   DEBUG] (         protocol.py: 363) Exception caught
Traceback (most recent call last):
  File "C:\Users\awsch\miniconda3\envs\nsp\Lib\site-packages\rpyc\core\protocol.py", line 356, in _dispatch_request
    res = self._HANDLERS[handler](self, *args)
          ^^^^^^^^^^^^^^^^^^^^^^^^^^^^^^^^^^^^
  File "C:\Users\awsch\miniconda3\envs\nsp\Lib\site-packages\rpyc\core\protocol.py", line 853, in _handle_getattr
    return self._access_attr(obj, name, (), "_rpyc_getattr", "allow_getattr", getattr)
           ^^^^^^^^^^^^^^^^^^^^^^^^^^^^^^^^^^^^^^^^^^^^^^^^^^^^^^^^^^^^^^^^^^^^^^^^^^^
  File "C:\Users\awsch\miniconda3\envs\nsp\Lib\site-packages\rpyc\core\protocol.py", line 781, in _access_attr
    return accessor(obj, name, *args)
           ^^^^^^^^^^^^^^^^^^^^^^^^^^
AttributeError: 'list' object has no attribute '__array_wrap__'
2026-05-29 15:45:51.296 [   DEBUG] (         protocol.py: 363) Exception caught
Traceback (most recent call last):
  File "C:\Users\awsch\miniconda3\envs\nsp\Lib\site-packages\rpyc\core\protocol.py", line 356, in _dispatch_request
    res = self._HANDLERS[handler](self, *args)
          ^^^^^^^^^^^^^^^^^^^^^^^^^^^^^^^^^^^^
  File "C:\Users\awsch\miniconda3\envs\nsp\Lib\site-packages\rpyc\core\protocol.py", line 853, in _handle_getattr
    return self._access_attr(obj, name, (), "_rpyc_getattr", "allow_getattr", getattr)
           ^^^^^^^^^^^^^^^^^^^^^^^^^^^^^^^^^^^^^^^^^^^^^^^^^^^^^^^^^^^^^^^^^^^^^^^^^^^
  File "C:\Users\awsch\miniconda3\envs\nsp\Lib\site-packages\rpyc\core\protocol.py", line 781, in _access_attr
    return accessor(obj, name, *args)
           ^^^^^^^^^^^^^^^^^^^^^^^^^^
AttributeError: 'list' object has no attribute '__array_wrap__'
2026-05-29 15:45:51.298 [   DEBUG] (        highlevel.py: 186) viWrite(1, b'MEAS:POWER?\r\n', 13, 'c_ulong(13)') -> 0
2026-05-29 15:45:51.298 [   DEBUG] (     messagebased.py: 435) USB0::0x1313::0x8072::1916964::0::INSTR - reading 20480 bytes (last status <StatusCode.success_max_count_read: 1073676294>)
2026-05-29 15:45:51.301 [   DEBUG] (        highlevel.py: 186) viRead(1, <ctypes.c_char_Array_20480 object at 0x000001E05EA8A3D0>, 20480, 'c_ulong(15)') -> 0
2026-05-29 15:45:51.308 [   DEBUG] (        highlevel.py: 186) viWrite(2, b'FREQ 9670000000.00\r\n', 20, 'c_ulong(20)') -> 0
2026-05-29 15:45:52.386 [   DEBUG] (         protocol.py: 363) Exception caught
Traceback (most recent call last):
  File "C:\Users\awsch\miniconda3\envs\nsp\Lib\site-packages\rpyc\core\protocol.py", line 356, in _dispatch_request
    res = self._HANDLERS[handler](self, *args)
          ^^^^^^^^^^^^^^^^^^^^^^^^^^^^^^^^^^^^
  File "C:\Users\awsch\miniconda3\envs\nsp\Lib\site-packages\rpyc\core\protocol.py", line 853, in _handle_getattr
    return self._access_attr(obj, name, (), "_rpyc_getattr", "allow_getattr", getattr)
           ^^^^^^^^^^^^^^^^^^^^^^^^^^^^^^^^^^^^^^^^^^^^^^^^^^^^^^^^^^^^^^^^^^^^^^^^^^^
  File "C:\Users\awsch\miniconda3\envs\nsp\Lib\site-packages\rpyc\core\protocol.py", line 781, in _access_attr
    return accessor(obj, name, *args)
           ^^^^^^^^^^^^^^^^^^^^^^^^^^
AttributeError: 'list' object has no attribute 'sum'
2026-05-29 15:45:52.387 [   DEBUG] (         protocol.py: 363) Exception caught
Traceback (most recent call last):
  File "C:\Users\awsch\miniconda3\envs\nsp\Lib\site-packages\rpyc\core\protocol.py", line 356, in _dispatch_request
    res = self._HANDLERS[handler](self, *args)
          ^^^^^^^^^^^^^^^^^^^^^^^^^^^^^^^^^^^^
  File "C:\Users\awsch\miniconda3\envs\nsp\Lib\site-packages\rpyc\core\protocol.py", line 853, in _handle_getattr
    return self._access_attr(obj, name, (), "_rpyc_getattr", "allow_getattr", getattr)
           ^^^^^^^^^^^^^^^^^^^^^^^^^^^^^^^^^^^^^^^^^^^^^^^^^^^^^^^^^^^^^^^^^^^^^^^^^^^
  File "C:\Users\awsch\miniconda3\envs\nsp\Lib\site-packages\rpyc\core\protocol.py", line 781, in _access_attr
    return accessor(obj, name, *args)
           ^^^^^^^^^^^^^^^^^^^^^^^^^^
AttributeError: 'list' object has no attribute 'sum'
2026-05-29 15:45:52.388 [   DEBUG] (         protocol.py: 363) Exception caught
Traceback (most recent call last):
  File "C:\Users\awsch\miniconda3\envs\nsp\Lib\site-packages\rpyc\core\protocol.py", line 356, in _dispatch_request
    res = self._HANDLERS[handler](self, *args)
          ^^^^^^^^^^^^^^^^^^^^^^^^^^^^^^^^^^^^
  File "C:\Users\awsch\miniconda3\envs\nsp\Lib\site-packages\rpyc\core\protocol.py", line 853, in _handle_getattr
    return self._access_attr(obj, name, (), "_rpyc_getattr", "allow_getattr", getattr)
           ^^^^^^^^^^^^^^^^^^^^^^^^^^^^^^^^^^^^^^^^^^^^^^^^^^^^^^^^^^^^^^^^^^^^^^^^^^^
  File "C:\Users\awsch\miniconda3\envs\nsp\Lib\site-packages\rpyc\core\protocol.py", line 781, in _access_attr
    return accessor(obj, name, *args)
           ^^^^^^^^^^^^^^^^^^^^^^^^^^
AttributeError: 'list' object has no attribute '__array__'
2026-05-29 15:45:52.406 [   DEBUG] (         protocol.py: 363) Exception caught
Traceback (most recent call last):
  File "C:\Users\awsch\miniconda3\envs\nsp\Lib\site-packages\rpyc\core\protocol.py", line 356, in _dispatch_request
    res = self._HANDLERS[handler](self, *args)
          ^^^^^^^^^^^^^^^^^^^^^^^^^^^^^^^^^^^^
  File "C:\Users\awsch\miniconda3\envs\nsp\Lib\site-packages\rpyc\core\protocol.py", line 853, in _handle_getattr
    return self._access_attr(obj, name, (), "_rpyc_getattr", "allow_getattr", getattr)
           ^^^^^^^^^^^^^^^^^^^^^^^^^^^^^^^^^^^^^^^^^^^^^^^^^^^^^^^^^^^^^^^^^^^^^^^^^^^
  File "C:\Users\awsch\miniconda3\envs\nsp\Lib\site-packages\rpyc\core\protocol.py", line 781, in _access_attr
    return accessor(obj, name, *args)
           ^^^^^^^^^^^^^^^^^^^^^^^^^^
AttributeError: 'list' object has no attribute '__array_wrap__'
2026-05-29 15:45:52.407 [   DEBUG] (         protocol.py: 363) Exception caught
Traceback (most recent call last):
  File "C:\Users\awsch\miniconda3\envs\nsp\Lib\site-packages\rpyc\core\protocol.py", line 356, in _dispatch_request
    res = self._HANDLERS[handler](self, *args)
          ^^^^^^^^^^^^^^^^^^^^^^^^^^^^^^^^^^^^
  File "C:\Users\awsch\miniconda3\envs\nsp\Lib\site-packages\rpyc\core\protocol.py", line 853, in _handle_getattr
    return self._access_attr(obj, name, (), "_rpyc_getattr", "allow_getattr", getattr)
           ^^^^^^^^^^^^^^^^^^^^^^^^^^^^^^^^^^^^^^^^^^^^^^^^^^^^^^^^^^^^^^^^^^^^^^^^^^^
  File "C:\Users\awsch\miniconda3\envs\nsp\Lib\site-packages\rpyc\core\protocol.py", line 781, in _access_attr
    return accessor(obj, name, *args)
           ^^^^^^^^^^^^^^^^^^^^^^^^^^
AttributeError: 'list' object has no attribute '__array_wrap__'
2026-05-29 15:45:52.408 [   DEBUG] (         protocol.py: 363) Exception caught
Traceback (most recent call last):
  File "C:\Users\awsch\miniconda3\envs\nsp\Lib\site-packages\rpyc\core\protocol.py", line 356, in _dispatch_request
    res = self._HANDLERS[handler](self, *args)
          ^^^^^^^^^^^^^^^^^^^^^^^^^^^^^^^^^^^^
  File "C:\Users\awsch\miniconda3\envs\nsp\Lib\site-packages\rpyc\core\protocol.py", line 853, in _handle_getattr
    return self._access_attr(obj, name, (), "_rpyc_getattr", "allow_getattr", getattr)
           ^^^^^^^^^^^^^^^^^^^^^^^^^^^^^^^^^^^^^^^^^^^^^^^^^^^^^^^^^^^^^^^^^^^^^^^^^^^
  File "C:\Users\awsch\miniconda3\envs\nsp\Lib\site-packages\rpyc\core\protocol.py", line 781, in _access_attr
    return accessor(obj, name, *args)
           ^^^^^^^^^^^^^^^^^^^^^^^^^^
AttributeError: 'list' object has no attribute 'sum'
2026-05-29 15:45:52.409 [   DEBUG] (         protocol.py: 363) Exception caught
Traceback (most recent call last):
  File "C:\Users\awsch\miniconda3\envs\nsp\Lib\site-packages\rpyc\core\protocol.py", line 356, in _dispatch_request
    res = self._HANDLERS[handler](self, *args)
          ^^^^^^^^^^^^^^^^^^^^^^^^^^^^^^^^^^^^
  File "C:\Users\awsch\miniconda3\envs\nsp\Lib\site-packages\rpyc\core\protocol.py", line 853, in _handle_getattr
    return self._access_attr(obj, name, (), "_rpyc_getattr", "allow_getattr", getattr)
           ^^^^^^^^^^^^^^^^^^^^^^^^^^^^^^^^^^^^^^^^^^^^^^^^^^^^^^^^^^^^^^^^^^^^^^^^^^^
  File "C:\Users\awsch\miniconda3\envs\nsp\Lib\site-packages\rpyc\core\protocol.py", line 781, in _access_attr
    return accessor(obj, name, *args)
           ^^^^^^^^^^^^^^^^^^^^^^^^^^
AttributeError: 'list' object has no attribute 'sum'
2026-05-29 15:45:52.410 [   DEBUG] (         protocol.py: 363) Exception caught
Traceback (most recent call last):
  File "C:\Users\awsch\miniconda3\envs\nsp\Lib\site-packages\rpyc\core\protocol.py", line 356, in _dispatch_request
    res = self._HANDLERS[handler](self, *args)
          ^^^^^^^^^^^^^^^^^^^^^^^^^^^^^^^^^^^^
  File "C:\Users\awsch\miniconda3\envs\nsp\Lib\site-packages\rpyc\core\protocol.py", line 853, in _handle_getattr
    return self._access_attr(obj, name, (), "_rpyc_getattr", "allow_getattr", getattr)
           ^^^^^^^^^^^^^^^^^^^^^^^^^^^^^^^^^^^^^^^^^^^^^^^^^^^^^^^^^^^^^^^^^^^^^^^^^^^
  File "C:\Users\awsch\miniconda3\envs\nsp\Lib\site-packages\rpyc\core\protocol.py", line 781, in _access_attr
    return accessor(obj, name, *args)
           ^^^^^^^^^^^^^^^^^^^^^^^^^^
AttributeError: 'list' object has no attribute '__array__'
2026-05-29 15:45:52.428 [   DEBUG] (         protocol.py: 363) Exception caught
Traceback (most recent call last):
  File "C:\Users\awsch\miniconda3\envs\nsp\Lib\site-packages\rpyc\core\protocol.py", line 356, in _dispatch_request
    res = self._HANDLERS[handler](self, *args)
          ^^^^^^^^^^^^^^^^^^^^^^^^^^^^^^^^^^^^
  File "C:\Users\awsch\miniconda3\envs\nsp\Lib\site-packages\rpyc\core\protocol.py", line 853, in _handle_getattr
    return self._access_attr(obj, name, (), "_rpyc_getattr", "allow_getattr", getattr)
           ^^^^^^^^^^^^^^^^^^^^^^^^^^^^^^^^^^^^^^^^^^^^^^^^^^^^^^^^^^^^^^^^^^^^^^^^^^^
  File "C:\Users\awsch\miniconda3\envs\nsp\Lib\site-packages\rpyc\core\protocol.py", line 781, in _access_attr
    return accessor(obj, name, *args)
           ^^^^^^^^^^^^^^^^^^^^^^^^^^
AttributeError: 'list' object has no attribute '__array_wrap__'
2026-05-29 15:45:52.429 [   DEBUG] (         protocol.py: 363) Exception caught
Traceback (most recent call last):
  File "C:\Users\awsch\miniconda3\envs\nsp\Lib\site-packages\rpyc\core\protocol.py", line 356, in _dispatch_request
    res = self._HANDLERS[handler](self, *args)
          ^^^^^^^^^^^^^^^^^^^^^^^^^^^^^^^^^^^^
  File "C:\Users\awsch\miniconda3\envs\nsp\Lib\site-packages\rpyc\core\protocol.py", line 853, in _handle_getattr
    return self._access_attr(obj, name, (), "_rpyc_getattr", "allow_getattr", getattr)
           ^^^^^^^^^^^^^^^^^^^^^^^^^^^^^^^^^^^^^^^^^^^^^^^^^^^^^^^^^^^^^^^^^^^^^^^^^^^
  File "C:\Users\awsch\miniconda3\envs\nsp\Lib\site-packages\rpyc\core\protocol.py", line 781, in _access_attr
    return accessor(obj, name, *args)
           ^^^^^^^^^^^^^^^^^^^^^^^^^^
AttributeError: 'list' object has no attribute '__array_wrap__'
2026-05-29 15:45:52.431 [   DEBUG] (        highlevel.py: 186) viWrite(1, b'MEAS:POWER?\r\n', 13, 'c_ulong(13)') -> 0
2026-05-29 15:45:52.431 [   DEBUG] (     messagebased.py: 435) USB0::0x1313::0x8072::1916964::0::INSTR - reading 20480 bytes (last status <StatusCode.success_max_count_read: 1073676294>)
2026-05-29 15:45:52.434 [   DEBUG] (        highlevel.py: 186) viRead(1, <ctypes.c_char_Array_20480 object at 0x000001E05EA8A750>, 20480, 'c_ulong(15)') -> 0
2026-05-29 15:45:52.440 [   DEBUG] (        highlevel.py: 186) viWrite(2, b'FREQ 9680000000.00\r\n', 20, 'c_ulong(20)') -> 0
2026-05-29 15:45:53.518 [   DEBUG] (         protocol.py: 363) Exception caught
Traceback (most recent call last):
  File "C:\Users\awsch\miniconda3\envs\nsp\Lib\site-packages\rpyc\core\protocol.py", line 356, in _dispatch_request
    res = self._HANDLERS[handler](self, *args)
          ^^^^^^^^^^^^^^^^^^^^^^^^^^^^^^^^^^^^
  File "C:\Users\awsch\miniconda3\envs\nsp\Lib\site-packages\rpyc\core\protocol.py", line 853, in _handle_getattr
    return self._access_attr(obj, name, (), "_rpyc_getattr", "allow_getattr", getattr)
           ^^^^^^^^^^^^^^^^^^^^^^^^^^^^^^^^^^^^^^^^^^^^^^^^^^^^^^^^^^^^^^^^^^^^^^^^^^^
  File "C:\Users\awsch\miniconda3\envs\nsp\Lib\site-packages\rpyc\core\protocol.py", line 781, in _access_attr
    return accessor(obj, name, *args)
           ^^^^^^^^^^^^^^^^^^^^^^^^^^
AttributeError: 'list' object has no attribute 'sum'
2026-05-29 15:45:53.519 [   DEBUG] (         protocol.py: 363) Exception caught
Traceback (most recent call last):
  File "C:\Users\awsch\miniconda3\envs\nsp\Lib\site-packages\rpyc\core\protocol.py", line 356, in _dispatch_request
    res = self._HANDLERS[handler](self, *args)
          ^^^^^^^^^^^^^^^^^^^^^^^^^^^^^^^^^^^^
  File "C:\Users\awsch\miniconda3\envs\nsp\Lib\site-packages\rpyc\core\protocol.py", line 853, in _handle_getattr
    return self._access_attr(obj, name, (), "_rpyc_getattr", "allow_getattr", getattr)
           ^^^^^^^^^^^^^^^^^^^^^^^^^^^^^^^^^^^^^^^^^^^^^^^^^^^^^^^^^^^^^^^^^^^^^^^^^^^
  File "C:\Users\awsch\miniconda3\envs\nsp\Lib\site-packages\rpyc\core\protocol.py", line 781, in _access_attr
    return accessor(obj, name, *args)
           ^^^^^^^^^^^^^^^^^^^^^^^^^^
AttributeError: 'list' object has no attribute 'sum'
2026-05-29 15:45:53.520 [   DEBUG] (         protocol.py: 363) Exception caught
Traceback (most recent call last):
  File "C:\Users\awsch\miniconda3\envs\nsp\Lib\site-packages\rpyc\core\protocol.py", line 356, in _dispatch_request
    res = self._HANDLERS[handler](self, *args)
          ^^^^^^^^^^^^^^^^^^^^^^^^^^^^^^^^^^^^
  File "C:\Users\awsch\miniconda3\envs\nsp\Lib\site-packages\rpyc\core\protocol.py", line 853, in _handle_getattr
    return self._access_attr(obj, name, (), "_rpyc_getattr", "allow_getattr", getattr)
           ^^^^^^^^^^^^^^^^^^^^^^^^^^^^^^^^^^^^^^^^^^^^^^^^^^^^^^^^^^^^^^^^^^^^^^^^^^^
  File "C:\Users\awsch\miniconda3\envs\nsp\Lib\site-packages\rpyc\core\protocol.py", line 781, in _access_attr
    return accessor(obj, name, *args)
           ^^^^^^^^^^^^^^^^^^^^^^^^^^
AttributeError: 'list' object has no attribute '__array__'
2026-05-29 15:45:53.539 [   DEBUG] (         protocol.py: 363) Exception caught
Traceback (most recent call last):
  File "C:\Users\awsch\miniconda3\envs\nsp\Lib\site-packages\rpyc\core\protocol.py", line 356, in _dispatch_request
    res = self._HANDLERS[handler](self, *args)
          ^^^^^^^^^^^^^^^^^^^^^^^^^^^^^^^^^^^^
  File "C:\Users\awsch\miniconda3\envs\nsp\Lib\site-packages\rpyc\core\protocol.py", line 853, in _handle_getattr
    return self._access_attr(obj, name, (), "_rpyc_getattr", "allow_getattr", getattr)
           ^^^^^^^^^^^^^^^^^^^^^^^^^^^^^^^^^^^^^^^^^^^^^^^^^^^^^^^^^^^^^^^^^^^^^^^^^^^
  File "C:\Users\awsch\miniconda3\envs\nsp\Lib\site-packages\rpyc\core\protocol.py", line 781, in _access_attr
    return accessor(obj, name, *args)
           ^^^^^^^^^^^^^^^^^^^^^^^^^^
AttributeError: 'list' object has no attribute '__array_wrap__'
2026-05-29 15:45:53.540 [   DEBUG] (         protocol.py: 363) Exception caught
Traceback (most recent call last):
  File "C:\Users\awsch\miniconda3\envs\nsp\Lib\site-packages\rpyc\core\protocol.py", line 356, in _dispatch_request
    res = self._HANDLERS[handler](self, *args)
          ^^^^^^^^^^^^^^^^^^^^^^^^^^^^^^^^^^^^
  File "C:\Users\awsch\miniconda3\envs\nsp\Lib\site-packages\rpyc\core\protocol.py", line 853, in _handle_getattr
    return self._access_attr(obj, name, (), "_rpyc_getattr", "allow_getattr", getattr)
           ^^^^^^^^^^^^^^^^^^^^^^^^^^^^^^^^^^^^^^^^^^^^^^^^^^^^^^^^^^^^^^^^^^^^^^^^^^^
  File "C:\Users\awsch\miniconda3\envs\nsp\Lib\site-packages\rpyc\core\protocol.py", line 781, in _access_attr
    return accessor(obj, name, *args)
           ^^^^^^^^^^^^^^^^^^^^^^^^^^
AttributeError: 'list' object has no attribute '__array_wrap__'
2026-05-29 15:45:53.541 [   DEBUG] (         protocol.py: 363) Exception caught
Traceback (most recent call last):
  File "C:\Users\awsch\miniconda3\envs\nsp\Lib\site-packages\rpyc\core\protocol.py", line 356, in _dispatch_request
    res = self._HANDLERS[handler](self, *args)
          ^^^^^^^^^^^^^^^^^^^^^^^^^^^^^^^^^^^^
  File "C:\Users\awsch\miniconda3\envs\nsp\Lib\site-packages\rpyc\core\protocol.py", line 853, in _handle_getattr
    return self._access_attr(obj, name, (), "_rpyc_getattr", "allow_getattr", getattr)
           ^^^^^^^^^^^^^^^^^^^^^^^^^^^^^^^^^^^^^^^^^^^^^^^^^^^^^^^^^^^^^^^^^^^^^^^^^^^
  File "C:\Users\awsch\miniconda3\envs\nsp\Lib\site-packages\rpyc\core\protocol.py", line 781, in _access_attr
    return accessor(obj, name, *args)
           ^^^^^^^^^^^^^^^^^^^^^^^^^^
AttributeError: 'list' object has no attribute 'sum'
2026-05-29 15:45:53.542 [   DEBUG] (         protocol.py: 363) Exception caught
Traceback (most recent call last):
  File "C:\Users\awsch\miniconda3\envs\nsp\Lib\site-packages\rpyc\core\protocol.py", line 356, in _dispatch_request
    res = self._HANDLERS[handler](self, *args)
          ^^^^^^^^^^^^^^^^^^^^^^^^^^^^^^^^^^^^
  File "C:\Users\awsch\miniconda3\envs\nsp\Lib\site-packages\rpyc\core\protocol.py", line 853, in _handle_getattr
    return self._access_attr(obj, name, (), "_rpyc_getattr", "allow_getattr", getattr)
           ^^^^^^^^^^^^^^^^^^^^^^^^^^^^^^^^^^^^^^^^^^^^^^^^^^^^^^^^^^^^^^^^^^^^^^^^^^^
  File "C:\Users\awsch\miniconda3\envs\nsp\Lib\site-packages\rpyc\core\protocol.py", line 781, in _access_attr
    return accessor(obj, name, *args)
           ^^^^^^^^^^^^^^^^^^^^^^^^^^
AttributeError: 'list' object has no attribute 'sum'
2026-05-29 15:45:53.543 [   DEBUG] (         protocol.py: 363) Exception caught
Traceback (most recent call last):
  File "C:\Users\awsch\miniconda3\envs\nsp\Lib\site-packages\rpyc\core\protocol.py", line 356, in _dispatch_request
    res = self._HANDLERS[handler](self, *args)
          ^^^^^^^^^^^^^^^^^^^^^^^^^^^^^^^^^^^^
  File "C:\Users\awsch\miniconda3\envs\nsp\Lib\site-packages\rpyc\core\protocol.py", line 853, in _handle_getattr
    return self._access_attr(obj, name, (), "_rpyc_getattr", "allow_getattr", getattr)
           ^^^^^^^^^^^^^^^^^^^^^^^^^^^^^^^^^^^^^^^^^^^^^^^^^^^^^^^^^^^^^^^^^^^^^^^^^^^
  File "C:\Users\awsch\miniconda3\envs\nsp\Lib\site-packages\rpyc\core\protocol.py", line 781, in _access_attr
    return accessor(obj, name, *args)
           ^^^^^^^^^^^^^^^^^^^^^^^^^^
AttributeError: 'list' object has no attribute '__array__'
2026-05-29 15:45:53.560 [   DEBUG] (         protocol.py: 363) Exception caught
Traceback (most recent call last):
  File "C:\Users\awsch\miniconda3\envs\nsp\Lib\site-packages\rpyc\core\protocol.py", line 356, in _dispatch_request
    res = self._HANDLERS[handler](self, *args)
          ^^^^^^^^^^^^^^^^^^^^^^^^^^^^^^^^^^^^
  File "C:\Users\awsch\miniconda3\envs\nsp\Lib\site-packages\rpyc\core\protocol.py", line 853, in _handle_getattr
    return self._access_attr(obj, name, (), "_rpyc_getattr", "allow_getattr", getattr)
           ^^^^^^^^^^^^^^^^^^^^^^^^^^^^^^^^^^^^^^^^^^^^^^^^^^^^^^^^^^^^^^^^^^^^^^^^^^^
  File "C:\Users\awsch\miniconda3\envs\nsp\Lib\site-packages\rpyc\core\protocol.py", line 781, in _access_attr
    return accessor(obj, name, *args)
           ^^^^^^^^^^^^^^^^^^^^^^^^^^
AttributeError: 'list' object has no attribute '__array_wrap__'
2026-05-29 15:45:53.561 [   DEBUG] (         protocol.py: 363) Exception caught
Traceback (most recent call last):
  File "C:\Users\awsch\miniconda3\envs\nsp\Lib\site-packages\rpyc\core\protocol.py", line 356, in _dispatch_request
    res = self._HANDLERS[handler](self, *args)
          ^^^^^^^^^^^^^^^^^^^^^^^^^^^^^^^^^^^^
  File "C:\Users\awsch\miniconda3\envs\nsp\Lib\site-packages\rpyc\core\protocol.py", line 853, in _handle_getattr
    return self._access_attr(obj, name, (), "_rpyc_getattr", "allow_getattr", getattr)
           ^^^^^^^^^^^^^^^^^^^^^^^^^^^^^^^^^^^^^^^^^^^^^^^^^^^^^^^^^^^^^^^^^^^^^^^^^^^
  File "C:\Users\awsch\miniconda3\envs\nsp\Lib\site-packages\rpyc\core\protocol.py", line 781, in _access_attr
    return accessor(obj, name, *args)
           ^^^^^^^^^^^^^^^^^^^^^^^^^^
AttributeError: 'list' object has no attribute '__array_wrap__'
2026-05-29 15:45:53.563 [   DEBUG] (        highlevel.py: 186) viWrite(1, b'MEAS:POWER?\r\n', 13, 'c_ulong(13)') -> 0
2026-05-29 15:45:53.563 [   DEBUG] (     messagebased.py: 435) USB0::0x1313::0x8072::1916964::0::INSTR - reading 20480 bytes (last status <StatusCode.success_max_count_read: 1073676294>)
2026-05-29 15:45:53.566 [   DEBUG] (        highlevel.py: 186) viRead(1, <ctypes.c_char_Array_20480 object at 0x000001E05EA8A050>, 20480, 'c_ulong(15)') -> 0
2026-05-29 15:45:53.572 [   DEBUG] (        highlevel.py: 186) viWrite(2, b'FREQ 9690000000.00\r\n', 20, 'c_ulong(20)') -> 0
2026-05-29 15:45:54.646 [   DEBUG] (         protocol.py: 363) Exception caught
Traceback (most recent call last):
  File "C:\Users\awsch\miniconda3\envs\nsp\Lib\site-packages\rpyc\core\protocol.py", line 356, in _dispatch_request
    res = self._HANDLERS[handler](self, *args)
          ^^^^^^^^^^^^^^^^^^^^^^^^^^^^^^^^^^^^
  File "C:\Users\awsch\miniconda3\envs\nsp\Lib\site-packages\rpyc\core\protocol.py", line 853, in _handle_getattr
    return self._access_attr(obj, name, (), "_rpyc_getattr", "allow_getattr", getattr)
           ^^^^^^^^^^^^^^^^^^^^^^^^^^^^^^^^^^^^^^^^^^^^^^^^^^^^^^^^^^^^^^^^^^^^^^^^^^^
  File "C:\Users\awsch\miniconda3\envs\nsp\Lib\site-packages\rpyc\core\protocol.py", line 781, in _access_attr
    return accessor(obj, name, *args)
           ^^^^^^^^^^^^^^^^^^^^^^^^^^
AttributeError: 'list' object has no attribute 'sum'
2026-05-29 15:45:54.648 [   DEBUG] (         protocol.py: 363) Exception caught
Traceback (most recent call last):
  File "C:\Users\awsch\miniconda3\envs\nsp\Lib\site-packages\rpyc\core\protocol.py", line 356, in _dispatch_request
    res = self._HANDLERS[handler](self, *args)
          ^^^^^^^^^^^^^^^^^^^^^^^^^^^^^^^^^^^^
  File "C:\Users\awsch\miniconda3\envs\nsp\Lib\site-packages\rpyc\core\protocol.py", line 853, in _handle_getattr
    return self._access_attr(obj, name, (), "_rpyc_getattr", "allow_getattr", getattr)
           ^^^^^^^^^^^^^^^^^^^^^^^^^^^^^^^^^^^^^^^^^^^^^^^^^^^^^^^^^^^^^^^^^^^^^^^^^^^
  File "C:\Users\awsch\miniconda3\envs\nsp\Lib\site-packages\rpyc\core\protocol.py", line 781, in _access_attr
    return accessor(obj, name, *args)
           ^^^^^^^^^^^^^^^^^^^^^^^^^^
AttributeError: 'list' object has no attribute 'sum'
2026-05-29 15:45:54.649 [   DEBUG] (         protocol.py: 363) Exception caught
Traceback (most recent call last):
  File "C:\Users\awsch\miniconda3\envs\nsp\Lib\site-packages\rpyc\core\protocol.py", line 356, in _dispatch_request
    res = self._HANDLERS[handler](self, *args)
          ^^^^^^^^^^^^^^^^^^^^^^^^^^^^^^^^^^^^
  File "C:\Users\awsch\miniconda3\envs\nsp\Lib\site-packages\rpyc\core\protocol.py", line 853, in _handle_getattr
    return self._access_attr(obj, name, (), "_rpyc_getattr", "allow_getattr", getattr)
           ^^^^^^^^^^^^^^^^^^^^^^^^^^^^^^^^^^^^^^^^^^^^^^^^^^^^^^^^^^^^^^^^^^^^^^^^^^^
  File "C:\Users\awsch\miniconda3\envs\nsp\Lib\site-packages\rpyc\core\protocol.py", line 781, in _access_attr
    return accessor(obj, name, *args)
           ^^^^^^^^^^^^^^^^^^^^^^^^^^
AttributeError: 'list' object has no attribute '__array__'
2026-05-29 15:45:54.665 [   DEBUG] (         protocol.py: 363) Exception caught
Traceback (most recent call last):
  File "C:\Users\awsch\miniconda3\envs\nsp\Lib\site-packages\rpyc\core\protocol.py", line 356, in _dispatch_request
    res = self._HANDLERS[handler](self, *args)
          ^^^^^^^^^^^^^^^^^^^^^^^^^^^^^^^^^^^^
  File "C:\Users\awsch\miniconda3\envs\nsp\Lib\site-packages\rpyc\core\protocol.py", line 853, in _handle_getattr
    return self._access_attr(obj, name, (), "_rpyc_getattr", "allow_getattr", getattr)
           ^^^^^^^^^^^^^^^^^^^^^^^^^^^^^^^^^^^^^^^^^^^^^^^^^^^^^^^^^^^^^^^^^^^^^^^^^^^
  File "C:\Users\awsch\miniconda3\envs\nsp\Lib\site-packages\rpyc\core\protocol.py", line 781, in _access_attr
    return accessor(obj, name, *args)
           ^^^^^^^^^^^^^^^^^^^^^^^^^^
AttributeError: 'list' object has no attribute '__array_wrap__'
2026-05-29 15:45:54.667 [   DEBUG] (         protocol.py: 363) Exception caught
Traceback (most recent call last):
  File "C:\Users\awsch\miniconda3\envs\nsp\Lib\site-packages\rpyc\core\protocol.py", line 356, in _dispatch_request
    res = self._HANDLERS[handler](self, *args)
          ^^^^^^^^^^^^^^^^^^^^^^^^^^^^^^^^^^^^
  File "C:\Users\awsch\miniconda3\envs\nsp\Lib\site-packages\rpyc\core\protocol.py", line 853, in _handle_getattr
    return self._access_attr(obj, name, (), "_rpyc_getattr", "allow_getattr", getattr)
           ^^^^^^^^^^^^^^^^^^^^^^^^^^^^^^^^^^^^^^^^^^^^^^^^^^^^^^^^^^^^^^^^^^^^^^^^^^^
  File "C:\Users\awsch\miniconda3\envs\nsp\Lib\site-packages\rpyc\core\protocol.py", line 781, in _access_attr
    return accessor(obj, name, *args)
           ^^^^^^^^^^^^^^^^^^^^^^^^^^
AttributeError: 'list' object has no attribute '__array_wrap__'
2026-05-29 15:45:54.668 [   DEBUG] (         protocol.py: 363) Exception caught
Traceback (most recent call last):
  File "C:\Users\awsch\miniconda3\envs\nsp\Lib\site-packages\rpyc\core\protocol.py", line 356, in _dispatch_request
    res = self._HANDLERS[handler](self, *args)
          ^^^^^^^^^^^^^^^^^^^^^^^^^^^^^^^^^^^^
  File "C:\Users\awsch\miniconda3\envs\nsp\Lib\site-packages\rpyc\core\protocol.py", line 853, in _handle_getattr
    return self._access_attr(obj, name, (), "_rpyc_getattr", "allow_getattr", getattr)
           ^^^^^^^^^^^^^^^^^^^^^^^^^^^^^^^^^^^^^^^^^^^^^^^^^^^^^^^^^^^^^^^^^^^^^^^^^^^
  File "C:\Users\awsch\miniconda3\envs\nsp\Lib\site-packages\rpyc\core\protocol.py", line 781, in _access_attr
    return accessor(obj, name, *args)
           ^^^^^^^^^^^^^^^^^^^^^^^^^^
AttributeError: 'list' object has no attribute 'sum'
2026-05-29 15:45:54.669 [   DEBUG] (         protocol.py: 363) Exception caught
Traceback (most recent call last):
  File "C:\Users\awsch\miniconda3\envs\nsp\Lib\site-packages\rpyc\core\protocol.py", line 356, in _dispatch_request
    res = self._HANDLERS[handler](self, *args)
          ^^^^^^^^^^^^^^^^^^^^^^^^^^^^^^^^^^^^
  File "C:\Users\awsch\miniconda3\envs\nsp\Lib\site-packages\rpyc\core\protocol.py", line 853, in _handle_getattr
    return self._access_attr(obj, name, (), "_rpyc_getattr", "allow_getattr", getattr)
           ^^^^^^^^^^^^^^^^^^^^^^^^^^^^^^^^^^^^^^^^^^^^^^^^^^^^^^^^^^^^^^^^^^^^^^^^^^^
  File "C:\Users\awsch\miniconda3\envs\nsp\Lib\site-packages\rpyc\core\protocol.py", line 781, in _access_attr
    return accessor(obj, name, *args)
           ^^^^^^^^^^^^^^^^^^^^^^^^^^
AttributeError: 'list' object has no attribute 'sum'
2026-05-29 15:45:54.670 [   DEBUG] (         protocol.py: 363) Exception caught
Traceback (most recent call last):
  File "C:\Users\awsch\miniconda3\envs\nsp\Lib\site-packages\rpyc\core\protocol.py", line 356, in _dispatch_request
    res = self._HANDLERS[handler](self, *args)
          ^^^^^^^^^^^^^^^^^^^^^^^^^^^^^^^^^^^^
  File "C:\Users\awsch\miniconda3\envs\nsp\Lib\site-packages\rpyc\core\protocol.py", line 853, in _handle_getattr
    return self._access_attr(obj, name, (), "_rpyc_getattr", "allow_getattr", getattr)
           ^^^^^^^^^^^^^^^^^^^^^^^^^^^^^^^^^^^^^^^^^^^^^^^^^^^^^^^^^^^^^^^^^^^^^^^^^^^
  File "C:\Users\awsch\miniconda3\envs\nsp\Lib\site-packages\rpyc\core\protocol.py", line 781, in _access_attr
    return accessor(obj, name, *args)
           ^^^^^^^^^^^^^^^^^^^^^^^^^^
AttributeError: 'list' object has no attribute '__array__'
2026-05-29 15:45:54.687 [   DEBUG] (         protocol.py: 363) Exception caught
Traceback (most recent call last):
  File "C:\Users\awsch\miniconda3\envs\nsp\Lib\site-packages\rpyc\core\protocol.py", line 356, in _dispatch_request
    res = self._HANDLERS[handler](self, *args)
          ^^^^^^^^^^^^^^^^^^^^^^^^^^^^^^^^^^^^
  File "C:\Users\awsch\miniconda3\envs\nsp\Lib\site-packages\rpyc\core\protocol.py", line 853, in _handle_getattr
    return self._access_attr(obj, name, (), "_rpyc_getattr", "allow_getattr", getattr)
           ^^^^^^^^^^^^^^^^^^^^^^^^^^^^^^^^^^^^^^^^^^^^^^^^^^^^^^^^^^^^^^^^^^^^^^^^^^^
  File "C:\Users\awsch\miniconda3\envs\nsp\Lib\site-packages\rpyc\core\protocol.py", line 781, in _access_attr
    return accessor(obj, name, *args)
           ^^^^^^^^^^^^^^^^^^^^^^^^^^
AttributeError: 'list' object has no attribute '__array_wrap__'
2026-05-29 15:45:54.689 [   DEBUG] (         protocol.py: 363) Exception caught
Traceback (most recent call last):
  File "C:\Users\awsch\miniconda3\envs\nsp\Lib\site-packages\rpyc\core\protocol.py", line 356, in _dispatch_request
    res = self._HANDLERS[handler](self, *args)
          ^^^^^^^^^^^^^^^^^^^^^^^^^^^^^^^^^^^^
  File "C:\Users\awsch\miniconda3\envs\nsp\Lib\site-packages\rpyc\core\protocol.py", line 853, in _handle_getattr
    return self._access_attr(obj, name, (), "_rpyc_getattr", "allow_getattr", getattr)
           ^^^^^^^^^^^^^^^^^^^^^^^^^^^^^^^^^^^^^^^^^^^^^^^^^^^^^^^^^^^^^^^^^^^^^^^^^^^
  File "C:\Users\awsch\miniconda3\envs\nsp\Lib\site-packages\rpyc\core\protocol.py", line 781, in _access_attr
    return accessor(obj, name, *args)
           ^^^^^^^^^^^^^^^^^^^^^^^^^^
AttributeError: 'list' object has no attribute '__array_wrap__'
2026-05-29 15:45:54.691 [   DEBUG] (        highlevel.py: 186) viWrite(1, b'MEAS:POWER?\r\n', 13, 'c_ulong(13)') -> 0
2026-05-29 15:45:54.691 [   DEBUG] (     messagebased.py: 435) USB0::0x1313::0x8072::1916964::0::INSTR - reading 20480 bytes (last status <StatusCode.success_max_count_read: 1073676294>)
2026-05-29 15:45:54.694 [   DEBUG] (        highlevel.py: 186) viRead(1, <ctypes.c_char_Array_20480 object at 0x000001E05EA8AA50>, 20480, 'c_ulong(15)') -> 0
2026-05-29 15:45:54.700 [   DEBUG] (        highlevel.py: 186) viWrite(2, b'FREQ 9700000000.00\r\n', 20, 'c_ulong(20)') -> 0
2026-05-29 15:45:55.781 [   DEBUG] (         protocol.py: 363) Exception caught
Traceback (most recent call last):
  File "C:\Users\awsch\miniconda3\envs\nsp\Lib\site-packages\rpyc\core\protocol.py", line 356, in _dispatch_request
    res = self._HANDLERS[handler](self, *args)
          ^^^^^^^^^^^^^^^^^^^^^^^^^^^^^^^^^^^^
  File "C:\Users\awsch\miniconda3\envs\nsp\Lib\site-packages\rpyc\core\protocol.py", line 853, in _handle_getattr
    return self._access_attr(obj, name, (), "_rpyc_getattr", "allow_getattr", getattr)
           ^^^^^^^^^^^^^^^^^^^^^^^^^^^^^^^^^^^^^^^^^^^^^^^^^^^^^^^^^^^^^^^^^^^^^^^^^^^
  File "C:\Users\awsch\miniconda3\envs\nsp\Lib\site-packages\rpyc\core\protocol.py", line 781, in _access_attr
    return accessor(obj, name, *args)
           ^^^^^^^^^^^^^^^^^^^^^^^^^^
AttributeError: 'list' object has no attribute 'sum'
2026-05-29 15:45:55.783 [   DEBUG] (         protocol.py: 363) Exception caught
Traceback (most recent call last):
  File "C:\Users\awsch\miniconda3\envs\nsp\Lib\site-packages\rpyc\core\protocol.py", line 356, in _dispatch_request
    res = self._HANDLERS[handler](self, *args)
          ^^^^^^^^^^^^^^^^^^^^^^^^^^^^^^^^^^^^
  File "C:\Users\awsch\miniconda3\envs\nsp\Lib\site-packages\rpyc\core\protocol.py", line 853, in _handle_getattr
    return self._access_attr(obj, name, (), "_rpyc_getattr", "allow_getattr", getattr)
           ^^^^^^^^^^^^^^^^^^^^^^^^^^^^^^^^^^^^^^^^^^^^^^^^^^^^^^^^^^^^^^^^^^^^^^^^^^^
  File "C:\Users\awsch\miniconda3\envs\nsp\Lib\site-packages\rpyc\core\protocol.py", line 781, in _access_attr
    return accessor(obj, name, *args)
           ^^^^^^^^^^^^^^^^^^^^^^^^^^
AttributeError: 'list' object has no attribute 'sum'
2026-05-29 15:45:55.784 [   DEBUG] (         protocol.py: 363) Exception caught
Traceback (most recent call last):
  File "C:\Users\awsch\miniconda3\envs\nsp\Lib\site-packages\rpyc\core\protocol.py", line 356, in _dispatch_request
    res = self._HANDLERS[handler](self, *args)
          ^^^^^^^^^^^^^^^^^^^^^^^^^^^^^^^^^^^^
  File "C:\Users\awsch\miniconda3\envs\nsp\Lib\site-packages\rpyc\core\protocol.py", line 853, in _handle_getattr
    return self._access_attr(obj, name, (), "_rpyc_getattr", "allow_getattr", getattr)
           ^^^^^^^^^^^^^^^^^^^^^^^^^^^^^^^^^^^^^^^^^^^^^^^^^^^^^^^^^^^^^^^^^^^^^^^^^^^
  File "C:\Users\awsch\miniconda3\envs\nsp\Lib\site-packages\rpyc\core\protocol.py", line 781, in _access_attr
    return accessor(obj, name, *args)
           ^^^^^^^^^^^^^^^^^^^^^^^^^^
AttributeError: 'list' object has no attribute '__array__'
2026-05-29 15:45:55.803 [   DEBUG] (         protocol.py: 363) Exception caught
Traceback (most recent call last):
  File "C:\Users\awsch\miniconda3\envs\nsp\Lib\site-packages\rpyc\core\protocol.py", line 356, in _dispatch_request
    res = self._HANDLERS[handler](self, *args)
          ^^^^^^^^^^^^^^^^^^^^^^^^^^^^^^^^^^^^
  File "C:\Users\awsch\miniconda3\envs\nsp\Lib\site-packages\rpyc\core\protocol.py", line 853, in _handle_getattr
    return self._access_attr(obj, name, (), "_rpyc_getattr", "allow_getattr", getattr)
           ^^^^^^^^^^^^^^^^^^^^^^^^^^^^^^^^^^^^^^^^^^^^^^^^^^^^^^^^^^^^^^^^^^^^^^^^^^^
  File "C:\Users\awsch\miniconda3\envs\nsp\Lib\site-packages\rpyc\core\protocol.py", line 781, in _access_attr
    return accessor(obj, name, *args)
           ^^^^^^^^^^^^^^^^^^^^^^^^^^
AttributeError: 'list' object has no attribute '__array_wrap__'
2026-05-29 15:45:55.804 [   DEBUG] (         protocol.py: 363) Exception caught
Traceback (most recent call last):
  File "C:\Users\awsch\miniconda3\envs\nsp\Lib\site-packages\rpyc\core\protocol.py", line 356, in _dispatch_request
    res = self._HANDLERS[handler](self, *args)
          ^^^^^^^^^^^^^^^^^^^^^^^^^^^^^^^^^^^^
  File "C:\Users\awsch\miniconda3\envs\nsp\Lib\site-packages\rpyc\core\protocol.py", line 853, in _handle_getattr
    return self._access_attr(obj, name, (), "_rpyc_getattr", "allow_getattr", getattr)
           ^^^^^^^^^^^^^^^^^^^^^^^^^^^^^^^^^^^^^^^^^^^^^^^^^^^^^^^^^^^^^^^^^^^^^^^^^^^
  File "C:\Users\awsch\miniconda3\envs\nsp\Lib\site-packages\rpyc\core\protocol.py", line 781, in _access_attr
    return accessor(obj, name, *args)
           ^^^^^^^^^^^^^^^^^^^^^^^^^^
AttributeError: 'list' object has no attribute '__array_wrap__'
2026-05-29 15:45:55.805 [   DEBUG] (         protocol.py: 363) Exception caught
Traceback (most recent call last):
  File "C:\Users\awsch\miniconda3\envs\nsp\Lib\site-packages\rpyc\core\protocol.py", line 356, in _dispatch_request
    res = self._HANDLERS[handler](self, *args)
          ^^^^^^^^^^^^^^^^^^^^^^^^^^^^^^^^^^^^
  File "C:\Users\awsch\miniconda3\envs\nsp\Lib\site-packages\rpyc\core\protocol.py", line 853, in _handle_getattr
    return self._access_attr(obj, name, (), "_rpyc_getattr", "allow_getattr", getattr)
           ^^^^^^^^^^^^^^^^^^^^^^^^^^^^^^^^^^^^^^^^^^^^^^^^^^^^^^^^^^^^^^^^^^^^^^^^^^^
  File "C:\Users\awsch\miniconda3\envs\nsp\Lib\site-packages\rpyc\core\protocol.py", line 781, in _access_attr
    return accessor(obj, name, *args)
           ^^^^^^^^^^^^^^^^^^^^^^^^^^
AttributeError: 'list' object has no attribute 'sum'
2026-05-29 15:45:55.806 [   DEBUG] (         protocol.py: 363) Exception caught
Traceback (most recent call last):
  File "C:\Users\awsch\miniconda3\envs\nsp\Lib\site-packages\rpyc\core\protocol.py", line 356, in _dispatch_request
    res = self._HANDLERS[handler](self, *args)
          ^^^^^^^^^^^^^^^^^^^^^^^^^^^^^^^^^^^^
  File "C:\Users\awsch\miniconda3\envs\nsp\Lib\site-packages\rpyc\core\protocol.py", line 853, in _handle_getattr
    return self._access_attr(obj, name, (), "_rpyc_getattr", "allow_getattr", getattr)
           ^^^^^^^^^^^^^^^^^^^^^^^^^^^^^^^^^^^^^^^^^^^^^^^^^^^^^^^^^^^^^^^^^^^^^^^^^^^
  File "C:\Users\awsch\miniconda3\envs\nsp\Lib\site-packages\rpyc\core\protocol.py", line 781, in _access_attr
    return accessor(obj, name, *args)
           ^^^^^^^^^^^^^^^^^^^^^^^^^^
AttributeError: 'list' object has no attribute 'sum'
2026-05-29 15:45:55.807 [   DEBUG] (         protocol.py: 363) Exception caught
Traceback (most recent call last):
  File "C:\Users\awsch\miniconda3\envs\nsp\Lib\site-packages\rpyc\core\protocol.py", line 356, in _dispatch_request
    res = self._HANDLERS[handler](self, *args)
          ^^^^^^^^^^^^^^^^^^^^^^^^^^^^^^^^^^^^
  File "C:\Users\awsch\miniconda3\envs\nsp\Lib\site-packages\rpyc\core\protocol.py", line 853, in _handle_getattr
    return self._access_attr(obj, name, (), "_rpyc_getattr", "allow_getattr", getattr)
           ^^^^^^^^^^^^^^^^^^^^^^^^^^^^^^^^^^^^^^^^^^^^^^^^^^^^^^^^^^^^^^^^^^^^^^^^^^^
  File "C:\Users\awsch\miniconda3\envs\nsp\Lib\site-packages\rpyc\core\protocol.py", line 781, in _access_attr
    return accessor(obj, name, *args)
           ^^^^^^^^^^^^^^^^^^^^^^^^^^
AttributeError: 'list' object has no attribute '__array__'
2026-05-29 15:45:55.827 [   DEBUG] (         protocol.py: 363) Exception caught
Traceback (most recent call last):
  File "C:\Users\awsch\miniconda3\envs\nsp\Lib\site-packages\rpyc\core\protocol.py", line 356, in _dispatch_request
    res = self._HANDLERS[handler](self, *args)
          ^^^^^^^^^^^^^^^^^^^^^^^^^^^^^^^^^^^^
  File "C:\Users\awsch\miniconda3\envs\nsp\Lib\site-packages\rpyc\core\protocol.py", line 853, in _handle_getattr
    return self._access_attr(obj, name, (), "_rpyc_getattr", "allow_getattr", getattr)
           ^^^^^^^^^^^^^^^^^^^^^^^^^^^^^^^^^^^^^^^^^^^^^^^^^^^^^^^^^^^^^^^^^^^^^^^^^^^
  File "C:\Users\awsch\miniconda3\envs\nsp\Lib\site-packages\rpyc\core\protocol.py", line 781, in _access_attr
    return accessor(obj, name, *args)
           ^^^^^^^^^^^^^^^^^^^^^^^^^^
AttributeError: 'list' object has no attribute '__array_wrap__'
2026-05-29 15:45:55.828 [   DEBUG] (         protocol.py: 363) Exception caught
Traceback (most recent call last):
  File "C:\Users\awsch\miniconda3\envs\nsp\Lib\site-packages\rpyc\core\protocol.py", line 356, in _dispatch_request
    res = self._HANDLERS[handler](self, *args)
          ^^^^^^^^^^^^^^^^^^^^^^^^^^^^^^^^^^^^
  File "C:\Users\awsch\miniconda3\envs\nsp\Lib\site-packages\rpyc\core\protocol.py", line 853, in _handle_getattr
    return self._access_attr(obj, name, (), "_rpyc_getattr", "allow_getattr", getattr)
           ^^^^^^^^^^^^^^^^^^^^^^^^^^^^^^^^^^^^^^^^^^^^^^^^^^^^^^^^^^^^^^^^^^^^^^^^^^^
  File "C:\Users\awsch\miniconda3\envs\nsp\Lib\site-packages\rpyc\core\protocol.py", line 781, in _access_attr
    return accessor(obj, name, *args)
           ^^^^^^^^^^^^^^^^^^^^^^^^^^
AttributeError: 'list' object has no attribute '__array_wrap__'
2026-05-29 15:45:55.831 [   DEBUG] (        highlevel.py: 186) viWrite(1, b'MEAS:POWER?\r\n', 13, 'c_ulong(13)') -> 0
2026-05-29 15:45:55.831 [   DEBUG] (     messagebased.py: 435) USB0::0x1313::0x8072::1916964::0::INSTR - reading 20480 bytes (last status <StatusCode.success_max_count_read: 1073676294>)
2026-05-29 15:45:55.833 [   DEBUG] (        highlevel.py: 186) viRead(1, <ctypes.c_char_Array_20480 object at 0x000001E05EA8A7D0>, 20480, 'c_ulong(15)') -> 0
2026-05-29 15:45:55.841 [   DEBUG] (        highlevel.py: 186) viWrite(2, b'FREQ 9400000000.00\r\n', 20, 'c_ulong(20)') -> 0
2026-05-29 15:45:56.916 [   DEBUG] (         protocol.py: 363) Exception caught
Traceback (most recent call last):
  File "C:\Users\awsch\miniconda3\envs\nsp\Lib\site-packages\rpyc\core\protocol.py", line 356, in _dispatch_request
    res = self._HANDLERS[handler](self, *args)
          ^^^^^^^^^^^^^^^^^^^^^^^^^^^^^^^^^^^^
  File "C:\Users\awsch\miniconda3\envs\nsp\Lib\site-packages\rpyc\core\protocol.py", line 853, in _handle_getattr
    return self._access_attr(obj, name, (), "_rpyc_getattr", "allow_getattr", getattr)
           ^^^^^^^^^^^^^^^^^^^^^^^^^^^^^^^^^^^^^^^^^^^^^^^^^^^^^^^^^^^^^^^^^^^^^^^^^^^
  File "C:\Users\awsch\miniconda3\envs\nsp\Lib\site-packages\rpyc\core\protocol.py", line 781, in _access_attr
    return accessor(obj, name, *args)
           ^^^^^^^^^^^^^^^^^^^^^^^^^^
AttributeError: 'list' object has no attribute 'sum'
2026-05-29 15:45:56.917 [   DEBUG] (         protocol.py: 363) Exception caught
Traceback (most recent call last):
  File "C:\Users\awsch\miniconda3\envs\nsp\Lib\site-packages\rpyc\core\protocol.py", line 356, in _dispatch_request
    res = self._HANDLERS[handler](self, *args)
          ^^^^^^^^^^^^^^^^^^^^^^^^^^^^^^^^^^^^
  File "C:\Users\awsch\miniconda3\envs\nsp\Lib\site-packages\rpyc\core\protocol.py", line 853, in _handle_getattr
    return self._access_attr(obj, name, (), "_rpyc_getattr", "allow_getattr", getattr)
           ^^^^^^^^^^^^^^^^^^^^^^^^^^^^^^^^^^^^^^^^^^^^^^^^^^^^^^^^^^^^^^^^^^^^^^^^^^^
  File "C:\Users\awsch\miniconda3\envs\nsp\Lib\site-packages\rpyc\core\protocol.py", line 781, in _access_attr
    return accessor(obj, name, *args)
           ^^^^^^^^^^^^^^^^^^^^^^^^^^
AttributeError: 'list' object has no attribute 'sum'
2026-05-29 15:45:56.918 [   DEBUG] (         protocol.py: 363) Exception caught
Traceback (most recent call last):
  File "C:\Users\awsch\miniconda3\envs\nsp\Lib\site-packages\rpyc\core\protocol.py", line 356, in _dispatch_request
    res = self._HANDLERS[handler](self, *args)
          ^^^^^^^^^^^^^^^^^^^^^^^^^^^^^^^^^^^^
  File "C:\Users\awsch\miniconda3\envs\nsp\Lib\site-packages\rpyc\core\protocol.py", line 853, in _handle_getattr
    return self._access_attr(obj, name, (), "_rpyc_getattr", "allow_getattr", getattr)
           ^^^^^^^^^^^^^^^^^^^^^^^^^^^^^^^^^^^^^^^^^^^^^^^^^^^^^^^^^^^^^^^^^^^^^^^^^^^
  File "C:\Users\awsch\miniconda3\envs\nsp\Lib\site-packages\rpyc\core\protocol.py", line 781, in _access_attr
    return accessor(obj, name, *args)
           ^^^^^^^^^^^^^^^^^^^^^^^^^^
AttributeError: 'list' object has no attribute '__array__'
2026-05-29 15:45:56.937 [   DEBUG] (         protocol.py: 363) Exception caught
Traceback (most recent call last):
  File "C:\Users\awsch\miniconda3\envs\nsp\Lib\site-packages\rpyc\core\protocol.py", line 356, in _dispatch_request
    res = self._HANDLERS[handler](self, *args)
          ^^^^^^^^^^^^^^^^^^^^^^^^^^^^^^^^^^^^
  File "C:\Users\awsch\miniconda3\envs\nsp\Lib\site-packages\rpyc\core\protocol.py", line 853, in _handle_getattr
    return self._access_attr(obj, name, (), "_rpyc_getattr", "allow_getattr", getattr)
           ^^^^^^^^^^^^^^^^^^^^^^^^^^^^^^^^^^^^^^^^^^^^^^^^^^^^^^^^^^^^^^^^^^^^^^^^^^^
  File "C:\Users\awsch\miniconda3\envs\nsp\Lib\site-packages\rpyc\core\protocol.py", line 781, in _access_attr
    return accessor(obj, name, *args)
           ^^^^^^^^^^^^^^^^^^^^^^^^^^
AttributeError: 'list' object has no attribute '__array_wrap__'
2026-05-29 15:45:56.938 [   DEBUG] (         protocol.py: 363) Exception caught
Traceback (most recent call last):
  File "C:\Users\awsch\miniconda3\envs\nsp\Lib\site-packages\rpyc\core\protocol.py", line 356, in _dispatch_request
    res = self._HANDLERS[handler](self, *args)
          ^^^^^^^^^^^^^^^^^^^^^^^^^^^^^^^^^^^^
  File "C:\Users\awsch\miniconda3\envs\nsp\Lib\site-packages\rpyc\core\protocol.py", line 853, in _handle_getattr
    return self._access_attr(obj, name, (), "_rpyc_getattr", "allow_getattr", getattr)
           ^^^^^^^^^^^^^^^^^^^^^^^^^^^^^^^^^^^^^^^^^^^^^^^^^^^^^^^^^^^^^^^^^^^^^^^^^^^
  File "C:\Users\awsch\miniconda3\envs\nsp\Lib\site-packages\rpyc\core\protocol.py", line 781, in _access_attr
    return accessor(obj, name, *args)
           ^^^^^^^^^^^^^^^^^^^^^^^^^^
AttributeError: 'list' object has no attribute '__array_wrap__'
2026-05-29 15:45:56.939 [   DEBUG] (         protocol.py: 363) Exception caught
Traceback (most recent call last):
  File "C:\Users\awsch\miniconda3\envs\nsp\Lib\site-packages\rpyc\core\protocol.py", line 356, in _dispatch_request
    res = self._HANDLERS[handler](self, *args)
          ^^^^^^^^^^^^^^^^^^^^^^^^^^^^^^^^^^^^
  File "C:\Users\awsch\miniconda3\envs\nsp\Lib\site-packages\rpyc\core\protocol.py", line 853, in _handle_getattr
    return self._access_attr(obj, name, (), "_rpyc_getattr", "allow_getattr", getattr)
           ^^^^^^^^^^^^^^^^^^^^^^^^^^^^^^^^^^^^^^^^^^^^^^^^^^^^^^^^^^^^^^^^^^^^^^^^^^^
  File "C:\Users\awsch\miniconda3\envs\nsp\Lib\site-packages\rpyc\core\protocol.py", line 781, in _access_attr
    return accessor(obj, name, *args)
           ^^^^^^^^^^^^^^^^^^^^^^^^^^
AttributeError: 'list' object has no attribute 'sum'
2026-05-29 15:45:56.940 [   DEBUG] (         protocol.py: 363) Exception caught
Traceback (most recent call last):
  File "C:\Users\awsch\miniconda3\envs\nsp\Lib\site-packages\rpyc\core\protocol.py", line 356, in _dispatch_request
    res = self._HANDLERS[handler](self, *args)
          ^^^^^^^^^^^^^^^^^^^^^^^^^^^^^^^^^^^^
  File "C:\Users\awsch\miniconda3\envs\nsp\Lib\site-packages\rpyc\core\protocol.py", line 853, in _handle_getattr
    return self._access_attr(obj, name, (), "_rpyc_getattr", "allow_getattr", getattr)
           ^^^^^^^^^^^^^^^^^^^^^^^^^^^^^^^^^^^^^^^^^^^^^^^^^^^^^^^^^^^^^^^^^^^^^^^^^^^
  File "C:\Users\awsch\miniconda3\envs\nsp\Lib\site-packages\rpyc\core\protocol.py", line 781, in _access_attr
    return accessor(obj, name, *args)
           ^^^^^^^^^^^^^^^^^^^^^^^^^^
AttributeError: 'list' object has no attribute 'sum'
2026-05-29 15:45:56.941 [   DEBUG] (         protocol.py: 363) Exception caught
Traceback (most recent call last):
  File "C:\Users\awsch\miniconda3\envs\nsp\Lib\site-packages\rpyc\core\protocol.py", line 356, in _dispatch_request
    res = self._HANDLERS[handler](self, *args)
          ^^^^^^^^^^^^^^^^^^^^^^^^^^^^^^^^^^^^
  File "C:\Users\awsch\miniconda3\envs\nsp\Lib\site-packages\rpyc\core\protocol.py", line 853, in _handle_getattr
    return self._access_attr(obj, name, (), "_rpyc_getattr", "allow_getattr", getattr)
           ^^^^^^^^^^^^^^^^^^^^^^^^^^^^^^^^^^^^^^^^^^^^^^^^^^^^^^^^^^^^^^^^^^^^^^^^^^^
  File "C:\Users\awsch\miniconda3\envs\nsp\Lib\site-packages\rpyc\core\protocol.py", line 781, in _access_attr
    return accessor(obj, name, *args)
           ^^^^^^^^^^^^^^^^^^^^^^^^^^
AttributeError: 'list' object has no attribute '__array__'
2026-05-29 15:45:56.958 [   DEBUG] (         protocol.py: 363) Exception caught
Traceback (most recent call last):
  File "C:\Users\awsch\miniconda3\envs\nsp\Lib\site-packages\rpyc\core\protocol.py", line 356, in _dispatch_request
    res = self._HANDLERS[handler](self, *args)
          ^^^^^^^^^^^^^^^^^^^^^^^^^^^^^^^^^^^^
  File "C:\Users\awsch\miniconda3\envs\nsp\Lib\site-packages\rpyc\core\protocol.py", line 853, in _handle_getattr
    return self._access_attr(obj, name, (), "_rpyc_getattr", "allow_getattr", getattr)
           ^^^^^^^^^^^^^^^^^^^^^^^^^^^^^^^^^^^^^^^^^^^^^^^^^^^^^^^^^^^^^^^^^^^^^^^^^^^
  File "C:\Users\awsch\miniconda3\envs\nsp\Lib\site-packages\rpyc\core\protocol.py", line 781, in _access_attr
    return accessor(obj, name, *args)
           ^^^^^^^^^^^^^^^^^^^^^^^^^^
AttributeError: 'list' object has no attribute '__array_wrap__'
2026-05-29 15:45:56.959 [   DEBUG] (         protocol.py: 363) Exception caught
Traceback (most recent call last):
  File "C:\Users\awsch\miniconda3\envs\nsp\Lib\site-packages\rpyc\core\protocol.py", line 356, in _dispatch_request
    res = self._HANDLERS[handler](self, *args)
          ^^^^^^^^^^^^^^^^^^^^^^^^^^^^^^^^^^^^
  File "C:\Users\awsch\miniconda3\envs\nsp\Lib\site-packages\rpyc\core\protocol.py", line 853, in _handle_getattr
    return self._access_attr(obj, name, (), "_rpyc_getattr", "allow_getattr", getattr)
           ^^^^^^^^^^^^^^^^^^^^^^^^^^^^^^^^^^^^^^^^^^^^^^^^^^^^^^^^^^^^^^^^^^^^^^^^^^^
  File "C:\Users\awsch\miniconda3\envs\nsp\Lib\site-packages\rpyc\core\protocol.py", line 781, in _access_attr
    return accessor(obj, name, *args)
           ^^^^^^^^^^^^^^^^^^^^^^^^^^
AttributeError: 'list' object has no attribute '__array_wrap__'
2026-05-29 15:45:56.961 [   DEBUG] (        highlevel.py: 186) viWrite(1, b'MEAS:POWER?\r\n', 13, 'c_ulong(13)') -> 0
2026-05-29 15:45:56.961 [   DEBUG] (     messagebased.py: 435) USB0::0x1313::0x8072::1916964::0::INSTR - reading 20480 bytes (last status <StatusCode.success_max_count_read: 1073676294>)
2026-05-29 15:45:56.964 [   DEBUG] (        highlevel.py: 186) viRead(1, <ctypes.c_char_Array_20480 object at 0x000001E05EA88AD0>, 20480, 'c_ulong(15)') -> 0
2026-05-29 15:45:56.971 [   DEBUG] (        highlevel.py: 186) viWrite(2, b'FREQ 9410000000.00\r\n', 20, 'c_ulong(20)') -> 0
2026-05-29 15:45:58.049 [   DEBUG] (         protocol.py: 363) Exception caught
Traceback (most recent call last):
  File "C:\Users\awsch\miniconda3\envs\nsp\Lib\site-packages\rpyc\core\protocol.py", line 356, in _dispatch_request
    res = self._HANDLERS[handler](self, *args)
          ^^^^^^^^^^^^^^^^^^^^^^^^^^^^^^^^^^^^
  File "C:\Users\awsch\miniconda3\envs\nsp\Lib\site-packages\rpyc\core\protocol.py", line 853, in _handle_getattr
    return self._access_attr(obj, name, (), "_rpyc_getattr", "allow_getattr", getattr)
           ^^^^^^^^^^^^^^^^^^^^^^^^^^^^^^^^^^^^^^^^^^^^^^^^^^^^^^^^^^^^^^^^^^^^^^^^^^^
  File "C:\Users\awsch\miniconda3\envs\nsp\Lib\site-packages\rpyc\core\protocol.py", line 781, in _access_attr
    return accessor(obj, name, *args)
           ^^^^^^^^^^^^^^^^^^^^^^^^^^
AttributeError: 'list' object has no attribute 'sum'
2026-05-29 15:45:58.051 [   DEBUG] (         protocol.py: 363) Exception caught
Traceback (most recent call last):
  File "C:\Users\awsch\miniconda3\envs\nsp\Lib\site-packages\rpyc\core\protocol.py", line 356, in _dispatch_request
    res = self._HANDLERS[handler](self, *args)
          ^^^^^^^^^^^^^^^^^^^^^^^^^^^^^^^^^^^^
  File "C:\Users\awsch\miniconda3\envs\nsp\Lib\site-packages\rpyc\core\protocol.py", line 853, in _handle_getattr
    return self._access_attr(obj, name, (), "_rpyc_getattr", "allow_getattr", getattr)
           ^^^^^^^^^^^^^^^^^^^^^^^^^^^^^^^^^^^^^^^^^^^^^^^^^^^^^^^^^^^^^^^^^^^^^^^^^^^
  File "C:\Users\awsch\miniconda3\envs\nsp\Lib\site-packages\rpyc\core\protocol.py", line 781, in _access_attr
    return accessor(obj, name, *args)
           ^^^^^^^^^^^^^^^^^^^^^^^^^^
AttributeError: 'list' object has no attribute 'sum'
2026-05-29 15:45:58.052 [   DEBUG] (         protocol.py: 363) Exception caught
Traceback (most recent call last):
  File "C:\Users\awsch\miniconda3\envs\nsp\Lib\site-packages\rpyc\core\protocol.py", line 356, in _dispatch_request
    res = self._HANDLERS[handler](self, *args)
          ^^^^^^^^^^^^^^^^^^^^^^^^^^^^^^^^^^^^
  File "C:\Users\awsch\miniconda3\envs\nsp\Lib\site-packages\rpyc\core\protocol.py", line 853, in _handle_getattr
    return self._access_attr(obj, name, (), "_rpyc_getattr", "allow_getattr", getattr)
           ^^^^^^^^^^^^^^^^^^^^^^^^^^^^^^^^^^^^^^^^^^^^^^^^^^^^^^^^^^^^^^^^^^^^^^^^^^^
  File "C:\Users\awsch\miniconda3\envs\nsp\Lib\site-packages\rpyc\core\protocol.py", line 781, in _access_attr
    return accessor(obj, name, *args)
           ^^^^^^^^^^^^^^^^^^^^^^^^^^
AttributeError: 'list' object has no attribute '__array__'
2026-05-29 15:45:58.068 [   DEBUG] (         protocol.py: 363) Exception caught
Traceback (most recent call last):
  File "C:\Users\awsch\miniconda3\envs\nsp\Lib\site-packages\rpyc\core\protocol.py", line 356, in _dispatch_request
    res = self._HANDLERS[handler](self, *args)
          ^^^^^^^^^^^^^^^^^^^^^^^^^^^^^^^^^^^^
  File "C:\Users\awsch\miniconda3\envs\nsp\Lib\site-packages\rpyc\core\protocol.py", line 853, in _handle_getattr
    return self._access_attr(obj, name, (), "_rpyc_getattr", "allow_getattr", getattr)
           ^^^^^^^^^^^^^^^^^^^^^^^^^^^^^^^^^^^^^^^^^^^^^^^^^^^^^^^^^^^^^^^^^^^^^^^^^^^
  File "C:\Users\awsch\miniconda3\envs\nsp\Lib\site-packages\rpyc\core\protocol.py", line 781, in _access_attr
    return accessor(obj, name, *args)
           ^^^^^^^^^^^^^^^^^^^^^^^^^^
AttributeError: 'list' object has no attribute '__array_wrap__'
2026-05-29 15:45:58.070 [   DEBUG] (         protocol.py: 363) Exception caught
Traceback (most recent call last):
  File "C:\Users\awsch\miniconda3\envs\nsp\Lib\site-packages\rpyc\core\protocol.py", line 356, in _dispatch_request
    res = self._HANDLERS[handler](self, *args)
          ^^^^^^^^^^^^^^^^^^^^^^^^^^^^^^^^^^^^
  File "C:\Users\awsch\miniconda3\envs\nsp\Lib\site-packages\rpyc\core\protocol.py", line 853, in _handle_getattr
    return self._access_attr(obj, name, (), "_rpyc_getattr", "allow_getattr", getattr)
           ^^^^^^^^^^^^^^^^^^^^^^^^^^^^^^^^^^^^^^^^^^^^^^^^^^^^^^^^^^^^^^^^^^^^^^^^^^^
  File "C:\Users\awsch\miniconda3\envs\nsp\Lib\site-packages\rpyc\core\protocol.py", line 781, in _access_attr
    return accessor(obj, name, *args)
           ^^^^^^^^^^^^^^^^^^^^^^^^^^
AttributeError: 'list' object has no attribute '__array_wrap__'
2026-05-29 15:45:58.071 [   DEBUG] (         protocol.py: 363) Exception caught
Traceback (most recent call last):
  File "C:\Users\awsch\miniconda3\envs\nsp\Lib\site-packages\rpyc\core\protocol.py", line 356, in _dispatch_request
    res = self._HANDLERS[handler](self, *args)
          ^^^^^^^^^^^^^^^^^^^^^^^^^^^^^^^^^^^^
  File "C:\Users\awsch\miniconda3\envs\nsp\Lib\site-packages\rpyc\core\protocol.py", line 853, in _handle_getattr
    return self._access_attr(obj, name, (), "_rpyc_getattr", "allow_getattr", getattr)
           ^^^^^^^^^^^^^^^^^^^^^^^^^^^^^^^^^^^^^^^^^^^^^^^^^^^^^^^^^^^^^^^^^^^^^^^^^^^
  File "C:\Users\awsch\miniconda3\envs\nsp\Lib\site-packages\rpyc\core\protocol.py", line 781, in _access_attr
    return accessor(obj, name, *args)
           ^^^^^^^^^^^^^^^^^^^^^^^^^^
AttributeError: 'list' object has no attribute 'sum'
2026-05-29 15:45:58.072 [   DEBUG] (         protocol.py: 363) Exception caught
Traceback (most recent call last):
  File "C:\Users\awsch\miniconda3\envs\nsp\Lib\site-packages\rpyc\core\protocol.py", line 356, in _dispatch_request
    res = self._HANDLERS[handler](self, *args)
          ^^^^^^^^^^^^^^^^^^^^^^^^^^^^^^^^^^^^
  File "C:\Users\awsch\miniconda3\envs\nsp\Lib\site-packages\rpyc\core\protocol.py", line 853, in _handle_getattr
    return self._access_attr(obj, name, (), "_rpyc_getattr", "allow_getattr", getattr)
           ^^^^^^^^^^^^^^^^^^^^^^^^^^^^^^^^^^^^^^^^^^^^^^^^^^^^^^^^^^^^^^^^^^^^^^^^^^^
  File "C:\Users\awsch\miniconda3\envs\nsp\Lib\site-packages\rpyc\core\protocol.py", line 781, in _access_attr
    return accessor(obj, name, *args)
           ^^^^^^^^^^^^^^^^^^^^^^^^^^
AttributeError: 'list' object has no attribute 'sum'
2026-05-29 15:45:58.073 [   DEBUG] (         protocol.py: 363) Exception caught
Traceback (most recent call last):
  File "C:\Users\awsch\miniconda3\envs\nsp\Lib\site-packages\rpyc\core\protocol.py", line 356, in _dispatch_request
    res = self._HANDLERS[handler](self, *args)
          ^^^^^^^^^^^^^^^^^^^^^^^^^^^^^^^^^^^^
  File "C:\Users\awsch\miniconda3\envs\nsp\Lib\site-packages\rpyc\core\protocol.py", line 853, in _handle_getattr
    return self._access_attr(obj, name, (), "_rpyc_getattr", "allow_getattr", getattr)
           ^^^^^^^^^^^^^^^^^^^^^^^^^^^^^^^^^^^^^^^^^^^^^^^^^^^^^^^^^^^^^^^^^^^^^^^^^^^
  File "C:\Users\awsch\miniconda3\envs\nsp\Lib\site-packages\rpyc\core\protocol.py", line 781, in _access_attr
    return accessor(obj, name, *args)
           ^^^^^^^^^^^^^^^^^^^^^^^^^^
AttributeError: 'list' object has no attribute '__array__'
2026-05-29 15:45:58.091 [   DEBUG] (         protocol.py: 363) Exception caught
Traceback (most recent call last):
  File "C:\Users\awsch\miniconda3\envs\nsp\Lib\site-packages\rpyc\core\protocol.py", line 356, in _dispatch_request
    res = self._HANDLERS[handler](self, *args)
          ^^^^^^^^^^^^^^^^^^^^^^^^^^^^^^^^^^^^
  File "C:\Users\awsch\miniconda3\envs\nsp\Lib\site-packages\rpyc\core\protocol.py", line 853, in _handle_getattr
    return self._access_attr(obj, name, (), "_rpyc_getattr", "allow_getattr", getattr)
           ^^^^^^^^^^^^^^^^^^^^^^^^^^^^^^^^^^^^^^^^^^^^^^^^^^^^^^^^^^^^^^^^^^^^^^^^^^^
  File "C:\Users\awsch\miniconda3\envs\nsp\Lib\site-packages\rpyc\core\protocol.py", line 781, in _access_attr
    return accessor(obj, name, *args)
           ^^^^^^^^^^^^^^^^^^^^^^^^^^
AttributeError: 'list' object has no attribute '__array_wrap__'
2026-05-29 15:45:58.092 [   DEBUG] (         protocol.py: 363) Exception caught
Traceback (most recent call last):
  File "C:\Users\awsch\miniconda3\envs\nsp\Lib\site-packages\rpyc\core\protocol.py", line 356, in _dispatch_request
    res = self._HANDLERS[handler](self, *args)
          ^^^^^^^^^^^^^^^^^^^^^^^^^^^^^^^^^^^^
  File "C:\Users\awsch\miniconda3\envs\nsp\Lib\site-packages\rpyc\core\protocol.py", line 853, in _handle_getattr
    return self._access_attr(obj, name, (), "_rpyc_getattr", "allow_getattr", getattr)
           ^^^^^^^^^^^^^^^^^^^^^^^^^^^^^^^^^^^^^^^^^^^^^^^^^^^^^^^^^^^^^^^^^^^^^^^^^^^
  File "C:\Users\awsch\miniconda3\envs\nsp\Lib\site-packages\rpyc\core\protocol.py", line 781, in _access_attr
    return accessor(obj, name, *args)
           ^^^^^^^^^^^^^^^^^^^^^^^^^^
AttributeError: 'list' object has no attribute '__array_wrap__'
2026-05-29 15:45:58.094 [   DEBUG] (        highlevel.py: 186) viWrite(1, b'MEAS:POWER?\r\n', 13, 'c_ulong(13)') -> 0
2026-05-29 15:45:58.094 [   DEBUG] (     messagebased.py: 435) USB0::0x1313::0x8072::1916964::0::INSTR - reading 20480 bytes (last status <StatusCode.success_max_count_read: 1073676294>)
2026-05-29 15:45:58.097 [   DEBUG] (        highlevel.py: 186) viRead(1, <ctypes.c_char_Array_20480 object at 0x000001E05EA887D0>, 20480, 'c_ulong(15)') -> 0
2026-05-29 15:45:58.104 [   DEBUG] (        highlevel.py: 186) viWrite(2, b'FREQ 9420000000.00\r\n', 20, 'c_ulong(20)') -> 0
2026-05-29 15:45:59.172 [   DEBUG] (         protocol.py: 363) Exception caught
Traceback (most recent call last):
  File "C:\Users\awsch\miniconda3\envs\nsp\Lib\site-packages\rpyc\core\protocol.py", line 356, in _dispatch_request
    res = self._HANDLERS[handler](self, *args)
          ^^^^^^^^^^^^^^^^^^^^^^^^^^^^^^^^^^^^
  File "C:\Users\awsch\miniconda3\envs\nsp\Lib\site-packages\rpyc\core\protocol.py", line 853, in _handle_getattr
    return self._access_attr(obj, name, (), "_rpyc_getattr", "allow_getattr", getattr)
           ^^^^^^^^^^^^^^^^^^^^^^^^^^^^^^^^^^^^^^^^^^^^^^^^^^^^^^^^^^^^^^^^^^^^^^^^^^^
  File "C:\Users\awsch\miniconda3\envs\nsp\Lib\site-packages\rpyc\core\protocol.py", line 781, in _access_attr
    return accessor(obj, name, *args)
           ^^^^^^^^^^^^^^^^^^^^^^^^^^
AttributeError: 'list' object has no attribute 'sum'
2026-05-29 15:45:59.173 [   DEBUG] (         protocol.py: 363) Exception caught
Traceback (most recent call last):
  File "C:\Users\awsch\miniconda3\envs\nsp\Lib\site-packages\rpyc\core\protocol.py", line 356, in _dispatch_request
    res = self._HANDLERS[handler](self, *args)
          ^^^^^^^^^^^^^^^^^^^^^^^^^^^^^^^^^^^^
  File "C:\Users\awsch\miniconda3\envs\nsp\Lib\site-packages\rpyc\core\protocol.py", line 853, in _handle_getattr
    return self._access_attr(obj, name, (), "_rpyc_getattr", "allow_getattr", getattr)
           ^^^^^^^^^^^^^^^^^^^^^^^^^^^^^^^^^^^^^^^^^^^^^^^^^^^^^^^^^^^^^^^^^^^^^^^^^^^
  File "C:\Users\awsch\miniconda3\envs\nsp\Lib\site-packages\rpyc\core\protocol.py", line 781, in _access_attr
    return accessor(obj, name, *args)
           ^^^^^^^^^^^^^^^^^^^^^^^^^^
AttributeError: 'list' object has no attribute 'sum'
2026-05-29 15:45:59.174 [   DEBUG] (         protocol.py: 363) Exception caught
Traceback (most recent call last):
  File "C:\Users\awsch\miniconda3\envs\nsp\Lib\site-packages\rpyc\core\protocol.py", line 356, in _dispatch_request
    res = self._HANDLERS[handler](self, *args)
          ^^^^^^^^^^^^^^^^^^^^^^^^^^^^^^^^^^^^
  File "C:\Users\awsch\miniconda3\envs\nsp\Lib\site-packages\rpyc\core\protocol.py", line 853, in _handle_getattr
    return self._access_attr(obj, name, (), "_rpyc_getattr", "allow_getattr", getattr)
           ^^^^^^^^^^^^^^^^^^^^^^^^^^^^^^^^^^^^^^^^^^^^^^^^^^^^^^^^^^^^^^^^^^^^^^^^^^^
  File "C:\Users\awsch\miniconda3\envs\nsp\Lib\site-packages\rpyc\core\protocol.py", line 781, in _access_attr
    return accessor(obj, name, *args)
           ^^^^^^^^^^^^^^^^^^^^^^^^^^
AttributeError: 'list' object has no attribute '__array__'
2026-05-29 15:45:59.193 [   DEBUG] (         protocol.py: 363) Exception caught
Traceback (most recent call last):
  File "C:\Users\awsch\miniconda3\envs\nsp\Lib\site-packages\rpyc\core\protocol.py", line 356, in _dispatch_request
    res = self._HANDLERS[handler](self, *args)
          ^^^^^^^^^^^^^^^^^^^^^^^^^^^^^^^^^^^^
  File "C:\Users\awsch\miniconda3\envs\nsp\Lib\site-packages\rpyc\core\protocol.py", line 853, in _handle_getattr
    return self._access_attr(obj, name, (), "_rpyc_getattr", "allow_getattr", getattr)
           ^^^^^^^^^^^^^^^^^^^^^^^^^^^^^^^^^^^^^^^^^^^^^^^^^^^^^^^^^^^^^^^^^^^^^^^^^^^
  File "C:\Users\awsch\miniconda3\envs\nsp\Lib\site-packages\rpyc\core\protocol.py", line 781, in _access_attr
    return accessor(obj, name, *args)
           ^^^^^^^^^^^^^^^^^^^^^^^^^^
AttributeError: 'list' object has no attribute '__array_wrap__'
2026-05-29 15:45:59.195 [   DEBUG] (         protocol.py: 363) Exception caught
Traceback (most recent call last):
  File "C:\Users\awsch\miniconda3\envs\nsp\Lib\site-packages\rpyc\core\protocol.py", line 356, in _dispatch_request
    res = self._HANDLERS[handler](self, *args)
          ^^^^^^^^^^^^^^^^^^^^^^^^^^^^^^^^^^^^
  File "C:\Users\awsch\miniconda3\envs\nsp\Lib\site-packages\rpyc\core\protocol.py", line 853, in _handle_getattr
    return self._access_attr(obj, name, (), "_rpyc_getattr", "allow_getattr", getattr)
           ^^^^^^^^^^^^^^^^^^^^^^^^^^^^^^^^^^^^^^^^^^^^^^^^^^^^^^^^^^^^^^^^^^^^^^^^^^^
  File "C:\Users\awsch\miniconda3\envs\nsp\Lib\site-packages\rpyc\core\protocol.py", line 781, in _access_attr
    return accessor(obj, name, *args)
           ^^^^^^^^^^^^^^^^^^^^^^^^^^
AttributeError: 'list' object has no attribute '__array_wrap__'
2026-05-29 15:45:59.196 [   DEBUG] (         protocol.py: 363) Exception caught
Traceback (most recent call last):
  File "C:\Users\awsch\miniconda3\envs\nsp\Lib\site-packages\rpyc\core\protocol.py", line 356, in _dispatch_request
    res = self._HANDLERS[handler](self, *args)
          ^^^^^^^^^^^^^^^^^^^^^^^^^^^^^^^^^^^^
  File "C:\Users\awsch\miniconda3\envs\nsp\Lib\site-packages\rpyc\core\protocol.py", line 853, in _handle_getattr
    return self._access_attr(obj, name, (), "_rpyc_getattr", "allow_getattr", getattr)
           ^^^^^^^^^^^^^^^^^^^^^^^^^^^^^^^^^^^^^^^^^^^^^^^^^^^^^^^^^^^^^^^^^^^^^^^^^^^
  File "C:\Users\awsch\miniconda3\envs\nsp\Lib\site-packages\rpyc\core\protocol.py", line 781, in _access_attr
    return accessor(obj, name, *args)
           ^^^^^^^^^^^^^^^^^^^^^^^^^^
AttributeError: 'list' object has no attribute 'sum'
2026-05-29 15:45:59.197 [   DEBUG] (         protocol.py: 363) Exception caught
Traceback (most recent call last):
  File "C:\Users\awsch\miniconda3\envs\nsp\Lib\site-packages\rpyc\core\protocol.py", line 356, in _dispatch_request
    res = self._HANDLERS[handler](self, *args)
          ^^^^^^^^^^^^^^^^^^^^^^^^^^^^^^^^^^^^
  File "C:\Users\awsch\miniconda3\envs\nsp\Lib\site-packages\rpyc\core\protocol.py", line 853, in _handle_getattr
    return self._access_attr(obj, name, (), "_rpyc_getattr", "allow_getattr", getattr)
           ^^^^^^^^^^^^^^^^^^^^^^^^^^^^^^^^^^^^^^^^^^^^^^^^^^^^^^^^^^^^^^^^^^^^^^^^^^^
  File "C:\Users\awsch\miniconda3\envs\nsp\Lib\site-packages\rpyc\core\protocol.py", line 781, in _access_attr
    return accessor(obj, name, *args)
           ^^^^^^^^^^^^^^^^^^^^^^^^^^
AttributeError: 'list' object has no attribute 'sum'
2026-05-29 15:45:59.198 [   DEBUG] (         protocol.py: 363) Exception caught
Traceback (most recent call last):
  File "C:\Users\awsch\miniconda3\envs\nsp\Lib\site-packages\rpyc\core\protocol.py", line 356, in _dispatch_request
    res = self._HANDLERS[handler](self, *args)
          ^^^^^^^^^^^^^^^^^^^^^^^^^^^^^^^^^^^^
  File "C:\Users\awsch\miniconda3\envs\nsp\Lib\site-packages\rpyc\core\protocol.py", line 853, in _handle_getattr
    return self._access_attr(obj, name, (), "_rpyc_getattr", "allow_getattr", getattr)
           ^^^^^^^^^^^^^^^^^^^^^^^^^^^^^^^^^^^^^^^^^^^^^^^^^^^^^^^^^^^^^^^^^^^^^^^^^^^
  File "C:\Users\awsch\miniconda3\envs\nsp\Lib\site-packages\rpyc\core\protocol.py", line 781, in _access_attr
    return accessor(obj, name, *args)
           ^^^^^^^^^^^^^^^^^^^^^^^^^^
AttributeError: 'list' object has no attribute '__array__'
2026-05-29 15:45:59.216 [   DEBUG] (         protocol.py: 363) Exception caught
Traceback (most recent call last):
  File "C:\Users\awsch\miniconda3\envs\nsp\Lib\site-packages\rpyc\core\protocol.py", line 356, in _dispatch_request
    res = self._HANDLERS[handler](self, *args)
          ^^^^^^^^^^^^^^^^^^^^^^^^^^^^^^^^^^^^
  File "C:\Users\awsch\miniconda3\envs\nsp\Lib\site-packages\rpyc\core\protocol.py", line 853, in _handle_getattr
    return self._access_attr(obj, name, (), "_rpyc_getattr", "allow_getattr", getattr)
           ^^^^^^^^^^^^^^^^^^^^^^^^^^^^^^^^^^^^^^^^^^^^^^^^^^^^^^^^^^^^^^^^^^^^^^^^^^^
  File "C:\Users\awsch\miniconda3\envs\nsp\Lib\site-packages\rpyc\core\protocol.py", line 781, in _access_attr
    return accessor(obj, name, *args)
           ^^^^^^^^^^^^^^^^^^^^^^^^^^
AttributeError: 'list' object has no attribute '__array_wrap__'
2026-05-29 15:45:59.218 [   DEBUG] (         protocol.py: 363) Exception caught
Traceback (most recent call last):
  File "C:\Users\awsch\miniconda3\envs\nsp\Lib\site-packages\rpyc\core\protocol.py", line 356, in _dispatch_request
    res = self._HANDLERS[handler](self, *args)
          ^^^^^^^^^^^^^^^^^^^^^^^^^^^^^^^^^^^^
  File "C:\Users\awsch\miniconda3\envs\nsp\Lib\site-packages\rpyc\core\protocol.py", line 853, in _handle_getattr
    return self._access_attr(obj, name, (), "_rpyc_getattr", "allow_getattr", getattr)
           ^^^^^^^^^^^^^^^^^^^^^^^^^^^^^^^^^^^^^^^^^^^^^^^^^^^^^^^^^^^^^^^^^^^^^^^^^^^
  File "C:\Users\awsch\miniconda3\envs\nsp\Lib\site-packages\rpyc\core\protocol.py", line 781, in _access_attr
    return accessor(obj, name, *args)
           ^^^^^^^^^^^^^^^^^^^^^^^^^^
AttributeError: 'list' object has no attribute '__array_wrap__'
2026-05-29 15:45:59.220 [   DEBUG] (        highlevel.py: 186) viWrite(1, b'MEAS:POWER?\r\n', 13, 'c_ulong(13)') -> 0
2026-05-29 15:45:59.220 [   DEBUG] (     messagebased.py: 435) USB0::0x1313::0x8072::1916964::0::INSTR - reading 20480 bytes (last status <StatusCode.success_max_count_read: 1073676294>)
2026-05-29 15:45:59.223 [   DEBUG] (        highlevel.py: 186) viRead(1, <ctypes.c_char_Array_20480 object at 0x000001E05EA89450>, 20480, 'c_ulong(15)') -> 0
2026-05-29 15:45:59.229 [   DEBUG] (        highlevel.py: 186) viWrite(2, b'FREQ 9430000000.00\r\n', 20, 'c_ulong(20)') -> 0
2026-05-29 15:46:00.314 [   DEBUG] (         protocol.py: 363) Exception caught
Traceback (most recent call last):
  File "C:\Users\awsch\miniconda3\envs\nsp\Lib\site-packages\rpyc\core\protocol.py", line 356, in _dispatch_request
    res = self._HANDLERS[handler](self, *args)
          ^^^^^^^^^^^^^^^^^^^^^^^^^^^^^^^^^^^^
  File "C:\Users\awsch\miniconda3\envs\nsp\Lib\site-packages\rpyc\core\protocol.py", line 853, in _handle_getattr
    return self._access_attr(obj, name, (), "_rpyc_getattr", "allow_getattr", getattr)
           ^^^^^^^^^^^^^^^^^^^^^^^^^^^^^^^^^^^^^^^^^^^^^^^^^^^^^^^^^^^^^^^^^^^^^^^^^^^
  File "C:\Users\awsch\miniconda3\envs\nsp\Lib\site-packages\rpyc\core\protocol.py", line 781, in _access_attr
    return accessor(obj, name, *args)
           ^^^^^^^^^^^^^^^^^^^^^^^^^^
AttributeError: 'list' object has no attribute 'sum'
2026-05-29 15:46:00.315 [   DEBUG] (         protocol.py: 363) Exception caught
Traceback (most recent call last):
  File "C:\Users\awsch\miniconda3\envs\nsp\Lib\site-packages\rpyc\core\protocol.py", line 356, in _dispatch_request
    res = self._HANDLERS[handler](self, *args)
          ^^^^^^^^^^^^^^^^^^^^^^^^^^^^^^^^^^^^
  File "C:\Users\awsch\miniconda3\envs\nsp\Lib\site-packages\rpyc\core\protocol.py", line 853, in _handle_getattr
    return self._access_attr(obj, name, (), "_rpyc_getattr", "allow_getattr", getattr)
           ^^^^^^^^^^^^^^^^^^^^^^^^^^^^^^^^^^^^^^^^^^^^^^^^^^^^^^^^^^^^^^^^^^^^^^^^^^^
  File "C:\Users\awsch\miniconda3\envs\nsp\Lib\site-packages\rpyc\core\protocol.py", line 781, in _access_attr
    return accessor(obj, name, *args)
           ^^^^^^^^^^^^^^^^^^^^^^^^^^
AttributeError: 'list' object has no attribute 'sum'
2026-05-29 15:46:00.316 [   DEBUG] (         protocol.py: 363) Exception caught
Traceback (most recent call last):
  File "C:\Users\awsch\miniconda3\envs\nsp\Lib\site-packages\rpyc\core\protocol.py", line 356, in _dispatch_request
    res = self._HANDLERS[handler](self, *args)
          ^^^^^^^^^^^^^^^^^^^^^^^^^^^^^^^^^^^^
  File "C:\Users\awsch\miniconda3\envs\nsp\Lib\site-packages\rpyc\core\protocol.py", line 853, in _handle_getattr
    return self._access_attr(obj, name, (), "_rpyc_getattr", "allow_getattr", getattr)
           ^^^^^^^^^^^^^^^^^^^^^^^^^^^^^^^^^^^^^^^^^^^^^^^^^^^^^^^^^^^^^^^^^^^^^^^^^^^
  File "C:\Users\awsch\miniconda3\envs\nsp\Lib\site-packages\rpyc\core\protocol.py", line 781, in _access_attr
    return accessor(obj, name, *args)
           ^^^^^^^^^^^^^^^^^^^^^^^^^^
AttributeError: 'list' object has no attribute '__array__'
2026-05-29 15:46:00.335 [   DEBUG] (         protocol.py: 363) Exception caught
Traceback (most recent call last):
  File "C:\Users\awsch\miniconda3\envs\nsp\Lib\site-packages\rpyc\core\protocol.py", line 356, in _dispatch_request
    res = self._HANDLERS[handler](self, *args)
          ^^^^^^^^^^^^^^^^^^^^^^^^^^^^^^^^^^^^
  File "C:\Users\awsch\miniconda3\envs\nsp\Lib\site-packages\rpyc\core\protocol.py", line 853, in _handle_getattr
    return self._access_attr(obj, name, (), "_rpyc_getattr", "allow_getattr", getattr)
           ^^^^^^^^^^^^^^^^^^^^^^^^^^^^^^^^^^^^^^^^^^^^^^^^^^^^^^^^^^^^^^^^^^^^^^^^^^^
  File "C:\Users\awsch\miniconda3\envs\nsp\Lib\site-packages\rpyc\core\protocol.py", line 781, in _access_attr
    return accessor(obj, name, *args)
           ^^^^^^^^^^^^^^^^^^^^^^^^^^
AttributeError: 'list' object has no attribute '__array_wrap__'
2026-05-29 15:46:00.336 [   DEBUG] (         protocol.py: 363) Exception caught
Traceback (most recent call last):
  File "C:\Users\awsch\miniconda3\envs\nsp\Lib\site-packages\rpyc\core\protocol.py", line 356, in _dispatch_request
    res = self._HANDLERS[handler](self, *args)
          ^^^^^^^^^^^^^^^^^^^^^^^^^^^^^^^^^^^^
  File "C:\Users\awsch\miniconda3\envs\nsp\Lib\site-packages\rpyc\core\protocol.py", line 853, in _handle_getattr
    return self._access_attr(obj, name, (), "_rpyc_getattr", "allow_getattr", getattr)
           ^^^^^^^^^^^^^^^^^^^^^^^^^^^^^^^^^^^^^^^^^^^^^^^^^^^^^^^^^^^^^^^^^^^^^^^^^^^
  File "C:\Users\awsch\miniconda3\envs\nsp\Lib\site-packages\rpyc\core\protocol.py", line 781, in _access_attr
    return accessor(obj, name, *args)
           ^^^^^^^^^^^^^^^^^^^^^^^^^^
AttributeError: 'list' object has no attribute '__array_wrap__'
2026-05-29 15:46:00.337 [   DEBUG] (         protocol.py: 363) Exception caught
Traceback (most recent call last):
  File "C:\Users\awsch\miniconda3\envs\nsp\Lib\site-packages\rpyc\core\protocol.py", line 356, in _dispatch_request
    res = self._HANDLERS[handler](self, *args)
          ^^^^^^^^^^^^^^^^^^^^^^^^^^^^^^^^^^^^
  File "C:\Users\awsch\miniconda3\envs\nsp\Lib\site-packages\rpyc\core\protocol.py", line 853, in _handle_getattr
    return self._access_attr(obj, name, (), "_rpyc_getattr", "allow_getattr", getattr)
           ^^^^^^^^^^^^^^^^^^^^^^^^^^^^^^^^^^^^^^^^^^^^^^^^^^^^^^^^^^^^^^^^^^^^^^^^^^^
  File "C:\Users\awsch\miniconda3\envs\nsp\Lib\site-packages\rpyc\core\protocol.py", line 781, in _access_attr
    return accessor(obj, name, *args)
           ^^^^^^^^^^^^^^^^^^^^^^^^^^
AttributeError: 'list' object has no attribute 'sum'
2026-05-29 15:46:00.338 [   DEBUG] (         protocol.py: 363) Exception caught
Traceback (most recent call last):
  File "C:\Users\awsch\miniconda3\envs\nsp\Lib\site-packages\rpyc\core\protocol.py", line 356, in _dispatch_request
    res = self._HANDLERS[handler](self, *args)
          ^^^^^^^^^^^^^^^^^^^^^^^^^^^^^^^^^^^^
  File "C:\Users\awsch\miniconda3\envs\nsp\Lib\site-packages\rpyc\core\protocol.py", line 853, in _handle_getattr
    return self._access_attr(obj, name, (), "_rpyc_getattr", "allow_getattr", getattr)
           ^^^^^^^^^^^^^^^^^^^^^^^^^^^^^^^^^^^^^^^^^^^^^^^^^^^^^^^^^^^^^^^^^^^^^^^^^^^
  File "C:\Users\awsch\miniconda3\envs\nsp\Lib\site-packages\rpyc\core\protocol.py", line 781, in _access_attr
    return accessor(obj, name, *args)
           ^^^^^^^^^^^^^^^^^^^^^^^^^^
AttributeError: 'list' object has no attribute 'sum'
2026-05-29 15:46:00.339 [   DEBUG] (         protocol.py: 363) Exception caught
Traceback (most recent call last):
  File "C:\Users\awsch\miniconda3\envs\nsp\Lib\site-packages\rpyc\core\protocol.py", line 356, in _dispatch_request
    res = self._HANDLERS[handler](self, *args)
          ^^^^^^^^^^^^^^^^^^^^^^^^^^^^^^^^^^^^
  File "C:\Users\awsch\miniconda3\envs\nsp\Lib\site-packages\rpyc\core\protocol.py", line 853, in _handle_getattr
    return self._access_attr(obj, name, (), "_rpyc_getattr", "allow_getattr", getattr)
           ^^^^^^^^^^^^^^^^^^^^^^^^^^^^^^^^^^^^^^^^^^^^^^^^^^^^^^^^^^^^^^^^^^^^^^^^^^^
  File "C:\Users\awsch\miniconda3\envs\nsp\Lib\site-packages\rpyc\core\protocol.py", line 781, in _access_attr
    return accessor(obj, name, *args)
           ^^^^^^^^^^^^^^^^^^^^^^^^^^
AttributeError: 'list' object has no attribute '__array__'
2026-05-29 15:46:00.357 [   DEBUG] (         protocol.py: 363) Exception caught
Traceback (most recent call last):
  File "C:\Users\awsch\miniconda3\envs\nsp\Lib\site-packages\rpyc\core\protocol.py", line 356, in _dispatch_request
    res = self._HANDLERS[handler](self, *args)
          ^^^^^^^^^^^^^^^^^^^^^^^^^^^^^^^^^^^^
  File "C:\Users\awsch\miniconda3\envs\nsp\Lib\site-packages\rpyc\core\protocol.py", line 853, in _handle_getattr
    return self._access_attr(obj, name, (), "_rpyc_getattr", "allow_getattr", getattr)
           ^^^^^^^^^^^^^^^^^^^^^^^^^^^^^^^^^^^^^^^^^^^^^^^^^^^^^^^^^^^^^^^^^^^^^^^^^^^
  File "C:\Users\awsch\miniconda3\envs\nsp\Lib\site-packages\rpyc\core\protocol.py", line 781, in _access_attr
    return accessor(obj, name, *args)
           ^^^^^^^^^^^^^^^^^^^^^^^^^^
AttributeError: 'list' object has no attribute '__array_wrap__'
2026-05-29 15:46:00.358 [   DEBUG] (         protocol.py: 363) Exception caught
Traceback (most recent call last):
  File "C:\Users\awsch\miniconda3\envs\nsp\Lib\site-packages\rpyc\core\protocol.py", line 356, in _dispatch_request
    res = self._HANDLERS[handler](self, *args)
          ^^^^^^^^^^^^^^^^^^^^^^^^^^^^^^^^^^^^
  File "C:\Users\awsch\miniconda3\envs\nsp\Lib\site-packages\rpyc\core\protocol.py", line 853, in _handle_getattr
    return self._access_attr(obj, name, (), "_rpyc_getattr", "allow_getattr", getattr)
           ^^^^^^^^^^^^^^^^^^^^^^^^^^^^^^^^^^^^^^^^^^^^^^^^^^^^^^^^^^^^^^^^^^^^^^^^^^^
  File "C:\Users\awsch\miniconda3\envs\nsp\Lib\site-packages\rpyc\core\protocol.py", line 781, in _access_attr
    return accessor(obj, name, *args)
           ^^^^^^^^^^^^^^^^^^^^^^^^^^
AttributeError: 'list' object has no attribute '__array_wrap__'
2026-05-29 15:46:00.360 [   DEBUG] (        highlevel.py: 186) viWrite(1, b'MEAS:POWER?\r\n', 13, 'c_ulong(13)') -> 0
2026-05-29 15:46:00.360 [   DEBUG] (     messagebased.py: 435) USB0::0x1313::0x8072::1916964::0::INSTR - reading 20480 bytes (last status <StatusCode.success_max_count_read: 1073676294>)
2026-05-29 15:46:00.363 [   DEBUG] (        highlevel.py: 186) viRead(1, <ctypes.c_char_Array_20480 object at 0x000001E05EA8A850>, 20480, 'c_ulong(15)') -> 0
2026-05-29 15:46:00.368 [   DEBUG] (        highlevel.py: 186) viWrite(2, b'FREQ 9440000000.00\r\n', 20, 'c_ulong(20)') -> 0
2026-05-29 15:46:01.444 [   DEBUG] (         protocol.py: 363) Exception caught
Traceback (most recent call last):
  File "C:\Users\awsch\miniconda3\envs\nsp\Lib\site-packages\rpyc\core\protocol.py", line 356, in _dispatch_request
    res = self._HANDLERS[handler](self, *args)
          ^^^^^^^^^^^^^^^^^^^^^^^^^^^^^^^^^^^^
  File "C:\Users\awsch\miniconda3\envs\nsp\Lib\site-packages\rpyc\core\protocol.py", line 853, in _handle_getattr
    return self._access_attr(obj, name, (), "_rpyc_getattr", "allow_getattr", getattr)
           ^^^^^^^^^^^^^^^^^^^^^^^^^^^^^^^^^^^^^^^^^^^^^^^^^^^^^^^^^^^^^^^^^^^^^^^^^^^
  File "C:\Users\awsch\miniconda3\envs\nsp\Lib\site-packages\rpyc\core\protocol.py", line 781, in _access_attr
    return accessor(obj, name, *args)
           ^^^^^^^^^^^^^^^^^^^^^^^^^^
AttributeError: 'list' object has no attribute 'sum'
2026-05-29 15:46:01.445 [   DEBUG] (         protocol.py: 363) Exception caught
Traceback (most recent call last):
  File "C:\Users\awsch\miniconda3\envs\nsp\Lib\site-packages\rpyc\core\protocol.py", line 356, in _dispatch_request
    res = self._HANDLERS[handler](self, *args)
          ^^^^^^^^^^^^^^^^^^^^^^^^^^^^^^^^^^^^
  File "C:\Users\awsch\miniconda3\envs\nsp\Lib\site-packages\rpyc\core\protocol.py", line 853, in _handle_getattr
    return self._access_attr(obj, name, (), "_rpyc_getattr", "allow_getattr", getattr)
           ^^^^^^^^^^^^^^^^^^^^^^^^^^^^^^^^^^^^^^^^^^^^^^^^^^^^^^^^^^^^^^^^^^^^^^^^^^^
  File "C:\Users\awsch\miniconda3\envs\nsp\Lib\site-packages\rpyc\core\protocol.py", line 781, in _access_attr
    return accessor(obj, name, *args)
           ^^^^^^^^^^^^^^^^^^^^^^^^^^
AttributeError: 'list' object has no attribute 'sum'
2026-05-29 15:46:01.446 [   DEBUG] (         protocol.py: 363) Exception caught
Traceback (most recent call last):
  File "C:\Users\awsch\miniconda3\envs\nsp\Lib\site-packages\rpyc\core\protocol.py", line 356, in _dispatch_request
    res = self._HANDLERS[handler](self, *args)
          ^^^^^^^^^^^^^^^^^^^^^^^^^^^^^^^^^^^^
  File "C:\Users\awsch\miniconda3\envs\nsp\Lib\site-packages\rpyc\core\protocol.py", line 853, in _handle_getattr
    return self._access_attr(obj, name, (), "_rpyc_getattr", "allow_getattr", getattr)
           ^^^^^^^^^^^^^^^^^^^^^^^^^^^^^^^^^^^^^^^^^^^^^^^^^^^^^^^^^^^^^^^^^^^^^^^^^^^
  File "C:\Users\awsch\miniconda3\envs\nsp\Lib\site-packages\rpyc\core\protocol.py", line 781, in _access_attr
    return accessor(obj, name, *args)
           ^^^^^^^^^^^^^^^^^^^^^^^^^^
AttributeError: 'list' object has no attribute '__array__'
2026-05-29 15:46:01.463 [   DEBUG] (         protocol.py: 363) Exception caught
Traceback (most recent call last):
  File "C:\Users\awsch\miniconda3\envs\nsp\Lib\site-packages\rpyc\core\protocol.py", line 356, in _dispatch_request
    res = self._HANDLERS[handler](self, *args)
          ^^^^^^^^^^^^^^^^^^^^^^^^^^^^^^^^^^^^
  File "C:\Users\awsch\miniconda3\envs\nsp\Lib\site-packages\rpyc\core\protocol.py", line 853, in _handle_getattr
    return self._access_attr(obj, name, (), "_rpyc_getattr", "allow_getattr", getattr)
           ^^^^^^^^^^^^^^^^^^^^^^^^^^^^^^^^^^^^^^^^^^^^^^^^^^^^^^^^^^^^^^^^^^^^^^^^^^^
  File "C:\Users\awsch\miniconda3\envs\nsp\Lib\site-packages\rpyc\core\protocol.py", line 781, in _access_attr
    return accessor(obj, name, *args)
           ^^^^^^^^^^^^^^^^^^^^^^^^^^
AttributeError: 'list' object has no attribute '__array_wrap__'
2026-05-29 15:46:01.464 [   DEBUG] (         protocol.py: 363) Exception caught
Traceback (most recent call last):
  File "C:\Users\awsch\miniconda3\envs\nsp\Lib\site-packages\rpyc\core\protocol.py", line 356, in _dispatch_request
    res = self._HANDLERS[handler](self, *args)
          ^^^^^^^^^^^^^^^^^^^^^^^^^^^^^^^^^^^^
  File "C:\Users\awsch\miniconda3\envs\nsp\Lib\site-packages\rpyc\core\protocol.py", line 853, in _handle_getattr
    return self._access_attr(obj, name, (), "_rpyc_getattr", "allow_getattr", getattr)
           ^^^^^^^^^^^^^^^^^^^^^^^^^^^^^^^^^^^^^^^^^^^^^^^^^^^^^^^^^^^^^^^^^^^^^^^^^^^
  File "C:\Users\awsch\miniconda3\envs\nsp\Lib\site-packages\rpyc\core\protocol.py", line 781, in _access_attr
    return accessor(obj, name, *args)
           ^^^^^^^^^^^^^^^^^^^^^^^^^^
AttributeError: 'list' object has no attribute '__array_wrap__'
2026-05-29 15:46:01.465 [   DEBUG] (         protocol.py: 363) Exception caught
Traceback (most recent call last):
  File "C:\Users\awsch\miniconda3\envs\nsp\Lib\site-packages\rpyc\core\protocol.py", line 356, in _dispatch_request
    res = self._HANDLERS[handler](self, *args)
          ^^^^^^^^^^^^^^^^^^^^^^^^^^^^^^^^^^^^
  File "C:\Users\awsch\miniconda3\envs\nsp\Lib\site-packages\rpyc\core\protocol.py", line 853, in _handle_getattr
    return self._access_attr(obj, name, (), "_rpyc_getattr", "allow_getattr", getattr)
           ^^^^^^^^^^^^^^^^^^^^^^^^^^^^^^^^^^^^^^^^^^^^^^^^^^^^^^^^^^^^^^^^^^^^^^^^^^^
  File "C:\Users\awsch\miniconda3\envs\nsp\Lib\site-packages\rpyc\core\protocol.py", line 781, in _access_attr
    return accessor(obj, name, *args)
           ^^^^^^^^^^^^^^^^^^^^^^^^^^
AttributeError: 'list' object has no attribute 'sum'
2026-05-29 15:46:01.466 [   DEBUG] (         protocol.py: 363) Exception caught
Traceback (most recent call last):
  File "C:\Users\awsch\miniconda3\envs\nsp\Lib\site-packages\rpyc\core\protocol.py", line 356, in _dispatch_request
    res = self._HANDLERS[handler](self, *args)
          ^^^^^^^^^^^^^^^^^^^^^^^^^^^^^^^^^^^^
  File "C:\Users\awsch\miniconda3\envs\nsp\Lib\site-packages\rpyc\core\protocol.py", line 853, in _handle_getattr
    return self._access_attr(obj, name, (), "_rpyc_getattr", "allow_getattr", getattr)
           ^^^^^^^^^^^^^^^^^^^^^^^^^^^^^^^^^^^^^^^^^^^^^^^^^^^^^^^^^^^^^^^^^^^^^^^^^^^
  File "C:\Users\awsch\miniconda3\envs\nsp\Lib\site-packages\rpyc\core\protocol.py", line 781, in _access_attr
    return accessor(obj, name, *args)
           ^^^^^^^^^^^^^^^^^^^^^^^^^^
AttributeError: 'list' object has no attribute 'sum'
2026-05-29 15:46:01.467 [   DEBUG] (         protocol.py: 363) Exception caught
Traceback (most recent call last):
  File "C:\Users\awsch\miniconda3\envs\nsp\Lib\site-packages\rpyc\core\protocol.py", line 356, in _dispatch_request
    res = self._HANDLERS[handler](self, *args)
          ^^^^^^^^^^^^^^^^^^^^^^^^^^^^^^^^^^^^
  File "C:\Users\awsch\miniconda3\envs\nsp\Lib\site-packages\rpyc\core\protocol.py", line 853, in _handle_getattr
    return self._access_attr(obj, name, (), "_rpyc_getattr", "allow_getattr", getattr)
           ^^^^^^^^^^^^^^^^^^^^^^^^^^^^^^^^^^^^^^^^^^^^^^^^^^^^^^^^^^^^^^^^^^^^^^^^^^^
  File "C:\Users\awsch\miniconda3\envs\nsp\Lib\site-packages\rpyc\core\protocol.py", line 781, in _access_attr
    return accessor(obj, name, *args)
           ^^^^^^^^^^^^^^^^^^^^^^^^^^
AttributeError: 'list' object has no attribute '__array__'
2026-05-29 15:46:01.486 [   DEBUG] (         protocol.py: 363) Exception caught
Traceback (most recent call last):
  File "C:\Users\awsch\miniconda3\envs\nsp\Lib\site-packages\rpyc\core\protocol.py", line 356, in _dispatch_request
    res = self._HANDLERS[handler](self, *args)
          ^^^^^^^^^^^^^^^^^^^^^^^^^^^^^^^^^^^^
  File "C:\Users\awsch\miniconda3\envs\nsp\Lib\site-packages\rpyc\core\protocol.py", line 853, in _handle_getattr
    return self._access_attr(obj, name, (), "_rpyc_getattr", "allow_getattr", getattr)
           ^^^^^^^^^^^^^^^^^^^^^^^^^^^^^^^^^^^^^^^^^^^^^^^^^^^^^^^^^^^^^^^^^^^^^^^^^^^
  File "C:\Users\awsch\miniconda3\envs\nsp\Lib\site-packages\rpyc\core\protocol.py", line 781, in _access_attr
    return accessor(obj, name, *args)
           ^^^^^^^^^^^^^^^^^^^^^^^^^^
AttributeError: 'list' object has no attribute '__array_wrap__'
2026-05-29 15:46:01.487 [   DEBUG] (         protocol.py: 363) Exception caught
Traceback (most recent call last):
  File "C:\Users\awsch\miniconda3\envs\nsp\Lib\site-packages\rpyc\core\protocol.py", line 356, in _dispatch_request
    res = self._HANDLERS[handler](self, *args)
          ^^^^^^^^^^^^^^^^^^^^^^^^^^^^^^^^^^^^
  File "C:\Users\awsch\miniconda3\envs\nsp\Lib\site-packages\rpyc\core\protocol.py", line 853, in _handle_getattr
    return self._access_attr(obj, name, (), "_rpyc_getattr", "allow_getattr", getattr)
           ^^^^^^^^^^^^^^^^^^^^^^^^^^^^^^^^^^^^^^^^^^^^^^^^^^^^^^^^^^^^^^^^^^^^^^^^^^^
  File "C:\Users\awsch\miniconda3\envs\nsp\Lib\site-packages\rpyc\core\protocol.py", line 781, in _access_attr
    return accessor(obj, name, *args)
           ^^^^^^^^^^^^^^^^^^^^^^^^^^
AttributeError: 'list' object has no attribute '__array_wrap__'
2026-05-29 15:46:01.489 [   DEBUG] (        highlevel.py: 186) viWrite(1, b'MEAS:POWER?\r\n', 13, 'c_ulong(13)') -> 0
2026-05-29 15:46:01.490 [   DEBUG] (     messagebased.py: 435) USB0::0x1313::0x8072::1916964::0::INSTR - reading 20480 bytes (last status <StatusCode.success_max_count_read: 1073676294>)
2026-05-29 15:46:01.492 [   DEBUG] (        highlevel.py: 186) viRead(1, <ctypes.c_char_Array_20480 object at 0x000001E05EA88150>, 20480, 'c_ulong(15)') -> 0
2026-05-29 15:46:01.499 [   DEBUG] (        highlevel.py: 186) viWrite(2, b'FREQ 9450000000.00\r\n', 20, 'c_ulong(20)') -> 0
2026-05-29 15:46:02.578 [   DEBUG] (         protocol.py: 363) Exception caught
Traceback (most recent call last):
  File "C:\Users\awsch\miniconda3\envs\nsp\Lib\site-packages\rpyc\core\protocol.py", line 356, in _dispatch_request
    res = self._HANDLERS[handler](self, *args)
          ^^^^^^^^^^^^^^^^^^^^^^^^^^^^^^^^^^^^
  File "C:\Users\awsch\miniconda3\envs\nsp\Lib\site-packages\rpyc\core\protocol.py", line 853, in _handle_getattr
    return self._access_attr(obj, name, (), "_rpyc_getattr", "allow_getattr", getattr)
           ^^^^^^^^^^^^^^^^^^^^^^^^^^^^^^^^^^^^^^^^^^^^^^^^^^^^^^^^^^^^^^^^^^^^^^^^^^^
  File "C:\Users\awsch\miniconda3\envs\nsp\Lib\site-packages\rpyc\core\protocol.py", line 781, in _access_attr
    return accessor(obj, name, *args)
           ^^^^^^^^^^^^^^^^^^^^^^^^^^
AttributeError: 'list' object has no attribute 'sum'
2026-05-29 15:46:02.579 [   DEBUG] (         protocol.py: 363) Exception caught
Traceback (most recent call last):
  File "C:\Users\awsch\miniconda3\envs\nsp\Lib\site-packages\rpyc\core\protocol.py", line 356, in _dispatch_request
    res = self._HANDLERS[handler](self, *args)
          ^^^^^^^^^^^^^^^^^^^^^^^^^^^^^^^^^^^^
  File "C:\Users\awsch\miniconda3\envs\nsp\Lib\site-packages\rpyc\core\protocol.py", line 853, in _handle_getattr
    return self._access_attr(obj, name, (), "_rpyc_getattr", "allow_getattr", getattr)
           ^^^^^^^^^^^^^^^^^^^^^^^^^^^^^^^^^^^^^^^^^^^^^^^^^^^^^^^^^^^^^^^^^^^^^^^^^^^
  File "C:\Users\awsch\miniconda3\envs\nsp\Lib\site-packages\rpyc\core\protocol.py", line 781, in _access_attr
    return accessor(obj, name, *args)
           ^^^^^^^^^^^^^^^^^^^^^^^^^^
AttributeError: 'list' object has no attribute 'sum'
2026-05-29 15:46:02.580 [   DEBUG] (         protocol.py: 363) Exception caught
Traceback (most recent call last):
  File "C:\Users\awsch\miniconda3\envs\nsp\Lib\site-packages\rpyc\core\protocol.py", line 356, in _dispatch_request
    res = self._HANDLERS[handler](self, *args)
          ^^^^^^^^^^^^^^^^^^^^^^^^^^^^^^^^^^^^
  File "C:\Users\awsch\miniconda3\envs\nsp\Lib\site-packages\rpyc\core\protocol.py", line 853, in _handle_getattr
    return self._access_attr(obj, name, (), "_rpyc_getattr", "allow_getattr", getattr)
           ^^^^^^^^^^^^^^^^^^^^^^^^^^^^^^^^^^^^^^^^^^^^^^^^^^^^^^^^^^^^^^^^^^^^^^^^^^^
  File "C:\Users\awsch\miniconda3\envs\nsp\Lib\site-packages\rpyc\core\protocol.py", line 781, in _access_attr
    return accessor(obj, name, *args)
           ^^^^^^^^^^^^^^^^^^^^^^^^^^
AttributeError: 'list' object has no attribute '__array__'
2026-05-29 15:46:02.597 [   DEBUG] (         protocol.py: 363) Exception caught
Traceback (most recent call last):
  File "C:\Users\awsch\miniconda3\envs\nsp\Lib\site-packages\rpyc\core\protocol.py", line 356, in _dispatch_request
    res = self._HANDLERS[handler](self, *args)
          ^^^^^^^^^^^^^^^^^^^^^^^^^^^^^^^^^^^^
  File "C:\Users\awsch\miniconda3\envs\nsp\Lib\site-packages\rpyc\core\protocol.py", line 853, in _handle_getattr
    return self._access_attr(obj, name, (), "_rpyc_getattr", "allow_getattr", getattr)
           ^^^^^^^^^^^^^^^^^^^^^^^^^^^^^^^^^^^^^^^^^^^^^^^^^^^^^^^^^^^^^^^^^^^^^^^^^^^
  File "C:\Users\awsch\miniconda3\envs\nsp\Lib\site-packages\rpyc\core\protocol.py", line 781, in _access_attr
    return accessor(obj, name, *args)
           ^^^^^^^^^^^^^^^^^^^^^^^^^^
AttributeError: 'list' object has no attribute '__array_wrap__'
2026-05-29 15:46:02.599 [   DEBUG] (         protocol.py: 363) Exception caught
Traceback (most recent call last):
  File "C:\Users\awsch\miniconda3\envs\nsp\Lib\site-packages\rpyc\core\protocol.py", line 356, in _dispatch_request
    res = self._HANDLERS[handler](self, *args)
          ^^^^^^^^^^^^^^^^^^^^^^^^^^^^^^^^^^^^
  File "C:\Users\awsch\miniconda3\envs\nsp\Lib\site-packages\rpyc\core\protocol.py", line 853, in _handle_getattr
    return self._access_attr(obj, name, (), "_rpyc_getattr", "allow_getattr", getattr)
           ^^^^^^^^^^^^^^^^^^^^^^^^^^^^^^^^^^^^^^^^^^^^^^^^^^^^^^^^^^^^^^^^^^^^^^^^^^^
  File "C:\Users\awsch\miniconda3\envs\nsp\Lib\site-packages\rpyc\core\protocol.py", line 781, in _access_attr
    return accessor(obj, name, *args)
           ^^^^^^^^^^^^^^^^^^^^^^^^^^
AttributeError: 'list' object has no attribute '__array_wrap__'
2026-05-29 15:46:02.600 [   DEBUG] (         protocol.py: 363) Exception caught
Traceback (most recent call last):
  File "C:\Users\awsch\miniconda3\envs\nsp\Lib\site-packages\rpyc\core\protocol.py", line 356, in _dispatch_request
    res = self._HANDLERS[handler](self, *args)
          ^^^^^^^^^^^^^^^^^^^^^^^^^^^^^^^^^^^^
  File "C:\Users\awsch\miniconda3\envs\nsp\Lib\site-packages\rpyc\core\protocol.py", line 853, in _handle_getattr
    return self._access_attr(obj, name, (), "_rpyc_getattr", "allow_getattr", getattr)
           ^^^^^^^^^^^^^^^^^^^^^^^^^^^^^^^^^^^^^^^^^^^^^^^^^^^^^^^^^^^^^^^^^^^^^^^^^^^
  File "C:\Users\awsch\miniconda3\envs\nsp\Lib\site-packages\rpyc\core\protocol.py", line 781, in _access_attr
    return accessor(obj, name, *args)
           ^^^^^^^^^^^^^^^^^^^^^^^^^^
AttributeError: 'list' object has no attribute 'sum'
2026-05-29 15:46:02.601 [   DEBUG] (         protocol.py: 363) Exception caught
Traceback (most recent call last):
  File "C:\Users\awsch\miniconda3\envs\nsp\Lib\site-packages\rpyc\core\protocol.py", line 356, in _dispatch_request
    res = self._HANDLERS[handler](self, *args)
          ^^^^^^^^^^^^^^^^^^^^^^^^^^^^^^^^^^^^
  File "C:\Users\awsch\miniconda3\envs\nsp\Lib\site-packages\rpyc\core\protocol.py", line 853, in _handle_getattr
    return self._access_attr(obj, name, (), "_rpyc_getattr", "allow_getattr", getattr)
           ^^^^^^^^^^^^^^^^^^^^^^^^^^^^^^^^^^^^^^^^^^^^^^^^^^^^^^^^^^^^^^^^^^^^^^^^^^^
  File "C:\Users\awsch\miniconda3\envs\nsp\Lib\site-packages\rpyc\core\protocol.py", line 781, in _access_attr
    return accessor(obj, name, *args)
           ^^^^^^^^^^^^^^^^^^^^^^^^^^
AttributeError: 'list' object has no attribute 'sum'
2026-05-29 15:46:02.602 [   DEBUG] (         protocol.py: 363) Exception caught
Traceback (most recent call last):
  File "C:\Users\awsch\miniconda3\envs\nsp\Lib\site-packages\rpyc\core\protocol.py", line 356, in _dispatch_request
    res = self._HANDLERS[handler](self, *args)
          ^^^^^^^^^^^^^^^^^^^^^^^^^^^^^^^^^^^^
  File "C:\Users\awsch\miniconda3\envs\nsp\Lib\site-packages\rpyc\core\protocol.py", line 853, in _handle_getattr
    return self._access_attr(obj, name, (), "_rpyc_getattr", "allow_getattr", getattr)
           ^^^^^^^^^^^^^^^^^^^^^^^^^^^^^^^^^^^^^^^^^^^^^^^^^^^^^^^^^^^^^^^^^^^^^^^^^^^
  File "C:\Users\awsch\miniconda3\envs\nsp\Lib\site-packages\rpyc\core\protocol.py", line 781, in _access_attr
    return accessor(obj, name, *args)
           ^^^^^^^^^^^^^^^^^^^^^^^^^^
AttributeError: 'list' object has no attribute '__array__'
2026-05-29 15:46:02.620 [   DEBUG] (         protocol.py: 363) Exception caught
Traceback (most recent call last):
  File "C:\Users\awsch\miniconda3\envs\nsp\Lib\site-packages\rpyc\core\protocol.py", line 356, in _dispatch_request
    res = self._HANDLERS[handler](self, *args)
          ^^^^^^^^^^^^^^^^^^^^^^^^^^^^^^^^^^^^
  File "C:\Users\awsch\miniconda3\envs\nsp\Lib\site-packages\rpyc\core\protocol.py", line 853, in _handle_getattr
    return self._access_attr(obj, name, (), "_rpyc_getattr", "allow_getattr", getattr)
           ^^^^^^^^^^^^^^^^^^^^^^^^^^^^^^^^^^^^^^^^^^^^^^^^^^^^^^^^^^^^^^^^^^^^^^^^^^^
  File "C:\Users\awsch\miniconda3\envs\nsp\Lib\site-packages\rpyc\core\protocol.py", line 781, in _access_attr
    return accessor(obj, name, *args)
           ^^^^^^^^^^^^^^^^^^^^^^^^^^
AttributeError: 'list' object has no attribute '__array_wrap__'
2026-05-29 15:46:02.621 [   DEBUG] (         protocol.py: 363) Exception caught
Traceback (most recent call last):
  File "C:\Users\awsch\miniconda3\envs\nsp\Lib\site-packages\rpyc\core\protocol.py", line 356, in _dispatch_request
    res = self._HANDLERS[handler](self, *args)
          ^^^^^^^^^^^^^^^^^^^^^^^^^^^^^^^^^^^^
  File "C:\Users\awsch\miniconda3\envs\nsp\Lib\site-packages\rpyc\core\protocol.py", line 853, in _handle_getattr
    return self._access_attr(obj, name, (), "_rpyc_getattr", "allow_getattr", getattr)
           ^^^^^^^^^^^^^^^^^^^^^^^^^^^^^^^^^^^^^^^^^^^^^^^^^^^^^^^^^^^^^^^^^^^^^^^^^^^
  File "C:\Users\awsch\miniconda3\envs\nsp\Lib\site-packages\rpyc\core\protocol.py", line 781, in _access_attr
    return accessor(obj, name, *args)
           ^^^^^^^^^^^^^^^^^^^^^^^^^^
AttributeError: 'list' object has no attribute '__array_wrap__'
2026-05-29 15:46:02.623 [   DEBUG] (        highlevel.py: 186) viWrite(1, b'MEAS:POWER?\r\n', 13, 'c_ulong(13)') -> 0
2026-05-29 15:46:02.623 [   DEBUG] (     messagebased.py: 435) USB0::0x1313::0x8072::1916964::0::INSTR - reading 20480 bytes (last status <StatusCode.success_max_count_read: 1073676294>)
2026-05-29 15:46:02.625 [   DEBUG] (        highlevel.py: 186) viRead(1, <ctypes.c_char_Array_20480 object at 0x000001E05EA8A9D0>, 20480, 'c_ulong(15)') -> 0
2026-05-29 15:46:02.632 [   DEBUG] (        highlevel.py: 186) viWrite(2, b'FREQ 9460000000.00\r\n', 20, 'c_ulong(20)') -> 0
2026-05-29 15:46:03.709 [   DEBUG] (         protocol.py: 363) Exception caught
Traceback (most recent call last):
  File "C:\Users\awsch\miniconda3\envs\nsp\Lib\site-packages\rpyc\core\protocol.py", line 356, in _dispatch_request
    res = self._HANDLERS[handler](self, *args)
          ^^^^^^^^^^^^^^^^^^^^^^^^^^^^^^^^^^^^
  File "C:\Users\awsch\miniconda3\envs\nsp\Lib\site-packages\rpyc\core\protocol.py", line 853, in _handle_getattr
    return self._access_attr(obj, name, (), "_rpyc_getattr", "allow_getattr", getattr)
           ^^^^^^^^^^^^^^^^^^^^^^^^^^^^^^^^^^^^^^^^^^^^^^^^^^^^^^^^^^^^^^^^^^^^^^^^^^^
  File "C:\Users\awsch\miniconda3\envs\nsp\Lib\site-packages\rpyc\core\protocol.py", line 781, in _access_attr
    return accessor(obj, name, *args)
           ^^^^^^^^^^^^^^^^^^^^^^^^^^
AttributeError: 'list' object has no attribute 'sum'
2026-05-29 15:46:03.710 [   DEBUG] (         protocol.py: 363) Exception caught
Traceback (most recent call last):
  File "C:\Users\awsch\miniconda3\envs\nsp\Lib\site-packages\rpyc\core\protocol.py", line 356, in _dispatch_request
    res = self._HANDLERS[handler](self, *args)
          ^^^^^^^^^^^^^^^^^^^^^^^^^^^^^^^^^^^^
  File "C:\Users\awsch\miniconda3\envs\nsp\Lib\site-packages\rpyc\core\protocol.py", line 853, in _handle_getattr
    return self._access_attr(obj, name, (), "_rpyc_getattr", "allow_getattr", getattr)
           ^^^^^^^^^^^^^^^^^^^^^^^^^^^^^^^^^^^^^^^^^^^^^^^^^^^^^^^^^^^^^^^^^^^^^^^^^^^
  File "C:\Users\awsch\miniconda3\envs\nsp\Lib\site-packages\rpyc\core\protocol.py", line 781, in _access_attr
    return accessor(obj, name, *args)
           ^^^^^^^^^^^^^^^^^^^^^^^^^^
AttributeError: 'list' object has no attribute 'sum'
2026-05-29 15:46:03.711 [   DEBUG] (         protocol.py: 363) Exception caught
Traceback (most recent call last):
  File "C:\Users\awsch\miniconda3\envs\nsp\Lib\site-packages\rpyc\core\protocol.py", line 356, in _dispatch_request
    res = self._HANDLERS[handler](self, *args)
          ^^^^^^^^^^^^^^^^^^^^^^^^^^^^^^^^^^^^
  File "C:\Users\awsch\miniconda3\envs\nsp\Lib\site-packages\rpyc\core\protocol.py", line 853, in _handle_getattr
    return self._access_attr(obj, name, (), "_rpyc_getattr", "allow_getattr", getattr)
           ^^^^^^^^^^^^^^^^^^^^^^^^^^^^^^^^^^^^^^^^^^^^^^^^^^^^^^^^^^^^^^^^^^^^^^^^^^^
  File "C:\Users\awsch\miniconda3\envs\nsp\Lib\site-packages\rpyc\core\protocol.py", line 781, in _access_attr
    return accessor(obj, name, *args)
           ^^^^^^^^^^^^^^^^^^^^^^^^^^
AttributeError: 'list' object has no attribute '__array__'
2026-05-29 15:46:03.729 [   DEBUG] (         protocol.py: 363) Exception caught
Traceback (most recent call last):
  File "C:\Users\awsch\miniconda3\envs\nsp\Lib\site-packages\rpyc\core\protocol.py", line 356, in _dispatch_request
    res = self._HANDLERS[handler](self, *args)
          ^^^^^^^^^^^^^^^^^^^^^^^^^^^^^^^^^^^^
  File "C:\Users\awsch\miniconda3\envs\nsp\Lib\site-packages\rpyc\core\protocol.py", line 853, in _handle_getattr
    return self._access_attr(obj, name, (), "_rpyc_getattr", "allow_getattr", getattr)
           ^^^^^^^^^^^^^^^^^^^^^^^^^^^^^^^^^^^^^^^^^^^^^^^^^^^^^^^^^^^^^^^^^^^^^^^^^^^
  File "C:\Users\awsch\miniconda3\envs\nsp\Lib\site-packages\rpyc\core\protocol.py", line 781, in _access_attr
    return accessor(obj, name, *args)
           ^^^^^^^^^^^^^^^^^^^^^^^^^^
AttributeError: 'list' object has no attribute '__array_wrap__'
2026-05-29 15:46:03.731 [   DEBUG] (         protocol.py: 363) Exception caught
Traceback (most recent call last):
  File "C:\Users\awsch\miniconda3\envs\nsp\Lib\site-packages\rpyc\core\protocol.py", line 356, in _dispatch_request
    res = self._HANDLERS[handler](self, *args)
          ^^^^^^^^^^^^^^^^^^^^^^^^^^^^^^^^^^^^
  File "C:\Users\awsch\miniconda3\envs\nsp\Lib\site-packages\rpyc\core\protocol.py", line 853, in _handle_getattr
    return self._access_attr(obj, name, (), "_rpyc_getattr", "allow_getattr", getattr)
           ^^^^^^^^^^^^^^^^^^^^^^^^^^^^^^^^^^^^^^^^^^^^^^^^^^^^^^^^^^^^^^^^^^^^^^^^^^^
  File "C:\Users\awsch\miniconda3\envs\nsp\Lib\site-packages\rpyc\core\protocol.py", line 781, in _access_attr
    return accessor(obj, name, *args)
           ^^^^^^^^^^^^^^^^^^^^^^^^^^
AttributeError: 'list' object has no attribute '__array_wrap__'
2026-05-29 15:46:03.732 [   DEBUG] (         protocol.py: 363) Exception caught
Traceback (most recent call last):
  File "C:\Users\awsch\miniconda3\envs\nsp\Lib\site-packages\rpyc\core\protocol.py", line 356, in _dispatch_request
    res = self._HANDLERS[handler](self, *args)
          ^^^^^^^^^^^^^^^^^^^^^^^^^^^^^^^^^^^^
  File "C:\Users\awsch\miniconda3\envs\nsp\Lib\site-packages\rpyc\core\protocol.py", line 853, in _handle_getattr
    return self._access_attr(obj, name, (), "_rpyc_getattr", "allow_getattr", getattr)
           ^^^^^^^^^^^^^^^^^^^^^^^^^^^^^^^^^^^^^^^^^^^^^^^^^^^^^^^^^^^^^^^^^^^^^^^^^^^
  File "C:\Users\awsch\miniconda3\envs\nsp\Lib\site-packages\rpyc\core\protocol.py", line 781, in _access_attr
    return accessor(obj, name, *args)
           ^^^^^^^^^^^^^^^^^^^^^^^^^^
AttributeError: 'list' object has no attribute 'sum'
2026-05-29 15:46:03.732 [   DEBUG] (         protocol.py: 363) Exception caught
Traceback (most recent call last):
  File "C:\Users\awsch\miniconda3\envs\nsp\Lib\site-packages\rpyc\core\protocol.py", line 356, in _dispatch_request
    res = self._HANDLERS[handler](self, *args)
          ^^^^^^^^^^^^^^^^^^^^^^^^^^^^^^^^^^^^
  File "C:\Users\awsch\miniconda3\envs\nsp\Lib\site-packages\rpyc\core\protocol.py", line 853, in _handle_getattr
    return self._access_attr(obj, name, (), "_rpyc_getattr", "allow_getattr", getattr)
           ^^^^^^^^^^^^^^^^^^^^^^^^^^^^^^^^^^^^^^^^^^^^^^^^^^^^^^^^^^^^^^^^^^^^^^^^^^^
  File "C:\Users\awsch\miniconda3\envs\nsp\Lib\site-packages\rpyc\core\protocol.py", line 781, in _access_attr
    return accessor(obj, name, *args)
           ^^^^^^^^^^^^^^^^^^^^^^^^^^
AttributeError: 'list' object has no attribute 'sum'
2026-05-29 15:46:03.733 [   DEBUG] (         protocol.py: 363) Exception caught
Traceback (most recent call last):
  File "C:\Users\awsch\miniconda3\envs\nsp\Lib\site-packages\rpyc\core\protocol.py", line 356, in _dispatch_request
    res = self._HANDLERS[handler](self, *args)
          ^^^^^^^^^^^^^^^^^^^^^^^^^^^^^^^^^^^^
  File "C:\Users\awsch\miniconda3\envs\nsp\Lib\site-packages\rpyc\core\protocol.py", line 853, in _handle_getattr
    return self._access_attr(obj, name, (), "_rpyc_getattr", "allow_getattr", getattr)
           ^^^^^^^^^^^^^^^^^^^^^^^^^^^^^^^^^^^^^^^^^^^^^^^^^^^^^^^^^^^^^^^^^^^^^^^^^^^
  File "C:\Users\awsch\miniconda3\envs\nsp\Lib\site-packages\rpyc\core\protocol.py", line 781, in _access_attr
    return accessor(obj, name, *args)
           ^^^^^^^^^^^^^^^^^^^^^^^^^^
AttributeError: 'list' object has no attribute '__array__'
2026-05-29 15:46:03.751 [   DEBUG] (         protocol.py: 363) Exception caught
Traceback (most recent call last):
  File "C:\Users\awsch\miniconda3\envs\nsp\Lib\site-packages\rpyc\core\protocol.py", line 356, in _dispatch_request
    res = self._HANDLERS[handler](self, *args)
          ^^^^^^^^^^^^^^^^^^^^^^^^^^^^^^^^^^^^
  File "C:\Users\awsch\miniconda3\envs\nsp\Lib\site-packages\rpyc\core\protocol.py", line 853, in _handle_getattr
    return self._access_attr(obj, name, (), "_rpyc_getattr", "allow_getattr", getattr)
           ^^^^^^^^^^^^^^^^^^^^^^^^^^^^^^^^^^^^^^^^^^^^^^^^^^^^^^^^^^^^^^^^^^^^^^^^^^^
  File "C:\Users\awsch\miniconda3\envs\nsp\Lib\site-packages\rpyc\core\protocol.py", line 781, in _access_attr
    return accessor(obj, name, *args)
           ^^^^^^^^^^^^^^^^^^^^^^^^^^
AttributeError: 'list' object has no attribute '__array_wrap__'
2026-05-29 15:46:03.752 [   DEBUG] (         protocol.py: 363) Exception caught
Traceback (most recent call last):
  File "C:\Users\awsch\miniconda3\envs\nsp\Lib\site-packages\rpyc\core\protocol.py", line 356, in _dispatch_request
    res = self._HANDLERS[handler](self, *args)
          ^^^^^^^^^^^^^^^^^^^^^^^^^^^^^^^^^^^^
  File "C:\Users\awsch\miniconda3\envs\nsp\Lib\site-packages\rpyc\core\protocol.py", line 853, in _handle_getattr
    return self._access_attr(obj, name, (), "_rpyc_getattr", "allow_getattr", getattr)
           ^^^^^^^^^^^^^^^^^^^^^^^^^^^^^^^^^^^^^^^^^^^^^^^^^^^^^^^^^^^^^^^^^^^^^^^^^^^
  File "C:\Users\awsch\miniconda3\envs\nsp\Lib\site-packages\rpyc\core\protocol.py", line 781, in _access_attr
    return accessor(obj, name, *args)
           ^^^^^^^^^^^^^^^^^^^^^^^^^^
AttributeError: 'list' object has no attribute '__array_wrap__'
2026-05-29 15:46:03.754 [   DEBUG] (        highlevel.py: 186) viWrite(1, b'MEAS:POWER?\r\n', 13, 'c_ulong(13)') -> 0
2026-05-29 15:46:03.754 [   DEBUG] (     messagebased.py: 435) USB0::0x1313::0x8072::1916964::0::INSTR - reading 20480 bytes (last status <StatusCode.success_max_count_read: 1073676294>)
2026-05-29 15:46:03.757 [   DEBUG] (        highlevel.py: 186) viRead(1, <ctypes.c_char_Array_20480 object at 0x000001E05EA8A250>, 20480, 'c_ulong(15)') -> 0
2026-05-29 15:46:03.762 [   DEBUG] (        highlevel.py: 186) viWrite(2, b'FREQ 9470000000.00\r\n', 20, 'c_ulong(20)') -> 0
2026-05-29 15:46:04.838 [   DEBUG] (         protocol.py: 363) Exception caught
Traceback (most recent call last):
  File "C:\Users\awsch\miniconda3\envs\nsp\Lib\site-packages\rpyc\core\protocol.py", line 356, in _dispatch_request
    res = self._HANDLERS[handler](self, *args)
          ^^^^^^^^^^^^^^^^^^^^^^^^^^^^^^^^^^^^
  File "C:\Users\awsch\miniconda3\envs\nsp\Lib\site-packages\rpyc\core\protocol.py", line 853, in _handle_getattr
    return self._access_attr(obj, name, (), "_rpyc_getattr", "allow_getattr", getattr)
           ^^^^^^^^^^^^^^^^^^^^^^^^^^^^^^^^^^^^^^^^^^^^^^^^^^^^^^^^^^^^^^^^^^^^^^^^^^^
  File "C:\Users\awsch\miniconda3\envs\nsp\Lib\site-packages\rpyc\core\protocol.py", line 781, in _access_attr
    return accessor(obj, name, *args)
           ^^^^^^^^^^^^^^^^^^^^^^^^^^
AttributeError: 'list' object has no attribute 'sum'
2026-05-29 15:46:04.840 [   DEBUG] (         protocol.py: 363) Exception caught
Traceback (most recent call last):
  File "C:\Users\awsch\miniconda3\envs\nsp\Lib\site-packages\rpyc\core\protocol.py", line 356, in _dispatch_request
    res = self._HANDLERS[handler](self, *args)
          ^^^^^^^^^^^^^^^^^^^^^^^^^^^^^^^^^^^^
  File "C:\Users\awsch\miniconda3\envs\nsp\Lib\site-packages\rpyc\core\protocol.py", line 853, in _handle_getattr
    return self._access_attr(obj, name, (), "_rpyc_getattr", "allow_getattr", getattr)
           ^^^^^^^^^^^^^^^^^^^^^^^^^^^^^^^^^^^^^^^^^^^^^^^^^^^^^^^^^^^^^^^^^^^^^^^^^^^
  File "C:\Users\awsch\miniconda3\envs\nsp\Lib\site-packages\rpyc\core\protocol.py", line 781, in _access_attr
    return accessor(obj, name, *args)
           ^^^^^^^^^^^^^^^^^^^^^^^^^^
AttributeError: 'list' object has no attribute 'sum'
2026-05-29 15:46:04.841 [   DEBUG] (         protocol.py: 363) Exception caught
Traceback (most recent call last):
  File "C:\Users\awsch\miniconda3\envs\nsp\Lib\site-packages\rpyc\core\protocol.py", line 356, in _dispatch_request
    res = self._HANDLERS[handler](self, *args)
          ^^^^^^^^^^^^^^^^^^^^^^^^^^^^^^^^^^^^
  File "C:\Users\awsch\miniconda3\envs\nsp\Lib\site-packages\rpyc\core\protocol.py", line 853, in _handle_getattr
    return self._access_attr(obj, name, (), "_rpyc_getattr", "allow_getattr", getattr)
           ^^^^^^^^^^^^^^^^^^^^^^^^^^^^^^^^^^^^^^^^^^^^^^^^^^^^^^^^^^^^^^^^^^^^^^^^^^^
  File "C:\Users\awsch\miniconda3\envs\nsp\Lib\site-packages\rpyc\core\protocol.py", line 781, in _access_attr
    return accessor(obj, name, *args)
           ^^^^^^^^^^^^^^^^^^^^^^^^^^
AttributeError: 'list' object has no attribute '__array__'
2026-05-29 15:46:04.859 [   DEBUG] (         protocol.py: 363) Exception caught
Traceback (most recent call last):
  File "C:\Users\awsch\miniconda3\envs\nsp\Lib\site-packages\rpyc\core\protocol.py", line 356, in _dispatch_request
    res = self._HANDLERS[handler](self, *args)
          ^^^^^^^^^^^^^^^^^^^^^^^^^^^^^^^^^^^^
  File "C:\Users\awsch\miniconda3\envs\nsp\Lib\site-packages\rpyc\core\protocol.py", line 853, in _handle_getattr
    return self._access_attr(obj, name, (), "_rpyc_getattr", "allow_getattr", getattr)
           ^^^^^^^^^^^^^^^^^^^^^^^^^^^^^^^^^^^^^^^^^^^^^^^^^^^^^^^^^^^^^^^^^^^^^^^^^^^
  File "C:\Users\awsch\miniconda3\envs\nsp\Lib\site-packages\rpyc\core\protocol.py", line 781, in _access_attr
    return accessor(obj, name, *args)
           ^^^^^^^^^^^^^^^^^^^^^^^^^^
AttributeError: 'list' object has no attribute '__array_wrap__'
2026-05-29 15:46:04.860 [   DEBUG] (         protocol.py: 363) Exception caught
Traceback (most recent call last):
  File "C:\Users\awsch\miniconda3\envs\nsp\Lib\site-packages\rpyc\core\protocol.py", line 356, in _dispatch_request
    res = self._HANDLERS[handler](self, *args)
          ^^^^^^^^^^^^^^^^^^^^^^^^^^^^^^^^^^^^
  File "C:\Users\awsch\miniconda3\envs\nsp\Lib\site-packages\rpyc\core\protocol.py", line 853, in _handle_getattr
    return self._access_attr(obj, name, (), "_rpyc_getattr", "allow_getattr", getattr)
           ^^^^^^^^^^^^^^^^^^^^^^^^^^^^^^^^^^^^^^^^^^^^^^^^^^^^^^^^^^^^^^^^^^^^^^^^^^^
  File "C:\Users\awsch\miniconda3\envs\nsp\Lib\site-packages\rpyc\core\protocol.py", line 781, in _access_attr
    return accessor(obj, name, *args)
           ^^^^^^^^^^^^^^^^^^^^^^^^^^
AttributeError: 'list' object has no attribute '__array_wrap__'
2026-05-29 15:46:04.861 [   DEBUG] (         protocol.py: 363) Exception caught
Traceback (most recent call last):
  File "C:\Users\awsch\miniconda3\envs\nsp\Lib\site-packages\rpyc\core\protocol.py", line 356, in _dispatch_request
    res = self._HANDLERS[handler](self, *args)
          ^^^^^^^^^^^^^^^^^^^^^^^^^^^^^^^^^^^^
  File "C:\Users\awsch\miniconda3\envs\nsp\Lib\site-packages\rpyc\core\protocol.py", line 853, in _handle_getattr
    return self._access_attr(obj, name, (), "_rpyc_getattr", "allow_getattr", getattr)
           ^^^^^^^^^^^^^^^^^^^^^^^^^^^^^^^^^^^^^^^^^^^^^^^^^^^^^^^^^^^^^^^^^^^^^^^^^^^
  File "C:\Users\awsch\miniconda3\envs\nsp\Lib\site-packages\rpyc\core\protocol.py", line 781, in _access_attr
    return accessor(obj, name, *args)
           ^^^^^^^^^^^^^^^^^^^^^^^^^^
AttributeError: 'list' object has no attribute 'sum'
2026-05-29 15:46:04.862 [   DEBUG] (         protocol.py: 363) Exception caught
Traceback (most recent call last):
  File "C:\Users\awsch\miniconda3\envs\nsp\Lib\site-packages\rpyc\core\protocol.py", line 356, in _dispatch_request
    res = self._HANDLERS[handler](self, *args)
          ^^^^^^^^^^^^^^^^^^^^^^^^^^^^^^^^^^^^
  File "C:\Users\awsch\miniconda3\envs\nsp\Lib\site-packages\rpyc\core\protocol.py", line 853, in _handle_getattr
    return self._access_attr(obj, name, (), "_rpyc_getattr", "allow_getattr", getattr)
           ^^^^^^^^^^^^^^^^^^^^^^^^^^^^^^^^^^^^^^^^^^^^^^^^^^^^^^^^^^^^^^^^^^^^^^^^^^^
  File "C:\Users\awsch\miniconda3\envs\nsp\Lib\site-packages\rpyc\core\protocol.py", line 781, in _access_attr
    return accessor(obj, name, *args)
           ^^^^^^^^^^^^^^^^^^^^^^^^^^
AttributeError: 'list' object has no attribute 'sum'
2026-05-29 15:46:04.863 [   DEBUG] (         protocol.py: 363) Exception caught
Traceback (most recent call last):
  File "C:\Users\awsch\miniconda3\envs\nsp\Lib\site-packages\rpyc\core\protocol.py", line 356, in _dispatch_request
    res = self._HANDLERS[handler](self, *args)
          ^^^^^^^^^^^^^^^^^^^^^^^^^^^^^^^^^^^^
  File "C:\Users\awsch\miniconda3\envs\nsp\Lib\site-packages\rpyc\core\protocol.py", line 853, in _handle_getattr
    return self._access_attr(obj, name, (), "_rpyc_getattr", "allow_getattr", getattr)
           ^^^^^^^^^^^^^^^^^^^^^^^^^^^^^^^^^^^^^^^^^^^^^^^^^^^^^^^^^^^^^^^^^^^^^^^^^^^
  File "C:\Users\awsch\miniconda3\envs\nsp\Lib\site-packages\rpyc\core\protocol.py", line 781, in _access_attr
    return accessor(obj, name, *args)
           ^^^^^^^^^^^^^^^^^^^^^^^^^^
AttributeError: 'list' object has no attribute '__array__'
2026-05-29 15:46:04.880 [   DEBUG] (         protocol.py: 363) Exception caught
Traceback (most recent call last):
  File "C:\Users\awsch\miniconda3\envs\nsp\Lib\site-packages\rpyc\core\protocol.py", line 356, in _dispatch_request
    res = self._HANDLERS[handler](self, *args)
          ^^^^^^^^^^^^^^^^^^^^^^^^^^^^^^^^^^^^
  File "C:\Users\awsch\miniconda3\envs\nsp\Lib\site-packages\rpyc\core\protocol.py", line 853, in _handle_getattr
    return self._access_attr(obj, name, (), "_rpyc_getattr", "allow_getattr", getattr)
           ^^^^^^^^^^^^^^^^^^^^^^^^^^^^^^^^^^^^^^^^^^^^^^^^^^^^^^^^^^^^^^^^^^^^^^^^^^^
  File "C:\Users\awsch\miniconda3\envs\nsp\Lib\site-packages\rpyc\core\protocol.py", line 781, in _access_attr
    return accessor(obj, name, *args)
           ^^^^^^^^^^^^^^^^^^^^^^^^^^
AttributeError: 'list' object has no attribute '__array_wrap__'
2026-05-29 15:46:04.882 [   DEBUG] (         protocol.py: 363) Exception caught
Traceback (most recent call last):
  File "C:\Users\awsch\miniconda3\envs\nsp\Lib\site-packages\rpyc\core\protocol.py", line 356, in _dispatch_request
    res = self._HANDLERS[handler](self, *args)
          ^^^^^^^^^^^^^^^^^^^^^^^^^^^^^^^^^^^^
  File "C:\Users\awsch\miniconda3\envs\nsp\Lib\site-packages\rpyc\core\protocol.py", line 853, in _handle_getattr
    return self._access_attr(obj, name, (), "_rpyc_getattr", "allow_getattr", getattr)
           ^^^^^^^^^^^^^^^^^^^^^^^^^^^^^^^^^^^^^^^^^^^^^^^^^^^^^^^^^^^^^^^^^^^^^^^^^^^
  File "C:\Users\awsch\miniconda3\envs\nsp\Lib\site-packages\rpyc\core\protocol.py", line 781, in _access_attr
    return accessor(obj, name, *args)
           ^^^^^^^^^^^^^^^^^^^^^^^^^^
AttributeError: 'list' object has no attribute '__array_wrap__'
2026-05-29 15:46:04.883 [   DEBUG] (        highlevel.py: 186) viWrite(1, b'MEAS:POWER?\r\n', 13, 'c_ulong(13)') -> 0
2026-05-29 15:46:04.884 [   DEBUG] (     messagebased.py: 435) USB0::0x1313::0x8072::1916964::0::INSTR - reading 20480 bytes (last status <StatusCode.success_max_count_read: 1073676294>)
2026-05-29 15:46:04.886 [   DEBUG] (        highlevel.py: 186) viRead(1, <ctypes.c_char_Array_20480 object at 0x000001E05EA8A650>, 20480, 'c_ulong(15)') -> 0
2026-05-29 15:46:04.893 [   DEBUG] (        highlevel.py: 186) viWrite(2, b'FREQ 9480000000.00\r\n', 20, 'c_ulong(20)') -> 0
2026-05-29 15:46:05.968 [   DEBUG] (         protocol.py: 363) Exception caught
Traceback (most recent call last):
  File "C:\Users\awsch\miniconda3\envs\nsp\Lib\site-packages\rpyc\core\protocol.py", line 356, in _dispatch_request
    res = self._HANDLERS[handler](self, *args)
          ^^^^^^^^^^^^^^^^^^^^^^^^^^^^^^^^^^^^
  File "C:\Users\awsch\miniconda3\envs\nsp\Lib\site-packages\rpyc\core\protocol.py", line 853, in _handle_getattr
    return self._access_attr(obj, name, (), "_rpyc_getattr", "allow_getattr", getattr)
           ^^^^^^^^^^^^^^^^^^^^^^^^^^^^^^^^^^^^^^^^^^^^^^^^^^^^^^^^^^^^^^^^^^^^^^^^^^^
  File "C:\Users\awsch\miniconda3\envs\nsp\Lib\site-packages\rpyc\core\protocol.py", line 781, in _access_attr
    return accessor(obj, name, *args)
           ^^^^^^^^^^^^^^^^^^^^^^^^^^
AttributeError: 'list' object has no attribute 'sum'
2026-05-29 15:46:05.969 [   DEBUG] (         protocol.py: 363) Exception caught
Traceback (most recent call last):
  File "C:\Users\awsch\miniconda3\envs\nsp\Lib\site-packages\rpyc\core\protocol.py", line 356, in _dispatch_request
    res = self._HANDLERS[handler](self, *args)
          ^^^^^^^^^^^^^^^^^^^^^^^^^^^^^^^^^^^^
  File "C:\Users\awsch\miniconda3\envs\nsp\Lib\site-packages\rpyc\core\protocol.py", line 853, in _handle_getattr
    return self._access_attr(obj, name, (), "_rpyc_getattr", "allow_getattr", getattr)
           ^^^^^^^^^^^^^^^^^^^^^^^^^^^^^^^^^^^^^^^^^^^^^^^^^^^^^^^^^^^^^^^^^^^^^^^^^^^
  File "C:\Users\awsch\miniconda3\envs\nsp\Lib\site-packages\rpyc\core\protocol.py", line 781, in _access_attr
    return accessor(obj, name, *args)
           ^^^^^^^^^^^^^^^^^^^^^^^^^^
AttributeError: 'list' object has no attribute 'sum'
2026-05-29 15:46:05.970 [   DEBUG] (         protocol.py: 363) Exception caught
Traceback (most recent call last):
  File "C:\Users\awsch\miniconda3\envs\nsp\Lib\site-packages\rpyc\core\protocol.py", line 356, in _dispatch_request
    res = self._HANDLERS[handler](self, *args)
          ^^^^^^^^^^^^^^^^^^^^^^^^^^^^^^^^^^^^
  File "C:\Users\awsch\miniconda3\envs\nsp\Lib\site-packages\rpyc\core\protocol.py", line 853, in _handle_getattr
    return self._access_attr(obj, name, (), "_rpyc_getattr", "allow_getattr", getattr)
           ^^^^^^^^^^^^^^^^^^^^^^^^^^^^^^^^^^^^^^^^^^^^^^^^^^^^^^^^^^^^^^^^^^^^^^^^^^^
  File "C:\Users\awsch\miniconda3\envs\nsp\Lib\site-packages\rpyc\core\protocol.py", line 781, in _access_attr
    return accessor(obj, name, *args)
           ^^^^^^^^^^^^^^^^^^^^^^^^^^
AttributeError: 'list' object has no attribute '__array__'
2026-05-29 15:46:05.988 [   DEBUG] (         protocol.py: 363) Exception caught
Traceback (most recent call last):
  File "C:\Users\awsch\miniconda3\envs\nsp\Lib\site-packages\rpyc\core\protocol.py", line 356, in _dispatch_request
    res = self._HANDLERS[handler](self, *args)
          ^^^^^^^^^^^^^^^^^^^^^^^^^^^^^^^^^^^^
  File "C:\Users\awsch\miniconda3\envs\nsp\Lib\site-packages\rpyc\core\protocol.py", line 853, in _handle_getattr
    return self._access_attr(obj, name, (), "_rpyc_getattr", "allow_getattr", getattr)
           ^^^^^^^^^^^^^^^^^^^^^^^^^^^^^^^^^^^^^^^^^^^^^^^^^^^^^^^^^^^^^^^^^^^^^^^^^^^
  File "C:\Users\awsch\miniconda3\envs\nsp\Lib\site-packages\rpyc\core\protocol.py", line 781, in _access_attr
    return accessor(obj, name, *args)
           ^^^^^^^^^^^^^^^^^^^^^^^^^^
AttributeError: 'list' object has no attribute '__array_wrap__'
2026-05-29 15:46:05.989 [   DEBUG] (         protocol.py: 363) Exception caught
Traceback (most recent call last):
  File "C:\Users\awsch\miniconda3\envs\nsp\Lib\site-packages\rpyc\core\protocol.py", line 356, in _dispatch_request
    res = self._HANDLERS[handler](self, *args)
          ^^^^^^^^^^^^^^^^^^^^^^^^^^^^^^^^^^^^
  File "C:\Users\awsch\miniconda3\envs\nsp\Lib\site-packages\rpyc\core\protocol.py", line 853, in _handle_getattr
    return self._access_attr(obj, name, (), "_rpyc_getattr", "allow_getattr", getattr)
           ^^^^^^^^^^^^^^^^^^^^^^^^^^^^^^^^^^^^^^^^^^^^^^^^^^^^^^^^^^^^^^^^^^^^^^^^^^^
  File "C:\Users\awsch\miniconda3\envs\nsp\Lib\site-packages\rpyc\core\protocol.py", line 781, in _access_attr
    return accessor(obj, name, *args)
           ^^^^^^^^^^^^^^^^^^^^^^^^^^
AttributeError: 'list' object has no attribute '__array_wrap__'
2026-05-29 15:46:05.990 [   DEBUG] (         protocol.py: 363) Exception caught
Traceback (most recent call last):
  File "C:\Users\awsch\miniconda3\envs\nsp\Lib\site-packages\rpyc\core\protocol.py", line 356, in _dispatch_request
    res = self._HANDLERS[handler](self, *args)
          ^^^^^^^^^^^^^^^^^^^^^^^^^^^^^^^^^^^^
  File "C:\Users\awsch\miniconda3\envs\nsp\Lib\site-packages\rpyc\core\protocol.py", line 853, in _handle_getattr
    return self._access_attr(obj, name, (), "_rpyc_getattr", "allow_getattr", getattr)
           ^^^^^^^^^^^^^^^^^^^^^^^^^^^^^^^^^^^^^^^^^^^^^^^^^^^^^^^^^^^^^^^^^^^^^^^^^^^
  File "C:\Users\awsch\miniconda3\envs\nsp\Lib\site-packages\rpyc\core\protocol.py", line 781, in _access_attr
    return accessor(obj, name, *args)
           ^^^^^^^^^^^^^^^^^^^^^^^^^^
AttributeError: 'list' object has no attribute 'sum'
2026-05-29 15:46:05.991 [   DEBUG] (         protocol.py: 363) Exception caught
Traceback (most recent call last):
  File "C:\Users\awsch\miniconda3\envs\nsp\Lib\site-packages\rpyc\core\protocol.py", line 356, in _dispatch_request
    res = self._HANDLERS[handler](self, *args)
          ^^^^^^^^^^^^^^^^^^^^^^^^^^^^^^^^^^^^
  File "C:\Users\awsch\miniconda3\envs\nsp\Lib\site-packages\rpyc\core\protocol.py", line 853, in _handle_getattr
    return self._access_attr(obj, name, (), "_rpyc_getattr", "allow_getattr", getattr)
           ^^^^^^^^^^^^^^^^^^^^^^^^^^^^^^^^^^^^^^^^^^^^^^^^^^^^^^^^^^^^^^^^^^^^^^^^^^^
  File "C:\Users\awsch\miniconda3\envs\nsp\Lib\site-packages\rpyc\core\protocol.py", line 781, in _access_attr
    return accessor(obj, name, *args)
           ^^^^^^^^^^^^^^^^^^^^^^^^^^
AttributeError: 'list' object has no attribute 'sum'
2026-05-29 15:46:05.992 [   DEBUG] (         protocol.py: 363) Exception caught
Traceback (most recent call last):
  File "C:\Users\awsch\miniconda3\envs\nsp\Lib\site-packages\rpyc\core\protocol.py", line 356, in _dispatch_request
    res = self._HANDLERS[handler](self, *args)
          ^^^^^^^^^^^^^^^^^^^^^^^^^^^^^^^^^^^^
  File "C:\Users\awsch\miniconda3\envs\nsp\Lib\site-packages\rpyc\core\protocol.py", line 853, in _handle_getattr
    return self._access_attr(obj, name, (), "_rpyc_getattr", "allow_getattr", getattr)
           ^^^^^^^^^^^^^^^^^^^^^^^^^^^^^^^^^^^^^^^^^^^^^^^^^^^^^^^^^^^^^^^^^^^^^^^^^^^
  File "C:\Users\awsch\miniconda3\envs\nsp\Lib\site-packages\rpyc\core\protocol.py", line 781, in _access_attr
    return accessor(obj, name, *args)
           ^^^^^^^^^^^^^^^^^^^^^^^^^^
AttributeError: 'list' object has no attribute '__array__'
2026-05-29 15:46:06.011 [   DEBUG] (         protocol.py: 363) Exception caught
Traceback (most recent call last):
  File "C:\Users\awsch\miniconda3\envs\nsp\Lib\site-packages\rpyc\core\protocol.py", line 356, in _dispatch_request
    res = self._HANDLERS[handler](self, *args)
          ^^^^^^^^^^^^^^^^^^^^^^^^^^^^^^^^^^^^
  File "C:\Users\awsch\miniconda3\envs\nsp\Lib\site-packages\rpyc\core\protocol.py", line 853, in _handle_getattr
    return self._access_attr(obj, name, (), "_rpyc_getattr", "allow_getattr", getattr)
           ^^^^^^^^^^^^^^^^^^^^^^^^^^^^^^^^^^^^^^^^^^^^^^^^^^^^^^^^^^^^^^^^^^^^^^^^^^^
  File "C:\Users\awsch\miniconda3\envs\nsp\Lib\site-packages\rpyc\core\protocol.py", line 781, in _access_attr
    return accessor(obj, name, *args)
           ^^^^^^^^^^^^^^^^^^^^^^^^^^
AttributeError: 'list' object has no attribute '__array_wrap__'
2026-05-29 15:46:06.012 [   DEBUG] (         protocol.py: 363) Exception caught
Traceback (most recent call last):
  File "C:\Users\awsch\miniconda3\envs\nsp\Lib\site-packages\rpyc\core\protocol.py", line 356, in _dispatch_request
    res = self._HANDLERS[handler](self, *args)
          ^^^^^^^^^^^^^^^^^^^^^^^^^^^^^^^^^^^^
  File "C:\Users\awsch\miniconda3\envs\nsp\Lib\site-packages\rpyc\core\protocol.py", line 853, in _handle_getattr
    return self._access_attr(obj, name, (), "_rpyc_getattr", "allow_getattr", getattr)
           ^^^^^^^^^^^^^^^^^^^^^^^^^^^^^^^^^^^^^^^^^^^^^^^^^^^^^^^^^^^^^^^^^^^^^^^^^^^
  File "C:\Users\awsch\miniconda3\envs\nsp\Lib\site-packages\rpyc\core\protocol.py", line 781, in _access_attr
    return accessor(obj, name, *args)
           ^^^^^^^^^^^^^^^^^^^^^^^^^^
AttributeError: 'list' object has no attribute '__array_wrap__'
2026-05-29 15:46:06.014 [   DEBUG] (        highlevel.py: 186) viWrite(1, b'MEAS:POWER?\r\n', 13, 'c_ulong(13)') -> 0
2026-05-29 15:46:06.015 [   DEBUG] (     messagebased.py: 435) USB0::0x1313::0x8072::1916964::0::INSTR - reading 20480 bytes (last status <StatusCode.success_max_count_read: 1073676294>)
2026-05-29 15:46:06.017 [   DEBUG] (        highlevel.py: 186) viRead(1, <ctypes.c_char_Array_20480 object at 0x000001E05EA8AC50>, 20480, 'c_ulong(15)') -> 0
2026-05-29 15:46:06.024 [   DEBUG] (        highlevel.py: 186) viWrite(2, b'FREQ 9490000000.00\r\n', 20, 'c_ulong(20)') -> 0
2026-05-29 15:46:07.102 [   DEBUG] (         protocol.py: 363) Exception caught
Traceback (most recent call last):
  File "C:\Users\awsch\miniconda3\envs\nsp\Lib\site-packages\rpyc\core\protocol.py", line 356, in _dispatch_request
    res = self._HANDLERS[handler](self, *args)
          ^^^^^^^^^^^^^^^^^^^^^^^^^^^^^^^^^^^^
  File "C:\Users\awsch\miniconda3\envs\nsp\Lib\site-packages\rpyc\core\protocol.py", line 853, in _handle_getattr
    return self._access_attr(obj, name, (), "_rpyc_getattr", "allow_getattr", getattr)
           ^^^^^^^^^^^^^^^^^^^^^^^^^^^^^^^^^^^^^^^^^^^^^^^^^^^^^^^^^^^^^^^^^^^^^^^^^^^
  File "C:\Users\awsch\miniconda3\envs\nsp\Lib\site-packages\rpyc\core\protocol.py", line 781, in _access_attr
    return accessor(obj, name, *args)
           ^^^^^^^^^^^^^^^^^^^^^^^^^^
AttributeError: 'list' object has no attribute 'sum'
2026-05-29 15:46:07.104 [   DEBUG] (         protocol.py: 363) Exception caught
Traceback (most recent call last):
  File "C:\Users\awsch\miniconda3\envs\nsp\Lib\site-packages\rpyc\core\protocol.py", line 356, in _dispatch_request
    res = self._HANDLERS[handler](self, *args)
          ^^^^^^^^^^^^^^^^^^^^^^^^^^^^^^^^^^^^
  File "C:\Users\awsch\miniconda3\envs\nsp\Lib\site-packages\rpyc\core\protocol.py", line 853, in _handle_getattr
    return self._access_attr(obj, name, (), "_rpyc_getattr", "allow_getattr", getattr)
           ^^^^^^^^^^^^^^^^^^^^^^^^^^^^^^^^^^^^^^^^^^^^^^^^^^^^^^^^^^^^^^^^^^^^^^^^^^^
  File "C:\Users\awsch\miniconda3\envs\nsp\Lib\site-packages\rpyc\core\protocol.py", line 781, in _access_attr
    return accessor(obj, name, *args)
           ^^^^^^^^^^^^^^^^^^^^^^^^^^
AttributeError: 'list' object has no attribute 'sum'
2026-05-29 15:46:07.105 [   DEBUG] (         protocol.py: 363) Exception caught
Traceback (most recent call last):
  File "C:\Users\awsch\miniconda3\envs\nsp\Lib\site-packages\rpyc\core\protocol.py", line 356, in _dispatch_request
    res = self._HANDLERS[handler](self, *args)
          ^^^^^^^^^^^^^^^^^^^^^^^^^^^^^^^^^^^^
  File "C:\Users\awsch\miniconda3\envs\nsp\Lib\site-packages\rpyc\core\protocol.py", line 853, in _handle_getattr
    return self._access_attr(obj, name, (), "_rpyc_getattr", "allow_getattr", getattr)
           ^^^^^^^^^^^^^^^^^^^^^^^^^^^^^^^^^^^^^^^^^^^^^^^^^^^^^^^^^^^^^^^^^^^^^^^^^^^
  File "C:\Users\awsch\miniconda3\envs\nsp\Lib\site-packages\rpyc\core\protocol.py", line 781, in _access_attr
    return accessor(obj, name, *args)
           ^^^^^^^^^^^^^^^^^^^^^^^^^^
AttributeError: 'list' object has no attribute '__array__'
2026-05-29 15:46:07.122 [   DEBUG] (         protocol.py: 363) Exception caught
Traceback (most recent call last):
  File "C:\Users\awsch\miniconda3\envs\nsp\Lib\site-packages\rpyc\core\protocol.py", line 356, in _dispatch_request
    res = self._HANDLERS[handler](self, *args)
          ^^^^^^^^^^^^^^^^^^^^^^^^^^^^^^^^^^^^
  File "C:\Users\awsch\miniconda3\envs\nsp\Lib\site-packages\rpyc\core\protocol.py", line 853, in _handle_getattr
    return self._access_attr(obj, name, (), "_rpyc_getattr", "allow_getattr", getattr)
           ^^^^^^^^^^^^^^^^^^^^^^^^^^^^^^^^^^^^^^^^^^^^^^^^^^^^^^^^^^^^^^^^^^^^^^^^^^^
  File "C:\Users\awsch\miniconda3\envs\nsp\Lib\site-packages\rpyc\core\protocol.py", line 781, in _access_attr
    return accessor(obj, name, *args)
           ^^^^^^^^^^^^^^^^^^^^^^^^^^
AttributeError: 'list' object has no attribute '__array_wrap__'
2026-05-29 15:46:07.123 [   DEBUG] (         protocol.py: 363) Exception caught
Traceback (most recent call last):
  File "C:\Users\awsch\miniconda3\envs\nsp\Lib\site-packages\rpyc\core\protocol.py", line 356, in _dispatch_request
    res = self._HANDLERS[handler](self, *args)
          ^^^^^^^^^^^^^^^^^^^^^^^^^^^^^^^^^^^^
  File "C:\Users\awsch\miniconda3\envs\nsp\Lib\site-packages\rpyc\core\protocol.py", line 853, in _handle_getattr
    return self._access_attr(obj, name, (), "_rpyc_getattr", "allow_getattr", getattr)
           ^^^^^^^^^^^^^^^^^^^^^^^^^^^^^^^^^^^^^^^^^^^^^^^^^^^^^^^^^^^^^^^^^^^^^^^^^^^
  File "C:\Users\awsch\miniconda3\envs\nsp\Lib\site-packages\rpyc\core\protocol.py", line 781, in _access_attr
    return accessor(obj, name, *args)
           ^^^^^^^^^^^^^^^^^^^^^^^^^^
AttributeError: 'list' object has no attribute '__array_wrap__'
2026-05-29 15:46:07.124 [   DEBUG] (         protocol.py: 363) Exception caught
Traceback (most recent call last):
  File "C:\Users\awsch\miniconda3\envs\nsp\Lib\site-packages\rpyc\core\protocol.py", line 356, in _dispatch_request
    res = self._HANDLERS[handler](self, *args)
          ^^^^^^^^^^^^^^^^^^^^^^^^^^^^^^^^^^^^
  File "C:\Users\awsch\miniconda3\envs\nsp\Lib\site-packages\rpyc\core\protocol.py", line 853, in _handle_getattr
    return self._access_attr(obj, name, (), "_rpyc_getattr", "allow_getattr", getattr)
           ^^^^^^^^^^^^^^^^^^^^^^^^^^^^^^^^^^^^^^^^^^^^^^^^^^^^^^^^^^^^^^^^^^^^^^^^^^^
  File "C:\Users\awsch\miniconda3\envs\nsp\Lib\site-packages\rpyc\core\protocol.py", line 781, in _access_attr
    return accessor(obj, name, *args)
           ^^^^^^^^^^^^^^^^^^^^^^^^^^
AttributeError: 'list' object has no attribute 'sum'
2026-05-29 15:46:07.125 [   DEBUG] (         protocol.py: 363) Exception caught
Traceback (most recent call last):
  File "C:\Users\awsch\miniconda3\envs\nsp\Lib\site-packages\rpyc\core\protocol.py", line 356, in _dispatch_request
    res = self._HANDLERS[handler](self, *args)
          ^^^^^^^^^^^^^^^^^^^^^^^^^^^^^^^^^^^^
  File "C:\Users\awsch\miniconda3\envs\nsp\Lib\site-packages\rpyc\core\protocol.py", line 853, in _handle_getattr
    return self._access_attr(obj, name, (), "_rpyc_getattr", "allow_getattr", getattr)
           ^^^^^^^^^^^^^^^^^^^^^^^^^^^^^^^^^^^^^^^^^^^^^^^^^^^^^^^^^^^^^^^^^^^^^^^^^^^
  File "C:\Users\awsch\miniconda3\envs\nsp\Lib\site-packages\rpyc\core\protocol.py", line 781, in _access_attr
    return accessor(obj, name, *args)
           ^^^^^^^^^^^^^^^^^^^^^^^^^^
AttributeError: 'list' object has no attribute 'sum'
2026-05-29 15:46:07.126 [   DEBUG] (         protocol.py: 363) Exception caught
Traceback (most recent call last):
  File "C:\Users\awsch\miniconda3\envs\nsp\Lib\site-packages\rpyc\core\protocol.py", line 356, in _dispatch_request
    res = self._HANDLERS[handler](self, *args)
          ^^^^^^^^^^^^^^^^^^^^^^^^^^^^^^^^^^^^
  File "C:\Users\awsch\miniconda3\envs\nsp\Lib\site-packages\rpyc\core\protocol.py", line 853, in _handle_getattr
    return self._access_attr(obj, name, (), "_rpyc_getattr", "allow_getattr", getattr)
           ^^^^^^^^^^^^^^^^^^^^^^^^^^^^^^^^^^^^^^^^^^^^^^^^^^^^^^^^^^^^^^^^^^^^^^^^^^^
  File "C:\Users\awsch\miniconda3\envs\nsp\Lib\site-packages\rpyc\core\protocol.py", line 781, in _access_attr
    return accessor(obj, name, *args)
           ^^^^^^^^^^^^^^^^^^^^^^^^^^
AttributeError: 'list' object has no attribute '__array__'
2026-05-29 15:46:07.144 [   DEBUG] (         protocol.py: 363) Exception caught
Traceback (most recent call last):
  File "C:\Users\awsch\miniconda3\envs\nsp\Lib\site-packages\rpyc\core\protocol.py", line 356, in _dispatch_request
    res = self._HANDLERS[handler](self, *args)
          ^^^^^^^^^^^^^^^^^^^^^^^^^^^^^^^^^^^^
  File "C:\Users\awsch\miniconda3\envs\nsp\Lib\site-packages\rpyc\core\protocol.py", line 853, in _handle_getattr
    return self._access_attr(obj, name, (), "_rpyc_getattr", "allow_getattr", getattr)
           ^^^^^^^^^^^^^^^^^^^^^^^^^^^^^^^^^^^^^^^^^^^^^^^^^^^^^^^^^^^^^^^^^^^^^^^^^^^
  File "C:\Users\awsch\miniconda3\envs\nsp\Lib\site-packages\rpyc\core\protocol.py", line 781, in _access_attr
    return accessor(obj, name, *args)
           ^^^^^^^^^^^^^^^^^^^^^^^^^^
AttributeError: 'list' object has no attribute '__array_wrap__'
2026-05-29 15:46:07.145 [   DEBUG] (         protocol.py: 363) Exception caught
Traceback (most recent call last):
  File "C:\Users\awsch\miniconda3\envs\nsp\Lib\site-packages\rpyc\core\protocol.py", line 356, in _dispatch_request
    res = self._HANDLERS[handler](self, *args)
          ^^^^^^^^^^^^^^^^^^^^^^^^^^^^^^^^^^^^
  File "C:\Users\awsch\miniconda3\envs\nsp\Lib\site-packages\rpyc\core\protocol.py", line 853, in _handle_getattr
    return self._access_attr(obj, name, (), "_rpyc_getattr", "allow_getattr", getattr)
           ^^^^^^^^^^^^^^^^^^^^^^^^^^^^^^^^^^^^^^^^^^^^^^^^^^^^^^^^^^^^^^^^^^^^^^^^^^^
  File "C:\Users\awsch\miniconda3\envs\nsp\Lib\site-packages\rpyc\core\protocol.py", line 781, in _access_attr
    return accessor(obj, name, *args)
           ^^^^^^^^^^^^^^^^^^^^^^^^^^
AttributeError: 'list' object has no attribute '__array_wrap__'
2026-05-29 15:46:07.147 [   DEBUG] (        highlevel.py: 186) viWrite(1, b'MEAS:POWER?\r\n', 13, 'c_ulong(13)') -> 0
2026-05-29 15:46:07.147 [   DEBUG] (     messagebased.py: 435) USB0::0x1313::0x8072::1916964::0::INSTR - reading 20480 bytes (last status <StatusCode.success_max_count_read: 1073676294>)
2026-05-29 15:46:07.150 [   DEBUG] (        highlevel.py: 186) viRead(1, <ctypes.c_char_Array_20480 object at 0x000001E05EA89FD0>, 20480, 'c_ulong(15)') -> 0
2026-05-29 15:46:07.156 [   DEBUG] (        highlevel.py: 186) viWrite(2, b'FREQ 9500000000.00\r\n', 20, 'c_ulong(20)') -> 0
2026-05-29 15:46:08.238 [   DEBUG] (         protocol.py: 363) Exception caught
Traceback (most recent call last):
  File "C:\Users\awsch\miniconda3\envs\nsp\Lib\site-packages\rpyc\core\protocol.py", line 356, in _dispatch_request
    res = self._HANDLERS[handler](self, *args)
          ^^^^^^^^^^^^^^^^^^^^^^^^^^^^^^^^^^^^
  File "C:\Users\awsch\miniconda3\envs\nsp\Lib\site-packages\rpyc\core\protocol.py", line 853, in _handle_getattr
    return self._access_attr(obj, name, (), "_rpyc_getattr", "allow_getattr", getattr)
           ^^^^^^^^^^^^^^^^^^^^^^^^^^^^^^^^^^^^^^^^^^^^^^^^^^^^^^^^^^^^^^^^^^^^^^^^^^^
  File "C:\Users\awsch\miniconda3\envs\nsp\Lib\site-packages\rpyc\core\protocol.py", line 781, in _access_attr
    return accessor(obj, name, *args)
           ^^^^^^^^^^^^^^^^^^^^^^^^^^
AttributeError: 'list' object has no attribute 'sum'
2026-05-29 15:46:08.239 [   DEBUG] (         protocol.py: 363) Exception caught
Traceback (most recent call last):
  File "C:\Users\awsch\miniconda3\envs\nsp\Lib\site-packages\rpyc\core\protocol.py", line 356, in _dispatch_request
    res = self._HANDLERS[handler](self, *args)
          ^^^^^^^^^^^^^^^^^^^^^^^^^^^^^^^^^^^^
  File "C:\Users\awsch\miniconda3\envs\nsp\Lib\site-packages\rpyc\core\protocol.py", line 853, in _handle_getattr
    return self._access_attr(obj, name, (), "_rpyc_getattr", "allow_getattr", getattr)
           ^^^^^^^^^^^^^^^^^^^^^^^^^^^^^^^^^^^^^^^^^^^^^^^^^^^^^^^^^^^^^^^^^^^^^^^^^^^
  File "C:\Users\awsch\miniconda3\envs\nsp\Lib\site-packages\rpyc\core\protocol.py", line 781, in _access_attr
    return accessor(obj, name, *args)
           ^^^^^^^^^^^^^^^^^^^^^^^^^^
AttributeError: 'list' object has no attribute 'sum'
2026-05-29 15:46:08.240 [   DEBUG] (         protocol.py: 363) Exception caught
Traceback (most recent call last):
  File "C:\Users\awsch\miniconda3\envs\nsp\Lib\site-packages\rpyc\core\protocol.py", line 356, in _dispatch_request
    res = self._HANDLERS[handler](self, *args)
          ^^^^^^^^^^^^^^^^^^^^^^^^^^^^^^^^^^^^
  File "C:\Users\awsch\miniconda3\envs\nsp\Lib\site-packages\rpyc\core\protocol.py", line 853, in _handle_getattr
    return self._access_attr(obj, name, (), "_rpyc_getattr", "allow_getattr", getattr)
           ^^^^^^^^^^^^^^^^^^^^^^^^^^^^^^^^^^^^^^^^^^^^^^^^^^^^^^^^^^^^^^^^^^^^^^^^^^^
  File "C:\Users\awsch\miniconda3\envs\nsp\Lib\site-packages\rpyc\core\protocol.py", line 781, in _access_attr
    return accessor(obj, name, *args)
           ^^^^^^^^^^^^^^^^^^^^^^^^^^
AttributeError: 'list' object has no attribute '__array__'
2026-05-29 15:46:08.257 [   DEBUG] (         protocol.py: 363) Exception caught
Traceback (most recent call last):
  File "C:\Users\awsch\miniconda3\envs\nsp\Lib\site-packages\rpyc\core\protocol.py", line 356, in _dispatch_request
    res = self._HANDLERS[handler](self, *args)
          ^^^^^^^^^^^^^^^^^^^^^^^^^^^^^^^^^^^^
  File "C:\Users\awsch\miniconda3\envs\nsp\Lib\site-packages\rpyc\core\protocol.py", line 853, in _handle_getattr
    return self._access_attr(obj, name, (), "_rpyc_getattr", "allow_getattr", getattr)
           ^^^^^^^^^^^^^^^^^^^^^^^^^^^^^^^^^^^^^^^^^^^^^^^^^^^^^^^^^^^^^^^^^^^^^^^^^^^
  File "C:\Users\awsch\miniconda3\envs\nsp\Lib\site-packages\rpyc\core\protocol.py", line 781, in _access_attr
    return accessor(obj, name, *args)
           ^^^^^^^^^^^^^^^^^^^^^^^^^^
AttributeError: 'list' object has no attribute '__array_wrap__'
2026-05-29 15:46:08.258 [   DEBUG] (         protocol.py: 363) Exception caught
Traceback (most recent call last):
  File "C:\Users\awsch\miniconda3\envs\nsp\Lib\site-packages\rpyc\core\protocol.py", line 356, in _dispatch_request
    res = self._HANDLERS[handler](self, *args)
          ^^^^^^^^^^^^^^^^^^^^^^^^^^^^^^^^^^^^
  File "C:\Users\awsch\miniconda3\envs\nsp\Lib\site-packages\rpyc\core\protocol.py", line 853, in _handle_getattr
    return self._access_attr(obj, name, (), "_rpyc_getattr", "allow_getattr", getattr)
           ^^^^^^^^^^^^^^^^^^^^^^^^^^^^^^^^^^^^^^^^^^^^^^^^^^^^^^^^^^^^^^^^^^^^^^^^^^^
  File "C:\Users\awsch\miniconda3\envs\nsp\Lib\site-packages\rpyc\core\protocol.py", line 781, in _access_attr
    return accessor(obj, name, *args)
           ^^^^^^^^^^^^^^^^^^^^^^^^^^
AttributeError: 'list' object has no attribute '__array_wrap__'
2026-05-29 15:46:08.259 [   DEBUG] (         protocol.py: 363) Exception caught
Traceback (most recent call last):
  File "C:\Users\awsch\miniconda3\envs\nsp\Lib\site-packages\rpyc\core\protocol.py", line 356, in _dispatch_request
    res = self._HANDLERS[handler](self, *args)
          ^^^^^^^^^^^^^^^^^^^^^^^^^^^^^^^^^^^^
  File "C:\Users\awsch\miniconda3\envs\nsp\Lib\site-packages\rpyc\core\protocol.py", line 853, in _handle_getattr
    return self._access_attr(obj, name, (), "_rpyc_getattr", "allow_getattr", getattr)
           ^^^^^^^^^^^^^^^^^^^^^^^^^^^^^^^^^^^^^^^^^^^^^^^^^^^^^^^^^^^^^^^^^^^^^^^^^^^
  File "C:\Users\awsch\miniconda3\envs\nsp\Lib\site-packages\rpyc\core\protocol.py", line 781, in _access_attr
    return accessor(obj, name, *args)
           ^^^^^^^^^^^^^^^^^^^^^^^^^^
AttributeError: 'list' object has no attribute 'sum'
2026-05-29 15:46:08.260 [   DEBUG] (         protocol.py: 363) Exception caught
Traceback (most recent call last):
  File "C:\Users\awsch\miniconda3\envs\nsp\Lib\site-packages\rpyc\core\protocol.py", line 356, in _dispatch_request
    res = self._HANDLERS[handler](self, *args)
          ^^^^^^^^^^^^^^^^^^^^^^^^^^^^^^^^^^^^
  File "C:\Users\awsch\miniconda3\envs\nsp\Lib\site-packages\rpyc\core\protocol.py", line 853, in _handle_getattr
    return self._access_attr(obj, name, (), "_rpyc_getattr", "allow_getattr", getattr)
           ^^^^^^^^^^^^^^^^^^^^^^^^^^^^^^^^^^^^^^^^^^^^^^^^^^^^^^^^^^^^^^^^^^^^^^^^^^^
  File "C:\Users\awsch\miniconda3\envs\nsp\Lib\site-packages\rpyc\core\protocol.py", line 781, in _access_attr
    return accessor(obj, name, *args)
           ^^^^^^^^^^^^^^^^^^^^^^^^^^
AttributeError: 'list' object has no attribute 'sum'
2026-05-29 15:46:08.261 [   DEBUG] (         protocol.py: 363) Exception caught
Traceback (most recent call last):
  File "C:\Users\awsch\miniconda3\envs\nsp\Lib\site-packages\rpyc\core\protocol.py", line 356, in _dispatch_request
    res = self._HANDLERS[handler](self, *args)
          ^^^^^^^^^^^^^^^^^^^^^^^^^^^^^^^^^^^^
  File "C:\Users\awsch\miniconda3\envs\nsp\Lib\site-packages\rpyc\core\protocol.py", line 853, in _handle_getattr
    return self._access_attr(obj, name, (), "_rpyc_getattr", "allow_getattr", getattr)
           ^^^^^^^^^^^^^^^^^^^^^^^^^^^^^^^^^^^^^^^^^^^^^^^^^^^^^^^^^^^^^^^^^^^^^^^^^^^
  File "C:\Users\awsch\miniconda3\envs\nsp\Lib\site-packages\rpyc\core\protocol.py", line 781, in _access_attr
    return accessor(obj, name, *args)
           ^^^^^^^^^^^^^^^^^^^^^^^^^^
AttributeError: 'list' object has no attribute '__array__'
2026-05-29 15:46:08.278 [   DEBUG] (         protocol.py: 363) Exception caught
Traceback (most recent call last):
  File "C:\Users\awsch\miniconda3\envs\nsp\Lib\site-packages\rpyc\core\protocol.py", line 356, in _dispatch_request
    res = self._HANDLERS[handler](self, *args)
          ^^^^^^^^^^^^^^^^^^^^^^^^^^^^^^^^^^^^
  File "C:\Users\awsch\miniconda3\envs\nsp\Lib\site-packages\rpyc\core\protocol.py", line 853, in _handle_getattr
    return self._access_attr(obj, name, (), "_rpyc_getattr", "allow_getattr", getattr)
           ^^^^^^^^^^^^^^^^^^^^^^^^^^^^^^^^^^^^^^^^^^^^^^^^^^^^^^^^^^^^^^^^^^^^^^^^^^^
  File "C:\Users\awsch\miniconda3\envs\nsp\Lib\site-packages\rpyc\core\protocol.py", line 781, in _access_attr
    return accessor(obj, name, *args)
           ^^^^^^^^^^^^^^^^^^^^^^^^^^
AttributeError: 'list' object has no attribute '__array_wrap__'
2026-05-29 15:46:08.279 [   DEBUG] (         protocol.py: 363) Exception caught
Traceback (most recent call last):
  File "C:\Users\awsch\miniconda3\envs\nsp\Lib\site-packages\rpyc\core\protocol.py", line 356, in _dispatch_request
    res = self._HANDLERS[handler](self, *args)
          ^^^^^^^^^^^^^^^^^^^^^^^^^^^^^^^^^^^^
  File "C:\Users\awsch\miniconda3\envs\nsp\Lib\site-packages\rpyc\core\protocol.py", line 853, in _handle_getattr
    return self._access_attr(obj, name, (), "_rpyc_getattr", "allow_getattr", getattr)
           ^^^^^^^^^^^^^^^^^^^^^^^^^^^^^^^^^^^^^^^^^^^^^^^^^^^^^^^^^^^^^^^^^^^^^^^^^^^
  File "C:\Users\awsch\miniconda3\envs\nsp\Lib\site-packages\rpyc\core\protocol.py", line 781, in _access_attr
    return accessor(obj, name, *args)
           ^^^^^^^^^^^^^^^^^^^^^^^^^^
AttributeError: 'list' object has no attribute '__array_wrap__'
2026-05-29 15:46:08.281 [   DEBUG] (        highlevel.py: 186) viWrite(1, b'MEAS:POWER?\r\n', 13, 'c_ulong(13)') -> 0
2026-05-29 15:46:08.281 [   DEBUG] (     messagebased.py: 435) USB0::0x1313::0x8072::1916964::0::INSTR - reading 20480 bytes (last status <StatusCode.success_max_count_read: 1073676294>)
2026-05-29 15:46:08.284 [   DEBUG] (        highlevel.py: 186) viRead(1, <ctypes.c_char_Array_20480 object at 0x000001E05EA88650>, 20480, 'c_ulong(15)') -> 0
2026-05-29 15:46:08.291 [   DEBUG] (        highlevel.py: 186) viWrite(2, b'FREQ 9510000000.00\r\n', 20, 'c_ulong(20)') -> 0
2026-05-29 15:46:09.373 [   DEBUG] (         protocol.py: 363) Exception caught
Traceback (most recent call last):
  File "C:\Users\awsch\miniconda3\envs\nsp\Lib\site-packages\rpyc\core\protocol.py", line 356, in _dispatch_request
    res = self._HANDLERS[handler](self, *args)
          ^^^^^^^^^^^^^^^^^^^^^^^^^^^^^^^^^^^^
  File "C:\Users\awsch\miniconda3\envs\nsp\Lib\site-packages\rpyc\core\protocol.py", line 853, in _handle_getattr
    return self._access_attr(obj, name, (), "_rpyc_getattr", "allow_getattr", getattr)
           ^^^^^^^^^^^^^^^^^^^^^^^^^^^^^^^^^^^^^^^^^^^^^^^^^^^^^^^^^^^^^^^^^^^^^^^^^^^
  File "C:\Users\awsch\miniconda3\envs\nsp\Lib\site-packages\rpyc\core\protocol.py", line 781, in _access_attr
    return accessor(obj, name, *args)
           ^^^^^^^^^^^^^^^^^^^^^^^^^^
AttributeError: 'list' object has no attribute 'sum'
2026-05-29 15:46:09.375 [   DEBUG] (         protocol.py: 363) Exception caught
Traceback (most recent call last):
  File "C:\Users\awsch\miniconda3\envs\nsp\Lib\site-packages\rpyc\core\protocol.py", line 356, in _dispatch_request
    res = self._HANDLERS[handler](self, *args)
          ^^^^^^^^^^^^^^^^^^^^^^^^^^^^^^^^^^^^
  File "C:\Users\awsch\miniconda3\envs\nsp\Lib\site-packages\rpyc\core\protocol.py", line 853, in _handle_getattr
    return self._access_attr(obj, name, (), "_rpyc_getattr", "allow_getattr", getattr)
           ^^^^^^^^^^^^^^^^^^^^^^^^^^^^^^^^^^^^^^^^^^^^^^^^^^^^^^^^^^^^^^^^^^^^^^^^^^^
  File "C:\Users\awsch\miniconda3\envs\nsp\Lib\site-packages\rpyc\core\protocol.py", line 781, in _access_attr
    return accessor(obj, name, *args)
           ^^^^^^^^^^^^^^^^^^^^^^^^^^
AttributeError: 'list' object has no attribute 'sum'
2026-05-29 15:46:09.376 [   DEBUG] (         protocol.py: 363) Exception caught
Traceback (most recent call last):
  File "C:\Users\awsch\miniconda3\envs\nsp\Lib\site-packages\rpyc\core\protocol.py", line 356, in _dispatch_request
    res = self._HANDLERS[handler](self, *args)
          ^^^^^^^^^^^^^^^^^^^^^^^^^^^^^^^^^^^^
  File "C:\Users\awsch\miniconda3\envs\nsp\Lib\site-packages\rpyc\core\protocol.py", line 853, in _handle_getattr
    return self._access_attr(obj, name, (), "_rpyc_getattr", "allow_getattr", getattr)
           ^^^^^^^^^^^^^^^^^^^^^^^^^^^^^^^^^^^^^^^^^^^^^^^^^^^^^^^^^^^^^^^^^^^^^^^^^^^
  File "C:\Users\awsch\miniconda3\envs\nsp\Lib\site-packages\rpyc\core\protocol.py", line 781, in _access_attr
    return accessor(obj, name, *args)
           ^^^^^^^^^^^^^^^^^^^^^^^^^^
AttributeError: 'list' object has no attribute '__array__'
2026-05-29 15:46:09.394 [   DEBUG] (         protocol.py: 363) Exception caught
Traceback (most recent call last):
  File "C:\Users\awsch\miniconda3\envs\nsp\Lib\site-packages\rpyc\core\protocol.py", line 356, in _dispatch_request
    res = self._HANDLERS[handler](self, *args)
          ^^^^^^^^^^^^^^^^^^^^^^^^^^^^^^^^^^^^
  File "C:\Users\awsch\miniconda3\envs\nsp\Lib\site-packages\rpyc\core\protocol.py", line 853, in _handle_getattr
    return self._access_attr(obj, name, (), "_rpyc_getattr", "allow_getattr", getattr)
           ^^^^^^^^^^^^^^^^^^^^^^^^^^^^^^^^^^^^^^^^^^^^^^^^^^^^^^^^^^^^^^^^^^^^^^^^^^^
  File "C:\Users\awsch\miniconda3\envs\nsp\Lib\site-packages\rpyc\core\protocol.py", line 781, in _access_attr
    return accessor(obj, name, *args)
           ^^^^^^^^^^^^^^^^^^^^^^^^^^
AttributeError: 'list' object has no attribute '__array_wrap__'
2026-05-29 15:46:09.395 [   DEBUG] (         protocol.py: 363) Exception caught
Traceback (most recent call last):
  File "C:\Users\awsch\miniconda3\envs\nsp\Lib\site-packages\rpyc\core\protocol.py", line 356, in _dispatch_request
    res = self._HANDLERS[handler](self, *args)
          ^^^^^^^^^^^^^^^^^^^^^^^^^^^^^^^^^^^^
  File "C:\Users\awsch\miniconda3\envs\nsp\Lib\site-packages\rpyc\core\protocol.py", line 853, in _handle_getattr
    return self._access_attr(obj, name, (), "_rpyc_getattr", "allow_getattr", getattr)
           ^^^^^^^^^^^^^^^^^^^^^^^^^^^^^^^^^^^^^^^^^^^^^^^^^^^^^^^^^^^^^^^^^^^^^^^^^^^
  File "C:\Users\awsch\miniconda3\envs\nsp\Lib\site-packages\rpyc\core\protocol.py", line 781, in _access_attr
    return accessor(obj, name, *args)
           ^^^^^^^^^^^^^^^^^^^^^^^^^^
AttributeError: 'list' object has no attribute '__array_wrap__'
2026-05-29 15:46:09.396 [   DEBUG] (         protocol.py: 363) Exception caught
Traceback (most recent call last):
  File "C:\Users\awsch\miniconda3\envs\nsp\Lib\site-packages\rpyc\core\protocol.py", line 356, in _dispatch_request
    res = self._HANDLERS[handler](self, *args)
          ^^^^^^^^^^^^^^^^^^^^^^^^^^^^^^^^^^^^
  File "C:\Users\awsch\miniconda3\envs\nsp\Lib\site-packages\rpyc\core\protocol.py", line 853, in _handle_getattr
    return self._access_attr(obj, name, (), "_rpyc_getattr", "allow_getattr", getattr)
           ^^^^^^^^^^^^^^^^^^^^^^^^^^^^^^^^^^^^^^^^^^^^^^^^^^^^^^^^^^^^^^^^^^^^^^^^^^^
  File "C:\Users\awsch\miniconda3\envs\nsp\Lib\site-packages\rpyc\core\protocol.py", line 781, in _access_attr
    return accessor(obj, name, *args)
           ^^^^^^^^^^^^^^^^^^^^^^^^^^
AttributeError: 'list' object has no attribute 'sum'
2026-05-29 15:46:09.397 [   DEBUG] (         protocol.py: 363) Exception caught
Traceback (most recent call last):
  File "C:\Users\awsch\miniconda3\envs\nsp\Lib\site-packages\rpyc\core\protocol.py", line 356, in _dispatch_request
    res = self._HANDLERS[handler](self, *args)
          ^^^^^^^^^^^^^^^^^^^^^^^^^^^^^^^^^^^^
  File "C:\Users\awsch\miniconda3\envs\nsp\Lib\site-packages\rpyc\core\protocol.py", line 853, in _handle_getattr
    return self._access_attr(obj, name, (), "_rpyc_getattr", "allow_getattr", getattr)
           ^^^^^^^^^^^^^^^^^^^^^^^^^^^^^^^^^^^^^^^^^^^^^^^^^^^^^^^^^^^^^^^^^^^^^^^^^^^
  File "C:\Users\awsch\miniconda3\envs\nsp\Lib\site-packages\rpyc\core\protocol.py", line 781, in _access_attr
    return accessor(obj, name, *args)
           ^^^^^^^^^^^^^^^^^^^^^^^^^^
AttributeError: 'list' object has no attribute 'sum'
2026-05-29 15:46:09.398 [   DEBUG] (         protocol.py: 363) Exception caught
Traceback (most recent call last):
  File "C:\Users\awsch\miniconda3\envs\nsp\Lib\site-packages\rpyc\core\protocol.py", line 356, in _dispatch_request
    res = self._HANDLERS[handler](self, *args)
          ^^^^^^^^^^^^^^^^^^^^^^^^^^^^^^^^^^^^
  File "C:\Users\awsch\miniconda3\envs\nsp\Lib\site-packages\rpyc\core\protocol.py", line 853, in _handle_getattr
    return self._access_attr(obj, name, (), "_rpyc_getattr", "allow_getattr", getattr)
           ^^^^^^^^^^^^^^^^^^^^^^^^^^^^^^^^^^^^^^^^^^^^^^^^^^^^^^^^^^^^^^^^^^^^^^^^^^^
  File "C:\Users\awsch\miniconda3\envs\nsp\Lib\site-packages\rpyc\core\protocol.py", line 781, in _access_attr
    return accessor(obj, name, *args)
           ^^^^^^^^^^^^^^^^^^^^^^^^^^
AttributeError: 'list' object has no attribute '__array__'
2026-05-29 15:46:09.415 [   DEBUG] (         protocol.py: 363) Exception caught
Traceback (most recent call last):
  File "C:\Users\awsch\miniconda3\envs\nsp\Lib\site-packages\rpyc\core\protocol.py", line 356, in _dispatch_request
    res = self._HANDLERS[handler](self, *args)
          ^^^^^^^^^^^^^^^^^^^^^^^^^^^^^^^^^^^^
  File "C:\Users\awsch\miniconda3\envs\nsp\Lib\site-packages\rpyc\core\protocol.py", line 853, in _handle_getattr
    return self._access_attr(obj, name, (), "_rpyc_getattr", "allow_getattr", getattr)
           ^^^^^^^^^^^^^^^^^^^^^^^^^^^^^^^^^^^^^^^^^^^^^^^^^^^^^^^^^^^^^^^^^^^^^^^^^^^
  File "C:\Users\awsch\miniconda3\envs\nsp\Lib\site-packages\rpyc\core\protocol.py", line 781, in _access_attr
    return accessor(obj, name, *args)
           ^^^^^^^^^^^^^^^^^^^^^^^^^^
AttributeError: 'list' object has no attribute '__array_wrap__'
2026-05-29 15:46:09.416 [   DEBUG] (         protocol.py: 363) Exception caught
Traceback (most recent call last):
  File "C:\Users\awsch\miniconda3\envs\nsp\Lib\site-packages\rpyc\core\protocol.py", line 356, in _dispatch_request
    res = self._HANDLERS[handler](self, *args)
          ^^^^^^^^^^^^^^^^^^^^^^^^^^^^^^^^^^^^
  File "C:\Users\awsch\miniconda3\envs\nsp\Lib\site-packages\rpyc\core\protocol.py", line 853, in _handle_getattr
    return self._access_attr(obj, name, (), "_rpyc_getattr", "allow_getattr", getattr)
           ^^^^^^^^^^^^^^^^^^^^^^^^^^^^^^^^^^^^^^^^^^^^^^^^^^^^^^^^^^^^^^^^^^^^^^^^^^^
  File "C:\Users\awsch\miniconda3\envs\nsp\Lib\site-packages\rpyc\core\protocol.py", line 781, in _access_attr
    return accessor(obj, name, *args)
           ^^^^^^^^^^^^^^^^^^^^^^^^^^
AttributeError: 'list' object has no attribute '__array_wrap__'
2026-05-29 15:46:09.418 [   DEBUG] (        highlevel.py: 186) viWrite(1, b'MEAS:POWER?\r\n', 13, 'c_ulong(13)') -> 0
2026-05-29 15:46:09.419 [   DEBUG] (     messagebased.py: 435) USB0::0x1313::0x8072::1916964::0::INSTR - reading 20480 bytes (last status <StatusCode.success_max_count_read: 1073676294>)
2026-05-29 15:46:09.421 [   DEBUG] (        highlevel.py: 186) viRead(1, <ctypes.c_char_Array_20480 object at 0x000001E05EA8B1D0>, 20480, 'c_ulong(15)') -> 0
2026-05-29 15:46:09.427 [   DEBUG] (        highlevel.py: 186) viWrite(2, b'FREQ 9520000000.00\r\n', 20, 'c_ulong(20)') -> 0
2026-05-29 15:46:10.511 [   DEBUG] (         protocol.py: 363) Exception caught
Traceback (most recent call last):
  File "C:\Users\awsch\miniconda3\envs\nsp\Lib\site-packages\rpyc\core\protocol.py", line 356, in _dispatch_request
    res = self._HANDLERS[handler](self, *args)
          ^^^^^^^^^^^^^^^^^^^^^^^^^^^^^^^^^^^^
  File "C:\Users\awsch\miniconda3\envs\nsp\Lib\site-packages\rpyc\core\protocol.py", line 853, in _handle_getattr
    return self._access_attr(obj, name, (), "_rpyc_getattr", "allow_getattr", getattr)
           ^^^^^^^^^^^^^^^^^^^^^^^^^^^^^^^^^^^^^^^^^^^^^^^^^^^^^^^^^^^^^^^^^^^^^^^^^^^
  File "C:\Users\awsch\miniconda3\envs\nsp\Lib\site-packages\rpyc\core\protocol.py", line 781, in _access_attr
    return accessor(obj, name, *args)
           ^^^^^^^^^^^^^^^^^^^^^^^^^^
AttributeError: 'list' object has no attribute 'sum'
2026-05-29 15:46:10.512 [   DEBUG] (         protocol.py: 363) Exception caught
Traceback (most recent call last):
  File "C:\Users\awsch\miniconda3\envs\nsp\Lib\site-packages\rpyc\core\protocol.py", line 356, in _dispatch_request
    res = self._HANDLERS[handler](self, *args)
          ^^^^^^^^^^^^^^^^^^^^^^^^^^^^^^^^^^^^
  File "C:\Users\awsch\miniconda3\envs\nsp\Lib\site-packages\rpyc\core\protocol.py", line 853, in _handle_getattr
    return self._access_attr(obj, name, (), "_rpyc_getattr", "allow_getattr", getattr)
           ^^^^^^^^^^^^^^^^^^^^^^^^^^^^^^^^^^^^^^^^^^^^^^^^^^^^^^^^^^^^^^^^^^^^^^^^^^^
  File "C:\Users\awsch\miniconda3\envs\nsp\Lib\site-packages\rpyc\core\protocol.py", line 781, in _access_attr
    return accessor(obj, name, *args)
           ^^^^^^^^^^^^^^^^^^^^^^^^^^
AttributeError: 'list' object has no attribute 'sum'
2026-05-29 15:46:10.513 [   DEBUG] (         protocol.py: 363) Exception caught
Traceback (most recent call last):
  File "C:\Users\awsch\miniconda3\envs\nsp\Lib\site-packages\rpyc\core\protocol.py", line 356, in _dispatch_request
    res = self._HANDLERS[handler](self, *args)
          ^^^^^^^^^^^^^^^^^^^^^^^^^^^^^^^^^^^^
  File "C:\Users\awsch\miniconda3\envs\nsp\Lib\site-packages\rpyc\core\protocol.py", line 853, in _handle_getattr
    return self._access_attr(obj, name, (), "_rpyc_getattr", "allow_getattr", getattr)
           ^^^^^^^^^^^^^^^^^^^^^^^^^^^^^^^^^^^^^^^^^^^^^^^^^^^^^^^^^^^^^^^^^^^^^^^^^^^
  File "C:\Users\awsch\miniconda3\envs\nsp\Lib\site-packages\rpyc\core\protocol.py", line 781, in _access_attr
    return accessor(obj, name, *args)
           ^^^^^^^^^^^^^^^^^^^^^^^^^^
AttributeError: 'list' object has no attribute '__array__'
2026-05-29 15:46:10.532 [   DEBUG] (         protocol.py: 363) Exception caught
Traceback (most recent call last):
  File "C:\Users\awsch\miniconda3\envs\nsp\Lib\site-packages\rpyc\core\protocol.py", line 356, in _dispatch_request
    res = self._HANDLERS[handler](self, *args)
          ^^^^^^^^^^^^^^^^^^^^^^^^^^^^^^^^^^^^
  File "C:\Users\awsch\miniconda3\envs\nsp\Lib\site-packages\rpyc\core\protocol.py", line 853, in _handle_getattr
    return self._access_attr(obj, name, (), "_rpyc_getattr", "allow_getattr", getattr)
           ^^^^^^^^^^^^^^^^^^^^^^^^^^^^^^^^^^^^^^^^^^^^^^^^^^^^^^^^^^^^^^^^^^^^^^^^^^^
  File "C:\Users\awsch\miniconda3\envs\nsp\Lib\site-packages\rpyc\core\protocol.py", line 781, in _access_attr
    return accessor(obj, name, *args)
           ^^^^^^^^^^^^^^^^^^^^^^^^^^
AttributeError: 'list' object has no attribute '__array_wrap__'
2026-05-29 15:46:10.533 [   DEBUG] (         protocol.py: 363) Exception caught
Traceback (most recent call last):
  File "C:\Users\awsch\miniconda3\envs\nsp\Lib\site-packages\rpyc\core\protocol.py", line 356, in _dispatch_request
    res = self._HANDLERS[handler](self, *args)
          ^^^^^^^^^^^^^^^^^^^^^^^^^^^^^^^^^^^^
  File "C:\Users\awsch\miniconda3\envs\nsp\Lib\site-packages\rpyc\core\protocol.py", line 853, in _handle_getattr
    return self._access_attr(obj, name, (), "_rpyc_getattr", "allow_getattr", getattr)
           ^^^^^^^^^^^^^^^^^^^^^^^^^^^^^^^^^^^^^^^^^^^^^^^^^^^^^^^^^^^^^^^^^^^^^^^^^^^
  File "C:\Users\awsch\miniconda3\envs\nsp\Lib\site-packages\rpyc\core\protocol.py", line 781, in _access_attr
    return accessor(obj, name, *args)
           ^^^^^^^^^^^^^^^^^^^^^^^^^^
AttributeError: 'list' object has no attribute '__array_wrap__'
2026-05-29 15:46:10.534 [   DEBUG] (         protocol.py: 363) Exception caught
Traceback (most recent call last):
  File "C:\Users\awsch\miniconda3\envs\nsp\Lib\site-packages\rpyc\core\protocol.py", line 356, in _dispatch_request
    res = self._HANDLERS[handler](self, *args)
          ^^^^^^^^^^^^^^^^^^^^^^^^^^^^^^^^^^^^
  File "C:\Users\awsch\miniconda3\envs\nsp\Lib\site-packages\rpyc\core\protocol.py", line 853, in _handle_getattr
    return self._access_attr(obj, name, (), "_rpyc_getattr", "allow_getattr", getattr)
           ^^^^^^^^^^^^^^^^^^^^^^^^^^^^^^^^^^^^^^^^^^^^^^^^^^^^^^^^^^^^^^^^^^^^^^^^^^^
  File "C:\Users\awsch\miniconda3\envs\nsp\Lib\site-packages\rpyc\core\protocol.py", line 781, in _access_attr
    return accessor(obj, name, *args)
           ^^^^^^^^^^^^^^^^^^^^^^^^^^
AttributeError: 'list' object has no attribute 'sum'
2026-05-29 15:46:10.535 [   DEBUG] (         protocol.py: 363) Exception caught
Traceback (most recent call last):
  File "C:\Users\awsch\miniconda3\envs\nsp\Lib\site-packages\rpyc\core\protocol.py", line 356, in _dispatch_request
    res = self._HANDLERS[handler](self, *args)
          ^^^^^^^^^^^^^^^^^^^^^^^^^^^^^^^^^^^^
  File "C:\Users\awsch\miniconda3\envs\nsp\Lib\site-packages\rpyc\core\protocol.py", line 853, in _handle_getattr
    return self._access_attr(obj, name, (), "_rpyc_getattr", "allow_getattr", getattr)
           ^^^^^^^^^^^^^^^^^^^^^^^^^^^^^^^^^^^^^^^^^^^^^^^^^^^^^^^^^^^^^^^^^^^^^^^^^^^
  File "C:\Users\awsch\miniconda3\envs\nsp\Lib\site-packages\rpyc\core\protocol.py", line 781, in _access_attr
    return accessor(obj, name, *args)
           ^^^^^^^^^^^^^^^^^^^^^^^^^^
AttributeError: 'list' object has no attribute 'sum'
2026-05-29 15:46:10.536 [   DEBUG] (         protocol.py: 363) Exception caught
Traceback (most recent call last):
  File "C:\Users\awsch\miniconda3\envs\nsp\Lib\site-packages\rpyc\core\protocol.py", line 356, in _dispatch_request
    res = self._HANDLERS[handler](self, *args)
          ^^^^^^^^^^^^^^^^^^^^^^^^^^^^^^^^^^^^
  File "C:\Users\awsch\miniconda3\envs\nsp\Lib\site-packages\rpyc\core\protocol.py", line 853, in _handle_getattr
    return self._access_attr(obj, name, (), "_rpyc_getattr", "allow_getattr", getattr)
           ^^^^^^^^^^^^^^^^^^^^^^^^^^^^^^^^^^^^^^^^^^^^^^^^^^^^^^^^^^^^^^^^^^^^^^^^^^^
  File "C:\Users\awsch\miniconda3\envs\nsp\Lib\site-packages\rpyc\core\protocol.py", line 781, in _access_attr
    return accessor(obj, name, *args)
           ^^^^^^^^^^^^^^^^^^^^^^^^^^
AttributeError: 'list' object has no attribute '__array__'
2026-05-29 15:46:10.554 [   DEBUG] (         protocol.py: 363) Exception caught
Traceback (most recent call last):
  File "C:\Users\awsch\miniconda3\envs\nsp\Lib\site-packages\rpyc\core\protocol.py", line 356, in _dispatch_request
    res = self._HANDLERS[handler](self, *args)
          ^^^^^^^^^^^^^^^^^^^^^^^^^^^^^^^^^^^^
  File "C:\Users\awsch\miniconda3\envs\nsp\Lib\site-packages\rpyc\core\protocol.py", line 853, in _handle_getattr
    return self._access_attr(obj, name, (), "_rpyc_getattr", "allow_getattr", getattr)
           ^^^^^^^^^^^^^^^^^^^^^^^^^^^^^^^^^^^^^^^^^^^^^^^^^^^^^^^^^^^^^^^^^^^^^^^^^^^
  File "C:\Users\awsch\miniconda3\envs\nsp\Lib\site-packages\rpyc\core\protocol.py", line 781, in _access_attr
    return accessor(obj, name, *args)
           ^^^^^^^^^^^^^^^^^^^^^^^^^^
AttributeError: 'list' object has no attribute '__array_wrap__'
2026-05-29 15:46:10.555 [   DEBUG] (         protocol.py: 363) Exception caught
Traceback (most recent call last):
  File "C:\Users\awsch\miniconda3\envs\nsp\Lib\site-packages\rpyc\core\protocol.py", line 356, in _dispatch_request
    res = self._HANDLERS[handler](self, *args)
          ^^^^^^^^^^^^^^^^^^^^^^^^^^^^^^^^^^^^
  File "C:\Users\awsch\miniconda3\envs\nsp\Lib\site-packages\rpyc\core\protocol.py", line 853, in _handle_getattr
    return self._access_attr(obj, name, (), "_rpyc_getattr", "allow_getattr", getattr)
           ^^^^^^^^^^^^^^^^^^^^^^^^^^^^^^^^^^^^^^^^^^^^^^^^^^^^^^^^^^^^^^^^^^^^^^^^^^^
  File "C:\Users\awsch\miniconda3\envs\nsp\Lib\site-packages\rpyc\core\protocol.py", line 781, in _access_attr
    return accessor(obj, name, *args)
           ^^^^^^^^^^^^^^^^^^^^^^^^^^
AttributeError: 'list' object has no attribute '__array_wrap__'
2026-05-29 15:46:10.557 [   DEBUG] (        highlevel.py: 186) viWrite(1, b'MEAS:POWER?\r\n', 13, 'c_ulong(13)') -> 0
2026-05-29 15:46:10.558 [   DEBUG] (     messagebased.py: 435) USB0::0x1313::0x8072::1916964::0::INSTR - reading 20480 bytes (last status <StatusCode.success_max_count_read: 1073676294>)
2026-05-29 15:46:10.560 [   DEBUG] (        highlevel.py: 186) viRead(1, <ctypes.c_char_Array_20480 object at 0x000001E05EA88550>, 20480, 'c_ulong(15)') -> 0
2026-05-29 15:46:10.566 [   DEBUG] (        highlevel.py: 186) viWrite(2, b'FREQ 9530000000.00\r\n', 20, 'c_ulong(20)') -> 0
2026-05-29 15:46:11.630 [   DEBUG] (         protocol.py: 363) Exception caught
Traceback (most recent call last):
  File "C:\Users\awsch\miniconda3\envs\nsp\Lib\site-packages\rpyc\core\protocol.py", line 356, in _dispatch_request
    res = self._HANDLERS[handler](self, *args)
          ^^^^^^^^^^^^^^^^^^^^^^^^^^^^^^^^^^^^
  File "C:\Users\awsch\miniconda3\envs\nsp\Lib\site-packages\rpyc\core\protocol.py", line 853, in _handle_getattr
    return self._access_attr(obj, name, (), "_rpyc_getattr", "allow_getattr", getattr)
           ^^^^^^^^^^^^^^^^^^^^^^^^^^^^^^^^^^^^^^^^^^^^^^^^^^^^^^^^^^^^^^^^^^^^^^^^^^^
  File "C:\Users\awsch\miniconda3\envs\nsp\Lib\site-packages\rpyc\core\protocol.py", line 781, in _access_attr
    return accessor(obj, name, *args)
           ^^^^^^^^^^^^^^^^^^^^^^^^^^
AttributeError: 'list' object has no attribute 'sum'
2026-05-29 15:46:11.632 [   DEBUG] (         protocol.py: 363) Exception caught
Traceback (most recent call last):
  File "C:\Users\awsch\miniconda3\envs\nsp\Lib\site-packages\rpyc\core\protocol.py", line 356, in _dispatch_request
    res = self._HANDLERS[handler](self, *args)
          ^^^^^^^^^^^^^^^^^^^^^^^^^^^^^^^^^^^^
  File "C:\Users\awsch\miniconda3\envs\nsp\Lib\site-packages\rpyc\core\protocol.py", line 853, in _handle_getattr
    return self._access_attr(obj, name, (), "_rpyc_getattr", "allow_getattr", getattr)
           ^^^^^^^^^^^^^^^^^^^^^^^^^^^^^^^^^^^^^^^^^^^^^^^^^^^^^^^^^^^^^^^^^^^^^^^^^^^
  File "C:\Users\awsch\miniconda3\envs\nsp\Lib\site-packages\rpyc\core\protocol.py", line 781, in _access_attr
    return accessor(obj, name, *args)
           ^^^^^^^^^^^^^^^^^^^^^^^^^^
AttributeError: 'list' object has no attribute 'sum'
2026-05-29 15:46:11.633 [   DEBUG] (         protocol.py: 363) Exception caught
Traceback (most recent call last):
  File "C:\Users\awsch\miniconda3\envs\nsp\Lib\site-packages\rpyc\core\protocol.py", line 356, in _dispatch_request
    res = self._HANDLERS[handler](self, *args)
          ^^^^^^^^^^^^^^^^^^^^^^^^^^^^^^^^^^^^
  File "C:\Users\awsch\miniconda3\envs\nsp\Lib\site-packages\rpyc\core\protocol.py", line 853, in _handle_getattr
    return self._access_attr(obj, name, (), "_rpyc_getattr", "allow_getattr", getattr)
           ^^^^^^^^^^^^^^^^^^^^^^^^^^^^^^^^^^^^^^^^^^^^^^^^^^^^^^^^^^^^^^^^^^^^^^^^^^^
  File "C:\Users\awsch\miniconda3\envs\nsp\Lib\site-packages\rpyc\core\protocol.py", line 781, in _access_attr
    return accessor(obj, name, *args)
           ^^^^^^^^^^^^^^^^^^^^^^^^^^
AttributeError: 'list' object has no attribute '__array__'
2026-05-29 15:46:11.649 [   DEBUG] (         protocol.py: 363) Exception caught
Traceback (most recent call last):
  File "C:\Users\awsch\miniconda3\envs\nsp\Lib\site-packages\rpyc\core\protocol.py", line 356, in _dispatch_request
    res = self._HANDLERS[handler](self, *args)
          ^^^^^^^^^^^^^^^^^^^^^^^^^^^^^^^^^^^^
  File "C:\Users\awsch\miniconda3\envs\nsp\Lib\site-packages\rpyc\core\protocol.py", line 853, in _handle_getattr
    return self._access_attr(obj, name, (), "_rpyc_getattr", "allow_getattr", getattr)
           ^^^^^^^^^^^^^^^^^^^^^^^^^^^^^^^^^^^^^^^^^^^^^^^^^^^^^^^^^^^^^^^^^^^^^^^^^^^
  File "C:\Users\awsch\miniconda3\envs\nsp\Lib\site-packages\rpyc\core\protocol.py", line 781, in _access_attr
    return accessor(obj, name, *args)
           ^^^^^^^^^^^^^^^^^^^^^^^^^^
AttributeError: 'list' object has no attribute '__array_wrap__'
2026-05-29 15:46:11.650 [   DEBUG] (         protocol.py: 363) Exception caught
Traceback (most recent call last):
  File "C:\Users\awsch\miniconda3\envs\nsp\Lib\site-packages\rpyc\core\protocol.py", line 356, in _dispatch_request
    res = self._HANDLERS[handler](self, *args)
          ^^^^^^^^^^^^^^^^^^^^^^^^^^^^^^^^^^^^
  File "C:\Users\awsch\miniconda3\envs\nsp\Lib\site-packages\rpyc\core\protocol.py", line 853, in _handle_getattr
    return self._access_attr(obj, name, (), "_rpyc_getattr", "allow_getattr", getattr)
           ^^^^^^^^^^^^^^^^^^^^^^^^^^^^^^^^^^^^^^^^^^^^^^^^^^^^^^^^^^^^^^^^^^^^^^^^^^^
  File "C:\Users\awsch\miniconda3\envs\nsp\Lib\site-packages\rpyc\core\protocol.py", line 781, in _access_attr
    return accessor(obj, name, *args)
           ^^^^^^^^^^^^^^^^^^^^^^^^^^
AttributeError: 'list' object has no attribute '__array_wrap__'
2026-05-29 15:46:11.651 [   DEBUG] (         protocol.py: 363) Exception caught
Traceback (most recent call last):
  File "C:\Users\awsch\miniconda3\envs\nsp\Lib\site-packages\rpyc\core\protocol.py", line 356, in _dispatch_request
    res = self._HANDLERS[handler](self, *args)
          ^^^^^^^^^^^^^^^^^^^^^^^^^^^^^^^^^^^^
  File "C:\Users\awsch\miniconda3\envs\nsp\Lib\site-packages\rpyc\core\protocol.py", line 853, in _handle_getattr
    return self._access_attr(obj, name, (), "_rpyc_getattr", "allow_getattr", getattr)
           ^^^^^^^^^^^^^^^^^^^^^^^^^^^^^^^^^^^^^^^^^^^^^^^^^^^^^^^^^^^^^^^^^^^^^^^^^^^
  File "C:\Users\awsch\miniconda3\envs\nsp\Lib\site-packages\rpyc\core\protocol.py", line 781, in _access_attr
    return accessor(obj, name, *args)
           ^^^^^^^^^^^^^^^^^^^^^^^^^^
AttributeError: 'list' object has no attribute 'sum'
2026-05-29 15:46:11.652 [   DEBUG] (         protocol.py: 363) Exception caught
Traceback (most recent call last):
  File "C:\Users\awsch\miniconda3\envs\nsp\Lib\site-packages\rpyc\core\protocol.py", line 356, in _dispatch_request
    res = self._HANDLERS[handler](self, *args)
          ^^^^^^^^^^^^^^^^^^^^^^^^^^^^^^^^^^^^
  File "C:\Users\awsch\miniconda3\envs\nsp\Lib\site-packages\rpyc\core\protocol.py", line 853, in _handle_getattr
    return self._access_attr(obj, name, (), "_rpyc_getattr", "allow_getattr", getattr)
           ^^^^^^^^^^^^^^^^^^^^^^^^^^^^^^^^^^^^^^^^^^^^^^^^^^^^^^^^^^^^^^^^^^^^^^^^^^^
  File "C:\Users\awsch\miniconda3\envs\nsp\Lib\site-packages\rpyc\core\protocol.py", line 781, in _access_attr
    return accessor(obj, name, *args)
           ^^^^^^^^^^^^^^^^^^^^^^^^^^
AttributeError: 'list' object has no attribute 'sum'
2026-05-29 15:46:11.653 [   DEBUG] (         protocol.py: 363) Exception caught
Traceback (most recent call last):
  File "C:\Users\awsch\miniconda3\envs\nsp\Lib\site-packages\rpyc\core\protocol.py", line 356, in _dispatch_request
    res = self._HANDLERS[handler](self, *args)
          ^^^^^^^^^^^^^^^^^^^^^^^^^^^^^^^^^^^^
  File "C:\Users\awsch\miniconda3\envs\nsp\Lib\site-packages\rpyc\core\protocol.py", line 853, in _handle_getattr
    return self._access_attr(obj, name, (), "_rpyc_getattr", "allow_getattr", getattr)
           ^^^^^^^^^^^^^^^^^^^^^^^^^^^^^^^^^^^^^^^^^^^^^^^^^^^^^^^^^^^^^^^^^^^^^^^^^^^
  File "C:\Users\awsch\miniconda3\envs\nsp\Lib\site-packages\rpyc\core\protocol.py", line 781, in _access_attr
    return accessor(obj, name, *args)
           ^^^^^^^^^^^^^^^^^^^^^^^^^^
AttributeError: 'list' object has no attribute '__array__'
2026-05-29 15:46:11.671 [   DEBUG] (         protocol.py: 363) Exception caught
Traceback (most recent call last):
  File "C:\Users\awsch\miniconda3\envs\nsp\Lib\site-packages\rpyc\core\protocol.py", line 356, in _dispatch_request
    res = self._HANDLERS[handler](self, *args)
          ^^^^^^^^^^^^^^^^^^^^^^^^^^^^^^^^^^^^
  File "C:\Users\awsch\miniconda3\envs\nsp\Lib\site-packages\rpyc\core\protocol.py", line 853, in _handle_getattr
    return self._access_attr(obj, name, (), "_rpyc_getattr", "allow_getattr", getattr)
           ^^^^^^^^^^^^^^^^^^^^^^^^^^^^^^^^^^^^^^^^^^^^^^^^^^^^^^^^^^^^^^^^^^^^^^^^^^^
  File "C:\Users\awsch\miniconda3\envs\nsp\Lib\site-packages\rpyc\core\protocol.py", line 781, in _access_attr
    return accessor(obj, name, *args)
           ^^^^^^^^^^^^^^^^^^^^^^^^^^
AttributeError: 'list' object has no attribute '__array_wrap__'
2026-05-29 15:46:11.672 [   DEBUG] (         protocol.py: 363) Exception caught
Traceback (most recent call last):
  File "C:\Users\awsch\miniconda3\envs\nsp\Lib\site-packages\rpyc\core\protocol.py", line 356, in _dispatch_request
    res = self._HANDLERS[handler](self, *args)
          ^^^^^^^^^^^^^^^^^^^^^^^^^^^^^^^^^^^^
  File "C:\Users\awsch\miniconda3\envs\nsp\Lib\site-packages\rpyc\core\protocol.py", line 853, in _handle_getattr
    return self._access_attr(obj, name, (), "_rpyc_getattr", "allow_getattr", getattr)
           ^^^^^^^^^^^^^^^^^^^^^^^^^^^^^^^^^^^^^^^^^^^^^^^^^^^^^^^^^^^^^^^^^^^^^^^^^^^
  File "C:\Users\awsch\miniconda3\envs\nsp\Lib\site-packages\rpyc\core\protocol.py", line 781, in _access_attr
    return accessor(obj, name, *args)
           ^^^^^^^^^^^^^^^^^^^^^^^^^^
AttributeError: 'list' object has no attribute '__array_wrap__'
2026-05-29 15:46:11.674 [   DEBUG] (        highlevel.py: 186) viWrite(1, b'MEAS:POWER?\r\n', 13, 'c_ulong(13)') -> 0
2026-05-29 15:46:11.674 [   DEBUG] (     messagebased.py: 435) USB0::0x1313::0x8072::1916964::0::INSTR - reading 20480 bytes (last status <StatusCode.success_max_count_read: 1073676294>)
2026-05-29 15:46:11.676 [   DEBUG] (        highlevel.py: 186) viRead(1, <ctypes.c_char_Array_20480 object at 0x000001E05EA8AF50>, 20480, 'c_ulong(15)') -> 0
2026-05-29 15:46:11.682 [   DEBUG] (        highlevel.py: 186) viWrite(2, b'FREQ 9540000000.00\r\n', 20, 'c_ulong(20)') -> 0
2026-05-29 15:46:12.764 [   DEBUG] (         protocol.py: 363) Exception caught
Traceback (most recent call last):
  File "C:\Users\awsch\miniconda3\envs\nsp\Lib\site-packages\rpyc\core\protocol.py", line 356, in _dispatch_request
    res = self._HANDLERS[handler](self, *args)
          ^^^^^^^^^^^^^^^^^^^^^^^^^^^^^^^^^^^^
  File "C:\Users\awsch\miniconda3\envs\nsp\Lib\site-packages\rpyc\core\protocol.py", line 853, in _handle_getattr
    return self._access_attr(obj, name, (), "_rpyc_getattr", "allow_getattr", getattr)
           ^^^^^^^^^^^^^^^^^^^^^^^^^^^^^^^^^^^^^^^^^^^^^^^^^^^^^^^^^^^^^^^^^^^^^^^^^^^
  File "C:\Users\awsch\miniconda3\envs\nsp\Lib\site-packages\rpyc\core\protocol.py", line 781, in _access_attr
    return accessor(obj, name, *args)
           ^^^^^^^^^^^^^^^^^^^^^^^^^^
AttributeError: 'list' object has no attribute 'sum'
2026-05-29 15:46:12.766 [   DEBUG] (         protocol.py: 363) Exception caught
Traceback (most recent call last):
  File "C:\Users\awsch\miniconda3\envs\nsp\Lib\site-packages\rpyc\core\protocol.py", line 356, in _dispatch_request
    res = self._HANDLERS[handler](self, *args)
          ^^^^^^^^^^^^^^^^^^^^^^^^^^^^^^^^^^^^
  File "C:\Users\awsch\miniconda3\envs\nsp\Lib\site-packages\rpyc\core\protocol.py", line 853, in _handle_getattr
    return self._access_attr(obj, name, (), "_rpyc_getattr", "allow_getattr", getattr)
           ^^^^^^^^^^^^^^^^^^^^^^^^^^^^^^^^^^^^^^^^^^^^^^^^^^^^^^^^^^^^^^^^^^^^^^^^^^^
  File "C:\Users\awsch\miniconda3\envs\nsp\Lib\site-packages\rpyc\core\protocol.py", line 781, in _access_attr
    return accessor(obj, name, *args)
           ^^^^^^^^^^^^^^^^^^^^^^^^^^
AttributeError: 'list' object has no attribute 'sum'
2026-05-29 15:46:12.767 [   DEBUG] (         protocol.py: 363) Exception caught
Traceback (most recent call last):
  File "C:\Users\awsch\miniconda3\envs\nsp\Lib\site-packages\rpyc\core\protocol.py", line 356, in _dispatch_request
    res = self._HANDLERS[handler](self, *args)
          ^^^^^^^^^^^^^^^^^^^^^^^^^^^^^^^^^^^^
  File "C:\Users\awsch\miniconda3\envs\nsp\Lib\site-packages\rpyc\core\protocol.py", line 853, in _handle_getattr
    return self._access_attr(obj, name, (), "_rpyc_getattr", "allow_getattr", getattr)
           ^^^^^^^^^^^^^^^^^^^^^^^^^^^^^^^^^^^^^^^^^^^^^^^^^^^^^^^^^^^^^^^^^^^^^^^^^^^
  File "C:\Users\awsch\miniconda3\envs\nsp\Lib\site-packages\rpyc\core\protocol.py", line 781, in _access_attr
    return accessor(obj, name, *args)
           ^^^^^^^^^^^^^^^^^^^^^^^^^^
AttributeError: 'list' object has no attribute '__array__'
2026-05-29 15:46:12.785 [   DEBUG] (         protocol.py: 363) Exception caught
Traceback (most recent call last):
  File "C:\Users\awsch\miniconda3\envs\nsp\Lib\site-packages\rpyc\core\protocol.py", line 356, in _dispatch_request
    res = self._HANDLERS[handler](self, *args)
          ^^^^^^^^^^^^^^^^^^^^^^^^^^^^^^^^^^^^
  File "C:\Users\awsch\miniconda3\envs\nsp\Lib\site-packages\rpyc\core\protocol.py", line 853, in _handle_getattr
    return self._access_attr(obj, name, (), "_rpyc_getattr", "allow_getattr", getattr)
           ^^^^^^^^^^^^^^^^^^^^^^^^^^^^^^^^^^^^^^^^^^^^^^^^^^^^^^^^^^^^^^^^^^^^^^^^^^^
  File "C:\Users\awsch\miniconda3\envs\nsp\Lib\site-packages\rpyc\core\protocol.py", line 781, in _access_attr
    return accessor(obj, name, *args)
           ^^^^^^^^^^^^^^^^^^^^^^^^^^
AttributeError: 'list' object has no attribute '__array_wrap__'
2026-05-29 15:46:12.786 [   DEBUG] (         protocol.py: 363) Exception caught
Traceback (most recent call last):
  File "C:\Users\awsch\miniconda3\envs\nsp\Lib\site-packages\rpyc\core\protocol.py", line 356, in _dispatch_request
    res = self._HANDLERS[handler](self, *args)
          ^^^^^^^^^^^^^^^^^^^^^^^^^^^^^^^^^^^^
  File "C:\Users\awsch\miniconda3\envs\nsp\Lib\site-packages\rpyc\core\protocol.py", line 853, in _handle_getattr
    return self._access_attr(obj, name, (), "_rpyc_getattr", "allow_getattr", getattr)
           ^^^^^^^^^^^^^^^^^^^^^^^^^^^^^^^^^^^^^^^^^^^^^^^^^^^^^^^^^^^^^^^^^^^^^^^^^^^
  File "C:\Users\awsch\miniconda3\envs\nsp\Lib\site-packages\rpyc\core\protocol.py", line 781, in _access_attr
    return accessor(obj, name, *args)
           ^^^^^^^^^^^^^^^^^^^^^^^^^^
AttributeError: 'list' object has no attribute '__array_wrap__'
2026-05-29 15:46:12.787 [   DEBUG] (         protocol.py: 363) Exception caught
Traceback (most recent call last):
  File "C:\Users\awsch\miniconda3\envs\nsp\Lib\site-packages\rpyc\core\protocol.py", line 356, in _dispatch_request
    res = self._HANDLERS[handler](self, *args)
          ^^^^^^^^^^^^^^^^^^^^^^^^^^^^^^^^^^^^
  File "C:\Users\awsch\miniconda3\envs\nsp\Lib\site-packages\rpyc\core\protocol.py", line 853, in _handle_getattr
    return self._access_attr(obj, name, (), "_rpyc_getattr", "allow_getattr", getattr)
           ^^^^^^^^^^^^^^^^^^^^^^^^^^^^^^^^^^^^^^^^^^^^^^^^^^^^^^^^^^^^^^^^^^^^^^^^^^^
  File "C:\Users\awsch\miniconda3\envs\nsp\Lib\site-packages\rpyc\core\protocol.py", line 781, in _access_attr
    return accessor(obj, name, *args)
           ^^^^^^^^^^^^^^^^^^^^^^^^^^
AttributeError: 'list' object has no attribute 'sum'
2026-05-29 15:46:12.788 [   DEBUG] (         protocol.py: 363) Exception caught
Traceback (most recent call last):
  File "C:\Users\awsch\miniconda3\envs\nsp\Lib\site-packages\rpyc\core\protocol.py", line 356, in _dispatch_request
    res = self._HANDLERS[handler](self, *args)
          ^^^^^^^^^^^^^^^^^^^^^^^^^^^^^^^^^^^^
  File "C:\Users\awsch\miniconda3\envs\nsp\Lib\site-packages\rpyc\core\protocol.py", line 853, in _handle_getattr
    return self._access_attr(obj, name, (), "_rpyc_getattr", "allow_getattr", getattr)
           ^^^^^^^^^^^^^^^^^^^^^^^^^^^^^^^^^^^^^^^^^^^^^^^^^^^^^^^^^^^^^^^^^^^^^^^^^^^
  File "C:\Users\awsch\miniconda3\envs\nsp\Lib\site-packages\rpyc\core\protocol.py", line 781, in _access_attr
    return accessor(obj, name, *args)
           ^^^^^^^^^^^^^^^^^^^^^^^^^^
AttributeError: 'list' object has no attribute 'sum'
2026-05-29 15:46:12.789 [   DEBUG] (         protocol.py: 363) Exception caught
Traceback (most recent call last):
  File "C:\Users\awsch\miniconda3\envs\nsp\Lib\site-packages\rpyc\core\protocol.py", line 356, in _dispatch_request
    res = self._HANDLERS[handler](self, *args)
          ^^^^^^^^^^^^^^^^^^^^^^^^^^^^^^^^^^^^
  File "C:\Users\awsch\miniconda3\envs\nsp\Lib\site-packages\rpyc\core\protocol.py", line 853, in _handle_getattr
    return self._access_attr(obj, name, (), "_rpyc_getattr", "allow_getattr", getattr)
           ^^^^^^^^^^^^^^^^^^^^^^^^^^^^^^^^^^^^^^^^^^^^^^^^^^^^^^^^^^^^^^^^^^^^^^^^^^^
  File "C:\Users\awsch\miniconda3\envs\nsp\Lib\site-packages\rpyc\core\protocol.py", line 781, in _access_attr
    return accessor(obj, name, *args)
           ^^^^^^^^^^^^^^^^^^^^^^^^^^
AttributeError: 'list' object has no attribute '__array__'
2026-05-29 15:46:12.806 [   DEBUG] (         protocol.py: 363) Exception caught
Traceback (most recent call last):
  File "C:\Users\awsch\miniconda3\envs\nsp\Lib\site-packages\rpyc\core\protocol.py", line 356, in _dispatch_request
    res = self._HANDLERS[handler](self, *args)
          ^^^^^^^^^^^^^^^^^^^^^^^^^^^^^^^^^^^^
  File "C:\Users\awsch\miniconda3\envs\nsp\Lib\site-packages\rpyc\core\protocol.py", line 853, in _handle_getattr
    return self._access_attr(obj, name, (), "_rpyc_getattr", "allow_getattr", getattr)
           ^^^^^^^^^^^^^^^^^^^^^^^^^^^^^^^^^^^^^^^^^^^^^^^^^^^^^^^^^^^^^^^^^^^^^^^^^^^
  File "C:\Users\awsch\miniconda3\envs\nsp\Lib\site-packages\rpyc\core\protocol.py", line 781, in _access_attr
    return accessor(obj, name, *args)
           ^^^^^^^^^^^^^^^^^^^^^^^^^^
AttributeError: 'list' object has no attribute '__array_wrap__'
2026-05-29 15:46:12.807 [   DEBUG] (         protocol.py: 363) Exception caught
Traceback (most recent call last):
  File "C:\Users\awsch\miniconda3\envs\nsp\Lib\site-packages\rpyc\core\protocol.py", line 356, in _dispatch_request
    res = self._HANDLERS[handler](self, *args)
          ^^^^^^^^^^^^^^^^^^^^^^^^^^^^^^^^^^^^
  File "C:\Users\awsch\miniconda3\envs\nsp\Lib\site-packages\rpyc\core\protocol.py", line 853, in _handle_getattr
    return self._access_attr(obj, name, (), "_rpyc_getattr", "allow_getattr", getattr)
           ^^^^^^^^^^^^^^^^^^^^^^^^^^^^^^^^^^^^^^^^^^^^^^^^^^^^^^^^^^^^^^^^^^^^^^^^^^^
  File "C:\Users\awsch\miniconda3\envs\nsp\Lib\site-packages\rpyc\core\protocol.py", line 781, in _access_attr
    return accessor(obj, name, *args)
           ^^^^^^^^^^^^^^^^^^^^^^^^^^
AttributeError: 'list' object has no attribute '__array_wrap__'
2026-05-29 15:46:12.809 [   DEBUG] (        highlevel.py: 186) viWrite(1, b'MEAS:POWER?\r\n', 13, 'c_ulong(13)') -> 0
2026-05-29 15:46:12.810 [   DEBUG] (     messagebased.py: 435) USB0::0x1313::0x8072::1916964::0::INSTR - reading 20480 bytes (last status <StatusCode.success_max_count_read: 1073676294>)
2026-05-29 15:46:12.812 [   DEBUG] (        highlevel.py: 186) viRead(1, <ctypes.c_char_Array_20480 object at 0x000001E05EA888D0>, 20480, 'c_ulong(15)') -> 0
2026-05-29 15:46:12.818 [   DEBUG] (        highlevel.py: 186) viWrite(2, b'FREQ 9550000000.00\r\n', 20, 'c_ulong(20)') -> 0
2026-05-29 15:46:13.898 [   DEBUG] (         protocol.py: 363) Exception caught
Traceback (most recent call last):
  File "C:\Users\awsch\miniconda3\envs\nsp\Lib\site-packages\rpyc\core\protocol.py", line 356, in _dispatch_request
    res = self._HANDLERS[handler](self, *args)
          ^^^^^^^^^^^^^^^^^^^^^^^^^^^^^^^^^^^^
  File "C:\Users\awsch\miniconda3\envs\nsp\Lib\site-packages\rpyc\core\protocol.py", line 853, in _handle_getattr
    return self._access_attr(obj, name, (), "_rpyc_getattr", "allow_getattr", getattr)
           ^^^^^^^^^^^^^^^^^^^^^^^^^^^^^^^^^^^^^^^^^^^^^^^^^^^^^^^^^^^^^^^^^^^^^^^^^^^
  File "C:\Users\awsch\miniconda3\envs\nsp\Lib\site-packages\rpyc\core\protocol.py", line 781, in _access_attr
    return accessor(obj, name, *args)
           ^^^^^^^^^^^^^^^^^^^^^^^^^^
AttributeError: 'list' object has no attribute 'sum'
2026-05-29 15:46:13.899 [   DEBUG] (         protocol.py: 363) Exception caught
Traceback (most recent call last):
  File "C:\Users\awsch\miniconda3\envs\nsp\Lib\site-packages\rpyc\core\protocol.py", line 356, in _dispatch_request
    res = self._HANDLERS[handler](self, *args)
          ^^^^^^^^^^^^^^^^^^^^^^^^^^^^^^^^^^^^
  File "C:\Users\awsch\miniconda3\envs\nsp\Lib\site-packages\rpyc\core\protocol.py", line 853, in _handle_getattr
    return self._access_attr(obj, name, (), "_rpyc_getattr", "allow_getattr", getattr)
           ^^^^^^^^^^^^^^^^^^^^^^^^^^^^^^^^^^^^^^^^^^^^^^^^^^^^^^^^^^^^^^^^^^^^^^^^^^^
  File "C:\Users\awsch\miniconda3\envs\nsp\Lib\site-packages\rpyc\core\protocol.py", line 781, in _access_attr
    return accessor(obj, name, *args)
           ^^^^^^^^^^^^^^^^^^^^^^^^^^
AttributeError: 'list' object has no attribute 'sum'
2026-05-29 15:46:13.900 [   DEBUG] (         protocol.py: 363) Exception caught
Traceback (most recent call last):
  File "C:\Users\awsch\miniconda3\envs\nsp\Lib\site-packages\rpyc\core\protocol.py", line 356, in _dispatch_request
    res = self._HANDLERS[handler](self, *args)
          ^^^^^^^^^^^^^^^^^^^^^^^^^^^^^^^^^^^^
  File "C:\Users\awsch\miniconda3\envs\nsp\Lib\site-packages\rpyc\core\protocol.py", line 853, in _handle_getattr
    return self._access_attr(obj, name, (), "_rpyc_getattr", "allow_getattr", getattr)
           ^^^^^^^^^^^^^^^^^^^^^^^^^^^^^^^^^^^^^^^^^^^^^^^^^^^^^^^^^^^^^^^^^^^^^^^^^^^
  File "C:\Users\awsch\miniconda3\envs\nsp\Lib\site-packages\rpyc\core\protocol.py", line 781, in _access_attr
    return accessor(obj, name, *args)
           ^^^^^^^^^^^^^^^^^^^^^^^^^^
AttributeError: 'list' object has no attribute '__array__'
2026-05-29 15:46:13.918 [   DEBUG] (         protocol.py: 363) Exception caught
Traceback (most recent call last):
  File "C:\Users\awsch\miniconda3\envs\nsp\Lib\site-packages\rpyc\core\protocol.py", line 356, in _dispatch_request
    res = self._HANDLERS[handler](self, *args)
          ^^^^^^^^^^^^^^^^^^^^^^^^^^^^^^^^^^^^
  File "C:\Users\awsch\miniconda3\envs\nsp\Lib\site-packages\rpyc\core\protocol.py", line 853, in _handle_getattr
    return self._access_attr(obj, name, (), "_rpyc_getattr", "allow_getattr", getattr)
           ^^^^^^^^^^^^^^^^^^^^^^^^^^^^^^^^^^^^^^^^^^^^^^^^^^^^^^^^^^^^^^^^^^^^^^^^^^^
  File "C:\Users\awsch\miniconda3\envs\nsp\Lib\site-packages\rpyc\core\protocol.py", line 781, in _access_attr
    return accessor(obj, name, *args)
           ^^^^^^^^^^^^^^^^^^^^^^^^^^
AttributeError: 'list' object has no attribute '__array_wrap__'
2026-05-29 15:46:13.919 [   DEBUG] (         protocol.py: 363) Exception caught
Traceback (most recent call last):
  File "C:\Users\awsch\miniconda3\envs\nsp\Lib\site-packages\rpyc\core\protocol.py", line 356, in _dispatch_request
    res = self._HANDLERS[handler](self, *args)
          ^^^^^^^^^^^^^^^^^^^^^^^^^^^^^^^^^^^^
  File "C:\Users\awsch\miniconda3\envs\nsp\Lib\site-packages\rpyc\core\protocol.py", line 853, in _handle_getattr
    return self._access_attr(obj, name, (), "_rpyc_getattr", "allow_getattr", getattr)
           ^^^^^^^^^^^^^^^^^^^^^^^^^^^^^^^^^^^^^^^^^^^^^^^^^^^^^^^^^^^^^^^^^^^^^^^^^^^
  File "C:\Users\awsch\miniconda3\envs\nsp\Lib\site-packages\rpyc\core\protocol.py", line 781, in _access_attr
    return accessor(obj, name, *args)
           ^^^^^^^^^^^^^^^^^^^^^^^^^^
AttributeError: 'list' object has no attribute '__array_wrap__'
2026-05-29 15:46:13.920 [   DEBUG] (         protocol.py: 363) Exception caught
Traceback (most recent call last):
  File "C:\Users\awsch\miniconda3\envs\nsp\Lib\site-packages\rpyc\core\protocol.py", line 356, in _dispatch_request
    res = self._HANDLERS[handler](self, *args)
          ^^^^^^^^^^^^^^^^^^^^^^^^^^^^^^^^^^^^
  File "C:\Users\awsch\miniconda3\envs\nsp\Lib\site-packages\rpyc\core\protocol.py", line 853, in _handle_getattr
    return self._access_attr(obj, name, (), "_rpyc_getattr", "allow_getattr", getattr)
           ^^^^^^^^^^^^^^^^^^^^^^^^^^^^^^^^^^^^^^^^^^^^^^^^^^^^^^^^^^^^^^^^^^^^^^^^^^^
  File "C:\Users\awsch\miniconda3\envs\nsp\Lib\site-packages\rpyc\core\protocol.py", line 781, in _access_attr
    return accessor(obj, name, *args)
           ^^^^^^^^^^^^^^^^^^^^^^^^^^
AttributeError: 'list' object has no attribute 'sum'
2026-05-29 15:46:13.921 [   DEBUG] (         protocol.py: 363) Exception caught
Traceback (most recent call last):
  File "C:\Users\awsch\miniconda3\envs\nsp\Lib\site-packages\rpyc\core\protocol.py", line 356, in _dispatch_request
    res = self._HANDLERS[handler](self, *args)
          ^^^^^^^^^^^^^^^^^^^^^^^^^^^^^^^^^^^^
  File "C:\Users\awsch\miniconda3\envs\nsp\Lib\site-packages\rpyc\core\protocol.py", line 853, in _handle_getattr
    return self._access_attr(obj, name, (), "_rpyc_getattr", "allow_getattr", getattr)
           ^^^^^^^^^^^^^^^^^^^^^^^^^^^^^^^^^^^^^^^^^^^^^^^^^^^^^^^^^^^^^^^^^^^^^^^^^^^
  File "C:\Users\awsch\miniconda3\envs\nsp\Lib\site-packages\rpyc\core\protocol.py", line 781, in _access_attr
    return accessor(obj, name, *args)
           ^^^^^^^^^^^^^^^^^^^^^^^^^^
AttributeError: 'list' object has no attribute 'sum'
2026-05-29 15:46:13.922 [   DEBUG] (         protocol.py: 363) Exception caught
Traceback (most recent call last):
  File "C:\Users\awsch\miniconda3\envs\nsp\Lib\site-packages\rpyc\core\protocol.py", line 356, in _dispatch_request
    res = self._HANDLERS[handler](self, *args)
          ^^^^^^^^^^^^^^^^^^^^^^^^^^^^^^^^^^^^
  File "C:\Users\awsch\miniconda3\envs\nsp\Lib\site-packages\rpyc\core\protocol.py", line 853, in _handle_getattr
    return self._access_attr(obj, name, (), "_rpyc_getattr", "allow_getattr", getattr)
           ^^^^^^^^^^^^^^^^^^^^^^^^^^^^^^^^^^^^^^^^^^^^^^^^^^^^^^^^^^^^^^^^^^^^^^^^^^^
  File "C:\Users\awsch\miniconda3\envs\nsp\Lib\site-packages\rpyc\core\protocol.py", line 781, in _access_attr
    return accessor(obj, name, *args)
           ^^^^^^^^^^^^^^^^^^^^^^^^^^
AttributeError: 'list' object has no attribute '__array__'
2026-05-29 15:46:13.940 [   DEBUG] (         protocol.py: 363) Exception caught
Traceback (most recent call last):
  File "C:\Users\awsch\miniconda3\envs\nsp\Lib\site-packages\rpyc\core\protocol.py", line 356, in _dispatch_request
    res = self._HANDLERS[handler](self, *args)
          ^^^^^^^^^^^^^^^^^^^^^^^^^^^^^^^^^^^^
  File "C:\Users\awsch\miniconda3\envs\nsp\Lib\site-packages\rpyc\core\protocol.py", line 853, in _handle_getattr
    return self._access_attr(obj, name, (), "_rpyc_getattr", "allow_getattr", getattr)
           ^^^^^^^^^^^^^^^^^^^^^^^^^^^^^^^^^^^^^^^^^^^^^^^^^^^^^^^^^^^^^^^^^^^^^^^^^^^
  File "C:\Users\awsch\miniconda3\envs\nsp\Lib\site-packages\rpyc\core\protocol.py", line 781, in _access_attr
    return accessor(obj, name, *args)
           ^^^^^^^^^^^^^^^^^^^^^^^^^^
AttributeError: 'list' object has no attribute '__array_wrap__'
2026-05-29 15:46:13.941 [   DEBUG] (         protocol.py: 363) Exception caught
Traceback (most recent call last):
  File "C:\Users\awsch\miniconda3\envs\nsp\Lib\site-packages\rpyc\core\protocol.py", line 356, in _dispatch_request
    res = self._HANDLERS[handler](self, *args)
          ^^^^^^^^^^^^^^^^^^^^^^^^^^^^^^^^^^^^
  File "C:\Users\awsch\miniconda3\envs\nsp\Lib\site-packages\rpyc\core\protocol.py", line 853, in _handle_getattr
    return self._access_attr(obj, name, (), "_rpyc_getattr", "allow_getattr", getattr)
           ^^^^^^^^^^^^^^^^^^^^^^^^^^^^^^^^^^^^^^^^^^^^^^^^^^^^^^^^^^^^^^^^^^^^^^^^^^^
  File "C:\Users\awsch\miniconda3\envs\nsp\Lib\site-packages\rpyc\core\protocol.py", line 781, in _access_attr
    return accessor(obj, name, *args)
           ^^^^^^^^^^^^^^^^^^^^^^^^^^
AttributeError: 'list' object has no attribute '__array_wrap__'
2026-05-29 15:46:13.943 [   DEBUG] (        highlevel.py: 186) viWrite(1, b'MEAS:POWER?\r\n', 13, 'c_ulong(13)') -> 0
2026-05-29 15:46:13.943 [   DEBUG] (     messagebased.py: 435) USB0::0x1313::0x8072::1916964::0::INSTR - reading 20480 bytes (last status <StatusCode.success_max_count_read: 1073676294>)
2026-05-29 15:46:13.946 [   DEBUG] (        highlevel.py: 186) viRead(1, <ctypes.c_char_Array_20480 object at 0x000001E05EA8ACD0>, 20480, 'c_ulong(15)') -> 0
2026-05-29 15:46:13.953 [   DEBUG] (        highlevel.py: 186) viWrite(2, b'FREQ 9560000000.00\r\n', 20, 'c_ulong(20)') -> 0
2026-05-29 15:46:15.035 [   DEBUG] (         protocol.py: 363) Exception caught
Traceback (most recent call last):
  File "C:\Users\awsch\miniconda3\envs\nsp\Lib\site-packages\rpyc\core\protocol.py", line 356, in _dispatch_request
    res = self._HANDLERS[handler](self, *args)
          ^^^^^^^^^^^^^^^^^^^^^^^^^^^^^^^^^^^^
  File "C:\Users\awsch\miniconda3\envs\nsp\Lib\site-packages\rpyc\core\protocol.py", line 853, in _handle_getattr
    return self._access_attr(obj, name, (), "_rpyc_getattr", "allow_getattr", getattr)
           ^^^^^^^^^^^^^^^^^^^^^^^^^^^^^^^^^^^^^^^^^^^^^^^^^^^^^^^^^^^^^^^^^^^^^^^^^^^
  File "C:\Users\awsch\miniconda3\envs\nsp\Lib\site-packages\rpyc\core\protocol.py", line 781, in _access_attr
    return accessor(obj, name, *args)
           ^^^^^^^^^^^^^^^^^^^^^^^^^^
AttributeError: 'list' object has no attribute 'sum'
2026-05-29 15:46:15.036 [   DEBUG] (         protocol.py: 363) Exception caught
Traceback (most recent call last):
  File "C:\Users\awsch\miniconda3\envs\nsp\Lib\site-packages\rpyc\core\protocol.py", line 356, in _dispatch_request
    res = self._HANDLERS[handler](self, *args)
          ^^^^^^^^^^^^^^^^^^^^^^^^^^^^^^^^^^^^
  File "C:\Users\awsch\miniconda3\envs\nsp\Lib\site-packages\rpyc\core\protocol.py", line 853, in _handle_getattr
    return self._access_attr(obj, name, (), "_rpyc_getattr", "allow_getattr", getattr)
           ^^^^^^^^^^^^^^^^^^^^^^^^^^^^^^^^^^^^^^^^^^^^^^^^^^^^^^^^^^^^^^^^^^^^^^^^^^^
  File "C:\Users\awsch\miniconda3\envs\nsp\Lib\site-packages\rpyc\core\protocol.py", line 781, in _access_attr
    return accessor(obj, name, *args)
           ^^^^^^^^^^^^^^^^^^^^^^^^^^
AttributeError: 'list' object has no attribute 'sum'
2026-05-29 15:46:15.037 [   DEBUG] (         protocol.py: 363) Exception caught
Traceback (most recent call last):
  File "C:\Users\awsch\miniconda3\envs\nsp\Lib\site-packages\rpyc\core\protocol.py", line 356, in _dispatch_request
    res = self._HANDLERS[handler](self, *args)
          ^^^^^^^^^^^^^^^^^^^^^^^^^^^^^^^^^^^^
  File "C:\Users\awsch\miniconda3\envs\nsp\Lib\site-packages\rpyc\core\protocol.py", line 853, in _handle_getattr
    return self._access_attr(obj, name, (), "_rpyc_getattr", "allow_getattr", getattr)
           ^^^^^^^^^^^^^^^^^^^^^^^^^^^^^^^^^^^^^^^^^^^^^^^^^^^^^^^^^^^^^^^^^^^^^^^^^^^
  File "C:\Users\awsch\miniconda3\envs\nsp\Lib\site-packages\rpyc\core\protocol.py", line 781, in _access_attr
    return accessor(obj, name, *args)
           ^^^^^^^^^^^^^^^^^^^^^^^^^^
AttributeError: 'list' object has no attribute '__array__'
2026-05-29 15:46:15.056 [   DEBUG] (         protocol.py: 363) Exception caught
Traceback (most recent call last):
  File "C:\Users\awsch\miniconda3\envs\nsp\Lib\site-packages\rpyc\core\protocol.py", line 356, in _dispatch_request
    res = self._HANDLERS[handler](self, *args)
          ^^^^^^^^^^^^^^^^^^^^^^^^^^^^^^^^^^^^
  File "C:\Users\awsch\miniconda3\envs\nsp\Lib\site-packages\rpyc\core\protocol.py", line 853, in _handle_getattr
    return self._access_attr(obj, name, (), "_rpyc_getattr", "allow_getattr", getattr)
           ^^^^^^^^^^^^^^^^^^^^^^^^^^^^^^^^^^^^^^^^^^^^^^^^^^^^^^^^^^^^^^^^^^^^^^^^^^^
  File "C:\Users\awsch\miniconda3\envs\nsp\Lib\site-packages\rpyc\core\protocol.py", line 781, in _access_attr
    return accessor(obj, name, *args)
           ^^^^^^^^^^^^^^^^^^^^^^^^^^
AttributeError: 'list' object has no attribute '__array_wrap__'
2026-05-29 15:46:15.057 [   DEBUG] (         protocol.py: 363) Exception caught
Traceback (most recent call last):
  File "C:\Users\awsch\miniconda3\envs\nsp\Lib\site-packages\rpyc\core\protocol.py", line 356, in _dispatch_request
    res = self._HANDLERS[handler](self, *args)
          ^^^^^^^^^^^^^^^^^^^^^^^^^^^^^^^^^^^^
  File "C:\Users\awsch\miniconda3\envs\nsp\Lib\site-packages\rpyc\core\protocol.py", line 853, in _handle_getattr
    return self._access_attr(obj, name, (), "_rpyc_getattr", "allow_getattr", getattr)
           ^^^^^^^^^^^^^^^^^^^^^^^^^^^^^^^^^^^^^^^^^^^^^^^^^^^^^^^^^^^^^^^^^^^^^^^^^^^
  File "C:\Users\awsch\miniconda3\envs\nsp\Lib\site-packages\rpyc\core\protocol.py", line 781, in _access_attr
    return accessor(obj, name, *args)
           ^^^^^^^^^^^^^^^^^^^^^^^^^^
AttributeError: 'list' object has no attribute '__array_wrap__'
2026-05-29 15:46:15.058 [   DEBUG] (         protocol.py: 363) Exception caught
Traceback (most recent call last):
  File "C:\Users\awsch\miniconda3\envs\nsp\Lib\site-packages\rpyc\core\protocol.py", line 356, in _dispatch_request
    res = self._HANDLERS[handler](self, *args)
          ^^^^^^^^^^^^^^^^^^^^^^^^^^^^^^^^^^^^
  File "C:\Users\awsch\miniconda3\envs\nsp\Lib\site-packages\rpyc\core\protocol.py", line 853, in _handle_getattr
    return self._access_attr(obj, name, (), "_rpyc_getattr", "allow_getattr", getattr)
           ^^^^^^^^^^^^^^^^^^^^^^^^^^^^^^^^^^^^^^^^^^^^^^^^^^^^^^^^^^^^^^^^^^^^^^^^^^^
  File "C:\Users\awsch\miniconda3\envs\nsp\Lib\site-packages\rpyc\core\protocol.py", line 781, in _access_attr
    return accessor(obj, name, *args)
           ^^^^^^^^^^^^^^^^^^^^^^^^^^
AttributeError: 'list' object has no attribute 'sum'
2026-05-29 15:46:15.059 [   DEBUG] (         protocol.py: 363) Exception caught
Traceback (most recent call last):
  File "C:\Users\awsch\miniconda3\envs\nsp\Lib\site-packages\rpyc\core\protocol.py", line 356, in _dispatch_request
    res = self._HANDLERS[handler](self, *args)
          ^^^^^^^^^^^^^^^^^^^^^^^^^^^^^^^^^^^^
  File "C:\Users\awsch\miniconda3\envs\nsp\Lib\site-packages\rpyc\core\protocol.py", line 853, in _handle_getattr
    return self._access_attr(obj, name, (), "_rpyc_getattr", "allow_getattr", getattr)
           ^^^^^^^^^^^^^^^^^^^^^^^^^^^^^^^^^^^^^^^^^^^^^^^^^^^^^^^^^^^^^^^^^^^^^^^^^^^
  File "C:\Users\awsch\miniconda3\envs\nsp\Lib\site-packages\rpyc\core\protocol.py", line 781, in _access_attr
    return accessor(obj, name, *args)
           ^^^^^^^^^^^^^^^^^^^^^^^^^^
AttributeError: 'list' object has no attribute 'sum'
2026-05-29 15:46:15.060 [   DEBUG] (         protocol.py: 363) Exception caught
Traceback (most recent call last):
  File "C:\Users\awsch\miniconda3\envs\nsp\Lib\site-packages\rpyc\core\protocol.py", line 356, in _dispatch_request
    res = self._HANDLERS[handler](self, *args)
          ^^^^^^^^^^^^^^^^^^^^^^^^^^^^^^^^^^^^
  File "C:\Users\awsch\miniconda3\envs\nsp\Lib\site-packages\rpyc\core\protocol.py", line 853, in _handle_getattr
    return self._access_attr(obj, name, (), "_rpyc_getattr", "allow_getattr", getattr)
           ^^^^^^^^^^^^^^^^^^^^^^^^^^^^^^^^^^^^^^^^^^^^^^^^^^^^^^^^^^^^^^^^^^^^^^^^^^^
  File "C:\Users\awsch\miniconda3\envs\nsp\Lib\site-packages\rpyc\core\protocol.py", line 781, in _access_attr
    return accessor(obj, name, *args)
           ^^^^^^^^^^^^^^^^^^^^^^^^^^
AttributeError: 'list' object has no attribute '__array__'
2026-05-29 15:46:15.077 [   DEBUG] (         protocol.py: 363) Exception caught
Traceback (most recent call last):
  File "C:\Users\awsch\miniconda3\envs\nsp\Lib\site-packages\rpyc\core\protocol.py", line 356, in _dispatch_request
    res = self._HANDLERS[handler](self, *args)
          ^^^^^^^^^^^^^^^^^^^^^^^^^^^^^^^^^^^^
  File "C:\Users\awsch\miniconda3\envs\nsp\Lib\site-packages\rpyc\core\protocol.py", line 853, in _handle_getattr
    return self._access_attr(obj, name, (), "_rpyc_getattr", "allow_getattr", getattr)
           ^^^^^^^^^^^^^^^^^^^^^^^^^^^^^^^^^^^^^^^^^^^^^^^^^^^^^^^^^^^^^^^^^^^^^^^^^^^
  File "C:\Users\awsch\miniconda3\envs\nsp\Lib\site-packages\rpyc\core\protocol.py", line 781, in _access_attr
    return accessor(obj, name, *args)
           ^^^^^^^^^^^^^^^^^^^^^^^^^^
AttributeError: 'list' object has no attribute '__array_wrap__'
2026-05-29 15:46:15.078 [   DEBUG] (         protocol.py: 363) Exception caught
Traceback (most recent call last):
  File "C:\Users\awsch\miniconda3\envs\nsp\Lib\site-packages\rpyc\core\protocol.py", line 356, in _dispatch_request
    res = self._HANDLERS[handler](self, *args)
          ^^^^^^^^^^^^^^^^^^^^^^^^^^^^^^^^^^^^
  File "C:\Users\awsch\miniconda3\envs\nsp\Lib\site-packages\rpyc\core\protocol.py", line 853, in _handle_getattr
    return self._access_attr(obj, name, (), "_rpyc_getattr", "allow_getattr", getattr)
           ^^^^^^^^^^^^^^^^^^^^^^^^^^^^^^^^^^^^^^^^^^^^^^^^^^^^^^^^^^^^^^^^^^^^^^^^^^^
  File "C:\Users\awsch\miniconda3\envs\nsp\Lib\site-packages\rpyc\core\protocol.py", line 781, in _access_attr
    return accessor(obj, name, *args)
           ^^^^^^^^^^^^^^^^^^^^^^^^^^
AttributeError: 'list' object has no attribute '__array_wrap__'
2026-05-29 15:46:15.080 [   DEBUG] (        highlevel.py: 186) viWrite(1, b'MEAS:POWER?\r\n', 13, 'c_ulong(13)') -> 0
2026-05-29 15:46:15.080 [   DEBUG] (     messagebased.py: 435) USB0::0x1313::0x8072::1916964::0::INSTR - reading 20480 bytes (last status <StatusCode.success_max_count_read: 1073676294>)
2026-05-29 15:46:15.083 [   DEBUG] (        highlevel.py: 186) viRead(1, <ctypes.c_char_Array_20480 object at 0x000001E05EA8AFD0>, 20480, 'c_ulong(15)') -> 0
2026-05-29 15:46:15.089 [   DEBUG] (        highlevel.py: 186) viWrite(2, b'FREQ 9570000000.00\r\n', 20, 'c_ulong(20)') -> 0
2026-05-29 15:46:16.162 [   DEBUG] (         protocol.py: 363) Exception caught
Traceback (most recent call last):
  File "C:\Users\awsch\miniconda3\envs\nsp\Lib\site-packages\rpyc\core\protocol.py", line 356, in _dispatch_request
    res = self._HANDLERS[handler](self, *args)
          ^^^^^^^^^^^^^^^^^^^^^^^^^^^^^^^^^^^^
  File "C:\Users\awsch\miniconda3\envs\nsp\Lib\site-packages\rpyc\core\protocol.py", line 853, in _handle_getattr
    return self._access_attr(obj, name, (), "_rpyc_getattr", "allow_getattr", getattr)
           ^^^^^^^^^^^^^^^^^^^^^^^^^^^^^^^^^^^^^^^^^^^^^^^^^^^^^^^^^^^^^^^^^^^^^^^^^^^
  File "C:\Users\awsch\miniconda3\envs\nsp\Lib\site-packages\rpyc\core\protocol.py", line 781, in _access_attr
    return accessor(obj, name, *args)
           ^^^^^^^^^^^^^^^^^^^^^^^^^^
AttributeError: 'list' object has no attribute 'sum'
2026-05-29 15:46:16.164 [   DEBUG] (         protocol.py: 363) Exception caught
Traceback (most recent call last):
  File "C:\Users\awsch\miniconda3\envs\nsp\Lib\site-packages\rpyc\core\protocol.py", line 356, in _dispatch_request
    res = self._HANDLERS[handler](self, *args)
          ^^^^^^^^^^^^^^^^^^^^^^^^^^^^^^^^^^^^
  File "C:\Users\awsch\miniconda3\envs\nsp\Lib\site-packages\rpyc\core\protocol.py", line 853, in _handle_getattr
    return self._access_attr(obj, name, (), "_rpyc_getattr", "allow_getattr", getattr)
           ^^^^^^^^^^^^^^^^^^^^^^^^^^^^^^^^^^^^^^^^^^^^^^^^^^^^^^^^^^^^^^^^^^^^^^^^^^^
  File "C:\Users\awsch\miniconda3\envs\nsp\Lib\site-packages\rpyc\core\protocol.py", line 781, in _access_attr
    return accessor(obj, name, *args)
           ^^^^^^^^^^^^^^^^^^^^^^^^^^
AttributeError: 'list' object has no attribute 'sum'
2026-05-29 15:46:16.165 [   DEBUG] (         protocol.py: 363) Exception caught
Traceback (most recent call last):
  File "C:\Users\awsch\miniconda3\envs\nsp\Lib\site-packages\rpyc\core\protocol.py", line 356, in _dispatch_request
    res = self._HANDLERS[handler](self, *args)
          ^^^^^^^^^^^^^^^^^^^^^^^^^^^^^^^^^^^^
  File "C:\Users\awsch\miniconda3\envs\nsp\Lib\site-packages\rpyc\core\protocol.py", line 853, in _handle_getattr
    return self._access_attr(obj, name, (), "_rpyc_getattr", "allow_getattr", getattr)
           ^^^^^^^^^^^^^^^^^^^^^^^^^^^^^^^^^^^^^^^^^^^^^^^^^^^^^^^^^^^^^^^^^^^^^^^^^^^
  File "C:\Users\awsch\miniconda3\envs\nsp\Lib\site-packages\rpyc\core\protocol.py", line 781, in _access_attr
    return accessor(obj, name, *args)
           ^^^^^^^^^^^^^^^^^^^^^^^^^^
AttributeError: 'list' object has no attribute '__array__'
2026-05-29 15:46:16.183 [   DEBUG] (         protocol.py: 363) Exception caught
Traceback (most recent call last):
  File "C:\Users\awsch\miniconda3\envs\nsp\Lib\site-packages\rpyc\core\protocol.py", line 356, in _dispatch_request
    res = self._HANDLERS[handler](self, *args)
          ^^^^^^^^^^^^^^^^^^^^^^^^^^^^^^^^^^^^
  File "C:\Users\awsch\miniconda3\envs\nsp\Lib\site-packages\rpyc\core\protocol.py", line 853, in _handle_getattr
    return self._access_attr(obj, name, (), "_rpyc_getattr", "allow_getattr", getattr)
           ^^^^^^^^^^^^^^^^^^^^^^^^^^^^^^^^^^^^^^^^^^^^^^^^^^^^^^^^^^^^^^^^^^^^^^^^^^^
  File "C:\Users\awsch\miniconda3\envs\nsp\Lib\site-packages\rpyc\core\protocol.py", line 781, in _access_attr
    return accessor(obj, name, *args)
           ^^^^^^^^^^^^^^^^^^^^^^^^^^
AttributeError: 'list' object has no attribute '__array_wrap__'
2026-05-29 15:46:16.184 [   DEBUG] (         protocol.py: 363) Exception caught
Traceback (most recent call last):
  File "C:\Users\awsch\miniconda3\envs\nsp\Lib\site-packages\rpyc\core\protocol.py", line 356, in _dispatch_request
    res = self._HANDLERS[handler](self, *args)
          ^^^^^^^^^^^^^^^^^^^^^^^^^^^^^^^^^^^^
  File "C:\Users\awsch\miniconda3\envs\nsp\Lib\site-packages\rpyc\core\protocol.py", line 853, in _handle_getattr
    return self._access_attr(obj, name, (), "_rpyc_getattr", "allow_getattr", getattr)
           ^^^^^^^^^^^^^^^^^^^^^^^^^^^^^^^^^^^^^^^^^^^^^^^^^^^^^^^^^^^^^^^^^^^^^^^^^^^
  File "C:\Users\awsch\miniconda3\envs\nsp\Lib\site-packages\rpyc\core\protocol.py", line 781, in _access_attr
    return accessor(obj, name, *args)
           ^^^^^^^^^^^^^^^^^^^^^^^^^^
AttributeError: 'list' object has no attribute '__array_wrap__'
2026-05-29 15:46:16.185 [   DEBUG] (         protocol.py: 363) Exception caught
Traceback (most recent call last):
  File "C:\Users\awsch\miniconda3\envs\nsp\Lib\site-packages\rpyc\core\protocol.py", line 356, in _dispatch_request
    res = self._HANDLERS[handler](self, *args)
          ^^^^^^^^^^^^^^^^^^^^^^^^^^^^^^^^^^^^
  File "C:\Users\awsch\miniconda3\envs\nsp\Lib\site-packages\rpyc\core\protocol.py", line 853, in _handle_getattr
    return self._access_attr(obj, name, (), "_rpyc_getattr", "allow_getattr", getattr)
           ^^^^^^^^^^^^^^^^^^^^^^^^^^^^^^^^^^^^^^^^^^^^^^^^^^^^^^^^^^^^^^^^^^^^^^^^^^^
  File "C:\Users\awsch\miniconda3\envs\nsp\Lib\site-packages\rpyc\core\protocol.py", line 781, in _access_attr
    return accessor(obj, name, *args)
           ^^^^^^^^^^^^^^^^^^^^^^^^^^
AttributeError: 'list' object has no attribute 'sum'
2026-05-29 15:46:16.186 [   DEBUG] (         protocol.py: 363) Exception caught
Traceback (most recent call last):
  File "C:\Users\awsch\miniconda3\envs\nsp\Lib\site-packages\rpyc\core\protocol.py", line 356, in _dispatch_request
    res = self._HANDLERS[handler](self, *args)
          ^^^^^^^^^^^^^^^^^^^^^^^^^^^^^^^^^^^^
  File "C:\Users\awsch\miniconda3\envs\nsp\Lib\site-packages\rpyc\core\protocol.py", line 853, in _handle_getattr
    return self._access_attr(obj, name, (), "_rpyc_getattr", "allow_getattr", getattr)
           ^^^^^^^^^^^^^^^^^^^^^^^^^^^^^^^^^^^^^^^^^^^^^^^^^^^^^^^^^^^^^^^^^^^^^^^^^^^
  File "C:\Users\awsch\miniconda3\envs\nsp\Lib\site-packages\rpyc\core\protocol.py", line 781, in _access_attr
    return accessor(obj, name, *args)
           ^^^^^^^^^^^^^^^^^^^^^^^^^^
AttributeError: 'list' object has no attribute 'sum'
2026-05-29 15:46:16.187 [   DEBUG] (         protocol.py: 363) Exception caught
Traceback (most recent call last):
  File "C:\Users\awsch\miniconda3\envs\nsp\Lib\site-packages\rpyc\core\protocol.py", line 356, in _dispatch_request
    res = self._HANDLERS[handler](self, *args)
          ^^^^^^^^^^^^^^^^^^^^^^^^^^^^^^^^^^^^
  File "C:\Users\awsch\miniconda3\envs\nsp\Lib\site-packages\rpyc\core\protocol.py", line 853, in _handle_getattr
    return self._access_attr(obj, name, (), "_rpyc_getattr", "allow_getattr", getattr)
           ^^^^^^^^^^^^^^^^^^^^^^^^^^^^^^^^^^^^^^^^^^^^^^^^^^^^^^^^^^^^^^^^^^^^^^^^^^^
  File "C:\Users\awsch\miniconda3\envs\nsp\Lib\site-packages\rpyc\core\protocol.py", line 781, in _access_attr
    return accessor(obj, name, *args)
           ^^^^^^^^^^^^^^^^^^^^^^^^^^
AttributeError: 'list' object has no attribute '__array__'
2026-05-29 15:46:16.205 [   DEBUG] (         protocol.py: 363) Exception caught
Traceback (most recent call last):
  File "C:\Users\awsch\miniconda3\envs\nsp\Lib\site-packages\rpyc\core\protocol.py", line 356, in _dispatch_request
    res = self._HANDLERS[handler](self, *args)
          ^^^^^^^^^^^^^^^^^^^^^^^^^^^^^^^^^^^^
  File "C:\Users\awsch\miniconda3\envs\nsp\Lib\site-packages\rpyc\core\protocol.py", line 853, in _handle_getattr
    return self._access_attr(obj, name, (), "_rpyc_getattr", "allow_getattr", getattr)
           ^^^^^^^^^^^^^^^^^^^^^^^^^^^^^^^^^^^^^^^^^^^^^^^^^^^^^^^^^^^^^^^^^^^^^^^^^^^
  File "C:\Users\awsch\miniconda3\envs\nsp\Lib\site-packages\rpyc\core\protocol.py", line 781, in _access_attr
    return accessor(obj, name, *args)
           ^^^^^^^^^^^^^^^^^^^^^^^^^^
AttributeError: 'list' object has no attribute '__array_wrap__'
2026-05-29 15:46:16.206 [   DEBUG] (         protocol.py: 363) Exception caught
Traceback (most recent call last):
  File "C:\Users\awsch\miniconda3\envs\nsp\Lib\site-packages\rpyc\core\protocol.py", line 356, in _dispatch_request
    res = self._HANDLERS[handler](self, *args)
          ^^^^^^^^^^^^^^^^^^^^^^^^^^^^^^^^^^^^
  File "C:\Users\awsch\miniconda3\envs\nsp\Lib\site-packages\rpyc\core\protocol.py", line 853, in _handle_getattr
    return self._access_attr(obj, name, (), "_rpyc_getattr", "allow_getattr", getattr)
           ^^^^^^^^^^^^^^^^^^^^^^^^^^^^^^^^^^^^^^^^^^^^^^^^^^^^^^^^^^^^^^^^^^^^^^^^^^^
  File "C:\Users\awsch\miniconda3\envs\nsp\Lib\site-packages\rpyc\core\protocol.py", line 781, in _access_attr
    return accessor(obj, name, *args)
           ^^^^^^^^^^^^^^^^^^^^^^^^^^
AttributeError: 'list' object has no attribute '__array_wrap__'
2026-05-29 15:46:16.208 [   DEBUG] (        highlevel.py: 186) viWrite(1, b'MEAS:POWER?\r\n', 13, 'c_ulong(13)') -> 0
2026-05-29 15:46:16.208 [   DEBUG] (     messagebased.py: 435) USB0::0x1313::0x8072::1916964::0::INSTR - reading 20480 bytes (last status <StatusCode.success_max_count_read: 1073676294>)
2026-05-29 15:46:16.211 [   DEBUG] (        highlevel.py: 186) viRead(1, <ctypes.c_char_Array_20480 object at 0x000001E05EA8A5D0>, 20480, 'c_ulong(15)') -> 0
2026-05-29 15:46:16.217 [   DEBUG] (        highlevel.py: 186) viWrite(2, b'FREQ 9580000000.00\r\n', 20, 'c_ulong(20)') -> 0
2026-05-29 15:46:17.302 [   DEBUG] (         protocol.py: 363) Exception caught
Traceback (most recent call last):
  File "C:\Users\awsch\miniconda3\envs\nsp\Lib\site-packages\rpyc\core\protocol.py", line 356, in _dispatch_request
    res = self._HANDLERS[handler](self, *args)
          ^^^^^^^^^^^^^^^^^^^^^^^^^^^^^^^^^^^^
  File "C:\Users\awsch\miniconda3\envs\nsp\Lib\site-packages\rpyc\core\protocol.py", line 853, in _handle_getattr
    return self._access_attr(obj, name, (), "_rpyc_getattr", "allow_getattr", getattr)
           ^^^^^^^^^^^^^^^^^^^^^^^^^^^^^^^^^^^^^^^^^^^^^^^^^^^^^^^^^^^^^^^^^^^^^^^^^^^
  File "C:\Users\awsch\miniconda3\envs\nsp\Lib\site-packages\rpyc\core\protocol.py", line 781, in _access_attr
    return accessor(obj, name, *args)
           ^^^^^^^^^^^^^^^^^^^^^^^^^^
AttributeError: 'list' object has no attribute 'sum'
2026-05-29 15:46:17.303 [   DEBUG] (         protocol.py: 363) Exception caught
Traceback (most recent call last):
  File "C:\Users\awsch\miniconda3\envs\nsp\Lib\site-packages\rpyc\core\protocol.py", line 356, in _dispatch_request
    res = self._HANDLERS[handler](self, *args)
          ^^^^^^^^^^^^^^^^^^^^^^^^^^^^^^^^^^^^
  File "C:\Users\awsch\miniconda3\envs\nsp\Lib\site-packages\rpyc\core\protocol.py", line 853, in _handle_getattr
    return self._access_attr(obj, name, (), "_rpyc_getattr", "allow_getattr", getattr)
           ^^^^^^^^^^^^^^^^^^^^^^^^^^^^^^^^^^^^^^^^^^^^^^^^^^^^^^^^^^^^^^^^^^^^^^^^^^^
  File "C:\Users\awsch\miniconda3\envs\nsp\Lib\site-packages\rpyc\core\protocol.py", line 781, in _access_attr
    return accessor(obj, name, *args)
           ^^^^^^^^^^^^^^^^^^^^^^^^^^
AttributeError: 'list' object has no attribute 'sum'
2026-05-29 15:46:17.304 [   DEBUG] (         protocol.py: 363) Exception caught
Traceback (most recent call last):
  File "C:\Users\awsch\miniconda3\envs\nsp\Lib\site-packages\rpyc\core\protocol.py", line 356, in _dispatch_request
    res = self._HANDLERS[handler](self, *args)
          ^^^^^^^^^^^^^^^^^^^^^^^^^^^^^^^^^^^^
  File "C:\Users\awsch\miniconda3\envs\nsp\Lib\site-packages\rpyc\core\protocol.py", line 853, in _handle_getattr
    return self._access_attr(obj, name, (), "_rpyc_getattr", "allow_getattr", getattr)
           ^^^^^^^^^^^^^^^^^^^^^^^^^^^^^^^^^^^^^^^^^^^^^^^^^^^^^^^^^^^^^^^^^^^^^^^^^^^
  File "C:\Users\awsch\miniconda3\envs\nsp\Lib\site-packages\rpyc\core\protocol.py", line 781, in _access_attr
    return accessor(obj, name, *args)
           ^^^^^^^^^^^^^^^^^^^^^^^^^^
AttributeError: 'list' object has no attribute '__array__'
2026-05-29 15:46:17.322 [   DEBUG] (         protocol.py: 363) Exception caught
Traceback (most recent call last):
  File "C:\Users\awsch\miniconda3\envs\nsp\Lib\site-packages\rpyc\core\protocol.py", line 356, in _dispatch_request
    res = self._HANDLERS[handler](self, *args)
          ^^^^^^^^^^^^^^^^^^^^^^^^^^^^^^^^^^^^
  File "C:\Users\awsch\miniconda3\envs\nsp\Lib\site-packages\rpyc\core\protocol.py", line 853, in _handle_getattr
    return self._access_attr(obj, name, (), "_rpyc_getattr", "allow_getattr", getattr)
           ^^^^^^^^^^^^^^^^^^^^^^^^^^^^^^^^^^^^^^^^^^^^^^^^^^^^^^^^^^^^^^^^^^^^^^^^^^^
  File "C:\Users\awsch\miniconda3\envs\nsp\Lib\site-packages\rpyc\core\protocol.py", line 781, in _access_attr
    return accessor(obj, name, *args)
           ^^^^^^^^^^^^^^^^^^^^^^^^^^
AttributeError: 'list' object has no attribute '__array_wrap__'
2026-05-29 15:46:17.323 [   DEBUG] (         protocol.py: 363) Exception caught
Traceback (most recent call last):
  File "C:\Users\awsch\miniconda3\envs\nsp\Lib\site-packages\rpyc\core\protocol.py", line 356, in _dispatch_request
    res = self._HANDLERS[handler](self, *args)
          ^^^^^^^^^^^^^^^^^^^^^^^^^^^^^^^^^^^^
  File "C:\Users\awsch\miniconda3\envs\nsp\Lib\site-packages\rpyc\core\protocol.py", line 853, in _handle_getattr
    return self._access_attr(obj, name, (), "_rpyc_getattr", "allow_getattr", getattr)
           ^^^^^^^^^^^^^^^^^^^^^^^^^^^^^^^^^^^^^^^^^^^^^^^^^^^^^^^^^^^^^^^^^^^^^^^^^^^
  File "C:\Users\awsch\miniconda3\envs\nsp\Lib\site-packages\rpyc\core\protocol.py", line 781, in _access_attr
    return accessor(obj, name, *args)
           ^^^^^^^^^^^^^^^^^^^^^^^^^^
AttributeError: 'list' object has no attribute '__array_wrap__'
2026-05-29 15:46:17.324 [   DEBUG] (         protocol.py: 363) Exception caught
Traceback (most recent call last):
  File "C:\Users\awsch\miniconda3\envs\nsp\Lib\site-packages\rpyc\core\protocol.py", line 356, in _dispatch_request
    res = self._HANDLERS[handler](self, *args)
          ^^^^^^^^^^^^^^^^^^^^^^^^^^^^^^^^^^^^
  File "C:\Users\awsch\miniconda3\envs\nsp\Lib\site-packages\rpyc\core\protocol.py", line 853, in _handle_getattr
    return self._access_attr(obj, name, (), "_rpyc_getattr", "allow_getattr", getattr)
           ^^^^^^^^^^^^^^^^^^^^^^^^^^^^^^^^^^^^^^^^^^^^^^^^^^^^^^^^^^^^^^^^^^^^^^^^^^^
  File "C:\Users\awsch\miniconda3\envs\nsp\Lib\site-packages\rpyc\core\protocol.py", line 781, in _access_attr
    return accessor(obj, name, *args)
           ^^^^^^^^^^^^^^^^^^^^^^^^^^
AttributeError: 'list' object has no attribute 'sum'
2026-05-29 15:46:17.325 [   DEBUG] (         protocol.py: 363) Exception caught
Traceback (most recent call last):
  File "C:\Users\awsch\miniconda3\envs\nsp\Lib\site-packages\rpyc\core\protocol.py", line 356, in _dispatch_request
    res = self._HANDLERS[handler](self, *args)
          ^^^^^^^^^^^^^^^^^^^^^^^^^^^^^^^^^^^^
  File "C:\Users\awsch\miniconda3\envs\nsp\Lib\site-packages\rpyc\core\protocol.py", line 853, in _handle_getattr
    return self._access_attr(obj, name, (), "_rpyc_getattr", "allow_getattr", getattr)
           ^^^^^^^^^^^^^^^^^^^^^^^^^^^^^^^^^^^^^^^^^^^^^^^^^^^^^^^^^^^^^^^^^^^^^^^^^^^
  File "C:\Users\awsch\miniconda3\envs\nsp\Lib\site-packages\rpyc\core\protocol.py", line 781, in _access_attr
    return accessor(obj, name, *args)
           ^^^^^^^^^^^^^^^^^^^^^^^^^^
AttributeError: 'list' object has no attribute 'sum'
2026-05-29 15:46:17.326 [   DEBUG] (         protocol.py: 363) Exception caught
Traceback (most recent call last):
  File "C:\Users\awsch\miniconda3\envs\nsp\Lib\site-packages\rpyc\core\protocol.py", line 356, in _dispatch_request
    res = self._HANDLERS[handler](self, *args)
          ^^^^^^^^^^^^^^^^^^^^^^^^^^^^^^^^^^^^
  File "C:\Users\awsch\miniconda3\envs\nsp\Lib\site-packages\rpyc\core\protocol.py", line 853, in _handle_getattr
    return self._access_attr(obj, name, (), "_rpyc_getattr", "allow_getattr", getattr)
           ^^^^^^^^^^^^^^^^^^^^^^^^^^^^^^^^^^^^^^^^^^^^^^^^^^^^^^^^^^^^^^^^^^^^^^^^^^^
  File "C:\Users\awsch\miniconda3\envs\nsp\Lib\site-packages\rpyc\core\protocol.py", line 781, in _access_attr
    return accessor(obj, name, *args)
           ^^^^^^^^^^^^^^^^^^^^^^^^^^
AttributeError: 'list' object has no attribute '__array__'
2026-05-29 15:46:17.344 [   DEBUG] (         protocol.py: 363) Exception caught
Traceback (most recent call last):
  File "C:\Users\awsch\miniconda3\envs\nsp\Lib\site-packages\rpyc\core\protocol.py", line 356, in _dispatch_request
    res = self._HANDLERS[handler](self, *args)
          ^^^^^^^^^^^^^^^^^^^^^^^^^^^^^^^^^^^^
  File "C:\Users\awsch\miniconda3\envs\nsp\Lib\site-packages\rpyc\core\protocol.py", line 853, in _handle_getattr
    return self._access_attr(obj, name, (), "_rpyc_getattr", "allow_getattr", getattr)
           ^^^^^^^^^^^^^^^^^^^^^^^^^^^^^^^^^^^^^^^^^^^^^^^^^^^^^^^^^^^^^^^^^^^^^^^^^^^
  File "C:\Users\awsch\miniconda3\envs\nsp\Lib\site-packages\rpyc\core\protocol.py", line 781, in _access_attr
    return accessor(obj, name, *args)
           ^^^^^^^^^^^^^^^^^^^^^^^^^^
AttributeError: 'list' object has no attribute '__array_wrap__'
2026-05-29 15:46:17.345 [   DEBUG] (         protocol.py: 363) Exception caught
Traceback (most recent call last):
  File "C:\Users\awsch\miniconda3\envs\nsp\Lib\site-packages\rpyc\core\protocol.py", line 356, in _dispatch_request
    res = self._HANDLERS[handler](self, *args)
          ^^^^^^^^^^^^^^^^^^^^^^^^^^^^^^^^^^^^
  File "C:\Users\awsch\miniconda3\envs\nsp\Lib\site-packages\rpyc\core\protocol.py", line 853, in _handle_getattr
    return self._access_attr(obj, name, (), "_rpyc_getattr", "allow_getattr", getattr)
           ^^^^^^^^^^^^^^^^^^^^^^^^^^^^^^^^^^^^^^^^^^^^^^^^^^^^^^^^^^^^^^^^^^^^^^^^^^^
  File "C:\Users\awsch\miniconda3\envs\nsp\Lib\site-packages\rpyc\core\protocol.py", line 781, in _access_attr
    return accessor(obj, name, *args)
           ^^^^^^^^^^^^^^^^^^^^^^^^^^
AttributeError: 'list' object has no attribute '__array_wrap__'
2026-05-29 15:46:17.347 [   DEBUG] (        highlevel.py: 186) viWrite(1, b'MEAS:POWER?\r\n', 13, 'c_ulong(13)') -> 0
2026-05-29 15:46:17.348 [   DEBUG] (     messagebased.py: 435) USB0::0x1313::0x8072::1916964::0::INSTR - reading 20480 bytes (last status <StatusCode.success_max_count_read: 1073676294>)
2026-05-29 15:46:17.350 [   DEBUG] (        highlevel.py: 186) viRead(1, <ctypes.c_char_Array_20480 object at 0x000001E05EA8B2D0>, 20480, 'c_ulong(15)') -> 0
2026-05-29 15:46:17.356 [   DEBUG] (        highlevel.py: 186) viWrite(2, b'FREQ 9590000000.00\r\n', 20, 'c_ulong(20)') -> 0
2026-05-29 15:46:18.431 [   DEBUG] (         protocol.py: 363) Exception caught
Traceback (most recent call last):
  File "C:\Users\awsch\miniconda3\envs\nsp\Lib\site-packages\rpyc\core\protocol.py", line 356, in _dispatch_request
    res = self._HANDLERS[handler](self, *args)
          ^^^^^^^^^^^^^^^^^^^^^^^^^^^^^^^^^^^^
  File "C:\Users\awsch\miniconda3\envs\nsp\Lib\site-packages\rpyc\core\protocol.py", line 853, in _handle_getattr
    return self._access_attr(obj, name, (), "_rpyc_getattr", "allow_getattr", getattr)
           ^^^^^^^^^^^^^^^^^^^^^^^^^^^^^^^^^^^^^^^^^^^^^^^^^^^^^^^^^^^^^^^^^^^^^^^^^^^
  File "C:\Users\awsch\miniconda3\envs\nsp\Lib\site-packages\rpyc\core\protocol.py", line 781, in _access_attr
    return accessor(obj, name, *args)
           ^^^^^^^^^^^^^^^^^^^^^^^^^^
AttributeError: 'list' object has no attribute 'sum'
2026-05-29 15:46:18.432 [   DEBUG] (         protocol.py: 363) Exception caught
Traceback (most recent call last):
  File "C:\Users\awsch\miniconda3\envs\nsp\Lib\site-packages\rpyc\core\protocol.py", line 356, in _dispatch_request
    res = self._HANDLERS[handler](self, *args)
          ^^^^^^^^^^^^^^^^^^^^^^^^^^^^^^^^^^^^
  File "C:\Users\awsch\miniconda3\envs\nsp\Lib\site-packages\rpyc\core\protocol.py", line 853, in _handle_getattr
    return self._access_attr(obj, name, (), "_rpyc_getattr", "allow_getattr", getattr)
           ^^^^^^^^^^^^^^^^^^^^^^^^^^^^^^^^^^^^^^^^^^^^^^^^^^^^^^^^^^^^^^^^^^^^^^^^^^^
  File "C:\Users\awsch\miniconda3\envs\nsp\Lib\site-packages\rpyc\core\protocol.py", line 781, in _access_attr
    return accessor(obj, name, *args)
           ^^^^^^^^^^^^^^^^^^^^^^^^^^
AttributeError: 'list' object has no attribute 'sum'
2026-05-29 15:46:18.433 [   DEBUG] (         protocol.py: 363) Exception caught
Traceback (most recent call last):
  File "C:\Users\awsch\miniconda3\envs\nsp\Lib\site-packages\rpyc\core\protocol.py", line 356, in _dispatch_request
    res = self._HANDLERS[handler](self, *args)
          ^^^^^^^^^^^^^^^^^^^^^^^^^^^^^^^^^^^^
  File "C:\Users\awsch\miniconda3\envs\nsp\Lib\site-packages\rpyc\core\protocol.py", line 853, in _handle_getattr
    return self._access_attr(obj, name, (), "_rpyc_getattr", "allow_getattr", getattr)
           ^^^^^^^^^^^^^^^^^^^^^^^^^^^^^^^^^^^^^^^^^^^^^^^^^^^^^^^^^^^^^^^^^^^^^^^^^^^
  File "C:\Users\awsch\miniconda3\envs\nsp\Lib\site-packages\rpyc\core\protocol.py", line 781, in _access_attr
    return accessor(obj, name, *args)
           ^^^^^^^^^^^^^^^^^^^^^^^^^^
AttributeError: 'list' object has no attribute '__array__'
2026-05-29 15:46:18.451 [   DEBUG] (         protocol.py: 363) Exception caught
Traceback (most recent call last):
  File "C:\Users\awsch\miniconda3\envs\nsp\Lib\site-packages\rpyc\core\protocol.py", line 356, in _dispatch_request
    res = self._HANDLERS[handler](self, *args)
          ^^^^^^^^^^^^^^^^^^^^^^^^^^^^^^^^^^^^
  File "C:\Users\awsch\miniconda3\envs\nsp\Lib\site-packages\rpyc\core\protocol.py", line 853, in _handle_getattr
    return self._access_attr(obj, name, (), "_rpyc_getattr", "allow_getattr", getattr)
           ^^^^^^^^^^^^^^^^^^^^^^^^^^^^^^^^^^^^^^^^^^^^^^^^^^^^^^^^^^^^^^^^^^^^^^^^^^^
  File "C:\Users\awsch\miniconda3\envs\nsp\Lib\site-packages\rpyc\core\protocol.py", line 781, in _access_attr
    return accessor(obj, name, *args)
           ^^^^^^^^^^^^^^^^^^^^^^^^^^
AttributeError: 'list' object has no attribute '__array_wrap__'
2026-05-29 15:46:18.453 [   DEBUG] (         protocol.py: 363) Exception caught
Traceback (most recent call last):
  File "C:\Users\awsch\miniconda3\envs\nsp\Lib\site-packages\rpyc\core\protocol.py", line 356, in _dispatch_request
    res = self._HANDLERS[handler](self, *args)
          ^^^^^^^^^^^^^^^^^^^^^^^^^^^^^^^^^^^^
  File "C:\Users\awsch\miniconda3\envs\nsp\Lib\site-packages\rpyc\core\protocol.py", line 853, in _handle_getattr
    return self._access_attr(obj, name, (), "_rpyc_getattr", "allow_getattr", getattr)
           ^^^^^^^^^^^^^^^^^^^^^^^^^^^^^^^^^^^^^^^^^^^^^^^^^^^^^^^^^^^^^^^^^^^^^^^^^^^
  File "C:\Users\awsch\miniconda3\envs\nsp\Lib\site-packages\rpyc\core\protocol.py", line 781, in _access_attr
    return accessor(obj, name, *args)
           ^^^^^^^^^^^^^^^^^^^^^^^^^^
AttributeError: 'list' object has no attribute '__array_wrap__'
2026-05-29 15:46:18.454 [   DEBUG] (         protocol.py: 363) Exception caught
Traceback (most recent call last):
  File "C:\Users\awsch\miniconda3\envs\nsp\Lib\site-packages\rpyc\core\protocol.py", line 356, in _dispatch_request
    res = self._HANDLERS[handler](self, *args)
          ^^^^^^^^^^^^^^^^^^^^^^^^^^^^^^^^^^^^
  File "C:\Users\awsch\miniconda3\envs\nsp\Lib\site-packages\rpyc\core\protocol.py", line 853, in _handle_getattr
    return self._access_attr(obj, name, (), "_rpyc_getattr", "allow_getattr", getattr)
           ^^^^^^^^^^^^^^^^^^^^^^^^^^^^^^^^^^^^^^^^^^^^^^^^^^^^^^^^^^^^^^^^^^^^^^^^^^^
  File "C:\Users\awsch\miniconda3\envs\nsp\Lib\site-packages\rpyc\core\protocol.py", line 781, in _access_attr
    return accessor(obj, name, *args)
           ^^^^^^^^^^^^^^^^^^^^^^^^^^
AttributeError: 'list' object has no attribute 'sum'
2026-05-29 15:46:18.455 [   DEBUG] (         protocol.py: 363) Exception caught
Traceback (most recent call last):
  File "C:\Users\awsch\miniconda3\envs\nsp\Lib\site-packages\rpyc\core\protocol.py", line 356, in _dispatch_request
    res = self._HANDLERS[handler](self, *args)
          ^^^^^^^^^^^^^^^^^^^^^^^^^^^^^^^^^^^^
  File "C:\Users\awsch\miniconda3\envs\nsp\Lib\site-packages\rpyc\core\protocol.py", line 853, in _handle_getattr
    return self._access_attr(obj, name, (), "_rpyc_getattr", "allow_getattr", getattr)
           ^^^^^^^^^^^^^^^^^^^^^^^^^^^^^^^^^^^^^^^^^^^^^^^^^^^^^^^^^^^^^^^^^^^^^^^^^^^
  File "C:\Users\awsch\miniconda3\envs\nsp\Lib\site-packages\rpyc\core\protocol.py", line 781, in _access_attr
    return accessor(obj, name, *args)
           ^^^^^^^^^^^^^^^^^^^^^^^^^^
AttributeError: 'list' object has no attribute 'sum'
2026-05-29 15:46:18.456 [   DEBUG] (         protocol.py: 363) Exception caught
Traceback (most recent call last):
  File "C:\Users\awsch\miniconda3\envs\nsp\Lib\site-packages\rpyc\core\protocol.py", line 356, in _dispatch_request
    res = self._HANDLERS[handler](self, *args)
          ^^^^^^^^^^^^^^^^^^^^^^^^^^^^^^^^^^^^
  File "C:\Users\awsch\miniconda3\envs\nsp\Lib\site-packages\rpyc\core\protocol.py", line 853, in _handle_getattr
    return self._access_attr(obj, name, (), "_rpyc_getattr", "allow_getattr", getattr)
           ^^^^^^^^^^^^^^^^^^^^^^^^^^^^^^^^^^^^^^^^^^^^^^^^^^^^^^^^^^^^^^^^^^^^^^^^^^^
  File "C:\Users\awsch\miniconda3\envs\nsp\Lib\site-packages\rpyc\core\protocol.py", line 781, in _access_attr
    return accessor(obj, name, *args)
           ^^^^^^^^^^^^^^^^^^^^^^^^^^
AttributeError: 'list' object has no attribute '__array__'
2026-05-29 15:46:18.474 [   DEBUG] (         protocol.py: 363) Exception caught
Traceback (most recent call last):
  File "C:\Users\awsch\miniconda3\envs\nsp\Lib\site-packages\rpyc\core\protocol.py", line 356, in _dispatch_request
    res = self._HANDLERS[handler](self, *args)
          ^^^^^^^^^^^^^^^^^^^^^^^^^^^^^^^^^^^^
  File "C:\Users\awsch\miniconda3\envs\nsp\Lib\site-packages\rpyc\core\protocol.py", line 853, in _handle_getattr
    return self._access_attr(obj, name, (), "_rpyc_getattr", "allow_getattr", getattr)
           ^^^^^^^^^^^^^^^^^^^^^^^^^^^^^^^^^^^^^^^^^^^^^^^^^^^^^^^^^^^^^^^^^^^^^^^^^^^
  File "C:\Users\awsch\miniconda3\envs\nsp\Lib\site-packages\rpyc\core\protocol.py", line 781, in _access_attr
    return accessor(obj, name, *args)
           ^^^^^^^^^^^^^^^^^^^^^^^^^^
AttributeError: 'list' object has no attribute '__array_wrap__'
2026-05-29 15:46:18.475 [   DEBUG] (         protocol.py: 363) Exception caught
Traceback (most recent call last):
  File "C:\Users\awsch\miniconda3\envs\nsp\Lib\site-packages\rpyc\core\protocol.py", line 356, in _dispatch_request
    res = self._HANDLERS[handler](self, *args)
          ^^^^^^^^^^^^^^^^^^^^^^^^^^^^^^^^^^^^
  File "C:\Users\awsch\miniconda3\envs\nsp\Lib\site-packages\rpyc\core\protocol.py", line 853, in _handle_getattr
    return self._access_attr(obj, name, (), "_rpyc_getattr", "allow_getattr", getattr)
           ^^^^^^^^^^^^^^^^^^^^^^^^^^^^^^^^^^^^^^^^^^^^^^^^^^^^^^^^^^^^^^^^^^^^^^^^^^^
  File "C:\Users\awsch\miniconda3\envs\nsp\Lib\site-packages\rpyc\core\protocol.py", line 781, in _access_attr
    return accessor(obj, name, *args)
           ^^^^^^^^^^^^^^^^^^^^^^^^^^
AttributeError: 'list' object has no attribute '__array_wrap__'
2026-05-29 15:46:18.478 [   DEBUG] (        highlevel.py: 186) viWrite(1, b'MEAS:POWER?\r\n', 13, 'c_ulong(13)') -> 0
2026-05-29 15:46:18.478 [   DEBUG] (     messagebased.py: 435) USB0::0x1313::0x8072::1916964::0::INSTR - reading 20480 bytes (last status <StatusCode.success_max_count_read: 1073676294>)
2026-05-29 15:46:18.481 [   DEBUG] (        highlevel.py: 186) viRead(1, <ctypes.c_char_Array_20480 object at 0x000001E05EA8B050>, 20480, 'c_ulong(15)') -> 0
2026-05-29 15:46:18.486 [   DEBUG] (        highlevel.py: 186) viWrite(2, b'FREQ 9600000000.00\r\n', 20, 'c_ulong(20)') -> 0
2026-05-29 15:46:19.563 [   DEBUG] (         protocol.py: 363) Exception caught
Traceback (most recent call last):
  File "C:\Users\awsch\miniconda3\envs\nsp\Lib\site-packages\rpyc\core\protocol.py", line 356, in _dispatch_request
    res = self._HANDLERS[handler](self, *args)
          ^^^^^^^^^^^^^^^^^^^^^^^^^^^^^^^^^^^^
  File "C:\Users\awsch\miniconda3\envs\nsp\Lib\site-packages\rpyc\core\protocol.py", line 853, in _handle_getattr
    return self._access_attr(obj, name, (), "_rpyc_getattr", "allow_getattr", getattr)
           ^^^^^^^^^^^^^^^^^^^^^^^^^^^^^^^^^^^^^^^^^^^^^^^^^^^^^^^^^^^^^^^^^^^^^^^^^^^
  File "C:\Users\awsch\miniconda3\envs\nsp\Lib\site-packages\rpyc\core\protocol.py", line 781, in _access_attr
    return accessor(obj, name, *args)
           ^^^^^^^^^^^^^^^^^^^^^^^^^^
AttributeError: 'list' object has no attribute 'sum'
2026-05-29 15:46:19.565 [   DEBUG] (         protocol.py: 363) Exception caught
Traceback (most recent call last):
  File "C:\Users\awsch\miniconda3\envs\nsp\Lib\site-packages\rpyc\core\protocol.py", line 356, in _dispatch_request
    res = self._HANDLERS[handler](self, *args)
          ^^^^^^^^^^^^^^^^^^^^^^^^^^^^^^^^^^^^
  File "C:\Users\awsch\miniconda3\envs\nsp\Lib\site-packages\rpyc\core\protocol.py", line 853, in _handle_getattr
    return self._access_attr(obj, name, (), "_rpyc_getattr", "allow_getattr", getattr)
           ^^^^^^^^^^^^^^^^^^^^^^^^^^^^^^^^^^^^^^^^^^^^^^^^^^^^^^^^^^^^^^^^^^^^^^^^^^^
  File "C:\Users\awsch\miniconda3\envs\nsp\Lib\site-packages\rpyc\core\protocol.py", line 781, in _access_attr
    return accessor(obj, name, *args)
           ^^^^^^^^^^^^^^^^^^^^^^^^^^
AttributeError: 'list' object has no attribute 'sum'
2026-05-29 15:46:19.568 [   DEBUG] (         protocol.py: 363) Exception caught
Traceback (most recent call last):
  File "C:\Users\awsch\miniconda3\envs\nsp\Lib\site-packages\rpyc\core\protocol.py", line 356, in _dispatch_request
    res = self._HANDLERS[handler](self, *args)
          ^^^^^^^^^^^^^^^^^^^^^^^^^^^^^^^^^^^^
  File "C:\Users\awsch\miniconda3\envs\nsp\Lib\site-packages\rpyc\core\protocol.py", line 853, in _handle_getattr
    return self._access_attr(obj, name, (), "_rpyc_getattr", "allow_getattr", getattr)
           ^^^^^^^^^^^^^^^^^^^^^^^^^^^^^^^^^^^^^^^^^^^^^^^^^^^^^^^^^^^^^^^^^^^^^^^^^^^
  File "C:\Users\awsch\miniconda3\envs\nsp\Lib\site-packages\rpyc\core\protocol.py", line 781, in _access_attr
    return accessor(obj, name, *args)
           ^^^^^^^^^^^^^^^^^^^^^^^^^^
AttributeError: 'list' object has no attribute '__array__'
2026-05-29 15:46:19.611 [   DEBUG] (         protocol.py: 363) Exception caught
Traceback (most recent call last):
  File "C:\Users\awsch\miniconda3\envs\nsp\Lib\site-packages\rpyc\core\protocol.py", line 356, in _dispatch_request
    res = self._HANDLERS[handler](self, *args)
          ^^^^^^^^^^^^^^^^^^^^^^^^^^^^^^^^^^^^
  File "C:\Users\awsch\miniconda3\envs\nsp\Lib\site-packages\rpyc\core\protocol.py", line 853, in _handle_getattr
    return self._access_attr(obj, name, (), "_rpyc_getattr", "allow_getattr", getattr)
           ^^^^^^^^^^^^^^^^^^^^^^^^^^^^^^^^^^^^^^^^^^^^^^^^^^^^^^^^^^^^^^^^^^^^^^^^^^^
  File "C:\Users\awsch\miniconda3\envs\nsp\Lib\site-packages\rpyc\core\protocol.py", line 781, in _access_attr
    return accessor(obj, name, *args)
           ^^^^^^^^^^^^^^^^^^^^^^^^^^
AttributeError: 'list' object has no attribute '__array_wrap__'
2026-05-29 15:46:19.614 [   DEBUG] (         protocol.py: 363) Exception caught
Traceback (most recent call last):
  File "C:\Users\awsch\miniconda3\envs\nsp\Lib\site-packages\rpyc\core\protocol.py", line 356, in _dispatch_request
    res = self._HANDLERS[handler](self, *args)
          ^^^^^^^^^^^^^^^^^^^^^^^^^^^^^^^^^^^^
  File "C:\Users\awsch\miniconda3\envs\nsp\Lib\site-packages\rpyc\core\protocol.py", line 853, in _handle_getattr
    return self._access_attr(obj, name, (), "_rpyc_getattr", "allow_getattr", getattr)
           ^^^^^^^^^^^^^^^^^^^^^^^^^^^^^^^^^^^^^^^^^^^^^^^^^^^^^^^^^^^^^^^^^^^^^^^^^^^
  File "C:\Users\awsch\miniconda3\envs\nsp\Lib\site-packages\rpyc\core\protocol.py", line 781, in _access_attr
    return accessor(obj, name, *args)
           ^^^^^^^^^^^^^^^^^^^^^^^^^^
AttributeError: 'list' object has no attribute '__array_wrap__'
2026-05-29 15:46:19.616 [   DEBUG] (         protocol.py: 363) Exception caught
Traceback (most recent call last):
  File "C:\Users\awsch\miniconda3\envs\nsp\Lib\site-packages\rpyc\core\protocol.py", line 356, in _dispatch_request
    res = self._HANDLERS[handler](self, *args)
          ^^^^^^^^^^^^^^^^^^^^^^^^^^^^^^^^^^^^
  File "C:\Users\awsch\miniconda3\envs\nsp\Lib\site-packages\rpyc\core\protocol.py", line 853, in _handle_getattr
    return self._access_attr(obj, name, (), "_rpyc_getattr", "allow_getattr", getattr)
           ^^^^^^^^^^^^^^^^^^^^^^^^^^^^^^^^^^^^^^^^^^^^^^^^^^^^^^^^^^^^^^^^^^^^^^^^^^^
  File "C:\Users\awsch\miniconda3\envs\nsp\Lib\site-packages\rpyc\core\protocol.py", line 781, in _access_attr
    return accessor(obj, name, *args)
           ^^^^^^^^^^^^^^^^^^^^^^^^^^
AttributeError: 'list' object has no attribute 'sum'
2026-05-29 15:46:19.618 [   DEBUG] (         protocol.py: 363) Exception caught
Traceback (most recent call last):
  File "C:\Users\awsch\miniconda3\envs\nsp\Lib\site-packages\rpyc\core\protocol.py", line 356, in _dispatch_request
    res = self._HANDLERS[handler](self, *args)
          ^^^^^^^^^^^^^^^^^^^^^^^^^^^^^^^^^^^^
  File "C:\Users\awsch\miniconda3\envs\nsp\Lib\site-packages\rpyc\core\protocol.py", line 853, in _handle_getattr
    return self._access_attr(obj, name, (), "_rpyc_getattr", "allow_getattr", getattr)
           ^^^^^^^^^^^^^^^^^^^^^^^^^^^^^^^^^^^^^^^^^^^^^^^^^^^^^^^^^^^^^^^^^^^^^^^^^^^
  File "C:\Users\awsch\miniconda3\envs\nsp\Lib\site-packages\rpyc\core\protocol.py", line 781, in _access_attr
    return accessor(obj, name, *args)
           ^^^^^^^^^^^^^^^^^^^^^^^^^^
AttributeError: 'list' object has no attribute 'sum'
2026-05-29 15:46:19.620 [   DEBUG] (         protocol.py: 363) Exception caught
Traceback (most recent call last):
  File "C:\Users\awsch\miniconda3\envs\nsp\Lib\site-packages\rpyc\core\protocol.py", line 356, in _dispatch_request
    res = self._HANDLERS[handler](self, *args)
          ^^^^^^^^^^^^^^^^^^^^^^^^^^^^^^^^^^^^
  File "C:\Users\awsch\miniconda3\envs\nsp\Lib\site-packages\rpyc\core\protocol.py", line 853, in _handle_getattr
    return self._access_attr(obj, name, (), "_rpyc_getattr", "allow_getattr", getattr)
           ^^^^^^^^^^^^^^^^^^^^^^^^^^^^^^^^^^^^^^^^^^^^^^^^^^^^^^^^^^^^^^^^^^^^^^^^^^^
  File "C:\Users\awsch\miniconda3\envs\nsp\Lib\site-packages\rpyc\core\protocol.py", line 781, in _access_attr
    return accessor(obj, name, *args)
           ^^^^^^^^^^^^^^^^^^^^^^^^^^
AttributeError: 'list' object has no attribute '__array__'
2026-05-29 15:46:19.641 [   DEBUG] (         protocol.py: 363) Exception caught
Traceback (most recent call last):
  File "C:\Users\awsch\miniconda3\envs\nsp\Lib\site-packages\rpyc\core\protocol.py", line 356, in _dispatch_request
    res = self._HANDLERS[handler](self, *args)
          ^^^^^^^^^^^^^^^^^^^^^^^^^^^^^^^^^^^^
  File "C:\Users\awsch\miniconda3\envs\nsp\Lib\site-packages\rpyc\core\protocol.py", line 853, in _handle_getattr
    return self._access_attr(obj, name, (), "_rpyc_getattr", "allow_getattr", getattr)
           ^^^^^^^^^^^^^^^^^^^^^^^^^^^^^^^^^^^^^^^^^^^^^^^^^^^^^^^^^^^^^^^^^^^^^^^^^^^
  File "C:\Users\awsch\miniconda3\envs\nsp\Lib\site-packages\rpyc\core\protocol.py", line 781, in _access_attr
    return accessor(obj, name, *args)
           ^^^^^^^^^^^^^^^^^^^^^^^^^^
AttributeError: 'list' object has no attribute '__array_wrap__'
2026-05-29 15:46:19.642 [   DEBUG] (         protocol.py: 363) Exception caught
Traceback (most recent call last):
  File "C:\Users\awsch\miniconda3\envs\nsp\Lib\site-packages\rpyc\core\protocol.py", line 356, in _dispatch_request
    res = self._HANDLERS[handler](self, *args)
          ^^^^^^^^^^^^^^^^^^^^^^^^^^^^^^^^^^^^
  File "C:\Users\awsch\miniconda3\envs\nsp\Lib\site-packages\rpyc\core\protocol.py", line 853, in _handle_getattr
    return self._access_attr(obj, name, (), "_rpyc_getattr", "allow_getattr", getattr)
           ^^^^^^^^^^^^^^^^^^^^^^^^^^^^^^^^^^^^^^^^^^^^^^^^^^^^^^^^^^^^^^^^^^^^^^^^^^^
  File "C:\Users\awsch\miniconda3\envs\nsp\Lib\site-packages\rpyc\core\protocol.py", line 781, in _access_attr
    return accessor(obj, name, *args)
           ^^^^^^^^^^^^^^^^^^^^^^^^^^
AttributeError: 'list' object has no attribute '__array_wrap__'
2026-05-29 15:46:19.644 [   DEBUG] (        highlevel.py: 186) viWrite(1, b'MEAS:POWER?\r\n', 13, 'c_ulong(13)') -> 0
2026-05-29 15:46:19.644 [   DEBUG] (     messagebased.py: 435) USB0::0x1313::0x8072::1916964::0::INSTR - reading 20480 bytes (last status <StatusCode.success_max_count_read: 1073676294>)
2026-05-29 15:46:19.647 [   DEBUG] (        highlevel.py: 186) viRead(1, <ctypes.c_char_Array_20480 object at 0x000001E05EA88A50>, 20480, 'c_ulong(15)') -> 0
2026-05-29 15:46:19.653 [   DEBUG] (        highlevel.py: 186) viWrite(2, b'FREQ 9610000000.00\r\n', 20, 'c_ulong(20)') -> 0
2026-05-29 15:46:20.738 [   DEBUG] (         protocol.py: 363) Exception caught
Traceback (most recent call last):
  File "C:\Users\awsch\miniconda3\envs\nsp\Lib\site-packages\rpyc\core\protocol.py", line 356, in _dispatch_request
    res = self._HANDLERS[handler](self, *args)
          ^^^^^^^^^^^^^^^^^^^^^^^^^^^^^^^^^^^^
  File "C:\Users\awsch\miniconda3\envs\nsp\Lib\site-packages\rpyc\core\protocol.py", line 853, in _handle_getattr
    return self._access_attr(obj, name, (), "_rpyc_getattr", "allow_getattr", getattr)
           ^^^^^^^^^^^^^^^^^^^^^^^^^^^^^^^^^^^^^^^^^^^^^^^^^^^^^^^^^^^^^^^^^^^^^^^^^^^
  File "C:\Users\awsch\miniconda3\envs\nsp\Lib\site-packages\rpyc\core\protocol.py", line 781, in _access_attr
    return accessor(obj, name, *args)
           ^^^^^^^^^^^^^^^^^^^^^^^^^^
AttributeError: 'list' object has no attribute 'sum'
2026-05-29 15:46:20.744 [   DEBUG] (         protocol.py: 363) Exception caught
Traceback (most recent call last):
  File "C:\Users\awsch\miniconda3\envs\nsp\Lib\site-packages\rpyc\core\protocol.py", line 356, in _dispatch_request
    res = self._HANDLERS[handler](self, *args)
          ^^^^^^^^^^^^^^^^^^^^^^^^^^^^^^^^^^^^
  File "C:\Users\awsch\miniconda3\envs\nsp\Lib\site-packages\rpyc\core\protocol.py", line 853, in _handle_getattr
    return self._access_attr(obj, name, (), "_rpyc_getattr", "allow_getattr", getattr)
           ^^^^^^^^^^^^^^^^^^^^^^^^^^^^^^^^^^^^^^^^^^^^^^^^^^^^^^^^^^^^^^^^^^^^^^^^^^^
  File "C:\Users\awsch\miniconda3\envs\nsp\Lib\site-packages\rpyc\core\protocol.py", line 781, in _access_attr
    return accessor(obj, name, *args)
           ^^^^^^^^^^^^^^^^^^^^^^^^^^
AttributeError: 'list' object has no attribute 'sum'
2026-05-29 15:46:20.750 [   DEBUG] (         protocol.py: 363) Exception caught
Traceback (most recent call last):
  File "C:\Users\awsch\miniconda3\envs\nsp\Lib\site-packages\rpyc\core\protocol.py", line 356, in _dispatch_request
    res = self._HANDLERS[handler](self, *args)
          ^^^^^^^^^^^^^^^^^^^^^^^^^^^^^^^^^^^^
  File "C:\Users\awsch\miniconda3\envs\nsp\Lib\site-packages\rpyc\core\protocol.py", line 853, in _handle_getattr
    return self._access_attr(obj, name, (), "_rpyc_getattr", "allow_getattr", getattr)
           ^^^^^^^^^^^^^^^^^^^^^^^^^^^^^^^^^^^^^^^^^^^^^^^^^^^^^^^^^^^^^^^^^^^^^^^^^^^
  File "C:\Users\awsch\miniconda3\envs\nsp\Lib\site-packages\rpyc\core\protocol.py", line 781, in _access_attr
    return accessor(obj, name, *args)
           ^^^^^^^^^^^^^^^^^^^^^^^^^^
AttributeError: 'list' object has no attribute '__array__'
2026-05-29 15:46:20.829 [   DEBUG] (         protocol.py: 363) Exception caught
Traceback (most recent call last):
  File "C:\Users\awsch\miniconda3\envs\nsp\Lib\site-packages\rpyc\core\protocol.py", line 356, in _dispatch_request
    res = self._HANDLERS[handler](self, *args)
          ^^^^^^^^^^^^^^^^^^^^^^^^^^^^^^^^^^^^
  File "C:\Users\awsch\miniconda3\envs\nsp\Lib\site-packages\rpyc\core\protocol.py", line 853, in _handle_getattr
    return self._access_attr(obj, name, (), "_rpyc_getattr", "allow_getattr", getattr)
           ^^^^^^^^^^^^^^^^^^^^^^^^^^^^^^^^^^^^^^^^^^^^^^^^^^^^^^^^^^^^^^^^^^^^^^^^^^^
  File "C:\Users\awsch\miniconda3\envs\nsp\Lib\site-packages\rpyc\core\protocol.py", line 781, in _access_attr
    return accessor(obj, name, *args)
           ^^^^^^^^^^^^^^^^^^^^^^^^^^
AttributeError: 'list' object has no attribute '__array_wrap__'
2026-05-29 15:46:20.832 [   DEBUG] (         protocol.py: 363) Exception caught
Traceback (most recent call last):
  File "C:\Users\awsch\miniconda3\envs\nsp\Lib\site-packages\rpyc\core\protocol.py", line 356, in _dispatch_request
    res = self._HANDLERS[handler](self, *args)
          ^^^^^^^^^^^^^^^^^^^^^^^^^^^^^^^^^^^^
  File "C:\Users\awsch\miniconda3\envs\nsp\Lib\site-packages\rpyc\core\protocol.py", line 853, in _handle_getattr
    return self._access_attr(obj, name, (), "_rpyc_getattr", "allow_getattr", getattr)
           ^^^^^^^^^^^^^^^^^^^^^^^^^^^^^^^^^^^^^^^^^^^^^^^^^^^^^^^^^^^^^^^^^^^^^^^^^^^
  File "C:\Users\awsch\miniconda3\envs\nsp\Lib\site-packages\rpyc\core\protocol.py", line 781, in _access_attr
    return accessor(obj, name, *args)
           ^^^^^^^^^^^^^^^^^^^^^^^^^^
AttributeError: 'list' object has no attribute '__array_wrap__'
2026-05-29 15:46:20.835 [   DEBUG] (         protocol.py: 363) Exception caught
Traceback (most recent call last):
  File "C:\Users\awsch\miniconda3\envs\nsp\Lib\site-packages\rpyc\core\protocol.py", line 356, in _dispatch_request
    res = self._HANDLERS[handler](self, *args)
          ^^^^^^^^^^^^^^^^^^^^^^^^^^^^^^^^^^^^
  File "C:\Users\awsch\miniconda3\envs\nsp\Lib\site-packages\rpyc\core\protocol.py", line 853, in _handle_getattr
    return self._access_attr(obj, name, (), "_rpyc_getattr", "allow_getattr", getattr)
           ^^^^^^^^^^^^^^^^^^^^^^^^^^^^^^^^^^^^^^^^^^^^^^^^^^^^^^^^^^^^^^^^^^^^^^^^^^^
  File "C:\Users\awsch\miniconda3\envs\nsp\Lib\site-packages\rpyc\core\protocol.py", line 781, in _access_attr
    return accessor(obj, name, *args)
           ^^^^^^^^^^^^^^^^^^^^^^^^^^
AttributeError: 'list' object has no attribute 'sum'
2026-05-29 15:46:20.838 [   DEBUG] (         protocol.py: 363) Exception caught
Traceback (most recent call last):
  File "C:\Users\awsch\miniconda3\envs\nsp\Lib\site-packages\rpyc\core\protocol.py", line 356, in _dispatch_request
    res = self._HANDLERS[handler](self, *args)
          ^^^^^^^^^^^^^^^^^^^^^^^^^^^^^^^^^^^^
  File "C:\Users\awsch\miniconda3\envs\nsp\Lib\site-packages\rpyc\core\protocol.py", line 853, in _handle_getattr
    return self._access_attr(obj, name, (), "_rpyc_getattr", "allow_getattr", getattr)
           ^^^^^^^^^^^^^^^^^^^^^^^^^^^^^^^^^^^^^^^^^^^^^^^^^^^^^^^^^^^^^^^^^^^^^^^^^^^
  File "C:\Users\awsch\miniconda3\envs\nsp\Lib\site-packages\rpyc\core\protocol.py", line 781, in _access_attr
    return accessor(obj, name, *args)
           ^^^^^^^^^^^^^^^^^^^^^^^^^^
AttributeError: 'list' object has no attribute 'sum'
2026-05-29 15:46:20.841 [   DEBUG] (         protocol.py: 363) Exception caught
Traceback (most recent call last):
  File "C:\Users\awsch\miniconda3\envs\nsp\Lib\site-packages\rpyc\core\protocol.py", line 356, in _dispatch_request
    res = self._HANDLERS[handler](self, *args)
          ^^^^^^^^^^^^^^^^^^^^^^^^^^^^^^^^^^^^
  File "C:\Users\awsch\miniconda3\envs\nsp\Lib\site-packages\rpyc\core\protocol.py", line 853, in _handle_getattr
    return self._access_attr(obj, name, (), "_rpyc_getattr", "allow_getattr", getattr)
           ^^^^^^^^^^^^^^^^^^^^^^^^^^^^^^^^^^^^^^^^^^^^^^^^^^^^^^^^^^^^^^^^^^^^^^^^^^^
  File "C:\Users\awsch\miniconda3\envs\nsp\Lib\site-packages\rpyc\core\protocol.py", line 781, in _access_attr
    return accessor(obj, name, *args)
           ^^^^^^^^^^^^^^^^^^^^^^^^^^
AttributeError: 'list' object has no attribute '__array__'
2026-05-29 15:46:20.879 [   DEBUG] (         protocol.py: 363) Exception caught
Traceback (most recent call last):
  File "C:\Users\awsch\miniconda3\envs\nsp\Lib\site-packages\rpyc\core\protocol.py", line 356, in _dispatch_request
    res = self._HANDLERS[handler](self, *args)
          ^^^^^^^^^^^^^^^^^^^^^^^^^^^^^^^^^^^^
  File "C:\Users\awsch\miniconda3\envs\nsp\Lib\site-packages\rpyc\core\protocol.py", line 853, in _handle_getattr
    return self._access_attr(obj, name, (), "_rpyc_getattr", "allow_getattr", getattr)
           ^^^^^^^^^^^^^^^^^^^^^^^^^^^^^^^^^^^^^^^^^^^^^^^^^^^^^^^^^^^^^^^^^^^^^^^^^^^
  File "C:\Users\awsch\miniconda3\envs\nsp\Lib\site-packages\rpyc\core\protocol.py", line 781, in _access_attr
    return accessor(obj, name, *args)
           ^^^^^^^^^^^^^^^^^^^^^^^^^^
AttributeError: 'list' object has no attribute '__array_wrap__'
2026-05-29 15:46:20.881 [   DEBUG] (         protocol.py: 363) Exception caught
Traceback (most recent call last):
  File "C:\Users\awsch\miniconda3\envs\nsp\Lib\site-packages\rpyc\core\protocol.py", line 356, in _dispatch_request
    res = self._HANDLERS[handler](self, *args)
          ^^^^^^^^^^^^^^^^^^^^^^^^^^^^^^^^^^^^
  File "C:\Users\awsch\miniconda3\envs\nsp\Lib\site-packages\rpyc\core\protocol.py", line 853, in _handle_getattr
    return self._access_attr(obj, name, (), "_rpyc_getattr", "allow_getattr", getattr)
           ^^^^^^^^^^^^^^^^^^^^^^^^^^^^^^^^^^^^^^^^^^^^^^^^^^^^^^^^^^^^^^^^^^^^^^^^^^^
  File "C:\Users\awsch\miniconda3\envs\nsp\Lib\site-packages\rpyc\core\protocol.py", line 781, in _access_attr
    return accessor(obj, name, *args)
           ^^^^^^^^^^^^^^^^^^^^^^^^^^
AttributeError: 'list' object has no attribute '__array_wrap__'
2026-05-29 15:46:20.884 [   DEBUG] (        highlevel.py: 186) viWrite(1, b'MEAS:POWER?\r\n', 13, 'c_ulong(13)') -> 0
2026-05-29 15:46:20.884 [   DEBUG] (     messagebased.py: 435) USB0::0x1313::0x8072::1916964::0::INSTR - reading 20480 bytes (last status <StatusCode.success_max_count_read: 1073676294>)
2026-05-29 15:46:20.887 [   DEBUG] (        highlevel.py: 186) viRead(1, <ctypes.c_char_Array_20480 object at 0x000001E05EA8B7D0>, 20480, 'c_ulong(15)') -> 0
2026-05-29 15:46:20.892 [   DEBUG] (        highlevel.py: 186) viWrite(2, b'FREQ 9620000000.00\r\n', 20, 'c_ulong(20)') -> 0
2026-05-29 15:46:21.966 [   DEBUG] (         protocol.py: 363) Exception caught
Traceback (most recent call last):
  File "C:\Users\awsch\miniconda3\envs\nsp\Lib\site-packages\rpyc\core\protocol.py", line 356, in _dispatch_request
    res = self._HANDLERS[handler](self, *args)
          ^^^^^^^^^^^^^^^^^^^^^^^^^^^^^^^^^^^^
  File "C:\Users\awsch\miniconda3\envs\nsp\Lib\site-packages\rpyc\core\protocol.py", line 853, in _handle_getattr
    return self._access_attr(obj, name, (), "_rpyc_getattr", "allow_getattr", getattr)
           ^^^^^^^^^^^^^^^^^^^^^^^^^^^^^^^^^^^^^^^^^^^^^^^^^^^^^^^^^^^^^^^^^^^^^^^^^^^
  File "C:\Users\awsch\miniconda3\envs\nsp\Lib\site-packages\rpyc\core\protocol.py", line 781, in _access_attr
    return accessor(obj, name, *args)
           ^^^^^^^^^^^^^^^^^^^^^^^^^^
AttributeError: 'list' object has no attribute 'sum'
2026-05-29 15:46:21.969 [   DEBUG] (         protocol.py: 363) Exception caught
Traceback (most recent call last):
  File "C:\Users\awsch\miniconda3\envs\nsp\Lib\site-packages\rpyc\core\protocol.py", line 356, in _dispatch_request
    res = self._HANDLERS[handler](self, *args)
          ^^^^^^^^^^^^^^^^^^^^^^^^^^^^^^^^^^^^
  File "C:\Users\awsch\miniconda3\envs\nsp\Lib\site-packages\rpyc\core\protocol.py", line 853, in _handle_getattr
    return self._access_attr(obj, name, (), "_rpyc_getattr", "allow_getattr", getattr)
           ^^^^^^^^^^^^^^^^^^^^^^^^^^^^^^^^^^^^^^^^^^^^^^^^^^^^^^^^^^^^^^^^^^^^^^^^^^^
  File "C:\Users\awsch\miniconda3\envs\nsp\Lib\site-packages\rpyc\core\protocol.py", line 781, in _access_attr
    return accessor(obj, name, *args)
           ^^^^^^^^^^^^^^^^^^^^^^^^^^
AttributeError: 'list' object has no attribute 'sum'
2026-05-29 15:46:21.972 [   DEBUG] (         protocol.py: 363) Exception caught
Traceback (most recent call last):
  File "C:\Users\awsch\miniconda3\envs\nsp\Lib\site-packages\rpyc\core\protocol.py", line 356, in _dispatch_request
    res = self._HANDLERS[handler](self, *args)
          ^^^^^^^^^^^^^^^^^^^^^^^^^^^^^^^^^^^^
  File "C:\Users\awsch\miniconda3\envs\nsp\Lib\site-packages\rpyc\core\protocol.py", line 853, in _handle_getattr
    return self._access_attr(obj, name, (), "_rpyc_getattr", "allow_getattr", getattr)
           ^^^^^^^^^^^^^^^^^^^^^^^^^^^^^^^^^^^^^^^^^^^^^^^^^^^^^^^^^^^^^^^^^^^^^^^^^^^
  File "C:\Users\awsch\miniconda3\envs\nsp\Lib\site-packages\rpyc\core\protocol.py", line 781, in _access_attr
    return accessor(obj, name, *args)
           ^^^^^^^^^^^^^^^^^^^^^^^^^^
AttributeError: 'list' object has no attribute '__array__'
2026-05-29 15:46:22.019 [   DEBUG] (         protocol.py: 363) Exception caught
Traceback (most recent call last):
  File "C:\Users\awsch\miniconda3\envs\nsp\Lib\site-packages\rpyc\core\protocol.py", line 356, in _dispatch_request
    res = self._HANDLERS[handler](self, *args)
          ^^^^^^^^^^^^^^^^^^^^^^^^^^^^^^^^^^^^
  File "C:\Users\awsch\miniconda3\envs\nsp\Lib\site-packages\rpyc\core\protocol.py", line 853, in _handle_getattr
    return self._access_attr(obj, name, (), "_rpyc_getattr", "allow_getattr", getattr)
           ^^^^^^^^^^^^^^^^^^^^^^^^^^^^^^^^^^^^^^^^^^^^^^^^^^^^^^^^^^^^^^^^^^^^^^^^^^^
  File "C:\Users\awsch\miniconda3\envs\nsp\Lib\site-packages\rpyc\core\protocol.py", line 781, in _access_attr
    return accessor(obj, name, *args)
           ^^^^^^^^^^^^^^^^^^^^^^^^^^
AttributeError: 'list' object has no attribute '__array_wrap__'
2026-05-29 15:46:22.022 [   DEBUG] (         protocol.py: 363) Exception caught
Traceback (most recent call last):
  File "C:\Users\awsch\miniconda3\envs\nsp\Lib\site-packages\rpyc\core\protocol.py", line 356, in _dispatch_request
    res = self._HANDLERS[handler](self, *args)
          ^^^^^^^^^^^^^^^^^^^^^^^^^^^^^^^^^^^^
  File "C:\Users\awsch\miniconda3\envs\nsp\Lib\site-packages\rpyc\core\protocol.py", line 853, in _handle_getattr
    return self._access_attr(obj, name, (), "_rpyc_getattr", "allow_getattr", getattr)
           ^^^^^^^^^^^^^^^^^^^^^^^^^^^^^^^^^^^^^^^^^^^^^^^^^^^^^^^^^^^^^^^^^^^^^^^^^^^
  File "C:\Users\awsch\miniconda3\envs\nsp\Lib\site-packages\rpyc\core\protocol.py", line 781, in _access_attr
    return accessor(obj, name, *args)
           ^^^^^^^^^^^^^^^^^^^^^^^^^^
AttributeError: 'list' object has no attribute '__array_wrap__'
2026-05-29 15:46:22.024 [   DEBUG] (         protocol.py: 363) Exception caught
Traceback (most recent call last):
  File "C:\Users\awsch\miniconda3\envs\nsp\Lib\site-packages\rpyc\core\protocol.py", line 356, in _dispatch_request
    res = self._HANDLERS[handler](self, *args)
          ^^^^^^^^^^^^^^^^^^^^^^^^^^^^^^^^^^^^
  File "C:\Users\awsch\miniconda3\envs\nsp\Lib\site-packages\rpyc\core\protocol.py", line 853, in _handle_getattr
    return self._access_attr(obj, name, (), "_rpyc_getattr", "allow_getattr", getattr)
           ^^^^^^^^^^^^^^^^^^^^^^^^^^^^^^^^^^^^^^^^^^^^^^^^^^^^^^^^^^^^^^^^^^^^^^^^^^^
  File "C:\Users\awsch\miniconda3\envs\nsp\Lib\site-packages\rpyc\core\protocol.py", line 781, in _access_attr
    return accessor(obj, name, *args)
           ^^^^^^^^^^^^^^^^^^^^^^^^^^
AttributeError: 'list' object has no attribute 'sum'
2026-05-29 15:46:22.027 [   DEBUG] (         protocol.py: 363) Exception caught
Traceback (most recent call last):
  File "C:\Users\awsch\miniconda3\envs\nsp\Lib\site-packages\rpyc\core\protocol.py", line 356, in _dispatch_request
    res = self._HANDLERS[handler](self, *args)
          ^^^^^^^^^^^^^^^^^^^^^^^^^^^^^^^^^^^^
  File "C:\Users\awsch\miniconda3\envs\nsp\Lib\site-packages\rpyc\core\protocol.py", line 853, in _handle_getattr
    return self._access_attr(obj, name, (), "_rpyc_getattr", "allow_getattr", getattr)
           ^^^^^^^^^^^^^^^^^^^^^^^^^^^^^^^^^^^^^^^^^^^^^^^^^^^^^^^^^^^^^^^^^^^^^^^^^^^
  File "C:\Users\awsch\miniconda3\envs\nsp\Lib\site-packages\rpyc\core\protocol.py", line 781, in _access_attr
    return accessor(obj, name, *args)
           ^^^^^^^^^^^^^^^^^^^^^^^^^^
AttributeError: 'list' object has no attribute 'sum'
2026-05-29 15:46:22.029 [   DEBUG] (         protocol.py: 363) Exception caught
Traceback (most recent call last):
  File "C:\Users\awsch\miniconda3\envs\nsp\Lib\site-packages\rpyc\core\protocol.py", line 356, in _dispatch_request
    res = self._HANDLERS[handler](self, *args)
          ^^^^^^^^^^^^^^^^^^^^^^^^^^^^^^^^^^^^
  File "C:\Users\awsch\miniconda3\envs\nsp\Lib\site-packages\rpyc\core\protocol.py", line 853, in _handle_getattr
    return self._access_attr(obj, name, (), "_rpyc_getattr", "allow_getattr", getattr)
           ^^^^^^^^^^^^^^^^^^^^^^^^^^^^^^^^^^^^^^^^^^^^^^^^^^^^^^^^^^^^^^^^^^^^^^^^^^^
  File "C:\Users\awsch\miniconda3\envs\nsp\Lib\site-packages\rpyc\core\protocol.py", line 781, in _access_attr
    return accessor(obj, name, *args)
           ^^^^^^^^^^^^^^^^^^^^^^^^^^
AttributeError: 'list' object has no attribute '__array__'
2026-05-29 15:46:22.066 [   DEBUG] (         protocol.py: 363) Exception caught
Traceback (most recent call last):
  File "C:\Users\awsch\miniconda3\envs\nsp\Lib\site-packages\rpyc\core\protocol.py", line 356, in _dispatch_request
    res = self._HANDLERS[handler](self, *args)
          ^^^^^^^^^^^^^^^^^^^^^^^^^^^^^^^^^^^^
  File "C:\Users\awsch\miniconda3\envs\nsp\Lib\site-packages\rpyc\core\protocol.py", line 853, in _handle_getattr
    return self._access_attr(obj, name, (), "_rpyc_getattr", "allow_getattr", getattr)
           ^^^^^^^^^^^^^^^^^^^^^^^^^^^^^^^^^^^^^^^^^^^^^^^^^^^^^^^^^^^^^^^^^^^^^^^^^^^
  File "C:\Users\awsch\miniconda3\envs\nsp\Lib\site-packages\rpyc\core\protocol.py", line 781, in _access_attr
    return accessor(obj, name, *args)
           ^^^^^^^^^^^^^^^^^^^^^^^^^^
AttributeError: 'list' object has no attribute '__array_wrap__'
2026-05-29 15:46:22.068 [   DEBUG] (         protocol.py: 363) Exception caught
Traceback (most recent call last):
  File "C:\Users\awsch\miniconda3\envs\nsp\Lib\site-packages\rpyc\core\protocol.py", line 356, in _dispatch_request
    res = self._HANDLERS[handler](self, *args)
          ^^^^^^^^^^^^^^^^^^^^^^^^^^^^^^^^^^^^
  File "C:\Users\awsch\miniconda3\envs\nsp\Lib\site-packages\rpyc\core\protocol.py", line 853, in _handle_getattr
    return self._access_attr(obj, name, (), "_rpyc_getattr", "allow_getattr", getattr)
           ^^^^^^^^^^^^^^^^^^^^^^^^^^^^^^^^^^^^^^^^^^^^^^^^^^^^^^^^^^^^^^^^^^^^^^^^^^^
  File "C:\Users\awsch\miniconda3\envs\nsp\Lib\site-packages\rpyc\core\protocol.py", line 781, in _access_attr
    return accessor(obj, name, *args)
           ^^^^^^^^^^^^^^^^^^^^^^^^^^
AttributeError: 'list' object has no attribute '__array_wrap__'
2026-05-29 15:46:22.070 [   DEBUG] (        highlevel.py: 186) viWrite(1, b'MEAS:POWER?\r\n', 13, 'c_ulong(13)') -> 0
2026-05-29 15:46:22.071 [   DEBUG] (     messagebased.py: 435) USB0::0x1313::0x8072::1916964::0::INSTR - reading 20480 bytes (last status <StatusCode.success_max_count_read: 1073676294>)
2026-05-29 15:46:22.073 [   DEBUG] (        highlevel.py: 186) viRead(1, <ctypes.c_char_Array_20480 object at 0x000001E05EA89CD0>, 20480, 'c_ulong(15)') -> 0
2026-05-29 15:46:22.080 [   DEBUG] (        highlevel.py: 186) viWrite(2, b'FREQ 9630000000.00\r\n', 20, 'c_ulong(20)') -> 0
2026-05-29 15:46:23.156 [   DEBUG] (         protocol.py: 363) Exception caught
Traceback (most recent call last):
  File "C:\Users\awsch\miniconda3\envs\nsp\Lib\site-packages\rpyc\core\protocol.py", line 356, in _dispatch_request
    res = self._HANDLERS[handler](self, *args)
          ^^^^^^^^^^^^^^^^^^^^^^^^^^^^^^^^^^^^
  File "C:\Users\awsch\miniconda3\envs\nsp\Lib\site-packages\rpyc\core\protocol.py", line 853, in _handle_getattr
    return self._access_attr(obj, name, (), "_rpyc_getattr", "allow_getattr", getattr)
           ^^^^^^^^^^^^^^^^^^^^^^^^^^^^^^^^^^^^^^^^^^^^^^^^^^^^^^^^^^^^^^^^^^^^^^^^^^^
  File "C:\Users\awsch\miniconda3\envs\nsp\Lib\site-packages\rpyc\core\protocol.py", line 781, in _access_attr
    return accessor(obj, name, *args)
           ^^^^^^^^^^^^^^^^^^^^^^^^^^
AttributeError: 'list' object has no attribute 'sum'
2026-05-29 15:46:23.158 [   DEBUG] (         protocol.py: 363) Exception caught
Traceback (most recent call last):
  File "C:\Users\awsch\miniconda3\envs\nsp\Lib\site-packages\rpyc\core\protocol.py", line 356, in _dispatch_request
    res = self._HANDLERS[handler](self, *args)
          ^^^^^^^^^^^^^^^^^^^^^^^^^^^^^^^^^^^^
  File "C:\Users\awsch\miniconda3\envs\nsp\Lib\site-packages\rpyc\core\protocol.py", line 853, in _handle_getattr
    return self._access_attr(obj, name, (), "_rpyc_getattr", "allow_getattr", getattr)
           ^^^^^^^^^^^^^^^^^^^^^^^^^^^^^^^^^^^^^^^^^^^^^^^^^^^^^^^^^^^^^^^^^^^^^^^^^^^
  File "C:\Users\awsch\miniconda3\envs\nsp\Lib\site-packages\rpyc\core\protocol.py", line 781, in _access_attr
    return accessor(obj, name, *args)
           ^^^^^^^^^^^^^^^^^^^^^^^^^^
AttributeError: 'list' object has no attribute 'sum'
2026-05-29 15:46:23.160 [   DEBUG] (         protocol.py: 363) Exception caught
Traceback (most recent call last):
  File "C:\Users\awsch\miniconda3\envs\nsp\Lib\site-packages\rpyc\core\protocol.py", line 356, in _dispatch_request
    res = self._HANDLERS[handler](self, *args)
          ^^^^^^^^^^^^^^^^^^^^^^^^^^^^^^^^^^^^
  File "C:\Users\awsch\miniconda3\envs\nsp\Lib\site-packages\rpyc\core\protocol.py", line 853, in _handle_getattr
    return self._access_attr(obj, name, (), "_rpyc_getattr", "allow_getattr", getattr)
           ^^^^^^^^^^^^^^^^^^^^^^^^^^^^^^^^^^^^^^^^^^^^^^^^^^^^^^^^^^^^^^^^^^^^^^^^^^^
  File "C:\Users\awsch\miniconda3\envs\nsp\Lib\site-packages\rpyc\core\protocol.py", line 781, in _access_attr
    return accessor(obj, name, *args)
           ^^^^^^^^^^^^^^^^^^^^^^^^^^
AttributeError: 'list' object has no attribute '__array__'
2026-05-29 15:46:23.195 [   DEBUG] (         protocol.py: 363) Exception caught
Traceback (most recent call last):
  File "C:\Users\awsch\miniconda3\envs\nsp\Lib\site-packages\rpyc\core\protocol.py", line 356, in _dispatch_request
    res = self._HANDLERS[handler](self, *args)
          ^^^^^^^^^^^^^^^^^^^^^^^^^^^^^^^^^^^^
  File "C:\Users\awsch\miniconda3\envs\nsp\Lib\site-packages\rpyc\core\protocol.py", line 853, in _handle_getattr
    return self._access_attr(obj, name, (), "_rpyc_getattr", "allow_getattr", getattr)
           ^^^^^^^^^^^^^^^^^^^^^^^^^^^^^^^^^^^^^^^^^^^^^^^^^^^^^^^^^^^^^^^^^^^^^^^^^^^
  File "C:\Users\awsch\miniconda3\envs\nsp\Lib\site-packages\rpyc\core\protocol.py", line 781, in _access_attr
    return accessor(obj, name, *args)
           ^^^^^^^^^^^^^^^^^^^^^^^^^^
AttributeError: 'list' object has no attribute '__array_wrap__'
2026-05-29 15:46:23.196 [   DEBUG] (         protocol.py: 363) Exception caught
Traceback (most recent call last):
  File "C:\Users\awsch\miniconda3\envs\nsp\Lib\site-packages\rpyc\core\protocol.py", line 356, in _dispatch_request
    res = self._HANDLERS[handler](self, *args)
          ^^^^^^^^^^^^^^^^^^^^^^^^^^^^^^^^^^^^
  File "C:\Users\awsch\miniconda3\envs\nsp\Lib\site-packages\rpyc\core\protocol.py", line 853, in _handle_getattr
    return self._access_attr(obj, name, (), "_rpyc_getattr", "allow_getattr", getattr)
           ^^^^^^^^^^^^^^^^^^^^^^^^^^^^^^^^^^^^^^^^^^^^^^^^^^^^^^^^^^^^^^^^^^^^^^^^^^^
  File "C:\Users\awsch\miniconda3\envs\nsp\Lib\site-packages\rpyc\core\protocol.py", line 781, in _access_attr
    return accessor(obj, name, *args)
           ^^^^^^^^^^^^^^^^^^^^^^^^^^
AttributeError: 'list' object has no attribute '__array_wrap__'
2026-05-29 15:46:23.197 [   DEBUG] (         protocol.py: 363) Exception caught
Traceback (most recent call last):
  File "C:\Users\awsch\miniconda3\envs\nsp\Lib\site-packages\rpyc\core\protocol.py", line 356, in _dispatch_request
    res = self._HANDLERS[handler](self, *args)
          ^^^^^^^^^^^^^^^^^^^^^^^^^^^^^^^^^^^^
  File "C:\Users\awsch\miniconda3\envs\nsp\Lib\site-packages\rpyc\core\protocol.py", line 853, in _handle_getattr
    return self._access_attr(obj, name, (), "_rpyc_getattr", "allow_getattr", getattr)
           ^^^^^^^^^^^^^^^^^^^^^^^^^^^^^^^^^^^^^^^^^^^^^^^^^^^^^^^^^^^^^^^^^^^^^^^^^^^
  File "C:\Users\awsch\miniconda3\envs\nsp\Lib\site-packages\rpyc\core\protocol.py", line 781, in _access_attr
    return accessor(obj, name, *args)
           ^^^^^^^^^^^^^^^^^^^^^^^^^^
AttributeError: 'list' object has no attribute 'sum'
2026-05-29 15:46:23.198 [   DEBUG] (         protocol.py: 363) Exception caught
Traceback (most recent call last):
  File "C:\Users\awsch\miniconda3\envs\nsp\Lib\site-packages\rpyc\core\protocol.py", line 356, in _dispatch_request
    res = self._HANDLERS[handler](self, *args)
          ^^^^^^^^^^^^^^^^^^^^^^^^^^^^^^^^^^^^
  File "C:\Users\awsch\miniconda3\envs\nsp\Lib\site-packages\rpyc\core\protocol.py", line 853, in _handle_getattr
    return self._access_attr(obj, name, (), "_rpyc_getattr", "allow_getattr", getattr)
           ^^^^^^^^^^^^^^^^^^^^^^^^^^^^^^^^^^^^^^^^^^^^^^^^^^^^^^^^^^^^^^^^^^^^^^^^^^^
  File "C:\Users\awsch\miniconda3\envs\nsp\Lib\site-packages\rpyc\core\protocol.py", line 781, in _access_attr
    return accessor(obj, name, *args)
           ^^^^^^^^^^^^^^^^^^^^^^^^^^
AttributeError: 'list' object has no attribute 'sum'
2026-05-29 15:46:23.199 [   DEBUG] (         protocol.py: 363) Exception caught
Traceback (most recent call last):
  File "C:\Users\awsch\miniconda3\envs\nsp\Lib\site-packages\rpyc\core\protocol.py", line 356, in _dispatch_request
    res = self._HANDLERS[handler](self, *args)
          ^^^^^^^^^^^^^^^^^^^^^^^^^^^^^^^^^^^^
  File "C:\Users\awsch\miniconda3\envs\nsp\Lib\site-packages\rpyc\core\protocol.py", line 853, in _handle_getattr
    return self._access_attr(obj, name, (), "_rpyc_getattr", "allow_getattr", getattr)
           ^^^^^^^^^^^^^^^^^^^^^^^^^^^^^^^^^^^^^^^^^^^^^^^^^^^^^^^^^^^^^^^^^^^^^^^^^^^
  File "C:\Users\awsch\miniconda3\envs\nsp\Lib\site-packages\rpyc\core\protocol.py", line 781, in _access_attr
    return accessor(obj, name, *args)
           ^^^^^^^^^^^^^^^^^^^^^^^^^^
AttributeError: 'list' object has no attribute '__array__'
2026-05-29 15:46:23.216 [   DEBUG] (         protocol.py: 363) Exception caught
Traceback (most recent call last):
  File "C:\Users\awsch\miniconda3\envs\nsp\Lib\site-packages\rpyc\core\protocol.py", line 356, in _dispatch_request
    res = self._HANDLERS[handler](self, *args)
          ^^^^^^^^^^^^^^^^^^^^^^^^^^^^^^^^^^^^
  File "C:\Users\awsch\miniconda3\envs\nsp\Lib\site-packages\rpyc\core\protocol.py", line 853, in _handle_getattr
    return self._access_attr(obj, name, (), "_rpyc_getattr", "allow_getattr", getattr)
           ^^^^^^^^^^^^^^^^^^^^^^^^^^^^^^^^^^^^^^^^^^^^^^^^^^^^^^^^^^^^^^^^^^^^^^^^^^^
  File "C:\Users\awsch\miniconda3\envs\nsp\Lib\site-packages\rpyc\core\protocol.py", line 781, in _access_attr
    return accessor(obj, name, *args)
           ^^^^^^^^^^^^^^^^^^^^^^^^^^
AttributeError: 'list' object has no attribute '__array_wrap__'
2026-05-29 15:46:23.217 [   DEBUG] (         protocol.py: 363) Exception caught
Traceback (most recent call last):
  File "C:\Users\awsch\miniconda3\envs\nsp\Lib\site-packages\rpyc\core\protocol.py", line 356, in _dispatch_request
    res = self._HANDLERS[handler](self, *args)
          ^^^^^^^^^^^^^^^^^^^^^^^^^^^^^^^^^^^^
  File "C:\Users\awsch\miniconda3\envs\nsp\Lib\site-packages\rpyc\core\protocol.py", line 853, in _handle_getattr
    return self._access_attr(obj, name, (), "_rpyc_getattr", "allow_getattr", getattr)
           ^^^^^^^^^^^^^^^^^^^^^^^^^^^^^^^^^^^^^^^^^^^^^^^^^^^^^^^^^^^^^^^^^^^^^^^^^^^
  File "C:\Users\awsch\miniconda3\envs\nsp\Lib\site-packages\rpyc\core\protocol.py", line 781, in _access_attr
    return accessor(obj, name, *args)
           ^^^^^^^^^^^^^^^^^^^^^^^^^^
AttributeError: 'list' object has no attribute '__array_wrap__'
2026-05-29 15:46:23.219 [   DEBUG] (        highlevel.py: 186) viWrite(1, b'MEAS:POWER?\r\n', 13, 'c_ulong(13)') -> 0
2026-05-29 15:46:23.220 [   DEBUG] (     messagebased.py: 435) USB0::0x1313::0x8072::1916964::0::INSTR - reading 20480 bytes (last status <StatusCode.success_max_count_read: 1073676294>)
2026-05-29 15:46:23.222 [   DEBUG] (        highlevel.py: 186) viRead(1, <ctypes.c_char_Array_20480 object at 0x000001E05EA8B550>, 20480, 'c_ulong(15)') -> 0
2026-05-29 15:46:23.227 [   DEBUG] (        highlevel.py: 186) viWrite(2, b'FREQ 9640000000.00\r\n', 20, 'c_ulong(20)') -> 0
2026-05-29 15:46:24.317 [   DEBUG] (         protocol.py: 363) Exception caught
Traceback (most recent call last):
  File "C:\Users\awsch\miniconda3\envs\nsp\Lib\site-packages\rpyc\core\protocol.py", line 356, in _dispatch_request
    res = self._HANDLERS[handler](self, *args)
          ^^^^^^^^^^^^^^^^^^^^^^^^^^^^^^^^^^^^
  File "C:\Users\awsch\miniconda3\envs\nsp\Lib\site-packages\rpyc\core\protocol.py", line 853, in _handle_getattr
    return self._access_attr(obj, name, (), "_rpyc_getattr", "allow_getattr", getattr)
           ^^^^^^^^^^^^^^^^^^^^^^^^^^^^^^^^^^^^^^^^^^^^^^^^^^^^^^^^^^^^^^^^^^^^^^^^^^^
  File "C:\Users\awsch\miniconda3\envs\nsp\Lib\site-packages\rpyc\core\protocol.py", line 781, in _access_attr
    return accessor(obj, name, *args)
           ^^^^^^^^^^^^^^^^^^^^^^^^^^
AttributeError: 'list' object has no attribute 'sum'
2026-05-29 15:46:24.320 [   DEBUG] (         protocol.py: 363) Exception caught
Traceback (most recent call last):
  File "C:\Users\awsch\miniconda3\envs\nsp\Lib\site-packages\rpyc\core\protocol.py", line 356, in _dispatch_request
    res = self._HANDLERS[handler](self, *args)
          ^^^^^^^^^^^^^^^^^^^^^^^^^^^^^^^^^^^^
  File "C:\Users\awsch\miniconda3\envs\nsp\Lib\site-packages\rpyc\core\protocol.py", line 853, in _handle_getattr
    return self._access_attr(obj, name, (), "_rpyc_getattr", "allow_getattr", getattr)
           ^^^^^^^^^^^^^^^^^^^^^^^^^^^^^^^^^^^^^^^^^^^^^^^^^^^^^^^^^^^^^^^^^^^^^^^^^^^
  File "C:\Users\awsch\miniconda3\envs\nsp\Lib\site-packages\rpyc\core\protocol.py", line 781, in _access_attr
    return accessor(obj, name, *args)
           ^^^^^^^^^^^^^^^^^^^^^^^^^^
AttributeError: 'list' object has no attribute 'sum'
2026-05-29 15:46:24.323 [   DEBUG] (         protocol.py: 363) Exception caught
Traceback (most recent call last):
  File "C:\Users\awsch\miniconda3\envs\nsp\Lib\site-packages\rpyc\core\protocol.py", line 356, in _dispatch_request
    res = self._HANDLERS[handler](self, *args)
          ^^^^^^^^^^^^^^^^^^^^^^^^^^^^^^^^^^^^
  File "C:\Users\awsch\miniconda3\envs\nsp\Lib\site-packages\rpyc\core\protocol.py", line 853, in _handle_getattr
    return self._access_attr(obj, name, (), "_rpyc_getattr", "allow_getattr", getattr)
           ^^^^^^^^^^^^^^^^^^^^^^^^^^^^^^^^^^^^^^^^^^^^^^^^^^^^^^^^^^^^^^^^^^^^^^^^^^^
  File "C:\Users\awsch\miniconda3\envs\nsp\Lib\site-packages\rpyc\core\protocol.py", line 781, in _access_attr
    return accessor(obj, name, *args)
           ^^^^^^^^^^^^^^^^^^^^^^^^^^
AttributeError: 'list' object has no attribute '__array__'
2026-05-29 15:46:24.356 [   DEBUG] (         protocol.py: 363) Exception caught
Traceback (most recent call last):
  File "C:\Users\awsch\miniconda3\envs\nsp\Lib\site-packages\rpyc\core\protocol.py", line 356, in _dispatch_request
    res = self._HANDLERS[handler](self, *args)
          ^^^^^^^^^^^^^^^^^^^^^^^^^^^^^^^^^^^^
  File "C:\Users\awsch\miniconda3\envs\nsp\Lib\site-packages\rpyc\core\protocol.py", line 853, in _handle_getattr
    return self._access_attr(obj, name, (), "_rpyc_getattr", "allow_getattr", getattr)
           ^^^^^^^^^^^^^^^^^^^^^^^^^^^^^^^^^^^^^^^^^^^^^^^^^^^^^^^^^^^^^^^^^^^^^^^^^^^
  File "C:\Users\awsch\miniconda3\envs\nsp\Lib\site-packages\rpyc\core\protocol.py", line 781, in _access_attr
    return accessor(obj, name, *args)
           ^^^^^^^^^^^^^^^^^^^^^^^^^^
AttributeError: 'list' object has no attribute '__array_wrap__'
2026-05-29 15:46:24.358 [   DEBUG] (         protocol.py: 363) Exception caught
Traceback (most recent call last):
  File "C:\Users\awsch\miniconda3\envs\nsp\Lib\site-packages\rpyc\core\protocol.py", line 356, in _dispatch_request
    res = self._HANDLERS[handler](self, *args)
          ^^^^^^^^^^^^^^^^^^^^^^^^^^^^^^^^^^^^
  File "C:\Users\awsch\miniconda3\envs\nsp\Lib\site-packages\rpyc\core\protocol.py", line 853, in _handle_getattr
    return self._access_attr(obj, name, (), "_rpyc_getattr", "allow_getattr", getattr)
           ^^^^^^^^^^^^^^^^^^^^^^^^^^^^^^^^^^^^^^^^^^^^^^^^^^^^^^^^^^^^^^^^^^^^^^^^^^^
  File "C:\Users\awsch\miniconda3\envs\nsp\Lib\site-packages\rpyc\core\protocol.py", line 781, in _access_attr
    return accessor(obj, name, *args)
           ^^^^^^^^^^^^^^^^^^^^^^^^^^
AttributeError: 'list' object has no attribute '__array_wrap__'
2026-05-29 15:46:24.360 [   DEBUG] (         protocol.py: 363) Exception caught
Traceback (most recent call last):
  File "C:\Users\awsch\miniconda3\envs\nsp\Lib\site-packages\rpyc\core\protocol.py", line 356, in _dispatch_request
    res = self._HANDLERS[handler](self, *args)
          ^^^^^^^^^^^^^^^^^^^^^^^^^^^^^^^^^^^^
  File "C:\Users\awsch\miniconda3\envs\nsp\Lib\site-packages\rpyc\core\protocol.py", line 853, in _handle_getattr
    return self._access_attr(obj, name, (), "_rpyc_getattr", "allow_getattr", getattr)
           ^^^^^^^^^^^^^^^^^^^^^^^^^^^^^^^^^^^^^^^^^^^^^^^^^^^^^^^^^^^^^^^^^^^^^^^^^^^
  File "C:\Users\awsch\miniconda3\envs\nsp\Lib\site-packages\rpyc\core\protocol.py", line 781, in _access_attr
    return accessor(obj, name, *args)
           ^^^^^^^^^^^^^^^^^^^^^^^^^^
AttributeError: 'list' object has no attribute 'sum'
2026-05-29 15:46:24.362 [   DEBUG] (         protocol.py: 363) Exception caught
Traceback (most recent call last):
  File "C:\Users\awsch\miniconda3\envs\nsp\Lib\site-packages\rpyc\core\protocol.py", line 356, in _dispatch_request
    res = self._HANDLERS[handler](self, *args)
          ^^^^^^^^^^^^^^^^^^^^^^^^^^^^^^^^^^^^
  File "C:\Users\awsch\miniconda3\envs\nsp\Lib\site-packages\rpyc\core\protocol.py", line 853, in _handle_getattr
    return self._access_attr(obj, name, (), "_rpyc_getattr", "allow_getattr", getattr)
           ^^^^^^^^^^^^^^^^^^^^^^^^^^^^^^^^^^^^^^^^^^^^^^^^^^^^^^^^^^^^^^^^^^^^^^^^^^^
  File "C:\Users\awsch\miniconda3\envs\nsp\Lib\site-packages\rpyc\core\protocol.py", line 781, in _access_attr
    return accessor(obj, name, *args)
           ^^^^^^^^^^^^^^^^^^^^^^^^^^
AttributeError: 'list' object has no attribute 'sum'
2026-05-29 15:46:24.364 [   DEBUG] (         protocol.py: 363) Exception caught
Traceback (most recent call last):
  File "C:\Users\awsch\miniconda3\envs\nsp\Lib\site-packages\rpyc\core\protocol.py", line 356, in _dispatch_request
    res = self._HANDLERS[handler](self, *args)
          ^^^^^^^^^^^^^^^^^^^^^^^^^^^^^^^^^^^^
  File "C:\Users\awsch\miniconda3\envs\nsp\Lib\site-packages\rpyc\core\protocol.py", line 853, in _handle_getattr
    return self._access_attr(obj, name, (), "_rpyc_getattr", "allow_getattr", getattr)
           ^^^^^^^^^^^^^^^^^^^^^^^^^^^^^^^^^^^^^^^^^^^^^^^^^^^^^^^^^^^^^^^^^^^^^^^^^^^
  File "C:\Users\awsch\miniconda3\envs\nsp\Lib\site-packages\rpyc\core\protocol.py", line 781, in _access_attr
    return accessor(obj, name, *args)
           ^^^^^^^^^^^^^^^^^^^^^^^^^^
AttributeError: 'list' object has no attribute '__array__'
2026-05-29 15:46:24.392 [   DEBUG] (         protocol.py: 363) Exception caught
Traceback (most recent call last):
  File "C:\Users\awsch\miniconda3\envs\nsp\Lib\site-packages\rpyc\core\protocol.py", line 356, in _dispatch_request
    res = self._HANDLERS[handler](self, *args)
          ^^^^^^^^^^^^^^^^^^^^^^^^^^^^^^^^^^^^
  File "C:\Users\awsch\miniconda3\envs\nsp\Lib\site-packages\rpyc\core\protocol.py", line 853, in _handle_getattr
    return self._access_attr(obj, name, (), "_rpyc_getattr", "allow_getattr", getattr)
           ^^^^^^^^^^^^^^^^^^^^^^^^^^^^^^^^^^^^^^^^^^^^^^^^^^^^^^^^^^^^^^^^^^^^^^^^^^^
  File "C:\Users\awsch\miniconda3\envs\nsp\Lib\site-packages\rpyc\core\protocol.py", line 781, in _access_attr
    return accessor(obj, name, *args)
           ^^^^^^^^^^^^^^^^^^^^^^^^^^
AttributeError: 'list' object has no attribute '__array_wrap__'
2026-05-29 15:46:24.393 [   DEBUG] (         protocol.py: 363) Exception caught
Traceback (most recent call last):
  File "C:\Users\awsch\miniconda3\envs\nsp\Lib\site-packages\rpyc\core\protocol.py", line 356, in _dispatch_request
    res = self._HANDLERS[handler](self, *args)
          ^^^^^^^^^^^^^^^^^^^^^^^^^^^^^^^^^^^^
  File "C:\Users\awsch\miniconda3\envs\nsp\Lib\site-packages\rpyc\core\protocol.py", line 853, in _handle_getattr
    return self._access_attr(obj, name, (), "_rpyc_getattr", "allow_getattr", getattr)
           ^^^^^^^^^^^^^^^^^^^^^^^^^^^^^^^^^^^^^^^^^^^^^^^^^^^^^^^^^^^^^^^^^^^^^^^^^^^
  File "C:\Users\awsch\miniconda3\envs\nsp\Lib\site-packages\rpyc\core\protocol.py", line 781, in _access_attr
    return accessor(obj, name, *args)
           ^^^^^^^^^^^^^^^^^^^^^^^^^^
AttributeError: 'list' object has no attribute '__array_wrap__'
2026-05-29 15:46:24.396 [   DEBUG] (        highlevel.py: 186) viWrite(1, b'MEAS:POWER?\r\n', 13, 'c_ulong(13)') -> 0
2026-05-29 15:46:24.396 [   DEBUG] (     messagebased.py: 435) USB0::0x1313::0x8072::1916964::0::INSTR - reading 20480 bytes (last status <StatusCode.success_max_count_read: 1073676294>)
2026-05-29 15:46:24.399 [   DEBUG] (        highlevel.py: 186) viRead(1, <ctypes.c_char_Array_20480 object at 0x000001E05EA88F50>, 20480, 'c_ulong(15)') -> 0
2026-05-29 15:46:24.404 [   DEBUG] (        highlevel.py: 186) viWrite(2, b'FREQ 9650000000.00\r\n', 20, 'c_ulong(20)') -> 0
2026-05-29 15:46:25.482 [   DEBUG] (         protocol.py: 363) Exception caught
Traceback (most recent call last):
  File "C:\Users\awsch\miniconda3\envs\nsp\Lib\site-packages\rpyc\core\protocol.py", line 356, in _dispatch_request
    res = self._HANDLERS[handler](self, *args)
          ^^^^^^^^^^^^^^^^^^^^^^^^^^^^^^^^^^^^
  File "C:\Users\awsch\miniconda3\envs\nsp\Lib\site-packages\rpyc\core\protocol.py", line 853, in _handle_getattr
    return self._access_attr(obj, name, (), "_rpyc_getattr", "allow_getattr", getattr)
           ^^^^^^^^^^^^^^^^^^^^^^^^^^^^^^^^^^^^^^^^^^^^^^^^^^^^^^^^^^^^^^^^^^^^^^^^^^^
  File "C:\Users\awsch\miniconda3\envs\nsp\Lib\site-packages\rpyc\core\protocol.py", line 781, in _access_attr
    return accessor(obj, name, *args)
           ^^^^^^^^^^^^^^^^^^^^^^^^^^
AttributeError: 'list' object has no attribute 'sum'
2026-05-29 15:46:25.486 [   DEBUG] (         protocol.py: 363) Exception caught
Traceback (most recent call last):
  File "C:\Users\awsch\miniconda3\envs\nsp\Lib\site-packages\rpyc\core\protocol.py", line 356, in _dispatch_request
    res = self._HANDLERS[handler](self, *args)
          ^^^^^^^^^^^^^^^^^^^^^^^^^^^^^^^^^^^^
  File "C:\Users\awsch\miniconda3\envs\nsp\Lib\site-packages\rpyc\core\protocol.py", line 853, in _handle_getattr
    return self._access_attr(obj, name, (), "_rpyc_getattr", "allow_getattr", getattr)
           ^^^^^^^^^^^^^^^^^^^^^^^^^^^^^^^^^^^^^^^^^^^^^^^^^^^^^^^^^^^^^^^^^^^^^^^^^^^
  File "C:\Users\awsch\miniconda3\envs\nsp\Lib\site-packages\rpyc\core\protocol.py", line 781, in _access_attr
    return accessor(obj, name, *args)
           ^^^^^^^^^^^^^^^^^^^^^^^^^^
AttributeError: 'list' object has no attribute 'sum'
2026-05-29 15:46:25.489 [   DEBUG] (         protocol.py: 363) Exception caught
Traceback (most recent call last):
  File "C:\Users\awsch\miniconda3\envs\nsp\Lib\site-packages\rpyc\core\protocol.py", line 356, in _dispatch_request
    res = self._HANDLERS[handler](self, *args)
          ^^^^^^^^^^^^^^^^^^^^^^^^^^^^^^^^^^^^
  File "C:\Users\awsch\miniconda3\envs\nsp\Lib\site-packages\rpyc\core\protocol.py", line 853, in _handle_getattr
    return self._access_attr(obj, name, (), "_rpyc_getattr", "allow_getattr", getattr)
           ^^^^^^^^^^^^^^^^^^^^^^^^^^^^^^^^^^^^^^^^^^^^^^^^^^^^^^^^^^^^^^^^^^^^^^^^^^^
  File "C:\Users\awsch\miniconda3\envs\nsp\Lib\site-packages\rpyc\core\protocol.py", line 781, in _access_attr
    return accessor(obj, name, *args)
           ^^^^^^^^^^^^^^^^^^^^^^^^^^
AttributeError: 'list' object has no attribute '__array__'
2026-05-29 15:46:25.596 [   DEBUG] (         protocol.py: 363) Exception caught
Traceback (most recent call last):
  File "C:\Users\awsch\miniconda3\envs\nsp\Lib\site-packages\rpyc\core\protocol.py", line 356, in _dispatch_request
    res = self._HANDLERS[handler](self, *args)
          ^^^^^^^^^^^^^^^^^^^^^^^^^^^^^^^^^^^^
  File "C:\Users\awsch\miniconda3\envs\nsp\Lib\site-packages\rpyc\core\protocol.py", line 853, in _handle_getattr
    return self._access_attr(obj, name, (), "_rpyc_getattr", "allow_getattr", getattr)
           ^^^^^^^^^^^^^^^^^^^^^^^^^^^^^^^^^^^^^^^^^^^^^^^^^^^^^^^^^^^^^^^^^^^^^^^^^^^
  File "C:\Users\awsch\miniconda3\envs\nsp\Lib\site-packages\rpyc\core\protocol.py", line 781, in _access_attr
    return accessor(obj, name, *args)
           ^^^^^^^^^^^^^^^^^^^^^^^^^^
AttributeError: 'list' object has no attribute '__array_wrap__'
2026-05-29 15:46:25.603 [   DEBUG] (         protocol.py: 363) Exception caught
Traceback (most recent call last):
  File "C:\Users\awsch\miniconda3\envs\nsp\Lib\site-packages\rpyc\core\protocol.py", line 356, in _dispatch_request
    res = self._HANDLERS[handler](self, *args)
          ^^^^^^^^^^^^^^^^^^^^^^^^^^^^^^^^^^^^
  File "C:\Users\awsch\miniconda3\envs\nsp\Lib\site-packages\rpyc\core\protocol.py", line 853, in _handle_getattr
    return self._access_attr(obj, name, (), "_rpyc_getattr", "allow_getattr", getattr)
           ^^^^^^^^^^^^^^^^^^^^^^^^^^^^^^^^^^^^^^^^^^^^^^^^^^^^^^^^^^^^^^^^^^^^^^^^^^^
  File "C:\Users\awsch\miniconda3\envs\nsp\Lib\site-packages\rpyc\core\protocol.py", line 781, in _access_attr
    return accessor(obj, name, *args)
           ^^^^^^^^^^^^^^^^^^^^^^^^^^
AttributeError: 'list' object has no attribute '__array_wrap__'
2026-05-29 15:46:25.609 [   DEBUG] (         protocol.py: 363) Exception caught
Traceback (most recent call last):
  File "C:\Users\awsch\miniconda3\envs\nsp\Lib\site-packages\rpyc\core\protocol.py", line 356, in _dispatch_request
    res = self._HANDLERS[handler](self, *args)
          ^^^^^^^^^^^^^^^^^^^^^^^^^^^^^^^^^^^^
  File "C:\Users\awsch\miniconda3\envs\nsp\Lib\site-packages\rpyc\core\protocol.py", line 853, in _handle_getattr
    return self._access_attr(obj, name, (), "_rpyc_getattr", "allow_getattr", getattr)
           ^^^^^^^^^^^^^^^^^^^^^^^^^^^^^^^^^^^^^^^^^^^^^^^^^^^^^^^^^^^^^^^^^^^^^^^^^^^
  File "C:\Users\awsch\miniconda3\envs\nsp\Lib\site-packages\rpyc\core\protocol.py", line 781, in _access_attr
    return accessor(obj, name, *args)
           ^^^^^^^^^^^^^^^^^^^^^^^^^^
AttributeError: 'list' object has no attribute 'sum'
2026-05-29 15:46:25.615 [   DEBUG] (         protocol.py: 363) Exception caught
Traceback (most recent call last):
  File "C:\Users\awsch\miniconda3\envs\nsp\Lib\site-packages\rpyc\core\protocol.py", line 356, in _dispatch_request
    res = self._HANDLERS[handler](self, *args)
          ^^^^^^^^^^^^^^^^^^^^^^^^^^^^^^^^^^^^
  File "C:\Users\awsch\miniconda3\envs\nsp\Lib\site-packages\rpyc\core\protocol.py", line 853, in _handle_getattr
    return self._access_attr(obj, name, (), "_rpyc_getattr", "allow_getattr", getattr)
           ^^^^^^^^^^^^^^^^^^^^^^^^^^^^^^^^^^^^^^^^^^^^^^^^^^^^^^^^^^^^^^^^^^^^^^^^^^^
  File "C:\Users\awsch\miniconda3\envs\nsp\Lib\site-packages\rpyc\core\protocol.py", line 781, in _access_attr
    return accessor(obj, name, *args)
           ^^^^^^^^^^^^^^^^^^^^^^^^^^
AttributeError: 'list' object has no attribute 'sum'
2026-05-29 15:46:25.621 [   DEBUG] (         protocol.py: 363) Exception caught
Traceback (most recent call last):
  File "C:\Users\awsch\miniconda3\envs\nsp\Lib\site-packages\rpyc\core\protocol.py", line 356, in _dispatch_request
    res = self._HANDLERS[handler](self, *args)
          ^^^^^^^^^^^^^^^^^^^^^^^^^^^^^^^^^^^^
  File "C:\Users\awsch\miniconda3\envs\nsp\Lib\site-packages\rpyc\core\protocol.py", line 853, in _handle_getattr
    return self._access_attr(obj, name, (), "_rpyc_getattr", "allow_getattr", getattr)
           ^^^^^^^^^^^^^^^^^^^^^^^^^^^^^^^^^^^^^^^^^^^^^^^^^^^^^^^^^^^^^^^^^^^^^^^^^^^
  File "C:\Users\awsch\miniconda3\envs\nsp\Lib\site-packages\rpyc\core\protocol.py", line 781, in _access_attr
    return accessor(obj, name, *args)
           ^^^^^^^^^^^^^^^^^^^^^^^^^^
AttributeError: 'list' object has no attribute '__array__'
2026-05-29 15:46:25.671 [   DEBUG] (         protocol.py: 363) Exception caught
Traceback (most recent call last):
  File "C:\Users\awsch\miniconda3\envs\nsp\Lib\site-packages\rpyc\core\protocol.py", line 356, in _dispatch_request
    res = self._HANDLERS[handler](self, *args)
          ^^^^^^^^^^^^^^^^^^^^^^^^^^^^^^^^^^^^
  File "C:\Users\awsch\miniconda3\envs\nsp\Lib\site-packages\rpyc\core\protocol.py", line 853, in _handle_getattr
    return self._access_attr(obj, name, (), "_rpyc_getattr", "allow_getattr", getattr)
           ^^^^^^^^^^^^^^^^^^^^^^^^^^^^^^^^^^^^^^^^^^^^^^^^^^^^^^^^^^^^^^^^^^^^^^^^^^^
  File "C:\Users\awsch\miniconda3\envs\nsp\Lib\site-packages\rpyc\core\protocol.py", line 781, in _access_attr
    return accessor(obj, name, *args)
           ^^^^^^^^^^^^^^^^^^^^^^^^^^
AttributeError: 'list' object has no attribute '__array_wrap__'
2026-05-29 15:46:25.674 [   DEBUG] (         protocol.py: 363) Exception caught
Traceback (most recent call last):
  File "C:\Users\awsch\miniconda3\envs\nsp\Lib\site-packages\rpyc\core\protocol.py", line 356, in _dispatch_request
    res = self._HANDLERS[handler](self, *args)
          ^^^^^^^^^^^^^^^^^^^^^^^^^^^^^^^^^^^^
  File "C:\Users\awsch\miniconda3\envs\nsp\Lib\site-packages\rpyc\core\protocol.py", line 853, in _handle_getattr
    return self._access_attr(obj, name, (), "_rpyc_getattr", "allow_getattr", getattr)
           ^^^^^^^^^^^^^^^^^^^^^^^^^^^^^^^^^^^^^^^^^^^^^^^^^^^^^^^^^^^^^^^^^^^^^^^^^^^
  File "C:\Users\awsch\miniconda3\envs\nsp\Lib\site-packages\rpyc\core\protocol.py", line 781, in _access_attr
    return accessor(obj, name, *args)
           ^^^^^^^^^^^^^^^^^^^^^^^^^^
AttributeError: 'list' object has no attribute '__array_wrap__'
2026-05-29 15:46:25.679 [   DEBUG] (        highlevel.py: 186) viWrite(1, b'MEAS:POWER?\r\n', 13, 'c_ulong(13)') -> 0
2026-05-29 15:46:25.680 [   DEBUG] (     messagebased.py: 435) USB0::0x1313::0x8072::1916964::0::INSTR - reading 20480 bytes (last status <StatusCode.success_max_count_read: 1073676294>)
2026-05-29 15:46:25.682 [   DEBUG] (        highlevel.py: 186) viRead(1, <ctypes.c_char_Array_20480 object at 0x000001E05EA8B250>, 20480, 'c_ulong(15)') -> 0
2026-05-29 15:46:25.696 [   DEBUG] (        highlevel.py: 186) viWrite(2, b'FREQ 9660000000.00\r\n', 20, 'c_ulong(20)') -> 0
2026-05-29 15:46:26.775 [   DEBUG] (         protocol.py: 363) Exception caught
Traceback (most recent call last):
  File "C:\Users\awsch\miniconda3\envs\nsp\Lib\site-packages\rpyc\core\protocol.py", line 356, in _dispatch_request
    res = self._HANDLERS[handler](self, *args)
          ^^^^^^^^^^^^^^^^^^^^^^^^^^^^^^^^^^^^
  File "C:\Users\awsch\miniconda3\envs\nsp\Lib\site-packages\rpyc\core\protocol.py", line 853, in _handle_getattr
    return self._access_attr(obj, name, (), "_rpyc_getattr", "allow_getattr", getattr)
           ^^^^^^^^^^^^^^^^^^^^^^^^^^^^^^^^^^^^^^^^^^^^^^^^^^^^^^^^^^^^^^^^^^^^^^^^^^^
  File "C:\Users\awsch\miniconda3\envs\nsp\Lib\site-packages\rpyc\core\protocol.py", line 781, in _access_attr
    return accessor(obj, name, *args)
           ^^^^^^^^^^^^^^^^^^^^^^^^^^
AttributeError: 'list' object has no attribute 'sum'
2026-05-29 15:46:26.778 [   DEBUG] (         protocol.py: 363) Exception caught
Traceback (most recent call last):
  File "C:\Users\awsch\miniconda3\envs\nsp\Lib\site-packages\rpyc\core\protocol.py", line 356, in _dispatch_request
    res = self._HANDLERS[handler](self, *args)
          ^^^^^^^^^^^^^^^^^^^^^^^^^^^^^^^^^^^^
  File "C:\Users\awsch\miniconda3\envs\nsp\Lib\site-packages\rpyc\core\protocol.py", line 853, in _handle_getattr
    return self._access_attr(obj, name, (), "_rpyc_getattr", "allow_getattr", getattr)
           ^^^^^^^^^^^^^^^^^^^^^^^^^^^^^^^^^^^^^^^^^^^^^^^^^^^^^^^^^^^^^^^^^^^^^^^^^^^
  File "C:\Users\awsch\miniconda3\envs\nsp\Lib\site-packages\rpyc\core\protocol.py", line 781, in _access_attr
    return accessor(obj, name, *args)
           ^^^^^^^^^^^^^^^^^^^^^^^^^^
AttributeError: 'list' object has no attribute 'sum'
2026-05-29 15:46:26.781 [   DEBUG] (         protocol.py: 363) Exception caught
Traceback (most recent call last):
  File "C:\Users\awsch\miniconda3\envs\nsp\Lib\site-packages\rpyc\core\protocol.py", line 356, in _dispatch_request
    res = self._HANDLERS[handler](self, *args)
          ^^^^^^^^^^^^^^^^^^^^^^^^^^^^^^^^^^^^
  File "C:\Users\awsch\miniconda3\envs\nsp\Lib\site-packages\rpyc\core\protocol.py", line 853, in _handle_getattr
    return self._access_attr(obj, name, (), "_rpyc_getattr", "allow_getattr", getattr)
           ^^^^^^^^^^^^^^^^^^^^^^^^^^^^^^^^^^^^^^^^^^^^^^^^^^^^^^^^^^^^^^^^^^^^^^^^^^^
  File "C:\Users\awsch\miniconda3\envs\nsp\Lib\site-packages\rpyc\core\protocol.py", line 781, in _access_attr
    return accessor(obj, name, *args)
           ^^^^^^^^^^^^^^^^^^^^^^^^^^
AttributeError: 'list' object has no attribute '__array__'
2026-05-29 15:46:26.807 [   DEBUG] (         protocol.py: 363) Exception caught
Traceback (most recent call last):
  File "C:\Users\awsch\miniconda3\envs\nsp\Lib\site-packages\rpyc\core\protocol.py", line 356, in _dispatch_request
    res = self._HANDLERS[handler](self, *args)
          ^^^^^^^^^^^^^^^^^^^^^^^^^^^^^^^^^^^^
  File "C:\Users\awsch\miniconda3\envs\nsp\Lib\site-packages\rpyc\core\protocol.py", line 853, in _handle_getattr
    return self._access_attr(obj, name, (), "_rpyc_getattr", "allow_getattr", getattr)
           ^^^^^^^^^^^^^^^^^^^^^^^^^^^^^^^^^^^^^^^^^^^^^^^^^^^^^^^^^^^^^^^^^^^^^^^^^^^
  File "C:\Users\awsch\miniconda3\envs\nsp\Lib\site-packages\rpyc\core\protocol.py", line 781, in _access_attr
    return accessor(obj, name, *args)
           ^^^^^^^^^^^^^^^^^^^^^^^^^^
AttributeError: 'list' object has no attribute '__array_wrap__'
2026-05-29 15:46:26.808 [   DEBUG] (         protocol.py: 363) Exception caught
Traceback (most recent call last):
  File "C:\Users\awsch\miniconda3\envs\nsp\Lib\site-packages\rpyc\core\protocol.py", line 356, in _dispatch_request
    res = self._HANDLERS[handler](self, *args)
          ^^^^^^^^^^^^^^^^^^^^^^^^^^^^^^^^^^^^
  File "C:\Users\awsch\miniconda3\envs\nsp\Lib\site-packages\rpyc\core\protocol.py", line 853, in _handle_getattr
    return self._access_attr(obj, name, (), "_rpyc_getattr", "allow_getattr", getattr)
           ^^^^^^^^^^^^^^^^^^^^^^^^^^^^^^^^^^^^^^^^^^^^^^^^^^^^^^^^^^^^^^^^^^^^^^^^^^^
  File "C:\Users\awsch\miniconda3\envs\nsp\Lib\site-packages\rpyc\core\protocol.py", line 781, in _access_attr
    return accessor(obj, name, *args)
           ^^^^^^^^^^^^^^^^^^^^^^^^^^
AttributeError: 'list' object has no attribute '__array_wrap__'
2026-05-29 15:46:26.810 [   DEBUG] (         protocol.py: 363) Exception caught
Traceback (most recent call last):
  File "C:\Users\awsch\miniconda3\envs\nsp\Lib\site-packages\rpyc\core\protocol.py", line 356, in _dispatch_request
    res = self._HANDLERS[handler](self, *args)
          ^^^^^^^^^^^^^^^^^^^^^^^^^^^^^^^^^^^^
  File "C:\Users\awsch\miniconda3\envs\nsp\Lib\site-packages\rpyc\core\protocol.py", line 853, in _handle_getattr
    return self._access_attr(obj, name, (), "_rpyc_getattr", "allow_getattr", getattr)
           ^^^^^^^^^^^^^^^^^^^^^^^^^^^^^^^^^^^^^^^^^^^^^^^^^^^^^^^^^^^^^^^^^^^^^^^^^^^
  File "C:\Users\awsch\miniconda3\envs\nsp\Lib\site-packages\rpyc\core\protocol.py", line 781, in _access_attr
    return accessor(obj, name, *args)
           ^^^^^^^^^^^^^^^^^^^^^^^^^^
AttributeError: 'list' object has no attribute 'sum'
2026-05-29 15:46:26.811 [   DEBUG] (         protocol.py: 363) Exception caught
Traceback (most recent call last):
  File "C:\Users\awsch\miniconda3\envs\nsp\Lib\site-packages\rpyc\core\protocol.py", line 356, in _dispatch_request
    res = self._HANDLERS[handler](self, *args)
          ^^^^^^^^^^^^^^^^^^^^^^^^^^^^^^^^^^^^
  File "C:\Users\awsch\miniconda3\envs\nsp\Lib\site-packages\rpyc\core\protocol.py", line 853, in _handle_getattr
    return self._access_attr(obj, name, (), "_rpyc_getattr", "allow_getattr", getattr)
           ^^^^^^^^^^^^^^^^^^^^^^^^^^^^^^^^^^^^^^^^^^^^^^^^^^^^^^^^^^^^^^^^^^^^^^^^^^^
  File "C:\Users\awsch\miniconda3\envs\nsp\Lib\site-packages\rpyc\core\protocol.py", line 781, in _access_attr
    return accessor(obj, name, *args)
           ^^^^^^^^^^^^^^^^^^^^^^^^^^
AttributeError: 'list' object has no attribute 'sum'
2026-05-29 15:46:26.812 [   DEBUG] (         protocol.py: 363) Exception caught
Traceback (most recent call last):
  File "C:\Users\awsch\miniconda3\envs\nsp\Lib\site-packages\rpyc\core\protocol.py", line 356, in _dispatch_request
    res = self._HANDLERS[handler](self, *args)
          ^^^^^^^^^^^^^^^^^^^^^^^^^^^^^^^^^^^^
  File "C:\Users\awsch\miniconda3\envs\nsp\Lib\site-packages\rpyc\core\protocol.py", line 853, in _handle_getattr
    return self._access_attr(obj, name, (), "_rpyc_getattr", "allow_getattr", getattr)
           ^^^^^^^^^^^^^^^^^^^^^^^^^^^^^^^^^^^^^^^^^^^^^^^^^^^^^^^^^^^^^^^^^^^^^^^^^^^
  File "C:\Users\awsch\miniconda3\envs\nsp\Lib\site-packages\rpyc\core\protocol.py", line 781, in _access_attr
    return accessor(obj, name, *args)
           ^^^^^^^^^^^^^^^^^^^^^^^^^^
AttributeError: 'list' object has no attribute '__array__'
2026-05-29 15:46:26.835 [   DEBUG] (         protocol.py: 363) Exception caught
Traceback (most recent call last):
  File "C:\Users\awsch\miniconda3\envs\nsp\Lib\site-packages\rpyc\core\protocol.py", line 356, in _dispatch_request
    res = self._HANDLERS[handler](self, *args)
          ^^^^^^^^^^^^^^^^^^^^^^^^^^^^^^^^^^^^
  File "C:\Users\awsch\miniconda3\envs\nsp\Lib\site-packages\rpyc\core\protocol.py", line 853, in _handle_getattr
    return self._access_attr(obj, name, (), "_rpyc_getattr", "allow_getattr", getattr)
           ^^^^^^^^^^^^^^^^^^^^^^^^^^^^^^^^^^^^^^^^^^^^^^^^^^^^^^^^^^^^^^^^^^^^^^^^^^^
  File "C:\Users\awsch\miniconda3\envs\nsp\Lib\site-packages\rpyc\core\protocol.py", line 781, in _access_attr
    return accessor(obj, name, *args)
           ^^^^^^^^^^^^^^^^^^^^^^^^^^
AttributeError: 'list' object has no attribute '__array_wrap__'
2026-05-29 15:46:26.836 [   DEBUG] (         protocol.py: 363) Exception caught
Traceback (most recent call last):
  File "C:\Users\awsch\miniconda3\envs\nsp\Lib\site-packages\rpyc\core\protocol.py", line 356, in _dispatch_request
    res = self._HANDLERS[handler](self, *args)
          ^^^^^^^^^^^^^^^^^^^^^^^^^^^^^^^^^^^^
  File "C:\Users\awsch\miniconda3\envs\nsp\Lib\site-packages\rpyc\core\protocol.py", line 853, in _handle_getattr
    return self._access_attr(obj, name, (), "_rpyc_getattr", "allow_getattr", getattr)
           ^^^^^^^^^^^^^^^^^^^^^^^^^^^^^^^^^^^^^^^^^^^^^^^^^^^^^^^^^^^^^^^^^^^^^^^^^^^
  File "C:\Users\awsch\miniconda3\envs\nsp\Lib\site-packages\rpyc\core\protocol.py", line 781, in _access_attr
    return accessor(obj, name, *args)
           ^^^^^^^^^^^^^^^^^^^^^^^^^^
AttributeError: 'list' object has no attribute '__array_wrap__'
2026-05-29 15:46:26.838 [   DEBUG] (        highlevel.py: 186) viWrite(1, b'MEAS:POWER?\r\n', 13, 'c_ulong(13)') -> 0
2026-05-29 15:46:26.839 [   DEBUG] (     messagebased.py: 435) USB0::0x1313::0x8072::1916964::0::INSTR - reading 20480 bytes (last status <StatusCode.success_max_count_read: 1073676294>)
2026-05-29 15:46:26.841 [   DEBUG] (        highlevel.py: 186) viRead(1, <ctypes.c_char_Array_20480 object at 0x000001E05EA8B5D0>, 20480, 'c_ulong(15)') -> 0
2026-05-29 15:46:26.847 [   DEBUG] (        highlevel.py: 186) viWrite(2, b'FREQ 9670000000.00\r\n', 20, 'c_ulong(20)') -> 0
2026-05-29 15:46:27.944 [   DEBUG] (         protocol.py: 363) Exception caught
Traceback (most recent call last):
  File "C:\Users\awsch\miniconda3\envs\nsp\Lib\site-packages\rpyc\core\protocol.py", line 356, in _dispatch_request
    res = self._HANDLERS[handler](self, *args)
          ^^^^^^^^^^^^^^^^^^^^^^^^^^^^^^^^^^^^
  File "C:\Users\awsch\miniconda3\envs\nsp\Lib\site-packages\rpyc\core\protocol.py", line 853, in _handle_getattr
    return self._access_attr(obj, name, (), "_rpyc_getattr", "allow_getattr", getattr)
           ^^^^^^^^^^^^^^^^^^^^^^^^^^^^^^^^^^^^^^^^^^^^^^^^^^^^^^^^^^^^^^^^^^^^^^^^^^^
  File "C:\Users\awsch\miniconda3\envs\nsp\Lib\site-packages\rpyc\core\protocol.py", line 781, in _access_attr
    return accessor(obj, name, *args)
           ^^^^^^^^^^^^^^^^^^^^^^^^^^
AttributeError: 'list' object has no attribute 'sum'
2026-05-29 15:46:27.949 [   DEBUG] (         protocol.py: 363) Exception caught
Traceback (most recent call last):
  File "C:\Users\awsch\miniconda3\envs\nsp\Lib\site-packages\rpyc\core\protocol.py", line 356, in _dispatch_request
    res = self._HANDLERS[handler](self, *args)
          ^^^^^^^^^^^^^^^^^^^^^^^^^^^^^^^^^^^^
  File "C:\Users\awsch\miniconda3\envs\nsp\Lib\site-packages\rpyc\core\protocol.py", line 853, in _handle_getattr
    return self._access_attr(obj, name, (), "_rpyc_getattr", "allow_getattr", getattr)
           ^^^^^^^^^^^^^^^^^^^^^^^^^^^^^^^^^^^^^^^^^^^^^^^^^^^^^^^^^^^^^^^^^^^^^^^^^^^
  File "C:\Users\awsch\miniconda3\envs\nsp\Lib\site-packages\rpyc\core\protocol.py", line 781, in _access_attr
    return accessor(obj, name, *args)
           ^^^^^^^^^^^^^^^^^^^^^^^^^^
AttributeError: 'list' object has no attribute 'sum'
2026-05-29 15:46:27.955 [   DEBUG] (         protocol.py: 363) Exception caught
Traceback (most recent call last):
  File "C:\Users\awsch\miniconda3\envs\nsp\Lib\site-packages\rpyc\core\protocol.py", line 356, in _dispatch_request
    res = self._HANDLERS[handler](self, *args)
          ^^^^^^^^^^^^^^^^^^^^^^^^^^^^^^^^^^^^
  File "C:\Users\awsch\miniconda3\envs\nsp\Lib\site-packages\rpyc\core\protocol.py", line 853, in _handle_getattr
    return self._access_attr(obj, name, (), "_rpyc_getattr", "allow_getattr", getattr)
           ^^^^^^^^^^^^^^^^^^^^^^^^^^^^^^^^^^^^^^^^^^^^^^^^^^^^^^^^^^^^^^^^^^^^^^^^^^^
  File "C:\Users\awsch\miniconda3\envs\nsp\Lib\site-packages\rpyc\core\protocol.py", line 781, in _access_attr
    return accessor(obj, name, *args)
           ^^^^^^^^^^^^^^^^^^^^^^^^^^
AttributeError: 'list' object has no attribute '__array__'
2026-05-29 15:46:28.004 [   DEBUG] (         protocol.py: 363) Exception caught
Traceback (most recent call last):
  File "C:\Users\awsch\miniconda3\envs\nsp\Lib\site-packages\rpyc\core\protocol.py", line 356, in _dispatch_request
    res = self._HANDLERS[handler](self, *args)
          ^^^^^^^^^^^^^^^^^^^^^^^^^^^^^^^^^^^^
  File "C:\Users\awsch\miniconda3\envs\nsp\Lib\site-packages\rpyc\core\protocol.py", line 853, in _handle_getattr
    return self._access_attr(obj, name, (), "_rpyc_getattr", "allow_getattr", getattr)
           ^^^^^^^^^^^^^^^^^^^^^^^^^^^^^^^^^^^^^^^^^^^^^^^^^^^^^^^^^^^^^^^^^^^^^^^^^^^
  File "C:\Users\awsch\miniconda3\envs\nsp\Lib\site-packages\rpyc\core\protocol.py", line 781, in _access_attr
    return accessor(obj, name, *args)
           ^^^^^^^^^^^^^^^^^^^^^^^^^^
AttributeError: 'list' object has no attribute '__array_wrap__'
2026-05-29 15:46:28.006 [   DEBUG] (         protocol.py: 363) Exception caught
Traceback (most recent call last):
  File "C:\Users\awsch\miniconda3\envs\nsp\Lib\site-packages\rpyc\core\protocol.py", line 356, in _dispatch_request
    res = self._HANDLERS[handler](self, *args)
          ^^^^^^^^^^^^^^^^^^^^^^^^^^^^^^^^^^^^
  File "C:\Users\awsch\miniconda3\envs\nsp\Lib\site-packages\rpyc\core\protocol.py", line 853, in _handle_getattr
    return self._access_attr(obj, name, (), "_rpyc_getattr", "allow_getattr", getattr)
           ^^^^^^^^^^^^^^^^^^^^^^^^^^^^^^^^^^^^^^^^^^^^^^^^^^^^^^^^^^^^^^^^^^^^^^^^^^^
  File "C:\Users\awsch\miniconda3\envs\nsp\Lib\site-packages\rpyc\core\protocol.py", line 781, in _access_attr
    return accessor(obj, name, *args)
           ^^^^^^^^^^^^^^^^^^^^^^^^^^
AttributeError: 'list' object has no attribute '__array_wrap__'
2026-05-29 15:46:28.007 [   DEBUG] (         protocol.py: 363) Exception caught
Traceback (most recent call last):
  File "C:\Users\awsch\miniconda3\envs\nsp\Lib\site-packages\rpyc\core\protocol.py", line 356, in _dispatch_request
    res = self._HANDLERS[handler](self, *args)
          ^^^^^^^^^^^^^^^^^^^^^^^^^^^^^^^^^^^^
  File "C:\Users\awsch\miniconda3\envs\nsp\Lib\site-packages\rpyc\core\protocol.py", line 853, in _handle_getattr
    return self._access_attr(obj, name, (), "_rpyc_getattr", "allow_getattr", getattr)
           ^^^^^^^^^^^^^^^^^^^^^^^^^^^^^^^^^^^^^^^^^^^^^^^^^^^^^^^^^^^^^^^^^^^^^^^^^^^
  File "C:\Users\awsch\miniconda3\envs\nsp\Lib\site-packages\rpyc\core\protocol.py", line 781, in _access_attr
    return accessor(obj, name, *args)
           ^^^^^^^^^^^^^^^^^^^^^^^^^^
AttributeError: 'list' object has no attribute 'sum'
2026-05-29 15:46:28.009 [   DEBUG] (         protocol.py: 363) Exception caught
Traceback (most recent call last):
  File "C:\Users\awsch\miniconda3\envs\nsp\Lib\site-packages\rpyc\core\protocol.py", line 356, in _dispatch_request
    res = self._HANDLERS[handler](self, *args)
          ^^^^^^^^^^^^^^^^^^^^^^^^^^^^^^^^^^^^
  File "C:\Users\awsch\miniconda3\envs\nsp\Lib\site-packages\rpyc\core\protocol.py", line 853, in _handle_getattr
    return self._access_attr(obj, name, (), "_rpyc_getattr", "allow_getattr", getattr)
           ^^^^^^^^^^^^^^^^^^^^^^^^^^^^^^^^^^^^^^^^^^^^^^^^^^^^^^^^^^^^^^^^^^^^^^^^^^^
  File "C:\Users\awsch\miniconda3\envs\nsp\Lib\site-packages\rpyc\core\protocol.py", line 781, in _access_attr
    return accessor(obj, name, *args)
           ^^^^^^^^^^^^^^^^^^^^^^^^^^
AttributeError: 'list' object has no attribute 'sum'
2026-05-29 15:46:28.010 [   DEBUG] (         protocol.py: 363) Exception caught
Traceback (most recent call last):
  File "C:\Users\awsch\miniconda3\envs\nsp\Lib\site-packages\rpyc\core\protocol.py", line 356, in _dispatch_request
    res = self._HANDLERS[handler](self, *args)
          ^^^^^^^^^^^^^^^^^^^^^^^^^^^^^^^^^^^^
  File "C:\Users\awsch\miniconda3\envs\nsp\Lib\site-packages\rpyc\core\protocol.py", line 853, in _handle_getattr
    return self._access_attr(obj, name, (), "_rpyc_getattr", "allow_getattr", getattr)
           ^^^^^^^^^^^^^^^^^^^^^^^^^^^^^^^^^^^^^^^^^^^^^^^^^^^^^^^^^^^^^^^^^^^^^^^^^^^
  File "C:\Users\awsch\miniconda3\envs\nsp\Lib\site-packages\rpyc\core\protocol.py", line 781, in _access_attr
    return accessor(obj, name, *args)
           ^^^^^^^^^^^^^^^^^^^^^^^^^^
AttributeError: 'list' object has no attribute '__array__'
2026-05-29 15:46:28.031 [   DEBUG] (         protocol.py: 363) Exception caught
Traceback (most recent call last):
  File "C:\Users\awsch\miniconda3\envs\nsp\Lib\site-packages\rpyc\core\protocol.py", line 356, in _dispatch_request
    res = self._HANDLERS[handler](self, *args)
          ^^^^^^^^^^^^^^^^^^^^^^^^^^^^^^^^^^^^
  File "C:\Users\awsch\miniconda3\envs\nsp\Lib\site-packages\rpyc\core\protocol.py", line 853, in _handle_getattr
    return self._access_attr(obj, name, (), "_rpyc_getattr", "allow_getattr", getattr)
           ^^^^^^^^^^^^^^^^^^^^^^^^^^^^^^^^^^^^^^^^^^^^^^^^^^^^^^^^^^^^^^^^^^^^^^^^^^^
  File "C:\Users\awsch\miniconda3\envs\nsp\Lib\site-packages\rpyc\core\protocol.py", line 781, in _access_attr
    return accessor(obj, name, *args)
           ^^^^^^^^^^^^^^^^^^^^^^^^^^
AttributeError: 'list' object has no attribute '__array_wrap__'
2026-05-29 15:46:28.032 [   DEBUG] (         protocol.py: 363) Exception caught
Traceback (most recent call last):
  File "C:\Users\awsch\miniconda3\envs\nsp\Lib\site-packages\rpyc\core\protocol.py", line 356, in _dispatch_request
    res = self._HANDLERS[handler](self, *args)
          ^^^^^^^^^^^^^^^^^^^^^^^^^^^^^^^^^^^^
  File "C:\Users\awsch\miniconda3\envs\nsp\Lib\site-packages\rpyc\core\protocol.py", line 853, in _handle_getattr
    return self._access_attr(obj, name, (), "_rpyc_getattr", "allow_getattr", getattr)
           ^^^^^^^^^^^^^^^^^^^^^^^^^^^^^^^^^^^^^^^^^^^^^^^^^^^^^^^^^^^^^^^^^^^^^^^^^^^
  File "C:\Users\awsch\miniconda3\envs\nsp\Lib\site-packages\rpyc\core\protocol.py", line 781, in _access_attr
    return accessor(obj, name, *args)
           ^^^^^^^^^^^^^^^^^^^^^^^^^^
AttributeError: 'list' object has no attribute '__array_wrap__'
2026-05-29 15:46:28.035 [   DEBUG] (        highlevel.py: 186) viWrite(1, b'MEAS:POWER?\r\n', 13, 'c_ulong(13)') -> 0
2026-05-29 15:46:28.035 [   DEBUG] (     messagebased.py: 435) USB0::0x1313::0x8072::1916964::0::INSTR - reading 20480 bytes (last status <StatusCode.success_max_count_read: 1073676294>)
2026-05-29 15:46:28.037 [   DEBUG] (        highlevel.py: 186) viRead(1, <ctypes.c_char_Array_20480 object at 0x000001E05EA8AED0>, 20480, 'c_ulong(15)') -> 0
2026-05-29 15:46:28.042 [   DEBUG] (        highlevel.py: 186) viWrite(2, b'FREQ 9680000000.00\r\n', 20, 'c_ulong(20)') -> 0
2026-05-29 15:46:29.118 [   DEBUG] (         protocol.py: 363) Exception caught
Traceback (most recent call last):
  File "C:\Users\awsch\miniconda3\envs\nsp\Lib\site-packages\rpyc\core\protocol.py", line 356, in _dispatch_request
    res = self._HANDLERS[handler](self, *args)
          ^^^^^^^^^^^^^^^^^^^^^^^^^^^^^^^^^^^^
  File "C:\Users\awsch\miniconda3\envs\nsp\Lib\site-packages\rpyc\core\protocol.py", line 853, in _handle_getattr
    return self._access_attr(obj, name, (), "_rpyc_getattr", "allow_getattr", getattr)
           ^^^^^^^^^^^^^^^^^^^^^^^^^^^^^^^^^^^^^^^^^^^^^^^^^^^^^^^^^^^^^^^^^^^^^^^^^^^
  File "C:\Users\awsch\miniconda3\envs\nsp\Lib\site-packages\rpyc\core\protocol.py", line 781, in _access_attr
    return accessor(obj, name, *args)
           ^^^^^^^^^^^^^^^^^^^^^^^^^^
AttributeError: 'list' object has no attribute 'sum'
2026-05-29 15:46:29.122 [   DEBUG] (         protocol.py: 363) Exception caught
Traceback (most recent call last):
  File "C:\Users\awsch\miniconda3\envs\nsp\Lib\site-packages\rpyc\core\protocol.py", line 356, in _dispatch_request
    res = self._HANDLERS[handler](self, *args)
          ^^^^^^^^^^^^^^^^^^^^^^^^^^^^^^^^^^^^
  File "C:\Users\awsch\miniconda3\envs\nsp\Lib\site-packages\rpyc\core\protocol.py", line 853, in _handle_getattr
    return self._access_attr(obj, name, (), "_rpyc_getattr", "allow_getattr", getattr)
           ^^^^^^^^^^^^^^^^^^^^^^^^^^^^^^^^^^^^^^^^^^^^^^^^^^^^^^^^^^^^^^^^^^^^^^^^^^^
  File "C:\Users\awsch\miniconda3\envs\nsp\Lib\site-packages\rpyc\core\protocol.py", line 781, in _access_attr
    return accessor(obj, name, *args)
           ^^^^^^^^^^^^^^^^^^^^^^^^^^
AttributeError: 'list' object has no attribute 'sum'
2026-05-29 15:46:29.125 [   DEBUG] (         protocol.py: 363) Exception caught
Traceback (most recent call last):
  File "C:\Users\awsch\miniconda3\envs\nsp\Lib\site-packages\rpyc\core\protocol.py", line 356, in _dispatch_request
    res = self._HANDLERS[handler](self, *args)
          ^^^^^^^^^^^^^^^^^^^^^^^^^^^^^^^^^^^^
  File "C:\Users\awsch\miniconda3\envs\nsp\Lib\site-packages\rpyc\core\protocol.py", line 853, in _handle_getattr
    return self._access_attr(obj, name, (), "_rpyc_getattr", "allow_getattr", getattr)
           ^^^^^^^^^^^^^^^^^^^^^^^^^^^^^^^^^^^^^^^^^^^^^^^^^^^^^^^^^^^^^^^^^^^^^^^^^^^
  File "C:\Users\awsch\miniconda3\envs\nsp\Lib\site-packages\rpyc\core\protocol.py", line 781, in _access_attr
    return accessor(obj, name, *args)
           ^^^^^^^^^^^^^^^^^^^^^^^^^^
AttributeError: 'list' object has no attribute '__array__'
2026-05-29 15:46:29.181 [   DEBUG] (         protocol.py: 363) Exception caught
Traceback (most recent call last):
  File "C:\Users\awsch\miniconda3\envs\nsp\Lib\site-packages\rpyc\core\protocol.py", line 356, in _dispatch_request
    res = self._HANDLERS[handler](self, *args)
          ^^^^^^^^^^^^^^^^^^^^^^^^^^^^^^^^^^^^
  File "C:\Users\awsch\miniconda3\envs\nsp\Lib\site-packages\rpyc\core\protocol.py", line 853, in _handle_getattr
    return self._access_attr(obj, name, (), "_rpyc_getattr", "allow_getattr", getattr)
           ^^^^^^^^^^^^^^^^^^^^^^^^^^^^^^^^^^^^^^^^^^^^^^^^^^^^^^^^^^^^^^^^^^^^^^^^^^^
  File "C:\Users\awsch\miniconda3\envs\nsp\Lib\site-packages\rpyc\core\protocol.py", line 781, in _access_attr
    return accessor(obj, name, *args)
           ^^^^^^^^^^^^^^^^^^^^^^^^^^
AttributeError: 'list' object has no attribute '__array_wrap__'
2026-05-29 15:46:29.184 [   DEBUG] (         protocol.py: 363) Exception caught
Traceback (most recent call last):
  File "C:\Users\awsch\miniconda3\envs\nsp\Lib\site-packages\rpyc\core\protocol.py", line 356, in _dispatch_request
    res = self._HANDLERS[handler](self, *args)
          ^^^^^^^^^^^^^^^^^^^^^^^^^^^^^^^^^^^^
  File "C:\Users\awsch\miniconda3\envs\nsp\Lib\site-packages\rpyc\core\protocol.py", line 853, in _handle_getattr
    return self._access_attr(obj, name, (), "_rpyc_getattr", "allow_getattr", getattr)
           ^^^^^^^^^^^^^^^^^^^^^^^^^^^^^^^^^^^^^^^^^^^^^^^^^^^^^^^^^^^^^^^^^^^^^^^^^^^
  File "C:\Users\awsch\miniconda3\envs\nsp\Lib\site-packages\rpyc\core\protocol.py", line 781, in _access_attr
    return accessor(obj, name, *args)
           ^^^^^^^^^^^^^^^^^^^^^^^^^^
AttributeError: 'list' object has no attribute '__array_wrap__'
2026-05-29 15:46:29.187 [   DEBUG] (         protocol.py: 363) Exception caught
Traceback (most recent call last):
  File "C:\Users\awsch\miniconda3\envs\nsp\Lib\site-packages\rpyc\core\protocol.py", line 356, in _dispatch_request
    res = self._HANDLERS[handler](self, *args)
          ^^^^^^^^^^^^^^^^^^^^^^^^^^^^^^^^^^^^
  File "C:\Users\awsch\miniconda3\envs\nsp\Lib\site-packages\rpyc\core\protocol.py", line 853, in _handle_getattr
    return self._access_attr(obj, name, (), "_rpyc_getattr", "allow_getattr", getattr)
           ^^^^^^^^^^^^^^^^^^^^^^^^^^^^^^^^^^^^^^^^^^^^^^^^^^^^^^^^^^^^^^^^^^^^^^^^^^^
  File "C:\Users\awsch\miniconda3\envs\nsp\Lib\site-packages\rpyc\core\protocol.py", line 781, in _access_attr
    return accessor(obj, name, *args)
           ^^^^^^^^^^^^^^^^^^^^^^^^^^
AttributeError: 'list' object has no attribute 'sum'
2026-05-29 15:46:29.190 [   DEBUG] (         protocol.py: 363) Exception caught
Traceback (most recent call last):
  File "C:\Users\awsch\miniconda3\envs\nsp\Lib\site-packages\rpyc\core\protocol.py", line 356, in _dispatch_request
    res = self._HANDLERS[handler](self, *args)
          ^^^^^^^^^^^^^^^^^^^^^^^^^^^^^^^^^^^^
  File "C:\Users\awsch\miniconda3\envs\nsp\Lib\site-packages\rpyc\core\protocol.py", line 853, in _handle_getattr
    return self._access_attr(obj, name, (), "_rpyc_getattr", "allow_getattr", getattr)
           ^^^^^^^^^^^^^^^^^^^^^^^^^^^^^^^^^^^^^^^^^^^^^^^^^^^^^^^^^^^^^^^^^^^^^^^^^^^
  File "C:\Users\awsch\miniconda3\envs\nsp\Lib\site-packages\rpyc\core\protocol.py", line 781, in _access_attr
    return accessor(obj, name, *args)
           ^^^^^^^^^^^^^^^^^^^^^^^^^^
AttributeError: 'list' object has no attribute 'sum'
2026-05-29 15:46:29.193 [   DEBUG] (         protocol.py: 363) Exception caught
Traceback (most recent call last):
  File "C:\Users\awsch\miniconda3\envs\nsp\Lib\site-packages\rpyc\core\protocol.py", line 356, in _dispatch_request
    res = self._HANDLERS[handler](self, *args)
          ^^^^^^^^^^^^^^^^^^^^^^^^^^^^^^^^^^^^
  File "C:\Users\awsch\miniconda3\envs\nsp\Lib\site-packages\rpyc\core\protocol.py", line 853, in _handle_getattr
    return self._access_attr(obj, name, (), "_rpyc_getattr", "allow_getattr", getattr)
           ^^^^^^^^^^^^^^^^^^^^^^^^^^^^^^^^^^^^^^^^^^^^^^^^^^^^^^^^^^^^^^^^^^^^^^^^^^^
  File "C:\Users\awsch\miniconda3\envs\nsp\Lib\site-packages\rpyc\core\protocol.py", line 781, in _access_attr
    return accessor(obj, name, *args)
           ^^^^^^^^^^^^^^^^^^^^^^^^^^
AttributeError: 'list' object has no attribute '__array__'
2026-05-29 15:46:29.228 [   DEBUG] (         protocol.py: 363) Exception caught
Traceback (most recent call last):
  File "C:\Users\awsch\miniconda3\envs\nsp\Lib\site-packages\rpyc\core\protocol.py", line 356, in _dispatch_request
    res = self._HANDLERS[handler](self, *args)
          ^^^^^^^^^^^^^^^^^^^^^^^^^^^^^^^^^^^^
  File "C:\Users\awsch\miniconda3\envs\nsp\Lib\site-packages\rpyc\core\protocol.py", line 853, in _handle_getattr
    return self._access_attr(obj, name, (), "_rpyc_getattr", "allow_getattr", getattr)
           ^^^^^^^^^^^^^^^^^^^^^^^^^^^^^^^^^^^^^^^^^^^^^^^^^^^^^^^^^^^^^^^^^^^^^^^^^^^
  File "C:\Users\awsch\miniconda3\envs\nsp\Lib\site-packages\rpyc\core\protocol.py", line 781, in _access_attr
    return accessor(obj, name, *args)
           ^^^^^^^^^^^^^^^^^^^^^^^^^^
AttributeError: 'list' object has no attribute '__array_wrap__'
2026-05-29 15:46:29.230 [   DEBUG] (         protocol.py: 363) Exception caught
Traceback (most recent call last):
  File "C:\Users\awsch\miniconda3\envs\nsp\Lib\site-packages\rpyc\core\protocol.py", line 356, in _dispatch_request
    res = self._HANDLERS[handler](self, *args)
          ^^^^^^^^^^^^^^^^^^^^^^^^^^^^^^^^^^^^
  File "C:\Users\awsch\miniconda3\envs\nsp\Lib\site-packages\rpyc\core\protocol.py", line 853, in _handle_getattr
    return self._access_attr(obj, name, (), "_rpyc_getattr", "allow_getattr", getattr)
           ^^^^^^^^^^^^^^^^^^^^^^^^^^^^^^^^^^^^^^^^^^^^^^^^^^^^^^^^^^^^^^^^^^^^^^^^^^^
  File "C:\Users\awsch\miniconda3\envs\nsp\Lib\site-packages\rpyc\core\protocol.py", line 781, in _access_attr
    return accessor(obj, name, *args)
           ^^^^^^^^^^^^^^^^^^^^^^^^^^
AttributeError: 'list' object has no attribute '__array_wrap__'
2026-05-29 15:46:29.234 [   DEBUG] (        highlevel.py: 186) viWrite(1, b'MEAS:POWER?\r\n', 13, 'c_ulong(13)') -> 0
2026-05-29 15:46:29.234 [   DEBUG] (     messagebased.py: 435) USB0::0x1313::0x8072::1916964::0::INSTR - reading 20480 bytes (last status <StatusCode.success_max_count_read: 1073676294>)
2026-05-29 15:46:29.237 [   DEBUG] (        highlevel.py: 186) viRead(1, <ctypes.c_char_Array_20480 object at 0x000001E05EA8B8D0>, 20480, 'c_ulong(15)') -> 0
2026-05-29 15:46:29.245 [   DEBUG] (        highlevel.py: 186) viWrite(2, b'FREQ 9690000000.00\r\n', 20, 'c_ulong(20)') -> 0
2026-05-29 15:46:30.325 [   DEBUG] (         protocol.py: 363) Exception caught
Traceback (most recent call last):
  File "C:\Users\awsch\miniconda3\envs\nsp\Lib\site-packages\rpyc\core\protocol.py", line 356, in _dispatch_request
    res = self._HANDLERS[handler](self, *args)
          ^^^^^^^^^^^^^^^^^^^^^^^^^^^^^^^^^^^^
  File "C:\Users\awsch\miniconda3\envs\nsp\Lib\site-packages\rpyc\core\protocol.py", line 853, in _handle_getattr
    return self._access_attr(obj, name, (), "_rpyc_getattr", "allow_getattr", getattr)
           ^^^^^^^^^^^^^^^^^^^^^^^^^^^^^^^^^^^^^^^^^^^^^^^^^^^^^^^^^^^^^^^^^^^^^^^^^^^
  File "C:\Users\awsch\miniconda3\envs\nsp\Lib\site-packages\rpyc\core\protocol.py", line 781, in _access_attr
    return accessor(obj, name, *args)
           ^^^^^^^^^^^^^^^^^^^^^^^^^^
AttributeError: 'list' object has no attribute 'sum'
2026-05-29 15:46:30.327 [   DEBUG] (         protocol.py: 363) Exception caught
Traceback (most recent call last):
  File "C:\Users\awsch\miniconda3\envs\nsp\Lib\site-packages\rpyc\core\protocol.py", line 356, in _dispatch_request
    res = self._HANDLERS[handler](self, *args)
          ^^^^^^^^^^^^^^^^^^^^^^^^^^^^^^^^^^^^
  File "C:\Users\awsch\miniconda3\envs\nsp\Lib\site-packages\rpyc\core\protocol.py", line 853, in _handle_getattr
    return self._access_attr(obj, name, (), "_rpyc_getattr", "allow_getattr", getattr)
           ^^^^^^^^^^^^^^^^^^^^^^^^^^^^^^^^^^^^^^^^^^^^^^^^^^^^^^^^^^^^^^^^^^^^^^^^^^^
  File "C:\Users\awsch\miniconda3\envs\nsp\Lib\site-packages\rpyc\core\protocol.py", line 781, in _access_attr
    return accessor(obj, name, *args)
           ^^^^^^^^^^^^^^^^^^^^^^^^^^
AttributeError: 'list' object has no attribute 'sum'
2026-05-29 15:46:30.328 [   DEBUG] (         protocol.py: 363) Exception caught
Traceback (most recent call last):
  File "C:\Users\awsch\miniconda3\envs\nsp\Lib\site-packages\rpyc\core\protocol.py", line 356, in _dispatch_request
    res = self._HANDLERS[handler](self, *args)
          ^^^^^^^^^^^^^^^^^^^^^^^^^^^^^^^^^^^^
  File "C:\Users\awsch\miniconda3\envs\nsp\Lib\site-packages\rpyc\core\protocol.py", line 853, in _handle_getattr
    return self._access_attr(obj, name, (), "_rpyc_getattr", "allow_getattr", getattr)
           ^^^^^^^^^^^^^^^^^^^^^^^^^^^^^^^^^^^^^^^^^^^^^^^^^^^^^^^^^^^^^^^^^^^^^^^^^^^
  File "C:\Users\awsch\miniconda3\envs\nsp\Lib\site-packages\rpyc\core\protocol.py", line 781, in _access_attr
    return accessor(obj, name, *args)
           ^^^^^^^^^^^^^^^^^^^^^^^^^^
AttributeError: 'list' object has no attribute '__array__'
2026-05-29 15:46:30.410 [   DEBUG] (         protocol.py: 363) Exception caught
Traceback (most recent call last):
  File "C:\Users\awsch\miniconda3\envs\nsp\Lib\site-packages\rpyc\core\protocol.py", line 356, in _dispatch_request
    res = self._HANDLERS[handler](self, *args)
          ^^^^^^^^^^^^^^^^^^^^^^^^^^^^^^^^^^^^
  File "C:\Users\awsch\miniconda3\envs\nsp\Lib\site-packages\rpyc\core\protocol.py", line 853, in _handle_getattr
    return self._access_attr(obj, name, (), "_rpyc_getattr", "allow_getattr", getattr)
           ^^^^^^^^^^^^^^^^^^^^^^^^^^^^^^^^^^^^^^^^^^^^^^^^^^^^^^^^^^^^^^^^^^^^^^^^^^^
  File "C:\Users\awsch\miniconda3\envs\nsp\Lib\site-packages\rpyc\core\protocol.py", line 781, in _access_attr
    return accessor(obj, name, *args)
           ^^^^^^^^^^^^^^^^^^^^^^^^^^
AttributeError: 'list' object has no attribute '__array_wrap__'
2026-05-29 15:46:30.412 [   DEBUG] (         protocol.py: 363) Exception caught
Traceback (most recent call last):
  File "C:\Users\awsch\miniconda3\envs\nsp\Lib\site-packages\rpyc\core\protocol.py", line 356, in _dispatch_request
    res = self._HANDLERS[handler](self, *args)
          ^^^^^^^^^^^^^^^^^^^^^^^^^^^^^^^^^^^^
  File "C:\Users\awsch\miniconda3\envs\nsp\Lib\site-packages\rpyc\core\protocol.py", line 853, in _handle_getattr
    return self._access_attr(obj, name, (), "_rpyc_getattr", "allow_getattr", getattr)
           ^^^^^^^^^^^^^^^^^^^^^^^^^^^^^^^^^^^^^^^^^^^^^^^^^^^^^^^^^^^^^^^^^^^^^^^^^^^
  File "C:\Users\awsch\miniconda3\envs\nsp\Lib\site-packages\rpyc\core\protocol.py", line 781, in _access_attr
    return accessor(obj, name, *args)
           ^^^^^^^^^^^^^^^^^^^^^^^^^^
AttributeError: 'list' object has no attribute '__array_wrap__'
2026-05-29 15:46:30.415 [   DEBUG] (         protocol.py: 363) Exception caught
Traceback (most recent call last):
  File "C:\Users\awsch\miniconda3\envs\nsp\Lib\site-packages\rpyc\core\protocol.py", line 356, in _dispatch_request
    res = self._HANDLERS[handler](self, *args)
          ^^^^^^^^^^^^^^^^^^^^^^^^^^^^^^^^^^^^
  File "C:\Users\awsch\miniconda3\envs\nsp\Lib\site-packages\rpyc\core\protocol.py", line 853, in _handle_getattr
    return self._access_attr(obj, name, (), "_rpyc_getattr", "allow_getattr", getattr)
           ^^^^^^^^^^^^^^^^^^^^^^^^^^^^^^^^^^^^^^^^^^^^^^^^^^^^^^^^^^^^^^^^^^^^^^^^^^^
  File "C:\Users\awsch\miniconda3\envs\nsp\Lib\site-packages\rpyc\core\protocol.py", line 781, in _access_attr
    return accessor(obj, name, *args)
           ^^^^^^^^^^^^^^^^^^^^^^^^^^
AttributeError: 'list' object has no attribute 'sum'
2026-05-29 15:46:30.417 [   DEBUG] (         protocol.py: 363) Exception caught
Traceback (most recent call last):
  File "C:\Users\awsch\miniconda3\envs\nsp\Lib\site-packages\rpyc\core\protocol.py", line 356, in _dispatch_request
    res = self._HANDLERS[handler](self, *args)
          ^^^^^^^^^^^^^^^^^^^^^^^^^^^^^^^^^^^^
  File "C:\Users\awsch\miniconda3\envs\nsp\Lib\site-packages\rpyc\core\protocol.py", line 853, in _handle_getattr
    return self._access_attr(obj, name, (), "_rpyc_getattr", "allow_getattr", getattr)
           ^^^^^^^^^^^^^^^^^^^^^^^^^^^^^^^^^^^^^^^^^^^^^^^^^^^^^^^^^^^^^^^^^^^^^^^^^^^
  File "C:\Users\awsch\miniconda3\envs\nsp\Lib\site-packages\rpyc\core\protocol.py", line 781, in _access_attr
    return accessor(obj, name, *args)
           ^^^^^^^^^^^^^^^^^^^^^^^^^^
AttributeError: 'list' object has no attribute 'sum'
2026-05-29 15:46:30.420 [   DEBUG] (         protocol.py: 363) Exception caught
Traceback (most recent call last):
  File "C:\Users\awsch\miniconda3\envs\nsp\Lib\site-packages\rpyc\core\protocol.py", line 356, in _dispatch_request
    res = self._HANDLERS[handler](self, *args)
          ^^^^^^^^^^^^^^^^^^^^^^^^^^^^^^^^^^^^
  File "C:\Users\awsch\miniconda3\envs\nsp\Lib\site-packages\rpyc\core\protocol.py", line 853, in _handle_getattr
    return self._access_attr(obj, name, (), "_rpyc_getattr", "allow_getattr", getattr)
           ^^^^^^^^^^^^^^^^^^^^^^^^^^^^^^^^^^^^^^^^^^^^^^^^^^^^^^^^^^^^^^^^^^^^^^^^^^^
  File "C:\Users\awsch\miniconda3\envs\nsp\Lib\site-packages\rpyc\core\protocol.py", line 781, in _access_attr
    return accessor(obj, name, *args)
           ^^^^^^^^^^^^^^^^^^^^^^^^^^
AttributeError: 'list' object has no attribute '__array__'
2026-05-29 15:46:30.467 [   DEBUG] (         protocol.py: 363) Exception caught
Traceback (most recent call last):
  File "C:\Users\awsch\miniconda3\envs\nsp\Lib\site-packages\rpyc\core\protocol.py", line 356, in _dispatch_request
    res = self._HANDLERS[handler](self, *args)
          ^^^^^^^^^^^^^^^^^^^^^^^^^^^^^^^^^^^^
  File "C:\Users\awsch\miniconda3\envs\nsp\Lib\site-packages\rpyc\core\protocol.py", line 853, in _handle_getattr
    return self._access_attr(obj, name, (), "_rpyc_getattr", "allow_getattr", getattr)
           ^^^^^^^^^^^^^^^^^^^^^^^^^^^^^^^^^^^^^^^^^^^^^^^^^^^^^^^^^^^^^^^^^^^^^^^^^^^
  File "C:\Users\awsch\miniconda3\envs\nsp\Lib\site-packages\rpyc\core\protocol.py", line 781, in _access_attr
    return accessor(obj, name, *args)
           ^^^^^^^^^^^^^^^^^^^^^^^^^^
AttributeError: 'list' object has no attribute '__array_wrap__'
2026-05-29 15:46:30.470 [   DEBUG] (         protocol.py: 363) Exception caught
Traceback (most recent call last):
  File "C:\Users\awsch\miniconda3\envs\nsp\Lib\site-packages\rpyc\core\protocol.py", line 356, in _dispatch_request
    res = self._HANDLERS[handler](self, *args)
          ^^^^^^^^^^^^^^^^^^^^^^^^^^^^^^^^^^^^
  File "C:\Users\awsch\miniconda3\envs\nsp\Lib\site-packages\rpyc\core\protocol.py", line 853, in _handle_getattr
    return self._access_attr(obj, name, (), "_rpyc_getattr", "allow_getattr", getattr)
           ^^^^^^^^^^^^^^^^^^^^^^^^^^^^^^^^^^^^^^^^^^^^^^^^^^^^^^^^^^^^^^^^^^^^^^^^^^^
  File "C:\Users\awsch\miniconda3\envs\nsp\Lib\site-packages\rpyc\core\protocol.py", line 781, in _access_attr
    return accessor(obj, name, *args)
           ^^^^^^^^^^^^^^^^^^^^^^^^^^
AttributeError: 'list' object has no attribute '__array_wrap__'
2026-05-29 15:46:30.475 [   DEBUG] (        highlevel.py: 186) viWrite(1, b'MEAS:POWER?\r\n', 13, 'c_ulong(13)') -> 0
2026-05-29 15:46:30.476 [   DEBUG] (     messagebased.py: 435) USB0::0x1313::0x8072::1916964::0::INSTR - reading 20480 bytes (last status <StatusCode.success_max_count_read: 1073676294>)
2026-05-29 15:46:30.478 [   DEBUG] (        highlevel.py: 186) viRead(1, <ctypes.c_char_Array_20480 object at 0x000001E05EA8B650>, 20480, 'c_ulong(15)') -> 0
2026-05-29 15:46:30.486 [   DEBUG] (        highlevel.py: 186) viWrite(2, b'FREQ 9700000000.00\r\n', 20, 'c_ulong(20)') -> 0
2026-05-29 15:46:31.576 [   DEBUG] (         protocol.py: 363) Exception caught
Traceback (most recent call last):
  File "C:\Users\awsch\miniconda3\envs\nsp\Lib\site-packages\rpyc\core\protocol.py", line 356, in _dispatch_request
    res = self._HANDLERS[handler](self, *args)
          ^^^^^^^^^^^^^^^^^^^^^^^^^^^^^^^^^^^^
  File "C:\Users\awsch\miniconda3\envs\nsp\Lib\site-packages\rpyc\core\protocol.py", line 853, in _handle_getattr
    return self._access_attr(obj, name, (), "_rpyc_getattr", "allow_getattr", getattr)
           ^^^^^^^^^^^^^^^^^^^^^^^^^^^^^^^^^^^^^^^^^^^^^^^^^^^^^^^^^^^^^^^^^^^^^^^^^^^
  File "C:\Users\awsch\miniconda3\envs\nsp\Lib\site-packages\rpyc\core\protocol.py", line 781, in _access_attr
    return accessor(obj, name, *args)
           ^^^^^^^^^^^^^^^^^^^^^^^^^^
AttributeError: 'list' object has no attribute 'sum'
2026-05-29 15:46:31.579 [   DEBUG] (         protocol.py: 363) Exception caught
Traceback (most recent call last):
  File "C:\Users\awsch\miniconda3\envs\nsp\Lib\site-packages\rpyc\core\protocol.py", line 356, in _dispatch_request
    res = self._HANDLERS[handler](self, *args)
          ^^^^^^^^^^^^^^^^^^^^^^^^^^^^^^^^^^^^
  File "C:\Users\awsch\miniconda3\envs\nsp\Lib\site-packages\rpyc\core\protocol.py", line 853, in _handle_getattr
    return self._access_attr(obj, name, (), "_rpyc_getattr", "allow_getattr", getattr)
           ^^^^^^^^^^^^^^^^^^^^^^^^^^^^^^^^^^^^^^^^^^^^^^^^^^^^^^^^^^^^^^^^^^^^^^^^^^^
  File "C:\Users\awsch\miniconda3\envs\nsp\Lib\site-packages\rpyc\core\protocol.py", line 781, in _access_attr
    return accessor(obj, name, *args)
           ^^^^^^^^^^^^^^^^^^^^^^^^^^
AttributeError: 'list' object has no attribute 'sum'
2026-05-29 15:46:31.581 [   DEBUG] (         protocol.py: 363) Exception caught
Traceback (most recent call last):
  File "C:\Users\awsch\miniconda3\envs\nsp\Lib\site-packages\rpyc\core\protocol.py", line 356, in _dispatch_request
    res = self._HANDLERS[handler](self, *args)
          ^^^^^^^^^^^^^^^^^^^^^^^^^^^^^^^^^^^^
  File "C:\Users\awsch\miniconda3\envs\nsp\Lib\site-packages\rpyc\core\protocol.py", line 853, in _handle_getattr
    return self._access_attr(obj, name, (), "_rpyc_getattr", "allow_getattr", getattr)
           ^^^^^^^^^^^^^^^^^^^^^^^^^^^^^^^^^^^^^^^^^^^^^^^^^^^^^^^^^^^^^^^^^^^^^^^^^^^
  File "C:\Users\awsch\miniconda3\envs\nsp\Lib\site-packages\rpyc\core\protocol.py", line 781, in _access_attr
    return accessor(obj, name, *args)
           ^^^^^^^^^^^^^^^^^^^^^^^^^^
AttributeError: 'list' object has no attribute '__array__'
2026-05-29 15:46:31.633 [   DEBUG] (         protocol.py: 363) Exception caught
Traceback (most recent call last):
  File "C:\Users\awsch\miniconda3\envs\nsp\Lib\site-packages\rpyc\core\protocol.py", line 356, in _dispatch_request
    res = self._HANDLERS[handler](self, *args)
          ^^^^^^^^^^^^^^^^^^^^^^^^^^^^^^^^^^^^
  File "C:\Users\awsch\miniconda3\envs\nsp\Lib\site-packages\rpyc\core\protocol.py", line 853, in _handle_getattr
    return self._access_attr(obj, name, (), "_rpyc_getattr", "allow_getattr", getattr)
           ^^^^^^^^^^^^^^^^^^^^^^^^^^^^^^^^^^^^^^^^^^^^^^^^^^^^^^^^^^^^^^^^^^^^^^^^^^^
  File "C:\Users\awsch\miniconda3\envs\nsp\Lib\site-packages\rpyc\core\protocol.py", line 781, in _access_attr
    return accessor(obj, name, *args)
           ^^^^^^^^^^^^^^^^^^^^^^^^^^
AttributeError: 'list' object has no attribute '__array_wrap__'
2026-05-29 15:46:31.636 [   DEBUG] (         protocol.py: 363) Exception caught
Traceback (most recent call last):
  File "C:\Users\awsch\miniconda3\envs\nsp\Lib\site-packages\rpyc\core\protocol.py", line 356, in _dispatch_request
    res = self._HANDLERS[handler](self, *args)
          ^^^^^^^^^^^^^^^^^^^^^^^^^^^^^^^^^^^^
  File "C:\Users\awsch\miniconda3\envs\nsp\Lib\site-packages\rpyc\core\protocol.py", line 853, in _handle_getattr
    return self._access_attr(obj, name, (), "_rpyc_getattr", "allow_getattr", getattr)
           ^^^^^^^^^^^^^^^^^^^^^^^^^^^^^^^^^^^^^^^^^^^^^^^^^^^^^^^^^^^^^^^^^^^^^^^^^^^
  File "C:\Users\awsch\miniconda3\envs\nsp\Lib\site-packages\rpyc\core\protocol.py", line 781, in _access_attr
    return accessor(obj, name, *args)
           ^^^^^^^^^^^^^^^^^^^^^^^^^^
AttributeError: 'list' object has no attribute '__array_wrap__'
2026-05-29 15:46:31.638 [   DEBUG] (         protocol.py: 363) Exception caught
Traceback (most recent call last):
  File "C:\Users\awsch\miniconda3\envs\nsp\Lib\site-packages\rpyc\core\protocol.py", line 356, in _dispatch_request
    res = self._HANDLERS[handler](self, *args)
          ^^^^^^^^^^^^^^^^^^^^^^^^^^^^^^^^^^^^
  File "C:\Users\awsch\miniconda3\envs\nsp\Lib\site-packages\rpyc\core\protocol.py", line 853, in _handle_getattr
    return self._access_attr(obj, name, (), "_rpyc_getattr", "allow_getattr", getattr)
           ^^^^^^^^^^^^^^^^^^^^^^^^^^^^^^^^^^^^^^^^^^^^^^^^^^^^^^^^^^^^^^^^^^^^^^^^^^^
  File "C:\Users\awsch\miniconda3\envs\nsp\Lib\site-packages\rpyc\core\protocol.py", line 781, in _access_attr
    return accessor(obj, name, *args)
           ^^^^^^^^^^^^^^^^^^^^^^^^^^
AttributeError: 'list' object has no attribute 'sum'
2026-05-29 15:46:31.641 [   DEBUG] (         protocol.py: 363) Exception caught
Traceback (most recent call last):
  File "C:\Users\awsch\miniconda3\envs\nsp\Lib\site-packages\rpyc\core\protocol.py", line 356, in _dispatch_request
    res = self._HANDLERS[handler](self, *args)
          ^^^^^^^^^^^^^^^^^^^^^^^^^^^^^^^^^^^^
  File "C:\Users\awsch\miniconda3\envs\nsp\Lib\site-packages\rpyc\core\protocol.py", line 853, in _handle_getattr
    return self._access_attr(obj, name, (), "_rpyc_getattr", "allow_getattr", getattr)
           ^^^^^^^^^^^^^^^^^^^^^^^^^^^^^^^^^^^^^^^^^^^^^^^^^^^^^^^^^^^^^^^^^^^^^^^^^^^
  File "C:\Users\awsch\miniconda3\envs\nsp\Lib\site-packages\rpyc\core\protocol.py", line 781, in _access_attr
    return accessor(obj, name, *args)
           ^^^^^^^^^^^^^^^^^^^^^^^^^^
AttributeError: 'list' object has no attribute 'sum'
2026-05-29 15:46:31.643 [   DEBUG] (         protocol.py: 363) Exception caught
Traceback (most recent call last):
  File "C:\Users\awsch\miniconda3\envs\nsp\Lib\site-packages\rpyc\core\protocol.py", line 356, in _dispatch_request
    res = self._HANDLERS[handler](self, *args)
          ^^^^^^^^^^^^^^^^^^^^^^^^^^^^^^^^^^^^
  File "C:\Users\awsch\miniconda3\envs\nsp\Lib\site-packages\rpyc\core\protocol.py", line 853, in _handle_getattr
    return self._access_attr(obj, name, (), "_rpyc_getattr", "allow_getattr", getattr)
           ^^^^^^^^^^^^^^^^^^^^^^^^^^^^^^^^^^^^^^^^^^^^^^^^^^^^^^^^^^^^^^^^^^^^^^^^^^^
  File "C:\Users\awsch\miniconda3\envs\nsp\Lib\site-packages\rpyc\core\protocol.py", line 781, in _access_attr
    return accessor(obj, name, *args)
           ^^^^^^^^^^^^^^^^^^^^^^^^^^
AttributeError: 'list' object has no attribute '__array__'
2026-05-29 15:46:31.672 [   DEBUG] (         protocol.py: 363) Exception caught
Traceback (most recent call last):
  File "C:\Users\awsch\miniconda3\envs\nsp\Lib\site-packages\rpyc\core\protocol.py", line 356, in _dispatch_request
    res = self._HANDLERS[handler](self, *args)
          ^^^^^^^^^^^^^^^^^^^^^^^^^^^^^^^^^^^^
  File "C:\Users\awsch\miniconda3\envs\nsp\Lib\site-packages\rpyc\core\protocol.py", line 853, in _handle_getattr
    return self._access_attr(obj, name, (), "_rpyc_getattr", "allow_getattr", getattr)
           ^^^^^^^^^^^^^^^^^^^^^^^^^^^^^^^^^^^^^^^^^^^^^^^^^^^^^^^^^^^^^^^^^^^^^^^^^^^
  File "C:\Users\awsch\miniconda3\envs\nsp\Lib\site-packages\rpyc\core\protocol.py", line 781, in _access_attr
    return accessor(obj, name, *args)
           ^^^^^^^^^^^^^^^^^^^^^^^^^^
AttributeError: 'list' object has no attribute '__array_wrap__'
2026-05-29 15:46:31.673 [   DEBUG] (         protocol.py: 363) Exception caught
Traceback (most recent call last):
  File "C:\Users\awsch\miniconda3\envs\nsp\Lib\site-packages\rpyc\core\protocol.py", line 356, in _dispatch_request
    res = self._HANDLERS[handler](self, *args)
          ^^^^^^^^^^^^^^^^^^^^^^^^^^^^^^^^^^^^
  File "C:\Users\awsch\miniconda3\envs\nsp\Lib\site-packages\rpyc\core\protocol.py", line 853, in _handle_getattr
    return self._access_attr(obj, name, (), "_rpyc_getattr", "allow_getattr", getattr)
           ^^^^^^^^^^^^^^^^^^^^^^^^^^^^^^^^^^^^^^^^^^^^^^^^^^^^^^^^^^^^^^^^^^^^^^^^^^^
  File "C:\Users\awsch\miniconda3\envs\nsp\Lib\site-packages\rpyc\core\protocol.py", line 781, in _access_attr
    return accessor(obj, name, *args)
           ^^^^^^^^^^^^^^^^^^^^^^^^^^
AttributeError: 'list' object has no attribute '__array_wrap__'
2026-05-29 15:46:31.676 [   DEBUG] (        highlevel.py: 186) viWrite(1, b'MEAS:POWER?\r\n', 13, 'c_ulong(13)') -> 0
2026-05-29 15:46:31.676 [   DEBUG] (     messagebased.py: 435) USB0::0x1313::0x8072::1916964::0::INSTR - reading 20480 bytes (last status <StatusCode.success_max_count_read: 1073676294>)
2026-05-29 15:46:31.679 [   DEBUG] (        highlevel.py: 186) viRead(1, <ctypes.c_char_Array_20480 object at 0x000001E05EA89250>, 20480, 'c_ulong(15)') -> 0
2026-05-29 15:46:31.817 [   DEBUG] (        highlevel.py: 186) viWrite(2, b'OUTP:STAT 0\r\n', 13, 'c_ulong(13)') -> 0
2026-05-29 15:46:31.820 [    INFO] (           server.py: 356) Client <rpyc.core.protocol.Connection 'conn13' object at 0x000001E05E25A9D0> disconnected.
2026-05-29 15:46:31.821 [    INFO] (           server.py: 207) goodbye ('127.0.0.1', 62325)
2026-05-29 15:56:32.355 [    INFO] (           server.py: 157) accepted ('127.0.0.1', 62469) with fd 16584
2026-05-29 15:56:32.358 [    INFO] (           server.py: 200) welcome ('127.0.0.1', 62469)
2026-05-29 15:56:32.358 [    INFO] (           server.py: 352) Client <rpyc.core.protocol.Connection 'conn14' object at 0x000001E05EA91A10> connected.
2026-05-29 15:56:34.448 [   DEBUG] (        highlevel.py: 186) viWrite(1, b'SENSE:CORRECTION:WAVELENGTH 1041.7\r\n', 36, 'c_ulong(36)') -> 0
2026-05-29 15:56:34.450 [   DEBUG] (        highlevel.py: 186) viWrite(1, b'SENS:CORR:WAV?\r\n', 16, 'c_ulong(16)') -> 0
2026-05-29 15:56:34.451 [   DEBUG] (     messagebased.py: 435) USB0::0x1313::0x8072::1916964::0::INSTR - reading 20480 bytes (last status <StatusCode.success_max_count_read: 1073676294>)
2026-05-29 15:56:34.453 [   DEBUG] (        highlevel.py: 186) viRead(1, <ctypes.c_char_Array_20480 object at 0x000001E05EA8B950>, 20480, 'c_ulong(13)') -> 0
2026-05-29 15:56:34.508 [   DEBUG] (        highlevel.py: 186) viWrite(2, b'FREQ 9400000000.00\r\n', 20, 'c_ulong(20)') -> 0
2026-05-29 15:56:34.512 [   DEBUG] (        highlevel.py: 186) viWrite(2, b'POW:AMPL 0.00\r\n', 15, 'c_ulong(15)') -> 0
2026-05-29 15:56:34.515 [   DEBUG] (        highlevel.py: 186) viWrite(2, b'OUTP:STAT 1\r\n', 13, 'c_ulong(13)') -> 0
2026-05-29 15:56:34.518 [   DEBUG] (        highlevel.py: 186) viWrite(2, b'FREQ 9400000000.00\r\n', 20, 'c_ulong(20)') -> 0
2026-05-29 15:56:44.670 [   DEBUG] (         protocol.py: 363) Exception caught
Traceback (most recent call last):
  File "C:\Users\awsch\miniconda3\envs\nsp\Lib\site-packages\rpyc\core\protocol.py", line 356, in _dispatch_request
    res = self._HANDLERS[handler](self, *args)
          ^^^^^^^^^^^^^^^^^^^^^^^^^^^^^^^^^^^^
  File "C:\Users\awsch\miniconda3\envs\nsp\Lib\site-packages\rpyc\core\protocol.py", line 837, in _handle_call
    return obj(*args, **dict(kwargs))
           ^^^^^^^^^^^^^^^^^^^^^^^^^^
  File "C:\Users\awsch\rosetta\src\rosetta\drivers\ni\ni_photonCounting.py", line 143, in readCtrs_singleChannel_externalTrig_externalClk
    readerStream.read_many_sample_uint32(ctrRawCts,
  File "C:\Users\awsch\miniconda3\envs\nsp\Lib\site-packages\nidaqmx\stream_readers.py", line 1485, in read_many_sample_uint32
    _, samps_per_chan_read = self._interpreter.read_counter_u32_ex(
                             ^^^^^^^^^^^^^^^^^^^^^^^^^^^^^^^^^^^^^^
  File "C:\Users\awsch\miniconda3\envs\nsp\Lib\site-packages\nidaqmx\_library_interpreter.py", line 4114, in read_counter_u32_ex
    self.check_for_error(error_code, samps_per_chan_read=samps_per_chan_read.value)
  File "C:\Users\awsch\miniconda3\envs\nsp\Lib\site-packages\nidaqmx\_library_interpreter.py", line 6037, in check_for_error
    raise DaqReadError(extended_error_info, error_code, samps_per_chan_read)
nidaqmx.errors.DaqReadError: Some or all of the samples requested have not yet been acquired.
To wait for the samples to become available use a longer read timeout or read later in your program. To make the samples available sooner, increase the sample rate. If your task uses a start trigger,  make sure that your start trigger is configured correctly. It is also possible that you configured the task for external timing, and no clock was supplied. If this is the case, supply an external clock.

Property: DAQmx_Read_RelativeTo
Corresponding Value: DAQmx_Val_CurrReadPos
Property: DAQmx_Read_Offset
Corresponding Value: 0

Task Name: _unnamedTask<E1D>

Status Code: -200284
2026-05-29 15:56:44.685 [    INFO] (           server.py: 356) Client <rpyc.core.protocol.Connection 'conn14' object at 0x000001E05EA91A10> disconnected.
2026-05-29 15:56:44.686 [    INFO] (           server.py: 207) goodbye ('127.0.0.1', 62469)
