2026-06-01 12:00:46.841 [   DEBUG] (         protocol.py: 363) Exception caught
Traceback (most recent call last):
  File "C:\Users\awsch\miniconda3\envs\nsp\Lib\site-packages\rpyc\core\protocol.py", line 356, in _dispatch_request
    res = self._HANDLERS[handler](self, *args)
          ^^^^^^^^^^^^^^^^^^^^^^^^^^^^^^^^^^^^
  File "C:\Users\awsch\miniconda3\envs\nsp\Lib\site-packages\rpyc\core\protocol.py", line 853, in _handle_getattr
    return self._access_attr(obj, name, (), "_rpyc_getattr", "allow_getattr", getattr)
           ^^^^^^^^^^^^^^^^^^^^^^^^^^^^^^^^^^^^^^^^^^^^^^^^^^^^^^^^^^^^^^^^^^^^^^^^^^^
  File "C:\Users\awsch\miniconda3\envs\nsp\Lib\site-packages\rpyc\core\protocol.py", line 781, in _access_attr
    return accessor(obj, name, *args)
           ^^^^^^^^^^^^^^^^^^^^^^^^^^
AttributeError: 'list' object has no attribute 'sum'
2026-06-01 12:00:47.243 [   DEBUG] (         protocol.py: 363) Exception caught
Traceback (most recent call last):
  File "C:\Users\awsch\miniconda3\envs\nsp\Lib\site-packages\rpyc\core\protocol.py", line 356, in _dispatch_request
    res = self._HANDLERS[handler](self, *args)
          ^^^^^^^^^^^^^^^^^^^^^^^^^^^^^^^^^^^^
  File "C:\Users\awsch\miniconda3\envs\nsp\Lib\site-packages\rpyc\core\protocol.py", line 853, in _handle_getattr
    return self._access_attr(obj, name, (), "_rpyc_getattr", "allow_getattr", getattr)
           ^^^^^^^^^^^^^^^^^^^^^^^^^^^^^^^^^^^^^^^^^^^^^^^^^^^^^^^^^^^^^^^^^^^^^^^^^^^
  File "C:\Users\awsch\miniconda3\envs\nsp\Lib\site-packages\rpyc\core\protocol.py", line 781, in _access_attr
    return accessor(obj, name, *args)
           ^^^^^^^^^^^^^^^^^^^^^^^^^^
AttributeError: 'list' object has no attribute '__array__'
2026-06-01 12:00:47.247 [   DEBUG] (         protocol.py: 363) Exception caught
Traceback (most recent call last):
  File "C:\Users\awsch\miniconda3\envs\nsp\Lib\site-packages\rpyc\core\protocol.py", line 356, in _dispatch_request
    res = self._HANDLERS[handler](self, *args)
          ^^^^^^^^^^^^^^^^^^^^^^^^^^^^^^^^^^^^
  File "C:\Users\awsch\miniconda3\envs\nsp\Lib\site-packages\rpyc\core\protocol.py", line 853, in _handle_getattr
    return self._access_attr(obj, name, (), "_rpyc_getattr", "allow_getattr", getattr)
           ^^^^^^^^^^^^^^^^^^^^^^^^^^^^^^^^^^^^^^^^^^^^^^^^^^^^^^^^^^^^^^^^^^^^^^^^^^^
  File "C:\Users\awsch\miniconda3\envs\nsp\Lib\site-packages\rpyc\core\protocol.py", line 781, in _access_attr
    return accessor(obj, name, *args)
           ^^^^^^^^^^^^^^^^^^^^^^^^^^
AttributeError: 'list' object has no attribute '__array_wrap__'
2026-06-01 12:00:47.248 [   DEBUG] (         protocol.py: 363) Exception caught
Traceback (most recent call last):
  File "C:\Users\awsch\miniconda3\envs\nsp\Lib\site-packages\rpyc\core\protocol.py", line 356, in _dispatch_request
    res = self._HANDLERS[handler](self, *args)
          ^^^^^^^^^^^^^^^^^^^^^^^^^^^^^^^^^^^^
  File "C:\Users\awsch\miniconda3\envs\nsp\Lib\site-packages\rpyc\core\protocol.py", line 853, in _handle_getattr
    return self._access_attr(obj, name, (), "_rpyc_getattr", "allow_getattr", getattr)
           ^^^^^^^^^^^^^^^^^^^^^^^^^^^^^^^^^^^^^^^^^^^^^^^^^^^^^^^^^^^^^^^^^^^^^^^^^^^
  File "C:\Users\awsch\miniconda3\envs\nsp\Lib\site-packages\rpyc\core\protocol.py", line 781, in _access_attr
    return accessor(obj, name, *args)
           ^^^^^^^^^^^^^^^^^^^^^^^^^^
AttributeError: 'list' object has no attribute '__array_wrap__'
2026-06-01 12:00:47.253 [   DEBUG] (        highlevel.py: 186) viWrite(2, b'FREQ 9670000000.00\r\n', 20, 'c_ulong(20)') -> 0
2026-06-01 12:00:47.753 [   DEBUG] (         protocol.py: 363) Exception caught
Traceback (most recent call last):
  File "C:\Users\awsch\miniconda3\envs\nsp\Lib\site-packages\rpyc\core\protocol.py", line 356, in _dispatch_request
    res = self._HANDLERS[handler](self, *args)
          ^^^^^^^^^^^^^^^^^^^^^^^^^^^^^^^^^^^^
  File "C:\Users\awsch\miniconda3\envs\nsp\Lib\site-packages\rpyc\core\protocol.py", line 853, in _handle_getattr
    return self._access_attr(obj, name, (), "_rpyc_getattr", "allow_getattr", getattr)
           ^^^^^^^^^^^^^^^^^^^^^^^^^^^^^^^^^^^^^^^^^^^^^^^^^^^^^^^^^^^^^^^^^^^^^^^^^^^
  File "C:\Users\awsch\miniconda3\envs\nsp\Lib\site-packages\rpyc\core\protocol.py", line 781, in _access_attr
    return accessor(obj, name, *args)
           ^^^^^^^^^^^^^^^^^^^^^^^^^^
AttributeError: 'list' object has no attribute 'sum'
2026-06-01 12:00:47.754 [   DEBUG] (         protocol.py: 363) Exception caught
Traceback (most recent call last):
  File "C:\Users\awsch\miniconda3\envs\nsp\Lib\site-packages\rpyc\core\protocol.py", line 356, in _dispatch_request
    res = self._HANDLERS[handler](self, *args)
          ^^^^^^^^^^^^^^^^^^^^^^^^^^^^^^^^^^^^
  File "C:\Users\awsch\miniconda3\envs\nsp\Lib\site-packages\rpyc\core\protocol.py", line 853, in _handle_getattr
    return self._access_attr(obj, name, (), "_rpyc_getattr", "allow_getattr", getattr)
           ^^^^^^^^^^^^^^^^^^^^^^^^^^^^^^^^^^^^^^^^^^^^^^^^^^^^^^^^^^^^^^^^^^^^^^^^^^^
  File "C:\Users\awsch\miniconda3\envs\nsp\Lib\site-packages\rpyc\core\protocol.py", line 781, in _access_attr
    return accessor(obj, name, *args)
           ^^^^^^^^^^^^^^^^^^^^^^^^^^
AttributeError: 'list' object has no attribute 'sum'
2026-06-01 12:00:47.755 [   DEBUG] (         protocol.py: 363) Exception caught
Traceback (most recent call last):
  File "C:\Users\awsch\miniconda3\envs\nsp\Lib\site-packages\rpyc\core\protocol.py", line 356, in _dispatch_request
    res = self._HANDLERS[handler](self, *args)
          ^^^^^^^^^^^^^^^^^^^^^^^^^^^^^^^^^^^^
  File "C:\Users\awsch\miniconda3\envs\nsp\Lib\site-packages\rpyc\core\protocol.py", line 853, in _handle_getattr
    return self._access_attr(obj, name, (), "_rpyc_getattr", "allow_getattr", getattr)
           ^^^^^^^^^^^^^^^^^^^^^^^^^^^^^^^^^^^^^^^^^^^^^^^^^^^^^^^^^^^^^^^^^^^^^^^^^^^
  File "C:\Users\awsch\miniconda3\envs\nsp\Lib\site-packages\rpyc\core\protocol.py", line 781, in _access_attr
    return accessor(obj, name, *args)
           ^^^^^^^^^^^^^^^^^^^^^^^^^^
AttributeError: 'list' object has no attribute '__array__'
2026-06-01 12:00:47.759 [   DEBUG] (         protocol.py: 363) Exception caught
Traceback (most recent call last):
  File "C:\Users\awsch\miniconda3\envs\nsp\Lib\site-packages\rpyc\core\protocol.py", line 356, in _dispatch_request
    res = self._HANDLERS[handler](self, *args)
          ^^^^^^^^^^^^^^^^^^^^^^^^^^^^^^^^^^^^
  File "C:\Users\awsch\miniconda3\envs\nsp\Lib\site-packages\rpyc\core\protocol.py", line 853, in _handle_getattr
    return self._access_attr(obj, name, (), "_rpyc_getattr", "allow_getattr", getattr)
           ^^^^^^^^^^^^^^^^^^^^^^^^^^^^^^^^^^^^^^^^^^^^^^^^^^^^^^^^^^^^^^^^^^^^^^^^^^^
  File "C:\Users\awsch\miniconda3\envs\nsp\Lib\site-packages\rpyc\core\protocol.py", line 781, in _access_attr
    return accessor(obj, name, *args)
           ^^^^^^^^^^^^^^^^^^^^^^^^^^
AttributeError: 'list' object has no attribute '__array_wrap__'
2026-06-01 12:00:47.760 [   DEBUG] (         protocol.py: 363) Exception caught
Traceback (most recent call last):
  File "C:\Users\awsch\miniconda3\envs\nsp\Lib\site-packages\rpyc\core\protocol.py", line 356, in _dispatch_request
    res = self._HANDLERS[handler](self, *args)
          ^^^^^^^^^^^^^^^^^^^^^^^^^^^^^^^^^^^^
  File "C:\Users\awsch\miniconda3\envs\nsp\Lib\site-packages\rpyc\core\protocol.py", line 853, in _handle_getattr
    return self._access_attr(obj, name, (), "_rpyc_getattr", "allow_getattr", getattr)
           ^^^^^^^^^^^^^^^^^^^^^^^^^^^^^^^^^^^^^^^^^^^^^^^^^^^^^^^^^^^^^^^^^^^^^^^^^^^
  File "C:\Users\awsch\miniconda3\envs\nsp\Lib\site-packages\rpyc\core\protocol.py", line 781, in _access_attr
    return accessor(obj, name, *args)
           ^^^^^^^^^^^^^^^^^^^^^^^^^^
AttributeError: 'list' object has no attribute '__array_wrap__'
2026-06-01 12:00:47.761 [   DEBUG] (         protocol.py: 363) Exception caught
Traceback (most recent call last):
  File "C:\Users\awsch\miniconda3\envs\nsp\Lib\site-packages\rpyc\core\protocol.py", line 356, in _dispatch_request
    res = self._HANDLERS[handler](self, *args)
          ^^^^^^^^^^^^^^^^^^^^^^^^^^^^^^^^^^^^
  File "C:\Users\awsch\miniconda3\envs\nsp\Lib\site-packages\rpyc\core\protocol.py", line 853, in _handle_getattr
    return self._access_attr(obj, name, (), "_rpyc_getattr", "allow_getattr", getattr)
           ^^^^^^^^^^^^^^^^^^^^^^^^^^^^^^^^^^^^^^^^^^^^^^^^^^^^^^^^^^^^^^^^^^^^^^^^^^^
  File "C:\Users\awsch\miniconda3\envs\nsp\Lib\site-packages\rpyc\core\protocol.py", line 781, in _access_attr
    return accessor(obj, name, *args)
           ^^^^^^^^^^^^^^^^^^^^^^^^^^
AttributeError: 'list' object has no attribute 'sum'
2026-06-01 12:00:47.762 [   DEBUG] (         protocol.py: 363) Exception caught
Traceback (most recent call last):
  File "C:\Users\awsch\miniconda3\envs\nsp\Lib\site-packages\rpyc\core\protocol.py", line 356, in _dispatch_request
    res = self._HANDLERS[handler](self, *args)
          ^^^^^^^^^^^^^^^^^^^^^^^^^^^^^^^^^^^^
  File "C:\Users\awsch\miniconda3\envs\nsp\Lib\site-packages\rpyc\core\protocol.py", line 853, in _handle_getattr
    return self._access_attr(obj, name, (), "_rpyc_getattr", "allow_getattr", getattr)
           ^^^^^^^^^^^^^^^^^^^^^^^^^^^^^^^^^^^^^^^^^^^^^^^^^^^^^^^^^^^^^^^^^^^^^^^^^^^
  File "C:\Users\awsch\miniconda3\envs\nsp\Lib\site-packages\rpyc\core\protocol.py", line 781, in _access_attr
    return accessor(obj, name, *args)
           ^^^^^^^^^^^^^^^^^^^^^^^^^^
AttributeError: 'list' object has no attribute 'sum'
2026-06-01 12:00:47.763 [   DEBUG] (         protocol.py: 363) Exception caught
Traceback (most recent call last):
  File "C:\Users\awsch\miniconda3\envs\nsp\Lib\site-packages\rpyc\core\protocol.py", line 356, in _dispatch_request
    res = self._HANDLERS[handler](self, *args)
          ^^^^^^^^^^^^^^^^^^^^^^^^^^^^^^^^^^^^
  File "C:\Users\awsch\miniconda3\envs\nsp\Lib\site-packages\rpyc\core\protocol.py", line 853, in _handle_getattr
    return self._access_attr(obj, name, (), "_rpyc_getattr", "allow_getattr", getattr)
           ^^^^^^^^^^^^^^^^^^^^^^^^^^^^^^^^^^^^^^^^^^^^^^^^^^^^^^^^^^^^^^^^^^^^^^^^^^^
  File "C:\Users\awsch\miniconda3\envs\nsp\Lib\site-packages\rpyc\core\protocol.py", line 781, in _access_attr
    return accessor(obj, name, *args)
           ^^^^^^^^^^^^^^^^^^^^^^^^^^
AttributeError: 'list' object has no attribute '__array__'
2026-06-01 12:00:47.767 [   DEBUG] (         protocol.py: 363) Exception caught
Traceback (most recent call last):
  File "C:\Users\awsch\miniconda3\envs\nsp\Lib\site-packages\rpyc\core\protocol.py", line 356, in _dispatch_request
    res = self._HANDLERS[handler](self, *args)
          ^^^^^^^^^^^^^^^^^^^^^^^^^^^^^^^^^^^^
  File "C:\Users\awsch\miniconda3\envs\nsp\Lib\site-packages\rpyc\core\protocol.py", line 853, in _handle_getattr
    return self._access_attr(obj, name, (), "_rpyc_getattr", "allow_getattr", getattr)
           ^^^^^^^^^^^^^^^^^^^^^^^^^^^^^^^^^^^^^^^^^^^^^^^^^^^^^^^^^^^^^^^^^^^^^^^^^^^
  File "C:\Users\awsch\miniconda3\envs\nsp\Lib\site-packages\rpyc\core\protocol.py", line 781, in _access_attr
    return accessor(obj, name, *args)
           ^^^^^^^^^^^^^^^^^^^^^^^^^^
AttributeError: 'list' object has no attribute '__array_wrap__'
2026-06-01 12:00:47.768 [   DEBUG] (         protocol.py: 363) Exception caught
Traceback (most recent call last):
  File "C:\Users\awsch\miniconda3\envs\nsp\Lib\site-packages\rpyc\core\protocol.py", line 356, in _dispatch_request
    res = self._HANDLERS[handler](self, *args)
          ^^^^^^^^^^^^^^^^^^^^^^^^^^^^^^^^^^^^
  File "C:\Users\awsch\miniconda3\envs\nsp\Lib\site-packages\rpyc\core\protocol.py", line 853, in _handle_getattr
    return self._access_attr(obj, name, (), "_rpyc_getattr", "allow_getattr", getattr)
           ^^^^^^^^^^^^^^^^^^^^^^^^^^^^^^^^^^^^^^^^^^^^^^^^^^^^^^^^^^^^^^^^^^^^^^^^^^^
  File "C:\Users\awsch\miniconda3\envs\nsp\Lib\site-packages\rpyc\core\protocol.py", line 781, in _access_attr
    return accessor(obj, name, *args)
           ^^^^^^^^^^^^^^^^^^^^^^^^^^
AttributeError: 'list' object has no attribute '__array_wrap__'
2026-06-01 12:00:47.773 [   DEBUG] (        highlevel.py: 186) viWrite(2, b'FREQ 9676000000.00\r\n', 20, 'c_ulong(20)') -> 0
2026-06-01 12:00:48.255 [   DEBUG] (         protocol.py: 363) Exception caught
Traceback (most recent call last):
  File "C:\Users\awsch\miniconda3\envs\nsp\Lib\site-packages\rpyc\core\protocol.py", line 356, in _dispatch_request
    res = self._HANDLERS[handler](self, *args)
          ^^^^^^^^^^^^^^^^^^^^^^^^^^^^^^^^^^^^
  File "C:\Users\awsch\miniconda3\envs\nsp\Lib\site-packages\rpyc\core\protocol.py", line 853, in _handle_getattr
    return self._access_attr(obj, name, (), "_rpyc_getattr", "allow_getattr", getattr)
           ^^^^^^^^^^^^^^^^^^^^^^^^^^^^^^^^^^^^^^^^^^^^^^^^^^^^^^^^^^^^^^^^^^^^^^^^^^^
  File "C:\Users\awsch\miniconda3\envs\nsp\Lib\site-packages\rpyc\core\protocol.py", line 781, in _access_attr
    return accessor(obj, name, *args)
           ^^^^^^^^^^^^^^^^^^^^^^^^^^
AttributeError: 'list' object has no attribute 'sum'
2026-06-01 12:00:48.257 [   DEBUG] (         protocol.py: 363) Exception caught
Traceback (most recent call last):
  File "C:\Users\awsch\miniconda3\envs\nsp\Lib\site-packages\rpyc\core\protocol.py", line 356, in _dispatch_request
    res = self._HANDLERS[handler](self, *args)
          ^^^^^^^^^^^^^^^^^^^^^^^^^^^^^^^^^^^^
  File "C:\Users\awsch\miniconda3\envs\nsp\Lib\site-packages\rpyc\core\protocol.py", line 853, in _handle_getattr
    return self._access_attr(obj, name, (), "_rpyc_getattr", "allow_getattr", getattr)
           ^^^^^^^^^^^^^^^^^^^^^^^^^^^^^^^^^^^^^^^^^^^^^^^^^^^^^^^^^^^^^^^^^^^^^^^^^^^
  File "C:\Users\awsch\miniconda3\envs\nsp\Lib\site-packages\rpyc\core\protocol.py", line 781, in _access_attr
    return accessor(obj, name, *args)
           ^^^^^^^^^^^^^^^^^^^^^^^^^^
AttributeError: 'list' object has no attribute 'sum'
2026-06-01 12:00:48.259 [   DEBUG] (         protocol.py: 363) Exception caught
Traceback (most recent call last):
  File "C:\Users\awsch\miniconda3\envs\nsp\Lib\site-packages\rpyc\core\protocol.py", line 356, in _dispatch_request
    res = self._HANDLERS[handler](self, *args)
          ^^^^^^^^^^^^^^^^^^^^^^^^^^^^^^^^^^^^
  File "C:\Users\awsch\miniconda3\envs\nsp\Lib\site-packages\rpyc\core\protocol.py", line 853, in _handle_getattr
    return self._access_attr(obj, name, (), "_rpyc_getattr", "allow_getattr", getattr)
           ^^^^^^^^^^^^^^^^^^^^^^^^^^^^^^^^^^^^^^^^^^^^^^^^^^^^^^^^^^^^^^^^^^^^^^^^^^^
  File "C:\Users\awsch\miniconda3\envs\nsp\Lib\site-packages\rpyc\core\protocol.py", line 781, in _access_attr
    return accessor(obj, name, *args)
           ^^^^^^^^^^^^^^^^^^^^^^^^^^
AttributeError: 'list' object has no attribute '__array__'
2026-06-01 12:00:48.267 [   DEBUG] (         protocol.py: 363) Exception caught
Traceback (most recent call last):
  File "C:\Users\awsch\miniconda3\envs\nsp\Lib\site-packages\rpyc\core\protocol.py", line 356, in _dispatch_request
    res = self._HANDLERS[handler](self, *args)
          ^^^^^^^^^^^^^^^^^^^^^^^^^^^^^^^^^^^^
  File "C:\Users\awsch\miniconda3\envs\nsp\Lib\site-packages\rpyc\core\protocol.py", line 853, in _handle_getattr
    return self._access_attr(obj, name, (), "_rpyc_getattr", "allow_getattr", getattr)
           ^^^^^^^^^^^^^^^^^^^^^^^^^^^^^^^^^^^^^^^^^^^^^^^^^^^^^^^^^^^^^^^^^^^^^^^^^^^
  File "C:\Users\awsch\miniconda3\envs\nsp\Lib\site-packages\rpyc\core\protocol.py", line 781, in _access_attr
    return accessor(obj, name, *args)
           ^^^^^^^^^^^^^^^^^^^^^^^^^^
AttributeError: 'list' object has no attribute '__array_wrap__'
2026-06-01 12:00:48.269 [   DEBUG] (         protocol.py: 363) Exception caught
Traceback (most recent call last):
  File "C:\Users\awsch\miniconda3\envs\nsp\Lib\site-packages\rpyc\core\protocol.py", line 356, in _dispatch_request
    res = self._HANDLERS[handler](self, *args)
          ^^^^^^^^^^^^^^^^^^^^^^^^^^^^^^^^^^^^
  File "C:\Users\awsch\miniconda3\envs\nsp\Lib\site-packages\rpyc\core\protocol.py", line 853, in _handle_getattr
    return self._access_attr(obj, name, (), "_rpyc_getattr", "allow_getattr", getattr)
           ^^^^^^^^^^^^^^^^^^^^^^^^^^^^^^^^^^^^^^^^^^^^^^^^^^^^^^^^^^^^^^^^^^^^^^^^^^^
  File "C:\Users\awsch\miniconda3\envs\nsp\Lib\site-packages\rpyc\core\protocol.py", line 781, in _access_attr
    return accessor(obj, name, *args)
           ^^^^^^^^^^^^^^^^^^^^^^^^^^
AttributeError: 'list' object has no attribute '__array_wrap__'
2026-06-01 12:00:48.272 [   DEBUG] (         protocol.py: 363) Exception caught
Traceback (most recent call last):
  File "C:\Users\awsch\miniconda3\envs\nsp\Lib\site-packages\rpyc\core\protocol.py", line 356, in _dispatch_request
    res = self._HANDLERS[handler](self, *args)
          ^^^^^^^^^^^^^^^^^^^^^^^^^^^^^^^^^^^^
  File "C:\Users\awsch\miniconda3\envs\nsp\Lib\site-packages\rpyc\core\protocol.py", line 853, in _handle_getattr
    return self._access_attr(obj, name, (), "_rpyc_getattr", "allow_getattr", getattr)
           ^^^^^^^^^^^^^^^^^^^^^^^^^^^^^^^^^^^^^^^^^^^^^^^^^^^^^^^^^^^^^^^^^^^^^^^^^^^
  File "C:\Users\awsch\miniconda3\envs\nsp\Lib\site-packages\rpyc\core\protocol.py", line 781, in _access_attr
    return accessor(obj, name, *args)
           ^^^^^^^^^^^^^^^^^^^^^^^^^^
AttributeError: 'list' object has no attribute 'sum'
2026-06-01 12:00:48.275 [   DEBUG] (         protocol.py: 363) Exception caught
Traceback (most recent call last):
  File "C:\Users\awsch\miniconda3\envs\nsp\Lib\site-packages\rpyc\core\protocol.py", line 356, in _dispatch_request
    res = self._HANDLERS[handler](self, *args)
          ^^^^^^^^^^^^^^^^^^^^^^^^^^^^^^^^^^^^
  File "C:\Users\awsch\miniconda3\envs\nsp\Lib\site-packages\rpyc\core\protocol.py", line 853, in _handle_getattr
    return self._access_attr(obj, name, (), "_rpyc_getattr", "allow_getattr", getattr)
           ^^^^^^^^^^^^^^^^^^^^^^^^^^^^^^^^^^^^^^^^^^^^^^^^^^^^^^^^^^^^^^^^^^^^^^^^^^^
  File "C:\Users\awsch\miniconda3\envs\nsp\Lib\site-packages\rpyc\core\protocol.py", line 781, in _access_attr
    return accessor(obj, name, *args)
           ^^^^^^^^^^^^^^^^^^^^^^^^^^
AttributeError: 'list' object has no attribute 'sum'
2026-06-01 12:00:48.277 [   DEBUG] (         protocol.py: 363) Exception caught
Traceback (most recent call last):
  File "C:\Users\awsch\miniconda3\envs\nsp\Lib\site-packages\rpyc\core\protocol.py", line 356, in _dispatch_request
    res = self._HANDLERS[handler](self, *args)
          ^^^^^^^^^^^^^^^^^^^^^^^^^^^^^^^^^^^^
  File "C:\Users\awsch\miniconda3\envs\nsp\Lib\site-packages\rpyc\core\protocol.py", line 853, in _handle_getattr
    return self._access_attr(obj, name, (), "_rpyc_getattr", "allow_getattr", getattr)
           ^^^^^^^^^^^^^^^^^^^^^^^^^^^^^^^^^^^^^^^^^^^^^^^^^^^^^^^^^^^^^^^^^^^^^^^^^^^
  File "C:\Users\awsch\miniconda3\envs\nsp\Lib\site-packages\rpyc\core\protocol.py", line 781, in _access_attr
    return accessor(obj, name, *args)
           ^^^^^^^^^^^^^^^^^^^^^^^^^^
AttributeError: 'list' object has no attribute '__array__'
2026-06-01 12:00:48.286 [   DEBUG] (         protocol.py: 363) Exception caught
Traceback (most recent call last):
  File "C:\Users\awsch\miniconda3\envs\nsp\Lib\site-packages\rpyc\core\protocol.py", line 356, in _dispatch_request
    res = self._HANDLERS[handler](self, *args)
          ^^^^^^^^^^^^^^^^^^^^^^^^^^^^^^^^^^^^
  File "C:\Users\awsch\miniconda3\envs\nsp\Lib\site-packages\rpyc\core\protocol.py", line 853, in _handle_getattr
    return self._access_attr(obj, name, (), "_rpyc_getattr", "allow_getattr", getattr)
           ^^^^^^^^^^^^^^^^^^^^^^^^^^^^^^^^^^^^^^^^^^^^^^^^^^^^^^^^^^^^^^^^^^^^^^^^^^^
  File "C:\Users\awsch\miniconda3\envs\nsp\Lib\site-packages\rpyc\core\protocol.py", line 781, in _access_attr
    return accessor(obj, name, *args)
           ^^^^^^^^^^^^^^^^^^^^^^^^^^
AttributeError: 'list' object has no attribute '__array_wrap__'
2026-06-01 12:00:48.287 [   DEBUG] (         protocol.py: 363) Exception caught
Traceback (most recent call last):
  File "C:\Users\awsch\miniconda3\envs\nsp\Lib\site-packages\rpyc\core\protocol.py", line 356, in _dispatch_request
    res = self._HANDLERS[handler](self, *args)
          ^^^^^^^^^^^^^^^^^^^^^^^^^^^^^^^^^^^^
  File "C:\Users\awsch\miniconda3\envs\nsp\Lib\site-packages\rpyc\core\protocol.py", line 853, in _handle_getattr
    return self._access_attr(obj, name, (), "_rpyc_getattr", "allow_getattr", getattr)
           ^^^^^^^^^^^^^^^^^^^^^^^^^^^^^^^^^^^^^^^^^^^^^^^^^^^^^^^^^^^^^^^^^^^^^^^^^^^
  File "C:\Users\awsch\miniconda3\envs\nsp\Lib\site-packages\rpyc\core\protocol.py", line 781, in _access_attr
    return accessor(obj, name, *args)
           ^^^^^^^^^^^^^^^^^^^^^^^^^^
AttributeError: 'list' object has no attribute '__array_wrap__'
2026-06-01 12:00:48.295 [   DEBUG] (        highlevel.py: 186) viWrite(2, b'FREQ 9682000000.00\r\n', 20, 'c_ulong(20)') -> 0
2026-06-01 12:00:48.797 [   DEBUG] (         protocol.py: 363) Exception caught
Traceback (most recent call last):
  File "C:\Users\awsch\miniconda3\envs\nsp\Lib\site-packages\rpyc\core\protocol.py", line 356, in _dispatch_request
    res = self._HANDLERS[handler](self, *args)
          ^^^^^^^^^^^^^^^^^^^^^^^^^^^^^^^^^^^^
  File "C:\Users\awsch\miniconda3\envs\nsp\Lib\site-packages\rpyc\core\protocol.py", line 853, in _handle_getattr
    return self._access_attr(obj, name, (), "_rpyc_getattr", "allow_getattr", getattr)
           ^^^^^^^^^^^^^^^^^^^^^^^^^^^^^^^^^^^^^^^^^^^^^^^^^^^^^^^^^^^^^^^^^^^^^^^^^^^
  File "C:\Users\awsch\miniconda3\envs\nsp\Lib\site-packages\rpyc\core\protocol.py", line 781, in _access_attr
    return accessor(obj, name, *args)
           ^^^^^^^^^^^^^^^^^^^^^^^^^^
AttributeError: 'list' object has no attribute 'sum'
2026-06-01 12:00:48.798 [   DEBUG] (         protocol.py: 363) Exception caught
Traceback (most recent call last):
  File "C:\Users\awsch\miniconda3\envs\nsp\Lib\site-packages\rpyc\core\protocol.py", line 356, in _dispatch_request
    res = self._HANDLERS[handler](self, *args)
          ^^^^^^^^^^^^^^^^^^^^^^^^^^^^^^^^^^^^
  File "C:\Users\awsch\miniconda3\envs\nsp\Lib\site-packages\rpyc\core\protocol.py", line 853, in _handle_getattr
    return self._access_attr(obj, name, (), "_rpyc_getattr", "allow_getattr", getattr)
           ^^^^^^^^^^^^^^^^^^^^^^^^^^^^^^^^^^^^^^^^^^^^^^^^^^^^^^^^^^^^^^^^^^^^^^^^^^^
  File "C:\Users\awsch\miniconda3\envs\nsp\Lib\site-packages\rpyc\core\protocol.py", line 781, in _access_attr
    return accessor(obj, name, *args)
           ^^^^^^^^^^^^^^^^^^^^^^^^^^
AttributeError: 'list' object has no attribute 'sum'
2026-06-01 12:00:48.799 [   DEBUG] (         protocol.py: 363) Exception caught
Traceback (most recent call last):
  File "C:\Users\awsch\miniconda3\envs\nsp\Lib\site-packages\rpyc\core\protocol.py", line 356, in _dispatch_request
    res = self._HANDLERS[handler](self, *args)
          ^^^^^^^^^^^^^^^^^^^^^^^^^^^^^^^^^^^^
  File "C:\Users\awsch\miniconda3\envs\nsp\Lib\site-packages\rpyc\core\protocol.py", line 853, in _handle_getattr
    return self._access_attr(obj, name, (), "_rpyc_getattr", "allow_getattr", getattr)
           ^^^^^^^^^^^^^^^^^^^^^^^^^^^^^^^^^^^^^^^^^^^^^^^^^^^^^^^^^^^^^^^^^^^^^^^^^^^
  File "C:\Users\awsch\miniconda3\envs\nsp\Lib\site-packages\rpyc\core\protocol.py", line 781, in _access_attr
    return accessor(obj, name, *args)
           ^^^^^^^^^^^^^^^^^^^^^^^^^^
AttributeError: 'list' object has no attribute '__array__'
2026-06-01 12:00:48.803 [   DEBUG] (         protocol.py: 363) Exception caught
Traceback (most recent call last):
  File "C:\Users\awsch\miniconda3\envs\nsp\Lib\site-packages\rpyc\core\protocol.py", line 356, in _dispatch_request
    res = self._HANDLERS[handler](self, *args)
          ^^^^^^^^^^^^^^^^^^^^^^^^^^^^^^^^^^^^
  File "C:\Users\awsch\miniconda3\envs\nsp\Lib\site-packages\rpyc\core\protocol.py", line 853, in _handle_getattr
    return self._access_attr(obj, name, (), "_rpyc_getattr", "allow_getattr", getattr)
           ^^^^^^^^^^^^^^^^^^^^^^^^^^^^^^^^^^^^^^^^^^^^^^^^^^^^^^^^^^^^^^^^^^^^^^^^^^^
  File "C:\Users\awsch\miniconda3\envs\nsp\Lib\site-packages\rpyc\core\protocol.py", line 781, in _access_attr
    return accessor(obj, name, *args)
           ^^^^^^^^^^^^^^^^^^^^^^^^^^
AttributeError: 'list' object has no attribute '__array_wrap__'
2026-06-01 12:00:48.804 [   DEBUG] (         protocol.py: 363) Exception caught
Traceback (most recent call last):
  File "C:\Users\awsch\miniconda3\envs\nsp\Lib\site-packages\rpyc\core\protocol.py", line 356, in _dispatch_request
    res = self._HANDLERS[handler](self, *args)
          ^^^^^^^^^^^^^^^^^^^^^^^^^^^^^^^^^^^^
  File "C:\Users\awsch\miniconda3\envs\nsp\Lib\site-packages\rpyc\core\protocol.py", line 853, in _handle_getattr
    return self._access_attr(obj, name, (), "_rpyc_getattr", "allow_getattr", getattr)
           ^^^^^^^^^^^^^^^^^^^^^^^^^^^^^^^^^^^^^^^^^^^^^^^^^^^^^^^^^^^^^^^^^^^^^^^^^^^
  File "C:\Users\awsch\miniconda3\envs\nsp\Lib\site-packages\rpyc\core\protocol.py", line 781, in _access_attr
    return accessor(obj, name, *args)
           ^^^^^^^^^^^^^^^^^^^^^^^^^^
AttributeError: 'list' object has no attribute '__array_wrap__'
2026-06-01 12:00:48.805 [   DEBUG] (         protocol.py: 363) Exception caught
Traceback (most recent call last):
  File "C:\Users\awsch\miniconda3\envs\nsp\Lib\site-packages\rpyc\core\protocol.py", line 356, in _dispatch_request
    res = self._HANDLERS[handler](self, *args)
          ^^^^^^^^^^^^^^^^^^^^^^^^^^^^^^^^^^^^
  File "C:\Users\awsch\miniconda3\envs\nsp\Lib\site-packages\rpyc\core\protocol.py", line 853, in _handle_getattr
    return self._access_attr(obj, name, (), "_rpyc_getattr", "allow_getattr", getattr)
           ^^^^^^^^^^^^^^^^^^^^^^^^^^^^^^^^^^^^^^^^^^^^^^^^^^^^^^^^^^^^^^^^^^^^^^^^^^^
  File "C:\Users\awsch\miniconda3\envs\nsp\Lib\site-packages\rpyc\core\protocol.py", line 781, in _access_attr
    return accessor(obj, name, *args)
           ^^^^^^^^^^^^^^^^^^^^^^^^^^
AttributeError: 'list' object has no attribute 'sum'
2026-06-01 12:00:48.806 [   DEBUG] (         protocol.py: 363) Exception caught
Traceback (most recent call last):
  File "C:\Users\awsch\miniconda3\envs\nsp\Lib\site-packages\rpyc\core\protocol.py", line 356, in _dispatch_request
    res = self._HANDLERS[handler](self, *args)
          ^^^^^^^^^^^^^^^^^^^^^^^^^^^^^^^^^^^^
  File "C:\Users\awsch\miniconda3\envs\nsp\Lib\site-packages\rpyc\core\protocol.py", line 853, in _handle_getattr
    return self._access_attr(obj, name, (), "_rpyc_getattr", "allow_getattr", getattr)
           ^^^^^^^^^^^^^^^^^^^^^^^^^^^^^^^^^^^^^^^^^^^^^^^^^^^^^^^^^^^^^^^^^^^^^^^^^^^
  File "C:\Users\awsch\miniconda3\envs\nsp\Lib\site-packages\rpyc\core\protocol.py", line 781, in _access_attr
    return accessor(obj, name, *args)
           ^^^^^^^^^^^^^^^^^^^^^^^^^^
AttributeError: 'list' object has no attribute 'sum'
2026-06-01 12:00:48.807 [   DEBUG] (         protocol.py: 363) Exception caught
Traceback (most recent call last):
  File "C:\Users\awsch\miniconda3\envs\nsp\Lib\site-packages\rpyc\core\protocol.py", line 356, in _dispatch_request
    res = self._HANDLERS[handler](self, *args)
          ^^^^^^^^^^^^^^^^^^^^^^^^^^^^^^^^^^^^
  File "C:\Users\awsch\miniconda3\envs\nsp\Lib\site-packages\rpyc\core\protocol.py", line 853, in _handle_getattr
    return self._access_attr(obj, name, (), "_rpyc_getattr", "allow_getattr", getattr)
           ^^^^^^^^^^^^^^^^^^^^^^^^^^^^^^^^^^^^^^^^^^^^^^^^^^^^^^^^^^^^^^^^^^^^^^^^^^^
  File "C:\Users\awsch\miniconda3\envs\nsp\Lib\site-packages\rpyc\core\protocol.py", line 781, in _access_attr
    return accessor(obj, name, *args)
           ^^^^^^^^^^^^^^^^^^^^^^^^^^
AttributeError: 'list' object has no attribute '__array__'
2026-06-01 12:00:48.811 [   DEBUG] (         protocol.py: 363) Exception caught
Traceback (most recent call last):
  File "C:\Users\awsch\miniconda3\envs\nsp\Lib\site-packages\rpyc\core\protocol.py", line 356, in _dispatch_request
    res = self._HANDLERS[handler](self, *args)
          ^^^^^^^^^^^^^^^^^^^^^^^^^^^^^^^^^^^^
  File "C:\Users\awsch\miniconda3\envs\nsp\Lib\site-packages\rpyc\core\protocol.py", line 853, in _handle_getattr
    return self._access_attr(obj, name, (), "_rpyc_getattr", "allow_getattr", getattr)
           ^^^^^^^^^^^^^^^^^^^^^^^^^^^^^^^^^^^^^^^^^^^^^^^^^^^^^^^^^^^^^^^^^^^^^^^^^^^
  File "C:\Users\awsch\miniconda3\envs\nsp\Lib\site-packages\rpyc\core\protocol.py", line 781, in _access_attr
    return accessor(obj, name, *args)
           ^^^^^^^^^^^^^^^^^^^^^^^^^^
AttributeError: 'list' object has no attribute '__array_wrap__'
2026-06-01 12:00:48.812 [   DEBUG] (         protocol.py: 363) Exception caught
Traceback (most recent call last):
  File "C:\Users\awsch\miniconda3\envs\nsp\Lib\site-packages\rpyc\core\protocol.py", line 356, in _dispatch_request
    res = self._HANDLERS[handler](self, *args)
          ^^^^^^^^^^^^^^^^^^^^^^^^^^^^^^^^^^^^
  File "C:\Users\awsch\miniconda3\envs\nsp\Lib\site-packages\rpyc\core\protocol.py", line 853, in _handle_getattr
    return self._access_attr(obj, name, (), "_rpyc_getattr", "allow_getattr", getattr)
           ^^^^^^^^^^^^^^^^^^^^^^^^^^^^^^^^^^^^^^^^^^^^^^^^^^^^^^^^^^^^^^^^^^^^^^^^^^^
  File "C:\Users\awsch\miniconda3\envs\nsp\Lib\site-packages\rpyc\core\protocol.py", line 781, in _access_attr
    return accessor(obj, name, *args)
           ^^^^^^^^^^^^^^^^^^^^^^^^^^
AttributeError: 'list' object has no attribute '__array_wrap__'
2026-06-01 12:00:48.817 [   DEBUG] (        highlevel.py: 186) viWrite(2, b'FREQ 9688000000.00\r\n', 20, 'c_ulong(20)') -> 0
2026-06-01 12:00:49.340 [   DEBUG] (         protocol.py: 363) Exception caught
Traceback (most recent call last):
  File "C:\Users\awsch\miniconda3\envs\nsp\Lib\site-packages\rpyc\core\protocol.py", line 356, in _dispatch_request
    res = self._HANDLERS[handler](self, *args)
          ^^^^^^^^^^^^^^^^^^^^^^^^^^^^^^^^^^^^
  File "C:\Users\awsch\miniconda3\envs\nsp\Lib\site-packages\rpyc\core\protocol.py", line 853, in _handle_getattr
    return self._access_attr(obj, name, (), "_rpyc_getattr", "allow_getattr", getattr)
           ^^^^^^^^^^^^^^^^^^^^^^^^^^^^^^^^^^^^^^^^^^^^^^^^^^^^^^^^^^^^^^^^^^^^^^^^^^^
  File "C:\Users\awsch\miniconda3\envs\nsp\Lib\site-packages\rpyc\core\protocol.py", line 781, in _access_attr
    return accessor(obj, name, *args)
           ^^^^^^^^^^^^^^^^^^^^^^^^^^
AttributeError: 'list' object has no attribute 'sum'
2026-06-01 12:00:49.345 [   DEBUG] (         protocol.py: 363) Exception caught
Traceback (most recent call last):
  File "C:\Users\awsch\miniconda3\envs\nsp\Lib\site-packages\rpyc\core\protocol.py", line 356, in _dispatch_request
    res = self._HANDLERS[handler](self, *args)
          ^^^^^^^^^^^^^^^^^^^^^^^^^^^^^^^^^^^^
  File "C:\Users\awsch\miniconda3\envs\nsp\Lib\site-packages\rpyc\core\protocol.py", line 853, in _handle_getattr
    return self._access_attr(obj, name, (), "_rpyc_getattr", "allow_getattr", getattr)
           ^^^^^^^^^^^^^^^^^^^^^^^^^^^^^^^^^^^^^^^^^^^^^^^^^^^^^^^^^^^^^^^^^^^^^^^^^^^
  File "C:\Users\awsch\miniconda3\envs\nsp\Lib\site-packages\rpyc\core\protocol.py", line 781, in _access_attr
    return accessor(obj, name, *args)
           ^^^^^^^^^^^^^^^^^^^^^^^^^^
AttributeError: 'list' object has no attribute 'sum'
2026-06-01 12:00:49.351 [   DEBUG] (         protocol.py: 363) Exception caught
Traceback (most recent call last):
  File "C:\Users\awsch\miniconda3\envs\nsp\Lib\site-packages\rpyc\core\protocol.py", line 356, in _dispatch_request
    res = self._HANDLERS[handler](self, *args)
          ^^^^^^^^^^^^^^^^^^^^^^^^^^^^^^^^^^^^
  File "C:\Users\awsch\miniconda3\envs\nsp\Lib\site-packages\rpyc\core\protocol.py", line 853, in _handle_getattr
    return self._access_attr(obj, name, (), "_rpyc_getattr", "allow_getattr", getattr)
           ^^^^^^^^^^^^^^^^^^^^^^^^^^^^^^^^^^^^^^^^^^^^^^^^^^^^^^^^^^^^^^^^^^^^^^^^^^^
  File "C:\Users\awsch\miniconda3\envs\nsp\Lib\site-packages\rpyc\core\protocol.py", line 781, in _access_attr
    return accessor(obj, name, *args)
           ^^^^^^^^^^^^^^^^^^^^^^^^^^
AttributeError: 'list' object has no attribute '__array__'
2026-06-01 12:00:49.370 [   DEBUG] (         protocol.py: 363) Exception caught
Traceback (most recent call last):
  File "C:\Users\awsch\miniconda3\envs\nsp\Lib\site-packages\rpyc\core\protocol.py", line 356, in _dispatch_request
    res = self._HANDLERS[handler](self, *args)
          ^^^^^^^^^^^^^^^^^^^^^^^^^^^^^^^^^^^^
  File "C:\Users\awsch\miniconda3\envs\nsp\Lib\site-packages\rpyc\core\protocol.py", line 853, in _handle_getattr
    return self._access_attr(obj, name, (), "_rpyc_getattr", "allow_getattr", getattr)
           ^^^^^^^^^^^^^^^^^^^^^^^^^^^^^^^^^^^^^^^^^^^^^^^^^^^^^^^^^^^^^^^^^^^^^^^^^^^
  File "C:\Users\awsch\miniconda3\envs\nsp\Lib\site-packages\rpyc\core\protocol.py", line 781, in _access_attr
    return accessor(obj, name, *args)
           ^^^^^^^^^^^^^^^^^^^^^^^^^^
AttributeError: 'list' object has no attribute '__array_wrap__'
2026-06-01 12:00:49.373 [   DEBUG] (         protocol.py: 363) Exception caught
Traceback (most recent call last):
  File "C:\Users\awsch\miniconda3\envs\nsp\Lib\site-packages\rpyc\core\protocol.py", line 356, in _dispatch_request
    res = self._HANDLERS[handler](self, *args)
          ^^^^^^^^^^^^^^^^^^^^^^^^^^^^^^^^^^^^
  File "C:\Users\awsch\miniconda3\envs\nsp\Lib\site-packages\rpyc\core\protocol.py", line 853, in _handle_getattr
    return self._access_attr(obj, name, (), "_rpyc_getattr", "allow_getattr", getattr)
           ^^^^^^^^^^^^^^^^^^^^^^^^^^^^^^^^^^^^^^^^^^^^^^^^^^^^^^^^^^^^^^^^^^^^^^^^^^^
  File "C:\Users\awsch\miniconda3\envs\nsp\Lib\site-packages\rpyc\core\protocol.py", line 781, in _access_attr
    return accessor(obj, name, *args)
           ^^^^^^^^^^^^^^^^^^^^^^^^^^
AttributeError: 'list' object has no attribute '__array_wrap__'
2026-06-01 12:00:49.376 [   DEBUG] (         protocol.py: 363) Exception caught
Traceback (most recent call last):
  File "C:\Users\awsch\miniconda3\envs\nsp\Lib\site-packages\rpyc\core\protocol.py", line 356, in _dispatch_request
    res = self._HANDLERS[handler](self, *args)
          ^^^^^^^^^^^^^^^^^^^^^^^^^^^^^^^^^^^^
  File "C:\Users\awsch\miniconda3\envs\nsp\Lib\site-packages\rpyc\core\protocol.py", line 853, in _handle_getattr
    return self._access_attr(obj, name, (), "_rpyc_getattr", "allow_getattr", getattr)
           ^^^^^^^^^^^^^^^^^^^^^^^^^^^^^^^^^^^^^^^^^^^^^^^^^^^^^^^^^^^^^^^^^^^^^^^^^^^
  File "C:\Users\awsch\miniconda3\envs\nsp\Lib\site-packages\rpyc\core\protocol.py", line 781, in _access_attr
    return accessor(obj, name, *args)
           ^^^^^^^^^^^^^^^^^^^^^^^^^^
AttributeError: 'list' object has no attribute 'sum'
2026-06-01 12:00:49.379 [   DEBUG] (         protocol.py: 363) Exception caught
Traceback (most recent call last):
  File "C:\Users\awsch\miniconda3\envs\nsp\Lib\site-packages\rpyc\core\protocol.py", line 356, in _dispatch_request
    res = self._HANDLERS[handler](self, *args)
          ^^^^^^^^^^^^^^^^^^^^^^^^^^^^^^^^^^^^
  File "C:\Users\awsch\miniconda3\envs\nsp\Lib\site-packages\rpyc\core\protocol.py", line 853, in _handle_getattr
    return self._access_attr(obj, name, (), "_rpyc_getattr", "allow_getattr", getattr)
           ^^^^^^^^^^^^^^^^^^^^^^^^^^^^^^^^^^^^^^^^^^^^^^^^^^^^^^^^^^^^^^^^^^^^^^^^^^^
  File "C:\Users\awsch\miniconda3\envs\nsp\Lib\site-packages\rpyc\core\protocol.py", line 781, in _access_attr
    return accessor(obj, name, *args)
           ^^^^^^^^^^^^^^^^^^^^^^^^^^
AttributeError: 'list' object has no attribute 'sum'
2026-06-01 12:00:49.382 [   DEBUG] (         protocol.py: 363) Exception caught
Traceback (most recent call last):
  File "C:\Users\awsch\miniconda3\envs\nsp\Lib\site-packages\rpyc\core\protocol.py", line 356, in _dispatch_request
    res = self._HANDLERS[handler](self, *args)
          ^^^^^^^^^^^^^^^^^^^^^^^^^^^^^^^^^^^^
  File "C:\Users\awsch\miniconda3\envs\nsp\Lib\site-packages\rpyc\core\protocol.py", line 853, in _handle_getattr
    return self._access_attr(obj, name, (), "_rpyc_getattr", "allow_getattr", getattr)
           ^^^^^^^^^^^^^^^^^^^^^^^^^^^^^^^^^^^^^^^^^^^^^^^^^^^^^^^^^^^^^^^^^^^^^^^^^^^
  File "C:\Users\awsch\miniconda3\envs\nsp\Lib\site-packages\rpyc\core\protocol.py", line 781, in _access_attr
    return accessor(obj, name, *args)
           ^^^^^^^^^^^^^^^^^^^^^^^^^^
AttributeError: 'list' object has no attribute '__array__'
2026-06-01 12:00:49.393 [   DEBUG] (         protocol.py: 363) Exception caught
Traceback (most recent call last):
  File "C:\Users\awsch\miniconda3\envs\nsp\Lib\site-packages\rpyc\core\protocol.py", line 356, in _dispatch_request
    res = self._HANDLERS[handler](self, *args)
          ^^^^^^^^^^^^^^^^^^^^^^^^^^^^^^^^^^^^
  File "C:\Users\awsch\miniconda3\envs\nsp\Lib\site-packages\rpyc\core\protocol.py", line 853, in _handle_getattr
    return self._access_attr(obj, name, (), "_rpyc_getattr", "allow_getattr", getattr)
           ^^^^^^^^^^^^^^^^^^^^^^^^^^^^^^^^^^^^^^^^^^^^^^^^^^^^^^^^^^^^^^^^^^^^^^^^^^^
  File "C:\Users\awsch\miniconda3\envs\nsp\Lib\site-packages\rpyc\core\protocol.py", line 781, in _access_attr
    return accessor(obj, name, *args)
           ^^^^^^^^^^^^^^^^^^^^^^^^^^
AttributeError: 'list' object has no attribute '__array_wrap__'
2026-06-01 12:00:49.396 [   DEBUG] (         protocol.py: 363) Exception caught
Traceback (most recent call last):
  File "C:\Users\awsch\miniconda3\envs\nsp\Lib\site-packages\rpyc\core\protocol.py", line 356, in _dispatch_request
    res = self._HANDLERS[handler](self, *args)
          ^^^^^^^^^^^^^^^^^^^^^^^^^^^^^^^^^^^^
  File "C:\Users\awsch\miniconda3\envs\nsp\Lib\site-packages\rpyc\core\protocol.py", line 853, in _handle_getattr
    return self._access_attr(obj, name, (), "_rpyc_getattr", "allow_getattr", getattr)
           ^^^^^^^^^^^^^^^^^^^^^^^^^^^^^^^^^^^^^^^^^^^^^^^^^^^^^^^^^^^^^^^^^^^^^^^^^^^
  File "C:\Users\awsch\miniconda3\envs\nsp\Lib\site-packages\rpyc\core\protocol.py", line 781, in _access_attr
    return accessor(obj, name, *args)
           ^^^^^^^^^^^^^^^^^^^^^^^^^^
AttributeError: 'list' object has no attribute '__array_wrap__'
2026-06-01 12:00:49.404 [   DEBUG] (        highlevel.py: 186) viWrite(2, b'FREQ 9694000000.00\r\n', 20, 'c_ulong(20)') -> 0
2026-06-01 12:00:49.915 [   DEBUG] (         protocol.py: 363) Exception caught
Traceback (most recent call last):
  File "C:\Users\awsch\miniconda3\envs\nsp\Lib\site-packages\rpyc\core\protocol.py", line 356, in _dispatch_request
    res = self._HANDLERS[handler](self, *args)
          ^^^^^^^^^^^^^^^^^^^^^^^^^^^^^^^^^^^^
  File "C:\Users\awsch\miniconda3\envs\nsp\Lib\site-packages\rpyc\core\protocol.py", line 853, in _handle_getattr
    return self._access_attr(obj, name, (), "_rpyc_getattr", "allow_getattr", getattr)
           ^^^^^^^^^^^^^^^^^^^^^^^^^^^^^^^^^^^^^^^^^^^^^^^^^^^^^^^^^^^^^^^^^^^^^^^^^^^
  File "C:\Users\awsch\miniconda3\envs\nsp\Lib\site-packages\rpyc\core\protocol.py", line 781, in _access_attr
    return accessor(obj, name, *args)
           ^^^^^^^^^^^^^^^^^^^^^^^^^^
AttributeError: 'list' object has no attribute 'sum'
2026-06-01 12:00:49.919 [   DEBUG] (         protocol.py: 363) Exception caught
Traceback (most recent call last):
  File "C:\Users\awsch\miniconda3\envs\nsp\Lib\site-packages\rpyc\core\protocol.py", line 356, in _dispatch_request
    res = self._HANDLERS[handler](self, *args)
          ^^^^^^^^^^^^^^^^^^^^^^^^^^^^^^^^^^^^
  File "C:\Users\awsch\miniconda3\envs\nsp\Lib\site-packages\rpyc\core\protocol.py", line 853, in _handle_getattr
    return self._access_attr(obj, name, (), "_rpyc_getattr", "allow_getattr", getattr)
           ^^^^^^^^^^^^^^^^^^^^^^^^^^^^^^^^^^^^^^^^^^^^^^^^^^^^^^^^^^^^^^^^^^^^^^^^^^^
  File "C:\Users\awsch\miniconda3\envs\nsp\Lib\site-packages\rpyc\core\protocol.py", line 781, in _access_attr
    return accessor(obj, name, *args)
           ^^^^^^^^^^^^^^^^^^^^^^^^^^
AttributeError: 'list' object has no attribute 'sum'
2026-06-01 12:00:49.922 [   DEBUG] (         protocol.py: 363) Exception caught
Traceback (most recent call last):
  File "C:\Users\awsch\miniconda3\envs\nsp\Lib\site-packages\rpyc\core\protocol.py", line 356, in _dispatch_request
    res = self._HANDLERS[handler](self, *args)
          ^^^^^^^^^^^^^^^^^^^^^^^^^^^^^^^^^^^^
  File "C:\Users\awsch\miniconda3\envs\nsp\Lib\site-packages\rpyc\core\protocol.py", line 853, in _handle_getattr
    return self._access_attr(obj, name, (), "_rpyc_getattr", "allow_getattr", getattr)
           ^^^^^^^^^^^^^^^^^^^^^^^^^^^^^^^^^^^^^^^^^^^^^^^^^^^^^^^^^^^^^^^^^^^^^^^^^^^
  File "C:\Users\awsch\miniconda3\envs\nsp\Lib\site-packages\rpyc\core\protocol.py", line 781, in _access_attr
    return accessor(obj, name, *args)
           ^^^^^^^^^^^^^^^^^^^^^^^^^^
AttributeError: 'list' object has no attribute '__array__'
2026-06-01 12:00:49.935 [   DEBUG] (         protocol.py: 363) Exception caught
Traceback (most recent call last):
  File "C:\Users\awsch\miniconda3\envs\nsp\Lib\site-packages\rpyc\core\protocol.py", line 356, in _dispatch_request
    res = self._HANDLERS[handler](self, *args)
          ^^^^^^^^^^^^^^^^^^^^^^^^^^^^^^^^^^^^
  File "C:\Users\awsch\miniconda3\envs\nsp\Lib\site-packages\rpyc\core\protocol.py", line 853, in _handle_getattr
    return self._access_attr(obj, name, (), "_rpyc_getattr", "allow_getattr", getattr)
           ^^^^^^^^^^^^^^^^^^^^^^^^^^^^^^^^^^^^^^^^^^^^^^^^^^^^^^^^^^^^^^^^^^^^^^^^^^^
  File "C:\Users\awsch\miniconda3\envs\nsp\Lib\site-packages\rpyc\core\protocol.py", line 781, in _access_attr
    return accessor(obj, name, *args)
           ^^^^^^^^^^^^^^^^^^^^^^^^^^
AttributeError: 'list' object has no attribute '__array_wrap__'
2026-06-01 12:00:49.937 [   DEBUG] (         protocol.py: 363) Exception caught
Traceback (most recent call last):
  File "C:\Users\awsch\miniconda3\envs\nsp\Lib\site-packages\rpyc\core\protocol.py", line 356, in _dispatch_request
    res = self._HANDLERS[handler](self, *args)
          ^^^^^^^^^^^^^^^^^^^^^^^^^^^^^^^^^^^^
  File "C:\Users\awsch\miniconda3\envs\nsp\Lib\site-packages\rpyc\core\protocol.py", line 853, in _handle_getattr
    return self._access_attr(obj, name, (), "_rpyc_getattr", "allow_getattr", getattr)
           ^^^^^^^^^^^^^^^^^^^^^^^^^^^^^^^^^^^^^^^^^^^^^^^^^^^^^^^^^^^^^^^^^^^^^^^^^^^
  File "C:\Users\awsch\miniconda3\envs\nsp\Lib\site-packages\rpyc\core\protocol.py", line 781, in _access_attr
    return accessor(obj, name, *args)
           ^^^^^^^^^^^^^^^^^^^^^^^^^^
AttributeError: 'list' object has no attribute '__array_wrap__'
2026-06-01 12:00:49.939 [   DEBUG] (         protocol.py: 363) Exception caught
Traceback (most recent call last):
  File "C:\Users\awsch\miniconda3\envs\nsp\Lib\site-packages\rpyc\core\protocol.py", line 356, in _dispatch_request
    res = self._HANDLERS[handler](self, *args)
          ^^^^^^^^^^^^^^^^^^^^^^^^^^^^^^^^^^^^
  File "C:\Users\awsch\miniconda3\envs\nsp\Lib\site-packages\rpyc\core\protocol.py", line 853, in _handle_getattr
    return self._access_attr(obj, name, (), "_rpyc_getattr", "allow_getattr", getattr)
           ^^^^^^^^^^^^^^^^^^^^^^^^^^^^^^^^^^^^^^^^^^^^^^^^^^^^^^^^^^^^^^^^^^^^^^^^^^^
  File "C:\Users\awsch\miniconda3\envs\nsp\Lib\site-packages\rpyc\core\protocol.py", line 781, in _access_attr
    return accessor(obj, name, *args)
           ^^^^^^^^^^^^^^^^^^^^^^^^^^
AttributeError: 'list' object has no attribute 'sum'
2026-06-01 12:00:49.941 [   DEBUG] (         protocol.py: 363) Exception caught
Traceback (most recent call last):
  File "C:\Users\awsch\miniconda3\envs\nsp\Lib\site-packages\rpyc\core\protocol.py", line 356, in _dispatch_request
    res = self._HANDLERS[handler](self, *args)
          ^^^^^^^^^^^^^^^^^^^^^^^^^^^^^^^^^^^^
  File "C:\Users\awsch\miniconda3\envs\nsp\Lib\site-packages\rpyc\core\protocol.py", line 853, in _handle_getattr
    return self._access_attr(obj, name, (), "_rpyc_getattr", "allow_getattr", getattr)
           ^^^^^^^^^^^^^^^^^^^^^^^^^^^^^^^^^^^^^^^^^^^^^^^^^^^^^^^^^^^^^^^^^^^^^^^^^^^
  File "C:\Users\awsch\miniconda3\envs\nsp\Lib\site-packages\rpyc\core\protocol.py", line 781, in _access_attr
    return accessor(obj, name, *args)
           ^^^^^^^^^^^^^^^^^^^^^^^^^^
AttributeError: 'list' object has no attribute 'sum'
2026-06-01 12:00:49.943 [   DEBUG] (         protocol.py: 363) Exception caught
Traceback (most recent call last):
  File "C:\Users\awsch\miniconda3\envs\nsp\Lib\site-packages\rpyc\core\protocol.py", line 356, in _dispatch_request
    res = self._HANDLERS[handler](self, *args)
          ^^^^^^^^^^^^^^^^^^^^^^^^^^^^^^^^^^^^
  File "C:\Users\awsch\miniconda3\envs\nsp\Lib\site-packages\rpyc\core\protocol.py", line 853, in _handle_getattr
    return self._access_attr(obj, name, (), "_rpyc_getattr", "allow_getattr", getattr)
           ^^^^^^^^^^^^^^^^^^^^^^^^^^^^^^^^^^^^^^^^^^^^^^^^^^^^^^^^^^^^^^^^^^^^^^^^^^^
  File "C:\Users\awsch\miniconda3\envs\nsp\Lib\site-packages\rpyc\core\protocol.py", line 781, in _access_attr
    return accessor(obj, name, *args)
           ^^^^^^^^^^^^^^^^^^^^^^^^^^
AttributeError: 'list' object has no attribute '__array__'
2026-06-01 12:00:49.952 [   DEBUG] (         protocol.py: 363) Exception caught
Traceback (most recent call last):
  File "C:\Users\awsch\miniconda3\envs\nsp\Lib\site-packages\rpyc\core\protocol.py", line 356, in _dispatch_request
    res = self._HANDLERS[handler](self, *args)
          ^^^^^^^^^^^^^^^^^^^^^^^^^^^^^^^^^^^^
  File "C:\Users\awsch\miniconda3\envs\nsp\Lib\site-packages\rpyc\core\protocol.py", line 853, in _handle_getattr
    return self._access_attr(obj, name, (), "_rpyc_getattr", "allow_getattr", getattr)
           ^^^^^^^^^^^^^^^^^^^^^^^^^^^^^^^^^^^^^^^^^^^^^^^^^^^^^^^^^^^^^^^^^^^^^^^^^^^
  File "C:\Users\awsch\miniconda3\envs\nsp\Lib\site-packages\rpyc\core\protocol.py", line 781, in _access_attr
    return accessor(obj, name, *args)
           ^^^^^^^^^^^^^^^^^^^^^^^^^^
AttributeError: 'list' object has no attribute '__array_wrap__'
2026-06-01 12:00:49.954 [   DEBUG] (         protocol.py: 363) Exception caught
Traceback (most recent call last):
  File "C:\Users\awsch\miniconda3\envs\nsp\Lib\site-packages\rpyc\core\protocol.py", line 356, in _dispatch_request
    res = self._HANDLERS[handler](self, *args)
          ^^^^^^^^^^^^^^^^^^^^^^^^^^^^^^^^^^^^
  File "C:\Users\awsch\miniconda3\envs\nsp\Lib\site-packages\rpyc\core\protocol.py", line 853, in _handle_getattr
    return self._access_attr(obj, name, (), "_rpyc_getattr", "allow_getattr", getattr)
           ^^^^^^^^^^^^^^^^^^^^^^^^^^^^^^^^^^^^^^^^^^^^^^^^^^^^^^^^^^^^^^^^^^^^^^^^^^^
  File "C:\Users\awsch\miniconda3\envs\nsp\Lib\site-packages\rpyc\core\protocol.py", line 781, in _access_attr
    return accessor(obj, name, *args)
           ^^^^^^^^^^^^^^^^^^^^^^^^^^
AttributeError: 'list' object has no attribute '__array_wrap__'
2026-06-01 12:00:49.967 [   DEBUG] (        highlevel.py: 186) viWrite(2, b'FREQ 9700000000.00\r\n', 20, 'c_ulong(20)') -> 0
2026-06-01 12:00:50.453 [   DEBUG] (         protocol.py: 363) Exception caught
Traceback (most recent call last):
  File "C:\Users\awsch\miniconda3\envs\nsp\Lib\site-packages\rpyc\core\protocol.py", line 356, in _dispatch_request
    res = self._HANDLERS[handler](self, *args)
          ^^^^^^^^^^^^^^^^^^^^^^^^^^^^^^^^^^^^
  File "C:\Users\awsch\miniconda3\envs\nsp\Lib\site-packages\rpyc\core\protocol.py", line 853, in _handle_getattr
    return self._access_attr(obj, name, (), "_rpyc_getattr", "allow_getattr", getattr)
           ^^^^^^^^^^^^^^^^^^^^^^^^^^^^^^^^^^^^^^^^^^^^^^^^^^^^^^^^^^^^^^^^^^^^^^^^^^^
  File "C:\Users\awsch\miniconda3\envs\nsp\Lib\site-packages\rpyc\core\protocol.py", line 781, in _access_attr
    return accessor(obj, name, *args)
           ^^^^^^^^^^^^^^^^^^^^^^^^^^
AttributeError: 'list' object has no attribute 'sum'
2026-06-01 12:00:50.454 [   DEBUG] (         protocol.py: 363) Exception caught
Traceback (most recent call last):
  File "C:\Users\awsch\miniconda3\envs\nsp\Lib\site-packages\rpyc\core\protocol.py", line 356, in _dispatch_request
    res = self._HANDLERS[handler](self, *args)
          ^^^^^^^^^^^^^^^^^^^^^^^^^^^^^^^^^^^^
  File "C:\Users\awsch\miniconda3\envs\nsp\Lib\site-packages\rpyc\core\protocol.py", line 853, in _handle_getattr
    return self._access_attr(obj, name, (), "_rpyc_getattr", "allow_getattr", getattr)
           ^^^^^^^^^^^^^^^^^^^^^^^^^^^^^^^^^^^^^^^^^^^^^^^^^^^^^^^^^^^^^^^^^^^^^^^^^^^
  File "C:\Users\awsch\miniconda3\envs\nsp\Lib\site-packages\rpyc\core\protocol.py", line 781, in _access_attr
    return accessor(obj, name, *args)
           ^^^^^^^^^^^^^^^^^^^^^^^^^^
AttributeError: 'list' object has no attribute 'sum'
2026-06-01 12:00:50.456 [   DEBUG] (         protocol.py: 363) Exception caught
Traceback (most recent call last):
  File "C:\Users\awsch\miniconda3\envs\nsp\Lib\site-packages\rpyc\core\protocol.py", line 356, in _dispatch_request
    res = self._HANDLERS[handler](self, *args)
          ^^^^^^^^^^^^^^^^^^^^^^^^^^^^^^^^^^^^
  File "C:\Users\awsch\miniconda3\envs\nsp\Lib\site-packages\rpyc\core\protocol.py", line 853, in _handle_getattr
    return self._access_attr(obj, name, (), "_rpyc_getattr", "allow_getattr", getattr)
           ^^^^^^^^^^^^^^^^^^^^^^^^^^^^^^^^^^^^^^^^^^^^^^^^^^^^^^^^^^^^^^^^^^^^^^^^^^^
  File "C:\Users\awsch\miniconda3\envs\nsp\Lib\site-packages\rpyc\core\protocol.py", line 781, in _access_attr
    return accessor(obj, name, *args)
           ^^^^^^^^^^^^^^^^^^^^^^^^^^
AttributeError: 'list' object has no attribute '__array__'
2026-06-01 12:00:50.460 [   DEBUG] (         protocol.py: 363) Exception caught
Traceback (most recent call last):
  File "C:\Users\awsch\miniconda3\envs\nsp\Lib\site-packages\rpyc\core\protocol.py", line 356, in _dispatch_request
    res = self._HANDLERS[handler](self, *args)
          ^^^^^^^^^^^^^^^^^^^^^^^^^^^^^^^^^^^^
  File "C:\Users\awsch\miniconda3\envs\nsp\Lib\site-packages\rpyc\core\protocol.py", line 853, in _handle_getattr
    return self._access_attr(obj, name, (), "_rpyc_getattr", "allow_getattr", getattr)
           ^^^^^^^^^^^^^^^^^^^^^^^^^^^^^^^^^^^^^^^^^^^^^^^^^^^^^^^^^^^^^^^^^^^^^^^^^^^
  File "C:\Users\awsch\miniconda3\envs\nsp\Lib\site-packages\rpyc\core\protocol.py", line 781, in _access_attr
    return accessor(obj, name, *args)
           ^^^^^^^^^^^^^^^^^^^^^^^^^^
AttributeError: 'list' object has no attribute '__array_wrap__'
2026-06-01 12:00:50.461 [   DEBUG] (         protocol.py: 363) Exception caught
Traceback (most recent call last):
  File "C:\Users\awsch\miniconda3\envs\nsp\Lib\site-packages\rpyc\core\protocol.py", line 356, in _dispatch_request
    res = self._HANDLERS[handler](self, *args)
          ^^^^^^^^^^^^^^^^^^^^^^^^^^^^^^^^^^^^
  File "C:\Users\awsch\miniconda3\envs\nsp\Lib\site-packages\rpyc\core\protocol.py", line 853, in _handle_getattr
    return self._access_attr(obj, name, (), "_rpyc_getattr", "allow_getattr", getattr)
           ^^^^^^^^^^^^^^^^^^^^^^^^^^^^^^^^^^^^^^^^^^^^^^^^^^^^^^^^^^^^^^^^^^^^^^^^^^^
  File "C:\Users\awsch\miniconda3\envs\nsp\Lib\site-packages\rpyc\core\protocol.py", line 781, in _access_attr
    return accessor(obj, name, *args)
           ^^^^^^^^^^^^^^^^^^^^^^^^^^
AttributeError: 'list' object has no attribute '__array_wrap__'
2026-06-01 12:00:50.462 [   DEBUG] (         protocol.py: 363) Exception caught
Traceback (most recent call last):
  File "C:\Users\awsch\miniconda3\envs\nsp\Lib\site-packages\rpyc\core\protocol.py", line 356, in _dispatch_request
    res = self._HANDLERS[handler](self, *args)
          ^^^^^^^^^^^^^^^^^^^^^^^^^^^^^^^^^^^^
  File "C:\Users\awsch\miniconda3\envs\nsp\Lib\site-packages\rpyc\core\protocol.py", line 853, in _handle_getattr
    return self._access_attr(obj, name, (), "_rpyc_getattr", "allow_getattr", getattr)
           ^^^^^^^^^^^^^^^^^^^^^^^^^^^^^^^^^^^^^^^^^^^^^^^^^^^^^^^^^^^^^^^^^^^^^^^^^^^
  File "C:\Users\awsch\miniconda3\envs\nsp\Lib\site-packages\rpyc\core\protocol.py", line 781, in _access_attr
    return accessor(obj, name, *args)
           ^^^^^^^^^^^^^^^^^^^^^^^^^^
AttributeError: 'list' object has no attribute 'sum'
2026-06-01 12:00:50.463 [   DEBUG] (         protocol.py: 363) Exception caught
Traceback (most recent call last):
  File "C:\Users\awsch\miniconda3\envs\nsp\Lib\site-packages\rpyc\core\protocol.py", line 356, in _dispatch_request
    res = self._HANDLERS[handler](self, *args)
          ^^^^^^^^^^^^^^^^^^^^^^^^^^^^^^^^^^^^
  File "C:\Users\awsch\miniconda3\envs\nsp\Lib\site-packages\rpyc\core\protocol.py", line 853, in _handle_getattr
    return self._access_attr(obj, name, (), "_rpyc_getattr", "allow_getattr", getattr)
           ^^^^^^^^^^^^^^^^^^^^^^^^^^^^^^^^^^^^^^^^^^^^^^^^^^^^^^^^^^^^^^^^^^^^^^^^^^^
  File "C:\Users\awsch\miniconda3\envs\nsp\Lib\site-packages\rpyc\core\protocol.py", line 781, in _access_attr
    return accessor(obj, name, *args)
           ^^^^^^^^^^^^^^^^^^^^^^^^^^
AttributeError: 'list' object has no attribute 'sum'
2026-06-01 12:00:50.464 [   DEBUG] (         protocol.py: 363) Exception caught
Traceback (most recent call last):
  File "C:\Users\awsch\miniconda3\envs\nsp\Lib\site-packages\rpyc\core\protocol.py", line 356, in _dispatch_request
    res = self._HANDLERS[handler](self, *args)
          ^^^^^^^^^^^^^^^^^^^^^^^^^^^^^^^^^^^^
  File "C:\Users\awsch\miniconda3\envs\nsp\Lib\site-packages\rpyc\core\protocol.py", line 853, in _handle_getattr
    return self._access_attr(obj, name, (), "_rpyc_getattr", "allow_getattr", getattr)
           ^^^^^^^^^^^^^^^^^^^^^^^^^^^^^^^^^^^^^^^^^^^^^^^^^^^^^^^^^^^^^^^^^^^^^^^^^^^
  File "C:\Users\awsch\miniconda3\envs\nsp\Lib\site-packages\rpyc\core\protocol.py", line 781, in _access_attr
    return accessor(obj, name, *args)
           ^^^^^^^^^^^^^^^^^^^^^^^^^^
AttributeError: 'list' object has no attribute '__array__'
2026-06-01 12:00:50.468 [   DEBUG] (         protocol.py: 363) Exception caught
Traceback (most recent call last):
  File "C:\Users\awsch\miniconda3\envs\nsp\Lib\site-packages\rpyc\core\protocol.py", line 356, in _dispatch_request
    res = self._HANDLERS[handler](self, *args)
          ^^^^^^^^^^^^^^^^^^^^^^^^^^^^^^^^^^^^
  File "C:\Users\awsch\miniconda3\envs\nsp\Lib\site-packages\rpyc\core\protocol.py", line 853, in _handle_getattr
    return self._access_attr(obj, name, (), "_rpyc_getattr", "allow_getattr", getattr)
           ^^^^^^^^^^^^^^^^^^^^^^^^^^^^^^^^^^^^^^^^^^^^^^^^^^^^^^^^^^^^^^^^^^^^^^^^^^^
  File "C:\Users\awsch\miniconda3\envs\nsp\Lib\site-packages\rpyc\core\protocol.py", line 781, in _access_attr
    return accessor(obj, name, *args)
           ^^^^^^^^^^^^^^^^^^^^^^^^^^
AttributeError: 'list' object has no attribute '__array_wrap__'
2026-06-01 12:00:50.469 [   DEBUG] (         protocol.py: 363) Exception caught
Traceback (most recent call last):
  File "C:\Users\awsch\miniconda3\envs\nsp\Lib\site-packages\rpyc\core\protocol.py", line 356, in _dispatch_request
    res = self._HANDLERS[handler](self, *args)
          ^^^^^^^^^^^^^^^^^^^^^^^^^^^^^^^^^^^^
  File "C:\Users\awsch\miniconda3\envs\nsp\Lib\site-packages\rpyc\core\protocol.py", line 853, in _handle_getattr
    return self._access_attr(obj, name, (), "_rpyc_getattr", "allow_getattr", getattr)
           ^^^^^^^^^^^^^^^^^^^^^^^^^^^^^^^^^^^^^^^^^^^^^^^^^^^^^^^^^^^^^^^^^^^^^^^^^^^
  File "C:\Users\awsch\miniconda3\envs\nsp\Lib\site-packages\rpyc\core\protocol.py", line 781, in _access_attr
    return accessor(obj, name, *args)
           ^^^^^^^^^^^^^^^^^^^^^^^^^^
AttributeError: 'list' object has no attribute '__array_wrap__'
2026-06-01 12:00:50.529 [   DEBUG] (        highlevel.py: 186) viWrite(2, b'FREQ 9400000000.00\r\n', 20, 'c_ulong(20)') -> 0
2026-06-01 12:00:51.048 [   DEBUG] (         protocol.py: 363) Exception caught
Traceback (most recent call last):
  File "C:\Users\awsch\miniconda3\envs\nsp\Lib\site-packages\rpyc\core\protocol.py", line 356, in _dispatch_request
    res = self._HANDLERS[handler](self, *args)
          ^^^^^^^^^^^^^^^^^^^^^^^^^^^^^^^^^^^^
  File "C:\Users\awsch\miniconda3\envs\nsp\Lib\site-packages\rpyc\core\protocol.py", line 853, in _handle_getattr
    return self._access_attr(obj, name, (), "_rpyc_getattr", "allow_getattr", getattr)
           ^^^^^^^^^^^^^^^^^^^^^^^^^^^^^^^^^^^^^^^^^^^^^^^^^^^^^^^^^^^^^^^^^^^^^^^^^^^
  File "C:\Users\awsch\miniconda3\envs\nsp\Lib\site-packages\rpyc\core\protocol.py", line 781, in _access_attr
    return accessor(obj, name, *args)
           ^^^^^^^^^^^^^^^^^^^^^^^^^^
AttributeError: 'list' object has no attribute 'sum'
2026-06-01 12:00:51.049 [   DEBUG] (         protocol.py: 363) Exception caught
Traceback (most recent call last):
  File "C:\Users\awsch\miniconda3\envs\nsp\Lib\site-packages\rpyc\core\protocol.py", line 356, in _dispatch_request
    res = self._HANDLERS[handler](self, *args)
          ^^^^^^^^^^^^^^^^^^^^^^^^^^^^^^^^^^^^
  File "C:\Users\awsch\miniconda3\envs\nsp\Lib\site-packages\rpyc\core\protocol.py", line 853, in _handle_getattr
    return self._access_attr(obj, name, (), "_rpyc_getattr", "allow_getattr", getattr)
           ^^^^^^^^^^^^^^^^^^^^^^^^^^^^^^^^^^^^^^^^^^^^^^^^^^^^^^^^^^^^^^^^^^^^^^^^^^^
  File "C:\Users\awsch\miniconda3\envs\nsp\Lib\site-packages\rpyc\core\protocol.py", line 781, in _access_attr
    return accessor(obj, name, *args)
           ^^^^^^^^^^^^^^^^^^^^^^^^^^
AttributeError: 'list' object has no attribute 'sum'
2026-06-01 12:00:51.051 [   DEBUG] (         protocol.py: 363) Exception caught
Traceback (most recent call last):
  File "C:\Users\awsch\miniconda3\envs\nsp\Lib\site-packages\rpyc\core\protocol.py", line 356, in _dispatch_request
    res = self._HANDLERS[handler](self, *args)
          ^^^^^^^^^^^^^^^^^^^^^^^^^^^^^^^^^^^^
  File "C:\Users\awsch\miniconda3\envs\nsp\Lib\site-packages\rpyc\core\protocol.py", line 853, in _handle_getattr
    return self._access_attr(obj, name, (), "_rpyc_getattr", "allow_getattr", getattr)
           ^^^^^^^^^^^^^^^^^^^^^^^^^^^^^^^^^^^^^^^^^^^^^^^^^^^^^^^^^^^^^^^^^^^^^^^^^^^
  File "C:\Users\awsch\miniconda3\envs\nsp\Lib\site-packages\rpyc\core\protocol.py", line 781, in _access_attr
    return accessor(obj, name, *args)
           ^^^^^^^^^^^^^^^^^^^^^^^^^^
AttributeError: 'list' object has no attribute '__array__'
2026-06-01 12:00:51.054 [   DEBUG] (         protocol.py: 363) Exception caught
Traceback (most recent call last):
  File "C:\Users\awsch\miniconda3\envs\nsp\Lib\site-packages\rpyc\core\protocol.py", line 356, in _dispatch_request
    res = self._HANDLERS[handler](self, *args)
          ^^^^^^^^^^^^^^^^^^^^^^^^^^^^^^^^^^^^
  File "C:\Users\awsch\miniconda3\envs\nsp\Lib\site-packages\rpyc\core\protocol.py", line 853, in _handle_getattr
    return self._access_attr(obj, name, (), "_rpyc_getattr", "allow_getattr", getattr)
           ^^^^^^^^^^^^^^^^^^^^^^^^^^^^^^^^^^^^^^^^^^^^^^^^^^^^^^^^^^^^^^^^^^^^^^^^^^^
  File "C:\Users\awsch\miniconda3\envs\nsp\Lib\site-packages\rpyc\core\protocol.py", line 781, in _access_attr
    return accessor(obj, name, *args)
           ^^^^^^^^^^^^^^^^^^^^^^^^^^
AttributeError: 'list' object has no attribute '__array_wrap__'
2026-06-01 12:00:51.055 [   DEBUG] (         protocol.py: 363) Exception caught
Traceback (most recent call last):
  File "C:\Users\awsch\miniconda3\envs\nsp\Lib\site-packages\rpyc\core\protocol.py", line 356, in _dispatch_request
    res = self._HANDLERS[handler](self, *args)
          ^^^^^^^^^^^^^^^^^^^^^^^^^^^^^^^^^^^^
  File "C:\Users\awsch\miniconda3\envs\nsp\Lib\site-packages\rpyc\core\protocol.py", line 853, in _handle_getattr
    return self._access_attr(obj, name, (), "_rpyc_getattr", "allow_getattr", getattr)
           ^^^^^^^^^^^^^^^^^^^^^^^^^^^^^^^^^^^^^^^^^^^^^^^^^^^^^^^^^^^^^^^^^^^^^^^^^^^
  File "C:\Users\awsch\miniconda3\envs\nsp\Lib\site-packages\rpyc\core\protocol.py", line 781, in _access_attr
    return accessor(obj, name, *args)
           ^^^^^^^^^^^^^^^^^^^^^^^^^^
AttributeError: 'list' object has no attribute '__array_wrap__'
2026-06-01 12:00:51.056 [   DEBUG] (         protocol.py: 363) Exception caught
Traceback (most recent call last):
  File "C:\Users\awsch\miniconda3\envs\nsp\Lib\site-packages\rpyc\core\protocol.py", line 356, in _dispatch_request
    res = self._HANDLERS[handler](self, *args)
          ^^^^^^^^^^^^^^^^^^^^^^^^^^^^^^^^^^^^
  File "C:\Users\awsch\miniconda3\envs\nsp\Lib\site-packages\rpyc\core\protocol.py", line 853, in _handle_getattr
    return self._access_attr(obj, name, (), "_rpyc_getattr", "allow_getattr", getattr)
           ^^^^^^^^^^^^^^^^^^^^^^^^^^^^^^^^^^^^^^^^^^^^^^^^^^^^^^^^^^^^^^^^^^^^^^^^^^^
  File "C:\Users\awsch\miniconda3\envs\nsp\Lib\site-packages\rpyc\core\protocol.py", line 781, in _access_attr
    return accessor(obj, name, *args)
           ^^^^^^^^^^^^^^^^^^^^^^^^^^
AttributeError: 'list' object has no attribute 'sum'
2026-06-01 12:00:51.057 [   DEBUG] (         protocol.py: 363) Exception caught
Traceback (most recent call last):
  File "C:\Users\awsch\miniconda3\envs\nsp\Lib\site-packages\rpyc\core\protocol.py", line 356, in _dispatch_request
    res = self._HANDLERS[handler](self, *args)
          ^^^^^^^^^^^^^^^^^^^^^^^^^^^^^^^^^^^^
  File "C:\Users\awsch\miniconda3\envs\nsp\Lib\site-packages\rpyc\core\protocol.py", line 853, in _handle_getattr
    return self._access_attr(obj, name, (), "_rpyc_getattr", "allow_getattr", getattr)
           ^^^^^^^^^^^^^^^^^^^^^^^^^^^^^^^^^^^^^^^^^^^^^^^^^^^^^^^^^^^^^^^^^^^^^^^^^^^
  File "C:\Users\awsch\miniconda3\envs\nsp\Lib\site-packages\rpyc\core\protocol.py", line 781, in _access_attr
    return accessor(obj, name, *args)
           ^^^^^^^^^^^^^^^^^^^^^^^^^^
AttributeError: 'list' object has no attribute 'sum'
2026-06-01 12:00:51.058 [   DEBUG] (         protocol.py: 363) Exception caught
Traceback (most recent call last):
  File "C:\Users\awsch\miniconda3\envs\nsp\Lib\site-packages\rpyc\core\protocol.py", line 356, in _dispatch_request
    res = self._HANDLERS[handler](self, *args)
          ^^^^^^^^^^^^^^^^^^^^^^^^^^^^^^^^^^^^
  File "C:\Users\awsch\miniconda3\envs\nsp\Lib\site-packages\rpyc\core\protocol.py", line 853, in _handle_getattr
    return self._access_attr(obj, name, (), "_rpyc_getattr", "allow_getattr", getattr)
           ^^^^^^^^^^^^^^^^^^^^^^^^^^^^^^^^^^^^^^^^^^^^^^^^^^^^^^^^^^^^^^^^^^^^^^^^^^^
  File "C:\Users\awsch\miniconda3\envs\nsp\Lib\site-packages\rpyc\core\protocol.py", line 781, in _access_attr
    return accessor(obj, name, *args)
           ^^^^^^^^^^^^^^^^^^^^^^^^^^
AttributeError: 'list' object has no attribute '__array__'
2026-06-01 12:00:51.062 [   DEBUG] (         protocol.py: 363) Exception caught
Traceback (most recent call last):
  File "C:\Users\awsch\miniconda3\envs\nsp\Lib\site-packages\rpyc\core\protocol.py", line 356, in _dispatch_request
    res = self._HANDLERS[handler](self, *args)
          ^^^^^^^^^^^^^^^^^^^^^^^^^^^^^^^^^^^^
  File "C:\Users\awsch\miniconda3\envs\nsp\Lib\site-packages\rpyc\core\protocol.py", line 853, in _handle_getattr
    return self._access_attr(obj, name, (), "_rpyc_getattr", "allow_getattr", getattr)
           ^^^^^^^^^^^^^^^^^^^^^^^^^^^^^^^^^^^^^^^^^^^^^^^^^^^^^^^^^^^^^^^^^^^^^^^^^^^
  File "C:\Users\awsch\miniconda3\envs\nsp\Lib\site-packages\rpyc\core\protocol.py", line 781, in _access_attr
    return accessor(obj, name, *args)
           ^^^^^^^^^^^^^^^^^^^^^^^^^^
AttributeError: 'list' object has no attribute '__array_wrap__'
2026-06-01 12:00:51.063 [   DEBUG] (         protocol.py: 363) Exception caught
Traceback (most recent call last):
  File "C:\Users\awsch\miniconda3\envs\nsp\Lib\site-packages\rpyc\core\protocol.py", line 356, in _dispatch_request
    res = self._HANDLERS[handler](self, *args)
          ^^^^^^^^^^^^^^^^^^^^^^^^^^^^^^^^^^^^
  File "C:\Users\awsch\miniconda3\envs\nsp\Lib\site-packages\rpyc\core\protocol.py", line 853, in _handle_getattr
    return self._access_attr(obj, name, (), "_rpyc_getattr", "allow_getattr", getattr)
           ^^^^^^^^^^^^^^^^^^^^^^^^^^^^^^^^^^^^^^^^^^^^^^^^^^^^^^^^^^^^^^^^^^^^^^^^^^^
  File "C:\Users\awsch\miniconda3\envs\nsp\Lib\site-packages\rpyc\core\protocol.py", line 781, in _access_attr
    return accessor(obj, name, *args)
           ^^^^^^^^^^^^^^^^^^^^^^^^^^
AttributeError: 'list' object has no attribute '__array_wrap__'
2026-06-01 12:00:51.068 [   DEBUG] (        highlevel.py: 186) viWrite(2, b'FREQ 9406000000.00\r\n', 20, 'c_ulong(20)') -> 0
2026-06-01 12:00:51.545 [   DEBUG] (         protocol.py: 363) Exception caught
Traceback (most recent call last):
  File "C:\Users\awsch\miniconda3\envs\nsp\Lib\site-packages\rpyc\core\protocol.py", line 356, in _dispatch_request
    res = self._HANDLERS[handler](self, *args)
          ^^^^^^^^^^^^^^^^^^^^^^^^^^^^^^^^^^^^
  File "C:\Users\awsch\miniconda3\envs\nsp\Lib\site-packages\rpyc\core\protocol.py", line 853, in _handle_getattr
    return self._access_attr(obj, name, (), "_rpyc_getattr", "allow_getattr", getattr)
           ^^^^^^^^^^^^^^^^^^^^^^^^^^^^^^^^^^^^^^^^^^^^^^^^^^^^^^^^^^^^^^^^^^^^^^^^^^^
  File "C:\Users\awsch\miniconda3\envs\nsp\Lib\site-packages\rpyc\core\protocol.py", line 781, in _access_attr
    return accessor(obj, name, *args)
           ^^^^^^^^^^^^^^^^^^^^^^^^^^
AttributeError: 'list' object has no attribute 'sum'
2026-06-01 12:00:51.546 [   DEBUG] (         protocol.py: 363) Exception caught
Traceback (most recent call last):
  File "C:\Users\awsch\miniconda3\envs\nsp\Lib\site-packages\rpyc\core\protocol.py", line 356, in _dispatch_request
    res = self._HANDLERS[handler](self, *args)
          ^^^^^^^^^^^^^^^^^^^^^^^^^^^^^^^^^^^^
  File "C:\Users\awsch\miniconda3\envs\nsp\Lib\site-packages\rpyc\core\protocol.py", line 853, in _handle_getattr
    return self._access_attr(obj, name, (), "_rpyc_getattr", "allow_getattr", getattr)
           ^^^^^^^^^^^^^^^^^^^^^^^^^^^^^^^^^^^^^^^^^^^^^^^^^^^^^^^^^^^^^^^^^^^^^^^^^^^
  File "C:\Users\awsch\miniconda3\envs\nsp\Lib\site-packages\rpyc\core\protocol.py", line 781, in _access_attr
    return accessor(obj, name, *args)
           ^^^^^^^^^^^^^^^^^^^^^^^^^^
AttributeError: 'list' object has no attribute 'sum'
2026-06-01 12:00:51.547 [   DEBUG] (         protocol.py: 363) Exception caught
Traceback (most recent call last):
  File "C:\Users\awsch\miniconda3\envs\nsp\Lib\site-packages\rpyc\core\protocol.py", line 356, in _dispatch_request
    res = self._HANDLERS[handler](self, *args)
          ^^^^^^^^^^^^^^^^^^^^^^^^^^^^^^^^^^^^
  File "C:\Users\awsch\miniconda3\envs\nsp\Lib\site-packages\rpyc\core\protocol.py", line 853, in _handle_getattr
    return self._access_attr(obj, name, (), "_rpyc_getattr", "allow_getattr", getattr)
           ^^^^^^^^^^^^^^^^^^^^^^^^^^^^^^^^^^^^^^^^^^^^^^^^^^^^^^^^^^^^^^^^^^^^^^^^^^^
  File "C:\Users\awsch\miniconda3\envs\nsp\Lib\site-packages\rpyc\core\protocol.py", line 781, in _access_attr
    return accessor(obj, name, *args)
           ^^^^^^^^^^^^^^^^^^^^^^^^^^
AttributeError: 'list' object has no attribute '__array__'
2026-06-01 12:00:51.551 [   DEBUG] (         protocol.py: 363) Exception caught
Traceback (most recent call last):
  File "C:\Users\awsch\miniconda3\envs\nsp\Lib\site-packages\rpyc\core\protocol.py", line 356, in _dispatch_request
    res = self._HANDLERS[handler](self, *args)
          ^^^^^^^^^^^^^^^^^^^^^^^^^^^^^^^^^^^^
  File "C:\Users\awsch\miniconda3\envs\nsp\Lib\site-packages\rpyc\core\protocol.py", line 853, in _handle_getattr
    return self._access_attr(obj, name, (), "_rpyc_getattr", "allow_getattr", getattr)
           ^^^^^^^^^^^^^^^^^^^^^^^^^^^^^^^^^^^^^^^^^^^^^^^^^^^^^^^^^^^^^^^^^^^^^^^^^^^
  File "C:\Users\awsch\miniconda3\envs\nsp\Lib\site-packages\rpyc\core\protocol.py", line 781, in _access_attr
    return accessor(obj, name, *args)
           ^^^^^^^^^^^^^^^^^^^^^^^^^^
AttributeError: 'list' object has no attribute '__array_wrap__'
2026-06-01 12:00:51.552 [   DEBUG] (         protocol.py: 363) Exception caught
Traceback (most recent call last):
  File "C:\Users\awsch\miniconda3\envs\nsp\Lib\site-packages\rpyc\core\protocol.py", line 356, in _dispatch_request
    res = self._HANDLERS[handler](self, *args)
          ^^^^^^^^^^^^^^^^^^^^^^^^^^^^^^^^^^^^
  File "C:\Users\awsch\miniconda3\envs\nsp\Lib\site-packages\rpyc\core\protocol.py", line 853, in _handle_getattr
    return self._access_attr(obj, name, (), "_rpyc_getattr", "allow_getattr", getattr)
           ^^^^^^^^^^^^^^^^^^^^^^^^^^^^^^^^^^^^^^^^^^^^^^^^^^^^^^^^^^^^^^^^^^^^^^^^^^^
  File "C:\Users\awsch\miniconda3\envs\nsp\Lib\site-packages\rpyc\core\protocol.py", line 781, in _access_attr
    return accessor(obj, name, *args)
           ^^^^^^^^^^^^^^^^^^^^^^^^^^
AttributeError: 'list' object has no attribute '__array_wrap__'
2026-06-01 12:00:51.553 [   DEBUG] (         protocol.py: 363) Exception caught
Traceback (most recent call last):
  File "C:\Users\awsch\miniconda3\envs\nsp\Lib\site-packages\rpyc\core\protocol.py", line 356, in _dispatch_request
    res = self._HANDLERS[handler](self, *args)
          ^^^^^^^^^^^^^^^^^^^^^^^^^^^^^^^^^^^^
  File "C:\Users\awsch\miniconda3\envs\nsp\Lib\site-packages\rpyc\core\protocol.py", line 853, in _handle_getattr
    return self._access_attr(obj, name, (), "_rpyc_getattr", "allow_getattr", getattr)
           ^^^^^^^^^^^^^^^^^^^^^^^^^^^^^^^^^^^^^^^^^^^^^^^^^^^^^^^^^^^^^^^^^^^^^^^^^^^
  File "C:\Users\awsch\miniconda3\envs\nsp\Lib\site-packages\rpyc\core\protocol.py", line 781, in _access_attr
    return accessor(obj, name, *args)
           ^^^^^^^^^^^^^^^^^^^^^^^^^^
AttributeError: 'list' object has no attribute 'sum'
2026-06-01 12:00:51.554 [   DEBUG] (         protocol.py: 363) Exception caught
Traceback (most recent call last):
  File "C:\Users\awsch\miniconda3\envs\nsp\Lib\site-packages\rpyc\core\protocol.py", line 356, in _dispatch_request
    res = self._HANDLERS[handler](self, *args)
          ^^^^^^^^^^^^^^^^^^^^^^^^^^^^^^^^^^^^
  File "C:\Users\awsch\miniconda3\envs\nsp\Lib\site-packages\rpyc\core\protocol.py", line 853, in _handle_getattr
    return self._access_attr(obj, name, (), "_rpyc_getattr", "allow_getattr", getattr)
           ^^^^^^^^^^^^^^^^^^^^^^^^^^^^^^^^^^^^^^^^^^^^^^^^^^^^^^^^^^^^^^^^^^^^^^^^^^^
  File "C:\Users\awsch\miniconda3\envs\nsp\Lib\site-packages\rpyc\core\protocol.py", line 781, in _access_attr
    return accessor(obj, name, *args)
           ^^^^^^^^^^^^^^^^^^^^^^^^^^
AttributeError: 'list' object has no attribute 'sum'
2026-06-01 12:00:51.555 [   DEBUG] (         protocol.py: 363) Exception caught
Traceback (most recent call last):
  File "C:\Users\awsch\miniconda3\envs\nsp\Lib\site-packages\rpyc\core\protocol.py", line 356, in _dispatch_request
    res = self._HANDLERS[handler](self, *args)
          ^^^^^^^^^^^^^^^^^^^^^^^^^^^^^^^^^^^^
  File "C:\Users\awsch\miniconda3\envs\nsp\Lib\site-packages\rpyc\core\protocol.py", line 853, in _handle_getattr
    return self._access_attr(obj, name, (), "_rpyc_getattr", "allow_getattr", getattr)
           ^^^^^^^^^^^^^^^^^^^^^^^^^^^^^^^^^^^^^^^^^^^^^^^^^^^^^^^^^^^^^^^^^^^^^^^^^^^
  File "C:\Users\awsch\miniconda3\envs\nsp\Lib\site-packages\rpyc\core\protocol.py", line 781, in _access_attr
    return accessor(obj, name, *args)
           ^^^^^^^^^^^^^^^^^^^^^^^^^^
AttributeError: 'list' object has no attribute '__array__'
2026-06-01 12:00:51.572 [   DEBUG] (         protocol.py: 363) Exception caught
Traceback (most recent call last):
  File "C:\Users\awsch\miniconda3\envs\nsp\Lib\site-packages\rpyc\core\protocol.py", line 356, in _dispatch_request
    res = self._HANDLERS[handler](self, *args)
          ^^^^^^^^^^^^^^^^^^^^^^^^^^^^^^^^^^^^
  File "C:\Users\awsch\miniconda3\envs\nsp\Lib\site-packages\rpyc\core\protocol.py", line 853, in _handle_getattr
    return self._access_attr(obj, name, (), "_rpyc_getattr", "allow_getattr", getattr)
           ^^^^^^^^^^^^^^^^^^^^^^^^^^^^^^^^^^^^^^^^^^^^^^^^^^^^^^^^^^^^^^^^^^^^^^^^^^^
  File "C:\Users\awsch\miniconda3\envs\nsp\Lib\site-packages\rpyc\core\protocol.py", line 781, in _access_attr
    return accessor(obj, name, *args)
           ^^^^^^^^^^^^^^^^^^^^^^^^^^
AttributeError: 'list' object has no attribute '__array_wrap__'
2026-06-01 12:00:51.576 [   DEBUG] (         protocol.py: 363) Exception caught
Traceback (most recent call last):
  File "C:\Users\awsch\miniconda3\envs\nsp\Lib\site-packages\rpyc\core\protocol.py", line 356, in _dispatch_request
    res = self._HANDLERS[handler](self, *args)
          ^^^^^^^^^^^^^^^^^^^^^^^^^^^^^^^^^^^^
  File "C:\Users\awsch\miniconda3\envs\nsp\Lib\site-packages\rpyc\core\protocol.py", line 853, in _handle_getattr
    return self._access_attr(obj, name, (), "_rpyc_getattr", "allow_getattr", getattr)
           ^^^^^^^^^^^^^^^^^^^^^^^^^^^^^^^^^^^^^^^^^^^^^^^^^^^^^^^^^^^^^^^^^^^^^^^^^^^
  File "C:\Users\awsch\miniconda3\envs\nsp\Lib\site-packages\rpyc\core\protocol.py", line 781, in _access_attr
    return accessor(obj, name, *args)
           ^^^^^^^^^^^^^^^^^^^^^^^^^^
AttributeError: 'list' object has no attribute '__array_wrap__'
2026-06-01 12:00:51.592 [   DEBUG] (        highlevel.py: 186) viWrite(2, b'FREQ 9412000000.00\r\n', 20, 'c_ulong(20)') -> 0
2026-06-01 12:00:52.090 [   DEBUG] (         protocol.py: 363) Exception caught
Traceback (most recent call last):
  File "C:\Users\awsch\miniconda3\envs\nsp\Lib\site-packages\rpyc\core\protocol.py", line 356, in _dispatch_request
    res = self._HANDLERS[handler](self, *args)
          ^^^^^^^^^^^^^^^^^^^^^^^^^^^^^^^^^^^^
  File "C:\Users\awsch\miniconda3\envs\nsp\Lib\site-packages\rpyc\core\protocol.py", line 853, in _handle_getattr
    return self._access_attr(obj, name, (), "_rpyc_getattr", "allow_getattr", getattr)
           ^^^^^^^^^^^^^^^^^^^^^^^^^^^^^^^^^^^^^^^^^^^^^^^^^^^^^^^^^^^^^^^^^^^^^^^^^^^
  File "C:\Users\awsch\miniconda3\envs\nsp\Lib\site-packages\rpyc\core\protocol.py", line 781, in _access_attr
    return accessor(obj, name, *args)
           ^^^^^^^^^^^^^^^^^^^^^^^^^^
AttributeError: 'list' object has no attribute 'sum'
2026-06-01 12:00:52.091 [   DEBUG] (         protocol.py: 363) Exception caught
Traceback (most recent call last):
  File "C:\Users\awsch\miniconda3\envs\nsp\Lib\site-packages\rpyc\core\protocol.py", line 356, in _dispatch_request
    res = self._HANDLERS[handler](self, *args)
          ^^^^^^^^^^^^^^^^^^^^^^^^^^^^^^^^^^^^
  File "C:\Users\awsch\miniconda3\envs\nsp\Lib\site-packages\rpyc\core\protocol.py", line 853, in _handle_getattr
    return self._access_attr(obj, name, (), "_rpyc_getattr", "allow_getattr", getattr)
           ^^^^^^^^^^^^^^^^^^^^^^^^^^^^^^^^^^^^^^^^^^^^^^^^^^^^^^^^^^^^^^^^^^^^^^^^^^^
  File "C:\Users\awsch\miniconda3\envs\nsp\Lib\site-packages\rpyc\core\protocol.py", line 781, in _access_attr
    return accessor(obj, name, *args)
           ^^^^^^^^^^^^^^^^^^^^^^^^^^
AttributeError: 'list' object has no attribute 'sum'
2026-06-01 12:00:52.093 [   DEBUG] (         protocol.py: 363) Exception caught
Traceback (most recent call last):
  File "C:\Users\awsch\miniconda3\envs\nsp\Lib\site-packages\rpyc\core\protocol.py", line 356, in _dispatch_request
    res = self._HANDLERS[handler](self, *args)
          ^^^^^^^^^^^^^^^^^^^^^^^^^^^^^^^^^^^^
  File "C:\Users\awsch\miniconda3\envs\nsp\Lib\site-packages\rpyc\core\protocol.py", line 853, in _handle_getattr
    return self._access_attr(obj, name, (), "_rpyc_getattr", "allow_getattr", getattr)
           ^^^^^^^^^^^^^^^^^^^^^^^^^^^^^^^^^^^^^^^^^^^^^^^^^^^^^^^^^^^^^^^^^^^^^^^^^^^
  File "C:\Users\awsch\miniconda3\envs\nsp\Lib\site-packages\rpyc\core\protocol.py", line 781, in _access_attr
    return accessor(obj, name, *args)
           ^^^^^^^^^^^^^^^^^^^^^^^^^^
AttributeError: 'list' object has no attribute '__array__'
2026-06-01 12:00:52.099 [   DEBUG] (         protocol.py: 363) Exception caught
Traceback (most recent call last):
  File "C:\Users\awsch\miniconda3\envs\nsp\Lib\site-packages\rpyc\core\protocol.py", line 356, in _dispatch_request
    res = self._HANDLERS[handler](self, *args)
          ^^^^^^^^^^^^^^^^^^^^^^^^^^^^^^^^^^^^
  File "C:\Users\awsch\miniconda3\envs\nsp\Lib\site-packages\rpyc\core\protocol.py", line 853, in _handle_getattr
    return self._access_attr(obj, name, (), "_rpyc_getattr", "allow_getattr", getattr)
           ^^^^^^^^^^^^^^^^^^^^^^^^^^^^^^^^^^^^^^^^^^^^^^^^^^^^^^^^^^^^^^^^^^^^^^^^^^^
  File "C:\Users\awsch\miniconda3\envs\nsp\Lib\site-packages\rpyc\core\protocol.py", line 781, in _access_attr
    return accessor(obj, name, *args)
           ^^^^^^^^^^^^^^^^^^^^^^^^^^
AttributeError: 'list' object has no attribute '__array_wrap__'
2026-06-01 12:00:52.101 [   DEBUG] (         protocol.py: 363) Exception caught
Traceback (most recent call last):
  File "C:\Users\awsch\miniconda3\envs\nsp\Lib\site-packages\rpyc\core\protocol.py", line 356, in _dispatch_request
    res = self._HANDLERS[handler](self, *args)
          ^^^^^^^^^^^^^^^^^^^^^^^^^^^^^^^^^^^^
  File "C:\Users\awsch\miniconda3\envs\nsp\Lib\site-packages\rpyc\core\protocol.py", line 853, in _handle_getattr
    return self._access_attr(obj, name, (), "_rpyc_getattr", "allow_getattr", getattr)
           ^^^^^^^^^^^^^^^^^^^^^^^^^^^^^^^^^^^^^^^^^^^^^^^^^^^^^^^^^^^^^^^^^^^^^^^^^^^
  File "C:\Users\awsch\miniconda3\envs\nsp\Lib\site-packages\rpyc\core\protocol.py", line 781, in _access_attr
    return accessor(obj, name, *args)
           ^^^^^^^^^^^^^^^^^^^^^^^^^^
AttributeError: 'list' object has no attribute '__array_wrap__'
2026-06-01 12:00:52.102 [   DEBUG] (         protocol.py: 363) Exception caught
Traceback (most recent call last):
  File "C:\Users\awsch\miniconda3\envs\nsp\Lib\site-packages\rpyc\core\protocol.py", line 356, in _dispatch_request
    res = self._HANDLERS[handler](self, *args)
          ^^^^^^^^^^^^^^^^^^^^^^^^^^^^^^^^^^^^
  File "C:\Users\awsch\miniconda3\envs\nsp\Lib\site-packages\rpyc\core\protocol.py", line 853, in _handle_getattr
    return self._access_attr(obj, name, (), "_rpyc_getattr", "allow_getattr", getattr)
           ^^^^^^^^^^^^^^^^^^^^^^^^^^^^^^^^^^^^^^^^^^^^^^^^^^^^^^^^^^^^^^^^^^^^^^^^^^^
  File "C:\Users\awsch\miniconda3\envs\nsp\Lib\site-packages\rpyc\core\protocol.py", line 781, in _access_attr
    return accessor(obj, name, *args)
           ^^^^^^^^^^^^^^^^^^^^^^^^^^
AttributeError: 'list' object has no attribute 'sum'
2026-06-01 12:00:52.104 [   DEBUG] (         protocol.py: 363) Exception caught
Traceback (most recent call last):
  File "C:\Users\awsch\miniconda3\envs\nsp\Lib\site-packages\rpyc\core\protocol.py", line 356, in _dispatch_request
    res = self._HANDLERS[handler](self, *args)
          ^^^^^^^^^^^^^^^^^^^^^^^^^^^^^^^^^^^^
  File "C:\Users\awsch\miniconda3\envs\nsp\Lib\site-packages\rpyc\core\protocol.py", line 853, in _handle_getattr
    return self._access_attr(obj, name, (), "_rpyc_getattr", "allow_getattr", getattr)
           ^^^^^^^^^^^^^^^^^^^^^^^^^^^^^^^^^^^^^^^^^^^^^^^^^^^^^^^^^^^^^^^^^^^^^^^^^^^
  File "C:\Users\awsch\miniconda3\envs\nsp\Lib\site-packages\rpyc\core\protocol.py", line 781, in _access_attr
    return accessor(obj, name, *args)
           ^^^^^^^^^^^^^^^^^^^^^^^^^^
AttributeError: 'list' object has no attribute 'sum'
2026-06-01 12:00:52.106 [   DEBUG] (         protocol.py: 363) Exception caught
Traceback (most recent call last):
  File "C:\Users\awsch\miniconda3\envs\nsp\Lib\site-packages\rpyc\core\protocol.py", line 356, in _dispatch_request
    res = self._HANDLERS[handler](self, *args)
          ^^^^^^^^^^^^^^^^^^^^^^^^^^^^^^^^^^^^
  File "C:\Users\awsch\miniconda3\envs\nsp\Lib\site-packages\rpyc\core\protocol.py", line 853, in _handle_getattr
    return self._access_attr(obj, name, (), "_rpyc_getattr", "allow_getattr", getattr)
           ^^^^^^^^^^^^^^^^^^^^^^^^^^^^^^^^^^^^^^^^^^^^^^^^^^^^^^^^^^^^^^^^^^^^^^^^^^^
  File "C:\Users\awsch\miniconda3\envs\nsp\Lib\site-packages\rpyc\core\protocol.py", line 781, in _access_attr
    return accessor(obj, name, *args)
           ^^^^^^^^^^^^^^^^^^^^^^^^^^
AttributeError: 'list' object has no attribute '__array__'
2026-06-01 12:00:52.112 [   DEBUG] (         protocol.py: 363) Exception caught
Traceback (most recent call last):
  File "C:\Users\awsch\miniconda3\envs\nsp\Lib\site-packages\rpyc\core\protocol.py", line 356, in _dispatch_request
    res = self._HANDLERS[handler](self, *args)
          ^^^^^^^^^^^^^^^^^^^^^^^^^^^^^^^^^^^^
  File "C:\Users\awsch\miniconda3\envs\nsp\Lib\site-packages\rpyc\core\protocol.py", line 853, in _handle_getattr
    return self._access_attr(obj, name, (), "_rpyc_getattr", "allow_getattr", getattr)
           ^^^^^^^^^^^^^^^^^^^^^^^^^^^^^^^^^^^^^^^^^^^^^^^^^^^^^^^^^^^^^^^^^^^^^^^^^^^
  File "C:\Users\awsch\miniconda3\envs\nsp\Lib\site-packages\rpyc\core\protocol.py", line 781, in _access_attr
    return accessor(obj, name, *args)
           ^^^^^^^^^^^^^^^^^^^^^^^^^^
AttributeError: 'list' object has no attribute '__array_wrap__'
2026-06-01 12:00:52.113 [   DEBUG] (         protocol.py: 363) Exception caught
Traceback (most recent call last):
  File "C:\Users\awsch\miniconda3\envs\nsp\Lib\site-packages\rpyc\core\protocol.py", line 356, in _dispatch_request
    res = self._HANDLERS[handler](self, *args)
          ^^^^^^^^^^^^^^^^^^^^^^^^^^^^^^^^^^^^
  File "C:\Users\awsch\miniconda3\envs\nsp\Lib\site-packages\rpyc\core\protocol.py", line 853, in _handle_getattr
    return self._access_attr(obj, name, (), "_rpyc_getattr", "allow_getattr", getattr)
           ^^^^^^^^^^^^^^^^^^^^^^^^^^^^^^^^^^^^^^^^^^^^^^^^^^^^^^^^^^^^^^^^^^^^^^^^^^^
  File "C:\Users\awsch\miniconda3\envs\nsp\Lib\site-packages\rpyc\core\protocol.py", line 781, in _access_attr
    return accessor(obj, name, *args)
           ^^^^^^^^^^^^^^^^^^^^^^^^^^
AttributeError: 'list' object has no attribute '__array_wrap__'
2026-06-01 12:00:52.121 [   DEBUG] (        highlevel.py: 186) viWrite(2, b'FREQ 9418000000.00\r\n', 20, 'c_ulong(20)') -> 0
2026-06-01 12:00:52.634 [   DEBUG] (         protocol.py: 363) Exception caught
Traceback (most recent call last):
  File "C:\Users\awsch\miniconda3\envs\nsp\Lib\site-packages\rpyc\core\protocol.py", line 356, in _dispatch_request
    res = self._HANDLERS[handler](self, *args)
          ^^^^^^^^^^^^^^^^^^^^^^^^^^^^^^^^^^^^
  File "C:\Users\awsch\miniconda3\envs\nsp\Lib\site-packages\rpyc\core\protocol.py", line 853, in _handle_getattr
    return self._access_attr(obj, name, (), "_rpyc_getattr", "allow_getattr", getattr)
           ^^^^^^^^^^^^^^^^^^^^^^^^^^^^^^^^^^^^^^^^^^^^^^^^^^^^^^^^^^^^^^^^^^^^^^^^^^^
  File "C:\Users\awsch\miniconda3\envs\nsp\Lib\site-packages\rpyc\core\protocol.py", line 781, in _access_attr
    return accessor(obj, name, *args)
           ^^^^^^^^^^^^^^^^^^^^^^^^^^
AttributeError: 'list' object has no attribute 'sum'
2026-06-01 12:00:52.637 [   DEBUG] (         protocol.py: 363) Exception caught
Traceback (most recent call last):
  File "C:\Users\awsch\miniconda3\envs\nsp\Lib\site-packages\rpyc\core\protocol.py", line 356, in _dispatch_request
    res = self._HANDLERS[handler](self, *args)
          ^^^^^^^^^^^^^^^^^^^^^^^^^^^^^^^^^^^^
  File "C:\Users\awsch\miniconda3\envs\nsp\Lib\site-packages\rpyc\core\protocol.py", line 853, in _handle_getattr
    return self._access_attr(obj, name, (), "_rpyc_getattr", "allow_getattr", getattr)
           ^^^^^^^^^^^^^^^^^^^^^^^^^^^^^^^^^^^^^^^^^^^^^^^^^^^^^^^^^^^^^^^^^^^^^^^^^^^
  File "C:\Users\awsch\miniconda3\envs\nsp\Lib\site-packages\rpyc\core\protocol.py", line 781, in _access_attr
    return accessor(obj, name, *args)
           ^^^^^^^^^^^^^^^^^^^^^^^^^^
AttributeError: 'list' object has no attribute 'sum'
2026-06-01 12:00:52.639 [   DEBUG] (         protocol.py: 363) Exception caught
Traceback (most recent call last):
  File "C:\Users\awsch\miniconda3\envs\nsp\Lib\site-packages\rpyc\core\protocol.py", line 356, in _dispatch_request
    res = self._HANDLERS[handler](self, *args)
          ^^^^^^^^^^^^^^^^^^^^^^^^^^^^^^^^^^^^
  File "C:\Users\awsch\miniconda3\envs\nsp\Lib\site-packages\rpyc\core\protocol.py", line 853, in _handle_getattr
    return self._access_attr(obj, name, (), "_rpyc_getattr", "allow_getattr", getattr)
           ^^^^^^^^^^^^^^^^^^^^^^^^^^^^^^^^^^^^^^^^^^^^^^^^^^^^^^^^^^^^^^^^^^^^^^^^^^^
  File "C:\Users\awsch\miniconda3\envs\nsp\Lib\site-packages\rpyc\core\protocol.py", line 781, in _access_attr
    return accessor(obj, name, *args)
           ^^^^^^^^^^^^^^^^^^^^^^^^^^
AttributeError: 'list' object has no attribute '__array__'
2026-06-01 12:00:52.649 [   DEBUG] (         protocol.py: 363) Exception caught
Traceback (most recent call last):
  File "C:\Users\awsch\miniconda3\envs\nsp\Lib\site-packages\rpyc\core\protocol.py", line 356, in _dispatch_request
    res = self._HANDLERS[handler](self, *args)
          ^^^^^^^^^^^^^^^^^^^^^^^^^^^^^^^^^^^^
  File "C:\Users\awsch\miniconda3\envs\nsp\Lib\site-packages\rpyc\core\protocol.py", line 853, in _handle_getattr
    return self._access_attr(obj, name, (), "_rpyc_getattr", "allow_getattr", getattr)
           ^^^^^^^^^^^^^^^^^^^^^^^^^^^^^^^^^^^^^^^^^^^^^^^^^^^^^^^^^^^^^^^^^^^^^^^^^^^
  File "C:\Users\awsch\miniconda3\envs\nsp\Lib\site-packages\rpyc\core\protocol.py", line 781, in _access_attr
    return accessor(obj, name, *args)
           ^^^^^^^^^^^^^^^^^^^^^^^^^^
AttributeError: 'list' object has no attribute '__array_wrap__'
2026-06-01 12:00:52.652 [   DEBUG] (         protocol.py: 363) Exception caught
Traceback (most recent call last):
  File "C:\Users\awsch\miniconda3\envs\nsp\Lib\site-packages\rpyc\core\protocol.py", line 356, in _dispatch_request
    res = self._HANDLERS[handler](self, *args)
          ^^^^^^^^^^^^^^^^^^^^^^^^^^^^^^^^^^^^
  File "C:\Users\awsch\miniconda3\envs\nsp\Lib\site-packages\rpyc\core\protocol.py", line 853, in _handle_getattr
    return self._access_attr(obj, name, (), "_rpyc_getattr", "allow_getattr", getattr)
           ^^^^^^^^^^^^^^^^^^^^^^^^^^^^^^^^^^^^^^^^^^^^^^^^^^^^^^^^^^^^^^^^^^^^^^^^^^^
  File "C:\Users\awsch\miniconda3\envs\nsp\Lib\site-packages\rpyc\core\protocol.py", line 781, in _access_attr
    return accessor(obj, name, *args)
           ^^^^^^^^^^^^^^^^^^^^^^^^^^
AttributeError: 'list' object has no attribute '__array_wrap__'
2026-06-01 12:00:52.655 [   DEBUG] (         protocol.py: 363) Exception caught
Traceback (most recent call last):
  File "C:\Users\awsch\miniconda3\envs\nsp\Lib\site-packages\rpyc\core\protocol.py", line 356, in _dispatch_request
    res = self._HANDLERS[handler](self, *args)
          ^^^^^^^^^^^^^^^^^^^^^^^^^^^^^^^^^^^^
  File "C:\Users\awsch\miniconda3\envs\nsp\Lib\site-packages\rpyc\core\protocol.py", line 853, in _handle_getattr
    return self._access_attr(obj, name, (), "_rpyc_getattr", "allow_getattr", getattr)
           ^^^^^^^^^^^^^^^^^^^^^^^^^^^^^^^^^^^^^^^^^^^^^^^^^^^^^^^^^^^^^^^^^^^^^^^^^^^
  File "C:\Users\awsch\miniconda3\envs\nsp\Lib\site-packages\rpyc\core\protocol.py", line 781, in _access_attr
    return accessor(obj, name, *args)
           ^^^^^^^^^^^^^^^^^^^^^^^^^^
AttributeError: 'list' object has no attribute 'sum'
2026-06-01 12:00:52.657 [   DEBUG] (         protocol.py: 363) Exception caught
Traceback (most recent call last):
  File "C:\Users\awsch\miniconda3\envs\nsp\Lib\site-packages\rpyc\core\protocol.py", line 356, in _dispatch_request
    res = self._HANDLERS[handler](self, *args)
          ^^^^^^^^^^^^^^^^^^^^^^^^^^^^^^^^^^^^
  File "C:\Users\awsch\miniconda3\envs\nsp\Lib\site-packages\rpyc\core\protocol.py", line 853, in _handle_getattr
    return self._access_attr(obj, name, (), "_rpyc_getattr", "allow_getattr", getattr)
           ^^^^^^^^^^^^^^^^^^^^^^^^^^^^^^^^^^^^^^^^^^^^^^^^^^^^^^^^^^^^^^^^^^^^^^^^^^^
  File "C:\Users\awsch\miniconda3\envs\nsp\Lib\site-packages\rpyc\core\protocol.py", line 781, in _access_attr
    return accessor(obj, name, *args)
           ^^^^^^^^^^^^^^^^^^^^^^^^^^
AttributeError: 'list' object has no attribute 'sum'
2026-06-01 12:00:52.660 [   DEBUG] (         protocol.py: 363) Exception caught
Traceback (most recent call last):
  File "C:\Users\awsch\miniconda3\envs\nsp\Lib\site-packages\rpyc\core\protocol.py", line 356, in _dispatch_request
    res = self._HANDLERS[handler](self, *args)
          ^^^^^^^^^^^^^^^^^^^^^^^^^^^^^^^^^^^^
  File "C:\Users\awsch\miniconda3\envs\nsp\Lib\site-packages\rpyc\core\protocol.py", line 853, in _handle_getattr
    return self._access_attr(obj, name, (), "_rpyc_getattr", "allow_getattr", getattr)
           ^^^^^^^^^^^^^^^^^^^^^^^^^^^^^^^^^^^^^^^^^^^^^^^^^^^^^^^^^^^^^^^^^^^^^^^^^^^
  File "C:\Users\awsch\miniconda3\envs\nsp\Lib\site-packages\rpyc\core\protocol.py", line 781, in _access_attr
    return accessor(obj, name, *args)
           ^^^^^^^^^^^^^^^^^^^^^^^^^^
AttributeError: 'list' object has no attribute '__array__'
2026-06-01 12:00:52.667 [   DEBUG] (         protocol.py: 363) Exception caught
Traceback (most recent call last):
  File "C:\Users\awsch\miniconda3\envs\nsp\Lib\site-packages\rpyc\core\protocol.py", line 356, in _dispatch_request
    res = self._HANDLERS[handler](self, *args)
          ^^^^^^^^^^^^^^^^^^^^^^^^^^^^^^^^^^^^
  File "C:\Users\awsch\miniconda3\envs\nsp\Lib\site-packages\rpyc\core\protocol.py", line 853, in _handle_getattr
    return self._access_attr(obj, name, (), "_rpyc_getattr", "allow_getattr", getattr)
           ^^^^^^^^^^^^^^^^^^^^^^^^^^^^^^^^^^^^^^^^^^^^^^^^^^^^^^^^^^^^^^^^^^^^^^^^^^^
  File "C:\Users\awsch\miniconda3\envs\nsp\Lib\site-packages\rpyc\core\protocol.py", line 781, in _access_attr
    return accessor(obj, name, *args)
           ^^^^^^^^^^^^^^^^^^^^^^^^^^
AttributeError: 'list' object has no attribute '__array_wrap__'
2026-06-01 12:00:52.669 [   DEBUG] (         protocol.py: 363) Exception caught
Traceback (most recent call last):
  File "C:\Users\awsch\miniconda3\envs\nsp\Lib\site-packages\rpyc\core\protocol.py", line 356, in _dispatch_request
    res = self._HANDLERS[handler](self, *args)
          ^^^^^^^^^^^^^^^^^^^^^^^^^^^^^^^^^^^^
  File "C:\Users\awsch\miniconda3\envs\nsp\Lib\site-packages\rpyc\core\protocol.py", line 853, in _handle_getattr
    return self._access_attr(obj, name, (), "_rpyc_getattr", "allow_getattr", getattr)
           ^^^^^^^^^^^^^^^^^^^^^^^^^^^^^^^^^^^^^^^^^^^^^^^^^^^^^^^^^^^^^^^^^^^^^^^^^^^
  File "C:\Users\awsch\miniconda3\envs\nsp\Lib\site-packages\rpyc\core\protocol.py", line 781, in _access_attr
    return accessor(obj, name, *args)
           ^^^^^^^^^^^^^^^^^^^^^^^^^^
AttributeError: 'list' object has no attribute '__array_wrap__'
2026-06-01 12:00:52.675 [   DEBUG] (        highlevel.py: 186) viWrite(2, b'FREQ 9424000000.00\r\n', 20, 'c_ulong(20)') -> 0
2026-06-01 12:00:53.173 [   DEBUG] (         protocol.py: 363) Exception caught
Traceback (most recent call last):
  File "C:\Users\awsch\miniconda3\envs\nsp\Lib\site-packages\rpyc\core\protocol.py", line 356, in _dispatch_request
    res = self._HANDLERS[handler](self, *args)
          ^^^^^^^^^^^^^^^^^^^^^^^^^^^^^^^^^^^^
  File "C:\Users\awsch\miniconda3\envs\nsp\Lib\site-packages\rpyc\core\protocol.py", line 853, in _handle_getattr
    return self._access_attr(obj, name, (), "_rpyc_getattr", "allow_getattr", getattr)
           ^^^^^^^^^^^^^^^^^^^^^^^^^^^^^^^^^^^^^^^^^^^^^^^^^^^^^^^^^^^^^^^^^^^^^^^^^^^
  File "C:\Users\awsch\miniconda3\envs\nsp\Lib\site-packages\rpyc\core\protocol.py", line 781, in _access_attr
    return accessor(obj, name, *args)
           ^^^^^^^^^^^^^^^^^^^^^^^^^^
AttributeError: 'list' object has no attribute 'sum'
2026-06-01 12:00:53.175 [   DEBUG] (         protocol.py: 363) Exception caught
Traceback (most recent call last):
  File "C:\Users\awsch\miniconda3\envs\nsp\Lib\site-packages\rpyc\core\protocol.py", line 356, in _dispatch_request
    res = self._HANDLERS[handler](self, *args)
          ^^^^^^^^^^^^^^^^^^^^^^^^^^^^^^^^^^^^
  File "C:\Users\awsch\miniconda3\envs\nsp\Lib\site-packages\rpyc\core\protocol.py", line 853, in _handle_getattr
    return self._access_attr(obj, name, (), "_rpyc_getattr", "allow_getattr", getattr)
           ^^^^^^^^^^^^^^^^^^^^^^^^^^^^^^^^^^^^^^^^^^^^^^^^^^^^^^^^^^^^^^^^^^^^^^^^^^^
  File "C:\Users\awsch\miniconda3\envs\nsp\Lib\site-packages\rpyc\core\protocol.py", line 781, in _access_attr
    return accessor(obj, name, *args)
           ^^^^^^^^^^^^^^^^^^^^^^^^^^
AttributeError: 'list' object has no attribute 'sum'
2026-06-01 12:00:53.177 [   DEBUG] (         protocol.py: 363) Exception caught
Traceback (most recent call last):
  File "C:\Users\awsch\miniconda3\envs\nsp\Lib\site-packages\rpyc\core\protocol.py", line 356, in _dispatch_request
    res = self._HANDLERS[handler](self, *args)
          ^^^^^^^^^^^^^^^^^^^^^^^^^^^^^^^^^^^^
  File "C:\Users\awsch\miniconda3\envs\nsp\Lib\site-packages\rpyc\core\protocol.py", line 853, in _handle_getattr
    return self._access_attr(obj, name, (), "_rpyc_getattr", "allow_getattr", getattr)
           ^^^^^^^^^^^^^^^^^^^^^^^^^^^^^^^^^^^^^^^^^^^^^^^^^^^^^^^^^^^^^^^^^^^^^^^^^^^
  File "C:\Users\awsch\miniconda3\envs\nsp\Lib\site-packages\rpyc\core\protocol.py", line 781, in _access_attr
    return accessor(obj, name, *args)
           ^^^^^^^^^^^^^^^^^^^^^^^^^^
AttributeError: 'list' object has no attribute '__array__'
2026-06-01 12:00:53.183 [   DEBUG] (         protocol.py: 363) Exception caught
Traceback (most recent call last):
  File "C:\Users\awsch\miniconda3\envs\nsp\Lib\site-packages\rpyc\core\protocol.py", line 356, in _dispatch_request
    res = self._HANDLERS[handler](self, *args)
          ^^^^^^^^^^^^^^^^^^^^^^^^^^^^^^^^^^^^
  File "C:\Users\awsch\miniconda3\envs\nsp\Lib\site-packages\rpyc\core\protocol.py", line 853, in _handle_getattr
    return self._access_attr(obj, name, (), "_rpyc_getattr", "allow_getattr", getattr)
           ^^^^^^^^^^^^^^^^^^^^^^^^^^^^^^^^^^^^^^^^^^^^^^^^^^^^^^^^^^^^^^^^^^^^^^^^^^^
  File "C:\Users\awsch\miniconda3\envs\nsp\Lib\site-packages\rpyc\core\protocol.py", line 781, in _access_attr
    return accessor(obj, name, *args)
           ^^^^^^^^^^^^^^^^^^^^^^^^^^
AttributeError: 'list' object has no attribute '__array_wrap__'
2026-06-01 12:00:53.184 [   DEBUG] (         protocol.py: 363) Exception caught
Traceback (most recent call last):
  File "C:\Users\awsch\miniconda3\envs\nsp\Lib\site-packages\rpyc\core\protocol.py", line 356, in _dispatch_request
    res = self._HANDLERS[handler](self, *args)
          ^^^^^^^^^^^^^^^^^^^^^^^^^^^^^^^^^^^^
  File "C:\Users\awsch\miniconda3\envs\nsp\Lib\site-packages\rpyc\core\protocol.py", line 853, in _handle_getattr
    return self._access_attr(obj, name, (), "_rpyc_getattr", "allow_getattr", getattr)
           ^^^^^^^^^^^^^^^^^^^^^^^^^^^^^^^^^^^^^^^^^^^^^^^^^^^^^^^^^^^^^^^^^^^^^^^^^^^
  File "C:\Users\awsch\miniconda3\envs\nsp\Lib\site-packages\rpyc\core\protocol.py", line 781, in _access_attr
    return accessor(obj, name, *args)
           ^^^^^^^^^^^^^^^^^^^^^^^^^^
AttributeError: 'list' object has no attribute '__array_wrap__'
2026-06-01 12:00:53.186 [   DEBUG] (         protocol.py: 363) Exception caught
Traceback (most recent call last):
  File "C:\Users\awsch\miniconda3\envs\nsp\Lib\site-packages\rpyc\core\protocol.py", line 356, in _dispatch_request
    res = self._HANDLERS[handler](self, *args)
          ^^^^^^^^^^^^^^^^^^^^^^^^^^^^^^^^^^^^
  File "C:\Users\awsch\miniconda3\envs\nsp\Lib\site-packages\rpyc\core\protocol.py", line 853, in _handle_getattr
    return self._access_attr(obj, name, (), "_rpyc_getattr", "allow_getattr", getattr)
           ^^^^^^^^^^^^^^^^^^^^^^^^^^^^^^^^^^^^^^^^^^^^^^^^^^^^^^^^^^^^^^^^^^^^^^^^^^^
  File "C:\Users\awsch\miniconda3\envs\nsp\Lib\site-packages\rpyc\core\protocol.py", line 781, in _access_attr
    return accessor(obj, name, *args)
           ^^^^^^^^^^^^^^^^^^^^^^^^^^
AttributeError: 'list' object has no attribute 'sum'
2026-06-01 12:00:53.187 [   DEBUG] (         protocol.py: 363) Exception caught
Traceback (most recent call last):
  File "C:\Users\awsch\miniconda3\envs\nsp\Lib\site-packages\rpyc\core\protocol.py", line 356, in _dispatch_request
    res = self._HANDLERS[handler](self, *args)
          ^^^^^^^^^^^^^^^^^^^^^^^^^^^^^^^^^^^^
  File "C:\Users\awsch\miniconda3\envs\nsp\Lib\site-packages\rpyc\core\protocol.py", line 853, in _handle_getattr
    return self._access_attr(obj, name, (), "_rpyc_getattr", "allow_getattr", getattr)
           ^^^^^^^^^^^^^^^^^^^^^^^^^^^^^^^^^^^^^^^^^^^^^^^^^^^^^^^^^^^^^^^^^^^^^^^^^^^
  File "C:\Users\awsch\miniconda3\envs\nsp\Lib\site-packages\rpyc\core\protocol.py", line 781, in _access_attr
    return accessor(obj, name, *args)
           ^^^^^^^^^^^^^^^^^^^^^^^^^^
AttributeError: 'list' object has no attribute 'sum'
2026-06-01 12:00:53.189 [   DEBUG] (         protocol.py: 363) Exception caught
Traceback (most recent call last):
  File "C:\Users\awsch\miniconda3\envs\nsp\Lib\site-packages\rpyc\core\protocol.py", line 356, in _dispatch_request
    res = self._HANDLERS[handler](self, *args)
          ^^^^^^^^^^^^^^^^^^^^^^^^^^^^^^^^^^^^
  File "C:\Users\awsch\miniconda3\envs\nsp\Lib\site-packages\rpyc\core\protocol.py", line 853, in _handle_getattr
    return self._access_attr(obj, name, (), "_rpyc_getattr", "allow_getattr", getattr)
           ^^^^^^^^^^^^^^^^^^^^^^^^^^^^^^^^^^^^^^^^^^^^^^^^^^^^^^^^^^^^^^^^^^^^^^^^^^^
  File "C:\Users\awsch\miniconda3\envs\nsp\Lib\site-packages\rpyc\core\protocol.py", line 781, in _access_attr
    return accessor(obj, name, *args)
           ^^^^^^^^^^^^^^^^^^^^^^^^^^
AttributeError: 'list' object has no attribute '__array__'
2026-06-01 12:00:53.195 [   DEBUG] (         protocol.py: 363) Exception caught
Traceback (most recent call last):
  File "C:\Users\awsch\miniconda3\envs\nsp\Lib\site-packages\rpyc\core\protocol.py", line 356, in _dispatch_request
    res = self._HANDLERS[handler](self, *args)
          ^^^^^^^^^^^^^^^^^^^^^^^^^^^^^^^^^^^^
  File "C:\Users\awsch\miniconda3\envs\nsp\Lib\site-packages\rpyc\core\protocol.py", line 853, in _handle_getattr
    return self._access_attr(obj, name, (), "_rpyc_getattr", "allow_getattr", getattr)
           ^^^^^^^^^^^^^^^^^^^^^^^^^^^^^^^^^^^^^^^^^^^^^^^^^^^^^^^^^^^^^^^^^^^^^^^^^^^
  File "C:\Users\awsch\miniconda3\envs\nsp\Lib\site-packages\rpyc\core\protocol.py", line 781, in _access_attr
    return accessor(obj, name, *args)
           ^^^^^^^^^^^^^^^^^^^^^^^^^^
AttributeError: 'list' object has no attribute '__array_wrap__'
2026-06-01 12:00:53.196 [   DEBUG] (         protocol.py: 363) Exception caught
Traceback (most recent call last):
  File "C:\Users\awsch\miniconda3\envs\nsp\Lib\site-packages\rpyc\core\protocol.py", line 356, in _dispatch_request
    res = self._HANDLERS[handler](self, *args)
          ^^^^^^^^^^^^^^^^^^^^^^^^^^^^^^^^^^^^
  File "C:\Users\awsch\miniconda3\envs\nsp\Lib\site-packages\rpyc\core\protocol.py", line 853, in _handle_getattr
    return self._access_attr(obj, name, (), "_rpyc_getattr", "allow_getattr", getattr)
           ^^^^^^^^^^^^^^^^^^^^^^^^^^^^^^^^^^^^^^^^^^^^^^^^^^^^^^^^^^^^^^^^^^^^^^^^^^^
  File "C:\Users\awsch\miniconda3\envs\nsp\Lib\site-packages\rpyc\core\protocol.py", line 781, in _access_attr
    return accessor(obj, name, *args)
           ^^^^^^^^^^^^^^^^^^^^^^^^^^
AttributeError: 'list' object has no attribute '__array_wrap__'
2026-06-01 12:00:53.204 [   DEBUG] (        highlevel.py: 186) viWrite(2, b'FREQ 9430000000.00\r\n', 20, 'c_ulong(20)') -> 0
2026-06-01 12:00:53.720 [   DEBUG] (         protocol.py: 363) Exception caught
Traceback (most recent call last):
  File "C:\Users\awsch\miniconda3\envs\nsp\Lib\site-packages\rpyc\core\protocol.py", line 356, in _dispatch_request
    res = self._HANDLERS[handler](self, *args)
          ^^^^^^^^^^^^^^^^^^^^^^^^^^^^^^^^^^^^
  File "C:\Users\awsch\miniconda3\envs\nsp\Lib\site-packages\rpyc\core\protocol.py", line 853, in _handle_getattr
    return self._access_attr(obj, name, (), "_rpyc_getattr", "allow_getattr", getattr)
           ^^^^^^^^^^^^^^^^^^^^^^^^^^^^^^^^^^^^^^^^^^^^^^^^^^^^^^^^^^^^^^^^^^^^^^^^^^^
  File "C:\Users\awsch\miniconda3\envs\nsp\Lib\site-packages\rpyc\core\protocol.py", line 781, in _access_attr
    return accessor(obj, name, *args)
           ^^^^^^^^^^^^^^^^^^^^^^^^^^
AttributeError: 'list' object has no attribute 'sum'
2026-06-01 12:00:53.722 [   DEBUG] (         protocol.py: 363) Exception caught
Traceback (most recent call last):
  File "C:\Users\awsch\miniconda3\envs\nsp\Lib\site-packages\rpyc\core\protocol.py", line 356, in _dispatch_request
    res = self._HANDLERS[handler](self, *args)
          ^^^^^^^^^^^^^^^^^^^^^^^^^^^^^^^^^^^^
  File "C:\Users\awsch\miniconda3\envs\nsp\Lib\site-packages\rpyc\core\protocol.py", line 853, in _handle_getattr
    return self._access_attr(obj, name, (), "_rpyc_getattr", "allow_getattr", getattr)
           ^^^^^^^^^^^^^^^^^^^^^^^^^^^^^^^^^^^^^^^^^^^^^^^^^^^^^^^^^^^^^^^^^^^^^^^^^^^
  File "C:\Users\awsch\miniconda3\envs\nsp\Lib\site-packages\rpyc\core\protocol.py", line 781, in _access_attr
    return accessor(obj, name, *args)
           ^^^^^^^^^^^^^^^^^^^^^^^^^^
AttributeError: 'list' object has no attribute 'sum'
2026-06-01 12:00:53.724 [   DEBUG] (         protocol.py: 363) Exception caught
Traceback (most recent call last):
  File "C:\Users\awsch\miniconda3\envs\nsp\Lib\site-packages\rpyc\core\protocol.py", line 356, in _dispatch_request
    res = self._HANDLERS[handler](self, *args)
          ^^^^^^^^^^^^^^^^^^^^^^^^^^^^^^^^^^^^
  File "C:\Users\awsch\miniconda3\envs\nsp\Lib\site-packages\rpyc\core\protocol.py", line 853, in _handle_getattr
    return self._access_attr(obj, name, (), "_rpyc_getattr", "allow_getattr", getattr)
           ^^^^^^^^^^^^^^^^^^^^^^^^^^^^^^^^^^^^^^^^^^^^^^^^^^^^^^^^^^^^^^^^^^^^^^^^^^^
  File "C:\Users\awsch\miniconda3\envs\nsp\Lib\site-packages\rpyc\core\protocol.py", line 781, in _access_attr
    return accessor(obj, name, *args)
           ^^^^^^^^^^^^^^^^^^^^^^^^^^
AttributeError: 'list' object has no attribute '__array__'
2026-06-01 12:00:53.733 [   DEBUG] (         protocol.py: 363) Exception caught
Traceback (most recent call last):
  File "C:\Users\awsch\miniconda3\envs\nsp\Lib\site-packages\rpyc\core\protocol.py", line 356, in _dispatch_request
    res = self._HANDLERS[handler](self, *args)
          ^^^^^^^^^^^^^^^^^^^^^^^^^^^^^^^^^^^^
  File "C:\Users\awsch\miniconda3\envs\nsp\Lib\site-packages\rpyc\core\protocol.py", line 853, in _handle_getattr
    return self._access_attr(obj, name, (), "_rpyc_getattr", "allow_getattr", getattr)
           ^^^^^^^^^^^^^^^^^^^^^^^^^^^^^^^^^^^^^^^^^^^^^^^^^^^^^^^^^^^^^^^^^^^^^^^^^^^
  File "C:\Users\awsch\miniconda3\envs\nsp\Lib\site-packages\rpyc\core\protocol.py", line 781, in _access_attr
    return accessor(obj, name, *args)
           ^^^^^^^^^^^^^^^^^^^^^^^^^^
AttributeError: 'list' object has no attribute '__array_wrap__'
2026-06-01 12:00:53.735 [   DEBUG] (         protocol.py: 363) Exception caught
Traceback (most recent call last):
  File "C:\Users\awsch\miniconda3\envs\nsp\Lib\site-packages\rpyc\core\protocol.py", line 356, in _dispatch_request
    res = self._HANDLERS[handler](self, *args)
          ^^^^^^^^^^^^^^^^^^^^^^^^^^^^^^^^^^^^
  File "C:\Users\awsch\miniconda3\envs\nsp\Lib\site-packages\rpyc\core\protocol.py", line 853, in _handle_getattr
    return self._access_attr(obj, name, (), "_rpyc_getattr", "allow_getattr", getattr)
           ^^^^^^^^^^^^^^^^^^^^^^^^^^^^^^^^^^^^^^^^^^^^^^^^^^^^^^^^^^^^^^^^^^^^^^^^^^^
  File "C:\Users\awsch\miniconda3\envs\nsp\Lib\site-packages\rpyc\core\protocol.py", line 781, in _access_attr
    return accessor(obj, name, *args)
           ^^^^^^^^^^^^^^^^^^^^^^^^^^
AttributeError: 'list' object has no attribute '__array_wrap__'
2026-06-01 12:00:53.738 [   DEBUG] (         protocol.py: 363) Exception caught
Traceback (most recent call last):
  File "C:\Users\awsch\miniconda3\envs\nsp\Lib\site-packages\rpyc\core\protocol.py", line 356, in _dispatch_request
    res = self._HANDLERS[handler](self, *args)
          ^^^^^^^^^^^^^^^^^^^^^^^^^^^^^^^^^^^^
  File "C:\Users\awsch\miniconda3\envs\nsp\Lib\site-packages\rpyc\core\protocol.py", line 853, in _handle_getattr
    return self._access_attr(obj, name, (), "_rpyc_getattr", "allow_getattr", getattr)
           ^^^^^^^^^^^^^^^^^^^^^^^^^^^^^^^^^^^^^^^^^^^^^^^^^^^^^^^^^^^^^^^^^^^^^^^^^^^
  File "C:\Users\awsch\miniconda3\envs\nsp\Lib\site-packages\rpyc\core\protocol.py", line 781, in _access_attr
    return accessor(obj, name, *args)
           ^^^^^^^^^^^^^^^^^^^^^^^^^^
AttributeError: 'list' object has no attribute 'sum'
2026-06-01 12:00:53.740 [   DEBUG] (         protocol.py: 363) Exception caught
Traceback (most recent call last):
  File "C:\Users\awsch\miniconda3\envs\nsp\Lib\site-packages\rpyc\core\protocol.py", line 356, in _dispatch_request
    res = self._HANDLERS[handler](self, *args)
          ^^^^^^^^^^^^^^^^^^^^^^^^^^^^^^^^^^^^
  File "C:\Users\awsch\miniconda3\envs\nsp\Lib\site-packages\rpyc\core\protocol.py", line 853, in _handle_getattr
    return self._access_attr(obj, name, (), "_rpyc_getattr", "allow_getattr", getattr)
           ^^^^^^^^^^^^^^^^^^^^^^^^^^^^^^^^^^^^^^^^^^^^^^^^^^^^^^^^^^^^^^^^^^^^^^^^^^^
  File "C:\Users\awsch\miniconda3\envs\nsp\Lib\site-packages\rpyc\core\protocol.py", line 781, in _access_attr
    return accessor(obj, name, *args)
           ^^^^^^^^^^^^^^^^^^^^^^^^^^
AttributeError: 'list' object has no attribute 'sum'
2026-06-01 12:00:53.742 [   DEBUG] (         protocol.py: 363) Exception caught
Traceback (most recent call last):
  File "C:\Users\awsch\miniconda3\envs\nsp\Lib\site-packages\rpyc\core\protocol.py", line 356, in _dispatch_request
    res = self._HANDLERS[handler](self, *args)
          ^^^^^^^^^^^^^^^^^^^^^^^^^^^^^^^^^^^^
  File "C:\Users\awsch\miniconda3\envs\nsp\Lib\site-packages\rpyc\core\protocol.py", line 853, in _handle_getattr
    return self._access_attr(obj, name, (), "_rpyc_getattr", "allow_getattr", getattr)
           ^^^^^^^^^^^^^^^^^^^^^^^^^^^^^^^^^^^^^^^^^^^^^^^^^^^^^^^^^^^^^^^^^^^^^^^^^^^
  File "C:\Users\awsch\miniconda3\envs\nsp\Lib\site-packages\rpyc\core\protocol.py", line 781, in _access_attr
    return accessor(obj, name, *args)
           ^^^^^^^^^^^^^^^^^^^^^^^^^^
AttributeError: 'list' object has no attribute '__array__'
2026-06-01 12:00:53.748 [   DEBUG] (         protocol.py: 363) Exception caught
Traceback (most recent call last):
  File "C:\Users\awsch\miniconda3\envs\nsp\Lib\site-packages\rpyc\core\protocol.py", line 356, in _dispatch_request
    res = self._HANDLERS[handler](self, *args)
          ^^^^^^^^^^^^^^^^^^^^^^^^^^^^^^^^^^^^
  File "C:\Users\awsch\miniconda3\envs\nsp\Lib\site-packages\rpyc\core\protocol.py", line 853, in _handle_getattr
    return self._access_attr(obj, name, (), "_rpyc_getattr", "allow_getattr", getattr)
           ^^^^^^^^^^^^^^^^^^^^^^^^^^^^^^^^^^^^^^^^^^^^^^^^^^^^^^^^^^^^^^^^^^^^^^^^^^^
  File "C:\Users\awsch\miniconda3\envs\nsp\Lib\site-packages\rpyc\core\protocol.py", line 781, in _access_attr
    return accessor(obj, name, *args)
           ^^^^^^^^^^^^^^^^^^^^^^^^^^
AttributeError: 'list' object has no attribute '__array_wrap__'
2026-06-01 12:00:53.749 [   DEBUG] (         protocol.py: 363) Exception caught
Traceback (most recent call last):
  File "C:\Users\awsch\miniconda3\envs\nsp\Lib\site-packages\rpyc\core\protocol.py", line 356, in _dispatch_request
    res = self._HANDLERS[handler](self, *args)
          ^^^^^^^^^^^^^^^^^^^^^^^^^^^^^^^^^^^^
  File "C:\Users\awsch\miniconda3\envs\nsp\Lib\site-packages\rpyc\core\protocol.py", line 853, in _handle_getattr
    return self._access_attr(obj, name, (), "_rpyc_getattr", "allow_getattr", getattr)
           ^^^^^^^^^^^^^^^^^^^^^^^^^^^^^^^^^^^^^^^^^^^^^^^^^^^^^^^^^^^^^^^^^^^^^^^^^^^
  File "C:\Users\awsch\miniconda3\envs\nsp\Lib\site-packages\rpyc\core\protocol.py", line 781, in _access_attr
    return accessor(obj, name, *args)
           ^^^^^^^^^^^^^^^^^^^^^^^^^^
AttributeError: 'list' object has no attribute '__array_wrap__'
2026-06-01 12:00:53.755 [   DEBUG] (        highlevel.py: 186) viWrite(2, b'FREQ 9436000000.00\r\n', 20, 'c_ulong(20)') -> 0
2026-06-01 12:00:54.248 [   DEBUG] (         protocol.py: 363) Exception caught
Traceback (most recent call last):
  File "C:\Users\awsch\miniconda3\envs\nsp\Lib\site-packages\rpyc\core\protocol.py", line 356, in _dispatch_request
    res = self._HANDLERS[handler](self, *args)
          ^^^^^^^^^^^^^^^^^^^^^^^^^^^^^^^^^^^^
  File "C:\Users\awsch\miniconda3\envs\nsp\Lib\site-packages\rpyc\core\protocol.py", line 853, in _handle_getattr
    return self._access_attr(obj, name, (), "_rpyc_getattr", "allow_getattr", getattr)
           ^^^^^^^^^^^^^^^^^^^^^^^^^^^^^^^^^^^^^^^^^^^^^^^^^^^^^^^^^^^^^^^^^^^^^^^^^^^
  File "C:\Users\awsch\miniconda3\envs\nsp\Lib\site-packages\rpyc\core\protocol.py", line 781, in _access_attr
    return accessor(obj, name, *args)
           ^^^^^^^^^^^^^^^^^^^^^^^^^^
AttributeError: 'list' object has no attribute 'sum'
2026-06-01 12:00:54.249 [   DEBUG] (         protocol.py: 363) Exception caught
Traceback (most recent call last):
  File "C:\Users\awsch\miniconda3\envs\nsp\Lib\site-packages\rpyc\core\protocol.py", line 356, in _dispatch_request
    res = self._HANDLERS[handler](self, *args)
          ^^^^^^^^^^^^^^^^^^^^^^^^^^^^^^^^^^^^
  File "C:\Users\awsch\miniconda3\envs\nsp\Lib\site-packages\rpyc\core\protocol.py", line 853, in _handle_getattr
    return self._access_attr(obj, name, (), "_rpyc_getattr", "allow_getattr", getattr)
           ^^^^^^^^^^^^^^^^^^^^^^^^^^^^^^^^^^^^^^^^^^^^^^^^^^^^^^^^^^^^^^^^^^^^^^^^^^^
  File "C:\Users\awsch\miniconda3\envs\nsp\Lib\site-packages\rpyc\core\protocol.py", line 781, in _access_attr
    return accessor(obj, name, *args)
           ^^^^^^^^^^^^^^^^^^^^^^^^^^
AttributeError: 'list' object has no attribute 'sum'
2026-06-01 12:00:54.250 [   DEBUG] (         protocol.py: 363) Exception caught
Traceback (most recent call last):
  File "C:\Users\awsch\miniconda3\envs\nsp\Lib\site-packages\rpyc\core\protocol.py", line 356, in _dispatch_request
    res = self._HANDLERS[handler](self, *args)
          ^^^^^^^^^^^^^^^^^^^^^^^^^^^^^^^^^^^^
  File "C:\Users\awsch\miniconda3\envs\nsp\Lib\site-packages\rpyc\core\protocol.py", line 853, in _handle_getattr
    return self._access_attr(obj, name, (), "_rpyc_getattr", "allow_getattr", getattr)
           ^^^^^^^^^^^^^^^^^^^^^^^^^^^^^^^^^^^^^^^^^^^^^^^^^^^^^^^^^^^^^^^^^^^^^^^^^^^
  File "C:\Users\awsch\miniconda3\envs\nsp\Lib\site-packages\rpyc\core\protocol.py", line 781, in _access_attr
    return accessor(obj, name, *args)
           ^^^^^^^^^^^^^^^^^^^^^^^^^^
AttributeError: 'list' object has no attribute '__array__'
2026-06-01 12:00:54.254 [   DEBUG] (         protocol.py: 363) Exception caught
Traceback (most recent call last):
  File "C:\Users\awsch\miniconda3\envs\nsp\Lib\site-packages\rpyc\core\protocol.py", line 356, in _dispatch_request
    res = self._HANDLERS[handler](self, *args)
          ^^^^^^^^^^^^^^^^^^^^^^^^^^^^^^^^^^^^
  File "C:\Users\awsch\miniconda3\envs\nsp\Lib\site-packages\rpyc\core\protocol.py", line 853, in _handle_getattr
    return self._access_attr(obj, name, (), "_rpyc_getattr", "allow_getattr", getattr)
           ^^^^^^^^^^^^^^^^^^^^^^^^^^^^^^^^^^^^^^^^^^^^^^^^^^^^^^^^^^^^^^^^^^^^^^^^^^^
  File "C:\Users\awsch\miniconda3\envs\nsp\Lib\site-packages\rpyc\core\protocol.py", line 781, in _access_attr
    return accessor(obj, name, *args)
           ^^^^^^^^^^^^^^^^^^^^^^^^^^
AttributeError: 'list' object has no attribute '__array_wrap__'
2026-06-01 12:00:54.255 [   DEBUG] (         protocol.py: 363) Exception caught
Traceback (most recent call last):
  File "C:\Users\awsch\miniconda3\envs\nsp\Lib\site-packages\rpyc\core\protocol.py", line 356, in _dispatch_request
    res = self._HANDLERS[handler](self, *args)
          ^^^^^^^^^^^^^^^^^^^^^^^^^^^^^^^^^^^^
  File "C:\Users\awsch\miniconda3\envs\nsp\Lib\site-packages\rpyc\core\protocol.py", line 853, in _handle_getattr
    return self._access_attr(obj, name, (), "_rpyc_getattr", "allow_getattr", getattr)
           ^^^^^^^^^^^^^^^^^^^^^^^^^^^^^^^^^^^^^^^^^^^^^^^^^^^^^^^^^^^^^^^^^^^^^^^^^^^
  File "C:\Users\awsch\miniconda3\envs\nsp\Lib\site-packages\rpyc\core\protocol.py", line 781, in _access_attr
    return accessor(obj, name, *args)
           ^^^^^^^^^^^^^^^^^^^^^^^^^^
AttributeError: 'list' object has no attribute '__array_wrap__'
2026-06-01 12:00:54.256 [   DEBUG] (         protocol.py: 363) Exception caught
Traceback (most recent call last):
  File "C:\Users\awsch\miniconda3\envs\nsp\Lib\site-packages\rpyc\core\protocol.py", line 356, in _dispatch_request
    res = self._HANDLERS[handler](self, *args)
          ^^^^^^^^^^^^^^^^^^^^^^^^^^^^^^^^^^^^
  File "C:\Users\awsch\miniconda3\envs\nsp\Lib\site-packages\rpyc\core\protocol.py", line 853, in _handle_getattr
    return self._access_attr(obj, name, (), "_rpyc_getattr", "allow_getattr", getattr)
           ^^^^^^^^^^^^^^^^^^^^^^^^^^^^^^^^^^^^^^^^^^^^^^^^^^^^^^^^^^^^^^^^^^^^^^^^^^^
  File "C:\Users\awsch\miniconda3\envs\nsp\Lib\site-packages\rpyc\core\protocol.py", line 781, in _access_attr
    return accessor(obj, name, *args)
           ^^^^^^^^^^^^^^^^^^^^^^^^^^
AttributeError: 'list' object has no attribute 'sum'
2026-06-01 12:00:54.257 [   DEBUG] (         protocol.py: 363) Exception caught
Traceback (most recent call last):
  File "C:\Users\awsch\miniconda3\envs\nsp\Lib\site-packages\rpyc\core\protocol.py", line 356, in _dispatch_request
    res = self._HANDLERS[handler](self, *args)
          ^^^^^^^^^^^^^^^^^^^^^^^^^^^^^^^^^^^^
  File "C:\Users\awsch\miniconda3\envs\nsp\Lib\site-packages\rpyc\core\protocol.py", line 853, in _handle_getattr
    return self._access_attr(obj, name, (), "_rpyc_getattr", "allow_getattr", getattr)
           ^^^^^^^^^^^^^^^^^^^^^^^^^^^^^^^^^^^^^^^^^^^^^^^^^^^^^^^^^^^^^^^^^^^^^^^^^^^
  File "C:\Users\awsch\miniconda3\envs\nsp\Lib\site-packages\rpyc\core\protocol.py", line 781, in _access_attr
    return accessor(obj, name, *args)
           ^^^^^^^^^^^^^^^^^^^^^^^^^^
AttributeError: 'list' object has no attribute 'sum'
2026-06-01 12:00:54.258 [   DEBUG] (         protocol.py: 363) Exception caught
Traceback (most recent call last):
  File "C:\Users\awsch\miniconda3\envs\nsp\Lib\site-packages\rpyc\core\protocol.py", line 356, in _dispatch_request
    res = self._HANDLERS[handler](self, *args)
          ^^^^^^^^^^^^^^^^^^^^^^^^^^^^^^^^^^^^
  File "C:\Users\awsch\miniconda3\envs\nsp\Lib\site-packages\rpyc\core\protocol.py", line 853, in _handle_getattr
    return self._access_attr(obj, name, (), "_rpyc_getattr", "allow_getattr", getattr)
           ^^^^^^^^^^^^^^^^^^^^^^^^^^^^^^^^^^^^^^^^^^^^^^^^^^^^^^^^^^^^^^^^^^^^^^^^^^^
  File "C:\Users\awsch\miniconda3\envs\nsp\Lib\site-packages\rpyc\core\protocol.py", line 781, in _access_attr
    return accessor(obj, name, *args)
           ^^^^^^^^^^^^^^^^^^^^^^^^^^
AttributeError: 'list' object has no attribute '__array__'
2026-06-01 12:00:54.262 [   DEBUG] (         protocol.py: 363) Exception caught
Traceback (most recent call last):
  File "C:\Users\awsch\miniconda3\envs\nsp\Lib\site-packages\rpyc\core\protocol.py", line 356, in _dispatch_request
    res = self._HANDLERS[handler](self, *args)
          ^^^^^^^^^^^^^^^^^^^^^^^^^^^^^^^^^^^^
  File "C:\Users\awsch\miniconda3\envs\nsp\Lib\site-packages\rpyc\core\protocol.py", line 853, in _handle_getattr
    return self._access_attr(obj, name, (), "_rpyc_getattr", "allow_getattr", getattr)
           ^^^^^^^^^^^^^^^^^^^^^^^^^^^^^^^^^^^^^^^^^^^^^^^^^^^^^^^^^^^^^^^^^^^^^^^^^^^
  File "C:\Users\awsch\miniconda3\envs\nsp\Lib\site-packages\rpyc\core\protocol.py", line 781, in _access_attr
    return accessor(obj, name, *args)
           ^^^^^^^^^^^^^^^^^^^^^^^^^^
AttributeError: 'list' object has no attribute '__array_wrap__'
2026-06-01 12:00:54.263 [   DEBUG] (         protocol.py: 363) Exception caught
Traceback (most recent call last):
  File "C:\Users\awsch\miniconda3\envs\nsp\Lib\site-packages\rpyc\core\protocol.py", line 356, in _dispatch_request
    res = self._HANDLERS[handler](self, *args)
          ^^^^^^^^^^^^^^^^^^^^^^^^^^^^^^^^^^^^
  File "C:\Users\awsch\miniconda3\envs\nsp\Lib\site-packages\rpyc\core\protocol.py", line 853, in _handle_getattr
    return self._access_attr(obj, name, (), "_rpyc_getattr", "allow_getattr", getattr)
           ^^^^^^^^^^^^^^^^^^^^^^^^^^^^^^^^^^^^^^^^^^^^^^^^^^^^^^^^^^^^^^^^^^^^^^^^^^^
  File "C:\Users\awsch\miniconda3\envs\nsp\Lib\site-packages\rpyc\core\protocol.py", line 781, in _access_attr
    return accessor(obj, name, *args)
           ^^^^^^^^^^^^^^^^^^^^^^^^^^
AttributeError: 'list' object has no attribute '__array_wrap__'
2026-06-01 12:00:54.270 [   DEBUG] (        highlevel.py: 186) viWrite(2, b'FREQ 9442000000.00\r\n', 20, 'c_ulong(20)') -> 0
2026-06-01 12:00:54.761 [   DEBUG] (         protocol.py: 363) Exception caught
Traceback (most recent call last):
  File "C:\Users\awsch\miniconda3\envs\nsp\Lib\site-packages\rpyc\core\protocol.py", line 356, in _dispatch_request
    res = self._HANDLERS[handler](self, *args)
          ^^^^^^^^^^^^^^^^^^^^^^^^^^^^^^^^^^^^
  File "C:\Users\awsch\miniconda3\envs\nsp\Lib\site-packages\rpyc\core\protocol.py", line 853, in _handle_getattr
    return self._access_attr(obj, name, (), "_rpyc_getattr", "allow_getattr", getattr)
           ^^^^^^^^^^^^^^^^^^^^^^^^^^^^^^^^^^^^^^^^^^^^^^^^^^^^^^^^^^^^^^^^^^^^^^^^^^^
  File "C:\Users\awsch\miniconda3\envs\nsp\Lib\site-packages\rpyc\core\protocol.py", line 781, in _access_attr
    return accessor(obj, name, *args)
           ^^^^^^^^^^^^^^^^^^^^^^^^^^
AttributeError: 'list' object has no attribute 'sum'
2026-06-01 12:00:54.762 [   DEBUG] (         protocol.py: 363) Exception caught
Traceback (most recent call last):
  File "C:\Users\awsch\miniconda3\envs\nsp\Lib\site-packages\rpyc\core\protocol.py", line 356, in _dispatch_request
    res = self._HANDLERS[handler](self, *args)
          ^^^^^^^^^^^^^^^^^^^^^^^^^^^^^^^^^^^^
  File "C:\Users\awsch\miniconda3\envs\nsp\Lib\site-packages\rpyc\core\protocol.py", line 853, in _handle_getattr
    return self._access_attr(obj, name, (), "_rpyc_getattr", "allow_getattr", getattr)
           ^^^^^^^^^^^^^^^^^^^^^^^^^^^^^^^^^^^^^^^^^^^^^^^^^^^^^^^^^^^^^^^^^^^^^^^^^^^
  File "C:\Users\awsch\miniconda3\envs\nsp\Lib\site-packages\rpyc\core\protocol.py", line 781, in _access_attr
    return accessor(obj, name, *args)
           ^^^^^^^^^^^^^^^^^^^^^^^^^^
AttributeError: 'list' object has no attribute 'sum'
2026-06-01 12:00:54.763 [   DEBUG] (         protocol.py: 363) Exception caught
Traceback (most recent call last):
  File "C:\Users\awsch\miniconda3\envs\nsp\Lib\site-packages\rpyc\core\protocol.py", line 356, in _dispatch_request
    res = self._HANDLERS[handler](self, *args)
          ^^^^^^^^^^^^^^^^^^^^^^^^^^^^^^^^^^^^
  File "C:\Users\awsch\miniconda3\envs\nsp\Lib\site-packages\rpyc\core\protocol.py", line 853, in _handle_getattr
    return self._access_attr(obj, name, (), "_rpyc_getattr", "allow_getattr", getattr)
           ^^^^^^^^^^^^^^^^^^^^^^^^^^^^^^^^^^^^^^^^^^^^^^^^^^^^^^^^^^^^^^^^^^^^^^^^^^^
  File "C:\Users\awsch\miniconda3\envs\nsp\Lib\site-packages\rpyc\core\protocol.py", line 781, in _access_attr
    return accessor(obj, name, *args)
           ^^^^^^^^^^^^^^^^^^^^^^^^^^
AttributeError: 'list' object has no attribute '__array__'
2026-06-01 12:00:54.767 [   DEBUG] (         protocol.py: 363) Exception caught
Traceback (most recent call last):
  File "C:\Users\awsch\miniconda3\envs\nsp\Lib\site-packages\rpyc\core\protocol.py", line 356, in _dispatch_request
    res = self._HANDLERS[handler](self, *args)
          ^^^^^^^^^^^^^^^^^^^^^^^^^^^^^^^^^^^^
  File "C:\Users\awsch\miniconda3\envs\nsp\Lib\site-packages\rpyc\core\protocol.py", line 853, in _handle_getattr
    return self._access_attr(obj, name, (), "_rpyc_getattr", "allow_getattr", getattr)
           ^^^^^^^^^^^^^^^^^^^^^^^^^^^^^^^^^^^^^^^^^^^^^^^^^^^^^^^^^^^^^^^^^^^^^^^^^^^
  File "C:\Users\awsch\miniconda3\envs\nsp\Lib\site-packages\rpyc\core\protocol.py", line 781, in _access_attr
    return accessor(obj, name, *args)
           ^^^^^^^^^^^^^^^^^^^^^^^^^^
AttributeError: 'list' object has no attribute '__array_wrap__'
2026-06-01 12:00:54.768 [   DEBUG] (         protocol.py: 363) Exception caught
Traceback (most recent call last):
  File "C:\Users\awsch\miniconda3\envs\nsp\Lib\site-packages\rpyc\core\protocol.py", line 356, in _dispatch_request
    res = self._HANDLERS[handler](self, *args)
          ^^^^^^^^^^^^^^^^^^^^^^^^^^^^^^^^^^^^
  File "C:\Users\awsch\miniconda3\envs\nsp\Lib\site-packages\rpyc\core\protocol.py", line 853, in _handle_getattr
    return self._access_attr(obj, name, (), "_rpyc_getattr", "allow_getattr", getattr)
           ^^^^^^^^^^^^^^^^^^^^^^^^^^^^^^^^^^^^^^^^^^^^^^^^^^^^^^^^^^^^^^^^^^^^^^^^^^^
  File "C:\Users\awsch\miniconda3\envs\nsp\Lib\site-packages\rpyc\core\protocol.py", line 781, in _access_attr
    return accessor(obj, name, *args)
           ^^^^^^^^^^^^^^^^^^^^^^^^^^
AttributeError: 'list' object has no attribute '__array_wrap__'
2026-06-01 12:00:54.769 [   DEBUG] (         protocol.py: 363) Exception caught
Traceback (most recent call last):
  File "C:\Users\awsch\miniconda3\envs\nsp\Lib\site-packages\rpyc\core\protocol.py", line 356, in _dispatch_request
    res = self._HANDLERS[handler](self, *args)
          ^^^^^^^^^^^^^^^^^^^^^^^^^^^^^^^^^^^^
  File "C:\Users\awsch\miniconda3\envs\nsp\Lib\site-packages\rpyc\core\protocol.py", line 853, in _handle_getattr
    return self._access_attr(obj, name, (), "_rpyc_getattr", "allow_getattr", getattr)
           ^^^^^^^^^^^^^^^^^^^^^^^^^^^^^^^^^^^^^^^^^^^^^^^^^^^^^^^^^^^^^^^^^^^^^^^^^^^
  File "C:\Users\awsch\miniconda3\envs\nsp\Lib\site-packages\rpyc\core\protocol.py", line 781, in _access_attr
    return accessor(obj, name, *args)
           ^^^^^^^^^^^^^^^^^^^^^^^^^^
AttributeError: 'list' object has no attribute 'sum'
2026-06-01 12:00:54.770 [   DEBUG] (         protocol.py: 363) Exception caught
Traceback (most recent call last):
  File "C:\Users\awsch\miniconda3\envs\nsp\Lib\site-packages\rpyc\core\protocol.py", line 356, in _dispatch_request
    res = self._HANDLERS[handler](self, *args)
          ^^^^^^^^^^^^^^^^^^^^^^^^^^^^^^^^^^^^
  File "C:\Users\awsch\miniconda3\envs\nsp\Lib\site-packages\rpyc\core\protocol.py", line 853, in _handle_getattr
    return self._access_attr(obj, name, (), "_rpyc_getattr", "allow_getattr", getattr)
           ^^^^^^^^^^^^^^^^^^^^^^^^^^^^^^^^^^^^^^^^^^^^^^^^^^^^^^^^^^^^^^^^^^^^^^^^^^^
  File "C:\Users\awsch\miniconda3\envs\nsp\Lib\site-packages\rpyc\core\protocol.py", line 781, in _access_attr
    return accessor(obj, name, *args)
           ^^^^^^^^^^^^^^^^^^^^^^^^^^
AttributeError: 'list' object has no attribute 'sum'
2026-06-01 12:00:54.771 [   DEBUG] (         protocol.py: 363) Exception caught
Traceback (most recent call last):
  File "C:\Users\awsch\miniconda3\envs\nsp\Lib\site-packages\rpyc\core\protocol.py", line 356, in _dispatch_request
    res = self._HANDLERS[handler](self, *args)
          ^^^^^^^^^^^^^^^^^^^^^^^^^^^^^^^^^^^^
  File "C:\Users\awsch\miniconda3\envs\nsp\Lib\site-packages\rpyc\core\protocol.py", line 853, in _handle_getattr
    return self._access_attr(obj, name, (), "_rpyc_getattr", "allow_getattr", getattr)
           ^^^^^^^^^^^^^^^^^^^^^^^^^^^^^^^^^^^^^^^^^^^^^^^^^^^^^^^^^^^^^^^^^^^^^^^^^^^
  File "C:\Users\awsch\miniconda3\envs\nsp\Lib\site-packages\rpyc\core\protocol.py", line 781, in _access_attr
    return accessor(obj, name, *args)
           ^^^^^^^^^^^^^^^^^^^^^^^^^^
AttributeError: 'list' object has no attribute '__array__'
2026-06-01 12:00:54.774 [   DEBUG] (         protocol.py: 363) Exception caught
Traceback (most recent call last):
  File "C:\Users\awsch\miniconda3\envs\nsp\Lib\site-packages\rpyc\core\protocol.py", line 356, in _dispatch_request
    res = self._HANDLERS[handler](self, *args)
          ^^^^^^^^^^^^^^^^^^^^^^^^^^^^^^^^^^^^
  File "C:\Users\awsch\miniconda3\envs\nsp\Lib\site-packages\rpyc\core\protocol.py", line 853, in _handle_getattr
    return self._access_attr(obj, name, (), "_rpyc_getattr", "allow_getattr", getattr)
           ^^^^^^^^^^^^^^^^^^^^^^^^^^^^^^^^^^^^^^^^^^^^^^^^^^^^^^^^^^^^^^^^^^^^^^^^^^^
  File "C:\Users\awsch\miniconda3\envs\nsp\Lib\site-packages\rpyc\core\protocol.py", line 781, in _access_attr
    return accessor(obj, name, *args)
           ^^^^^^^^^^^^^^^^^^^^^^^^^^
AttributeError: 'list' object has no attribute '__array_wrap__'
2026-06-01 12:00:54.775 [   DEBUG] (         protocol.py: 363) Exception caught
Traceback (most recent call last):
  File "C:\Users\awsch\miniconda3\envs\nsp\Lib\site-packages\rpyc\core\protocol.py", line 356, in _dispatch_request
    res = self._HANDLERS[handler](self, *args)
          ^^^^^^^^^^^^^^^^^^^^^^^^^^^^^^^^^^^^
  File "C:\Users\awsch\miniconda3\envs\nsp\Lib\site-packages\rpyc\core\protocol.py", line 853, in _handle_getattr
    return self._access_attr(obj, name, (), "_rpyc_getattr", "allow_getattr", getattr)
           ^^^^^^^^^^^^^^^^^^^^^^^^^^^^^^^^^^^^^^^^^^^^^^^^^^^^^^^^^^^^^^^^^^^^^^^^^^^
  File "C:\Users\awsch\miniconda3\envs\nsp\Lib\site-packages\rpyc\core\protocol.py", line 781, in _access_attr
    return accessor(obj, name, *args)
           ^^^^^^^^^^^^^^^^^^^^^^^^^^
AttributeError: 'list' object has no attribute '__array_wrap__'
2026-06-01 12:00:54.780 [   DEBUG] (        highlevel.py: 186) viWrite(2, b'FREQ 9448000000.00\r\n', 20, 'c_ulong(20)') -> 0
2026-06-01 12:00:55.296 [   DEBUG] (         protocol.py: 363) Exception caught
Traceback (most recent call last):
  File "C:\Users\awsch\miniconda3\envs\nsp\Lib\site-packages\rpyc\core\protocol.py", line 356, in _dispatch_request
    res = self._HANDLERS[handler](self, *args)
          ^^^^^^^^^^^^^^^^^^^^^^^^^^^^^^^^^^^^
  File "C:\Users\awsch\miniconda3\envs\nsp\Lib\site-packages\rpyc\core\protocol.py", line 853, in _handle_getattr
    return self._access_attr(obj, name, (), "_rpyc_getattr", "allow_getattr", getattr)
           ^^^^^^^^^^^^^^^^^^^^^^^^^^^^^^^^^^^^^^^^^^^^^^^^^^^^^^^^^^^^^^^^^^^^^^^^^^^
  File "C:\Users\awsch\miniconda3\envs\nsp\Lib\site-packages\rpyc\core\protocol.py", line 781, in _access_attr
    return accessor(obj, name, *args)
           ^^^^^^^^^^^^^^^^^^^^^^^^^^
AttributeError: 'list' object has no attribute 'sum'
2026-06-01 12:00:55.297 [   DEBUG] (         protocol.py: 363) Exception caught
Traceback (most recent call last):
  File "C:\Users\awsch\miniconda3\envs\nsp\Lib\site-packages\rpyc\core\protocol.py", line 356, in _dispatch_request
    res = self._HANDLERS[handler](self, *args)
          ^^^^^^^^^^^^^^^^^^^^^^^^^^^^^^^^^^^^
  File "C:\Users\awsch\miniconda3\envs\nsp\Lib\site-packages\rpyc\core\protocol.py", line 853, in _handle_getattr
    return self._access_attr(obj, name, (), "_rpyc_getattr", "allow_getattr", getattr)
           ^^^^^^^^^^^^^^^^^^^^^^^^^^^^^^^^^^^^^^^^^^^^^^^^^^^^^^^^^^^^^^^^^^^^^^^^^^^
  File "C:\Users\awsch\miniconda3\envs\nsp\Lib\site-packages\rpyc\core\protocol.py", line 781, in _access_attr
    return accessor(obj, name, *args)
           ^^^^^^^^^^^^^^^^^^^^^^^^^^
AttributeError: 'list' object has no attribute 'sum'
2026-06-01 12:00:55.298 [   DEBUG] (         protocol.py: 363) Exception caught
Traceback (most recent call last):
  File "C:\Users\awsch\miniconda3\envs\nsp\Lib\site-packages\rpyc\core\protocol.py", line 356, in _dispatch_request
    res = self._HANDLERS[handler](self, *args)
          ^^^^^^^^^^^^^^^^^^^^^^^^^^^^^^^^^^^^
  File "C:\Users\awsch\miniconda3\envs\nsp\Lib\site-packages\rpyc\core\protocol.py", line 853, in _handle_getattr
    return self._access_attr(obj, name, (), "_rpyc_getattr", "allow_getattr", getattr)
           ^^^^^^^^^^^^^^^^^^^^^^^^^^^^^^^^^^^^^^^^^^^^^^^^^^^^^^^^^^^^^^^^^^^^^^^^^^^
  File "C:\Users\awsch\miniconda3\envs\nsp\Lib\site-packages\rpyc\core\protocol.py", line 781, in _access_attr
    return accessor(obj, name, *args)
           ^^^^^^^^^^^^^^^^^^^^^^^^^^
AttributeError: 'list' object has no attribute '__array__'
2026-06-01 12:00:55.302 [   DEBUG] (         protocol.py: 363) Exception caught
Traceback (most recent call last):
  File "C:\Users\awsch\miniconda3\envs\nsp\Lib\site-packages\rpyc\core\protocol.py", line 356, in _dispatch_request
    res = self._HANDLERS[handler](self, *args)
          ^^^^^^^^^^^^^^^^^^^^^^^^^^^^^^^^^^^^
  File "C:\Users\awsch\miniconda3\envs\nsp\Lib\site-packages\rpyc\core\protocol.py", line 853, in _handle_getattr
    return self._access_attr(obj, name, (), "_rpyc_getattr", "allow_getattr", getattr)
           ^^^^^^^^^^^^^^^^^^^^^^^^^^^^^^^^^^^^^^^^^^^^^^^^^^^^^^^^^^^^^^^^^^^^^^^^^^^
  File "C:\Users\awsch\miniconda3\envs\nsp\Lib\site-packages\rpyc\core\protocol.py", line 781, in _access_attr
    return accessor(obj, name, *args)
           ^^^^^^^^^^^^^^^^^^^^^^^^^^
AttributeError: 'list' object has no attribute '__array_wrap__'
2026-06-01 12:00:55.303 [   DEBUG] (         protocol.py: 363) Exception caught
Traceback (most recent call last):
  File "C:\Users\awsch\miniconda3\envs\nsp\Lib\site-packages\rpyc\core\protocol.py", line 356, in _dispatch_request
    res = self._HANDLERS[handler](self, *args)
          ^^^^^^^^^^^^^^^^^^^^^^^^^^^^^^^^^^^^
  File "C:\Users\awsch\miniconda3\envs\nsp\Lib\site-packages\rpyc\core\protocol.py", line 853, in _handle_getattr
    return self._access_attr(obj, name, (), "_rpyc_getattr", "allow_getattr", getattr)
           ^^^^^^^^^^^^^^^^^^^^^^^^^^^^^^^^^^^^^^^^^^^^^^^^^^^^^^^^^^^^^^^^^^^^^^^^^^^
  File "C:\Users\awsch\miniconda3\envs\nsp\Lib\site-packages\rpyc\core\protocol.py", line 781, in _access_attr
    return accessor(obj, name, *args)
           ^^^^^^^^^^^^^^^^^^^^^^^^^^
AttributeError: 'list' object has no attribute '__array_wrap__'
2026-06-01 12:00:55.304 [   DEBUG] (         protocol.py: 363) Exception caught
Traceback (most recent call last):
  File "C:\Users\awsch\miniconda3\envs\nsp\Lib\site-packages\rpyc\core\protocol.py", line 356, in _dispatch_request
    res = self._HANDLERS[handler](self, *args)
          ^^^^^^^^^^^^^^^^^^^^^^^^^^^^^^^^^^^^
  File "C:\Users\awsch\miniconda3\envs\nsp\Lib\site-packages\rpyc\core\protocol.py", line 853, in _handle_getattr
    return self._access_attr(obj, name, (), "_rpyc_getattr", "allow_getattr", getattr)
           ^^^^^^^^^^^^^^^^^^^^^^^^^^^^^^^^^^^^^^^^^^^^^^^^^^^^^^^^^^^^^^^^^^^^^^^^^^^
  File "C:\Users\awsch\miniconda3\envs\nsp\Lib\site-packages\rpyc\core\protocol.py", line 781, in _access_attr
    return accessor(obj, name, *args)
           ^^^^^^^^^^^^^^^^^^^^^^^^^^
AttributeError: 'list' object has no attribute 'sum'
2026-06-01 12:00:55.305 [   DEBUG] (         protocol.py: 363) Exception caught
Traceback (most recent call last):
  File "C:\Users\awsch\miniconda3\envs\nsp\Lib\site-packages\rpyc\core\protocol.py", line 356, in _dispatch_request
    res = self._HANDLERS[handler](self, *args)
          ^^^^^^^^^^^^^^^^^^^^^^^^^^^^^^^^^^^^
  File "C:\Users\awsch\miniconda3\envs\nsp\Lib\site-packages\rpyc\core\protocol.py", line 853, in _handle_getattr
    return self._access_attr(obj, name, (), "_rpyc_getattr", "allow_getattr", getattr)
           ^^^^^^^^^^^^^^^^^^^^^^^^^^^^^^^^^^^^^^^^^^^^^^^^^^^^^^^^^^^^^^^^^^^^^^^^^^^
  File "C:\Users\awsch\miniconda3\envs\nsp\Lib\site-packages\rpyc\core\protocol.py", line 781, in _access_attr
    return accessor(obj, name, *args)
           ^^^^^^^^^^^^^^^^^^^^^^^^^^
AttributeError: 'list' object has no attribute 'sum'
2026-06-01 12:00:55.306 [   DEBUG] (         protocol.py: 363) Exception caught
Traceback (most recent call last):
  File "C:\Users\awsch\miniconda3\envs\nsp\Lib\site-packages\rpyc\core\protocol.py", line 356, in _dispatch_request
    res = self._HANDLERS[handler](self, *args)
          ^^^^^^^^^^^^^^^^^^^^^^^^^^^^^^^^^^^^
  File "C:\Users\awsch\miniconda3\envs\nsp\Lib\site-packages\rpyc\core\protocol.py", line 853, in _handle_getattr
    return self._access_attr(obj, name, (), "_rpyc_getattr", "allow_getattr", getattr)
           ^^^^^^^^^^^^^^^^^^^^^^^^^^^^^^^^^^^^^^^^^^^^^^^^^^^^^^^^^^^^^^^^^^^^^^^^^^^
  File "C:\Users\awsch\miniconda3\envs\nsp\Lib\site-packages\rpyc\core\protocol.py", line 781, in _access_attr
    return accessor(obj, name, *args)
           ^^^^^^^^^^^^^^^^^^^^^^^^^^
AttributeError: 'list' object has no attribute '__array__'
2026-06-01 12:00:55.310 [   DEBUG] (         protocol.py: 363) Exception caught
Traceback (most recent call last):
  File "C:\Users\awsch\miniconda3\envs\nsp\Lib\site-packages\rpyc\core\protocol.py", line 356, in _dispatch_request
    res = self._HANDLERS[handler](self, *args)
          ^^^^^^^^^^^^^^^^^^^^^^^^^^^^^^^^^^^^
  File "C:\Users\awsch\miniconda3\envs\nsp\Lib\site-packages\rpyc\core\protocol.py", line 853, in _handle_getattr
    return self._access_attr(obj, name, (), "_rpyc_getattr", "allow_getattr", getattr)
           ^^^^^^^^^^^^^^^^^^^^^^^^^^^^^^^^^^^^^^^^^^^^^^^^^^^^^^^^^^^^^^^^^^^^^^^^^^^
  File "C:\Users\awsch\miniconda3\envs\nsp\Lib\site-packages\rpyc\core\protocol.py", line 781, in _access_attr
    return accessor(obj, name, *args)
           ^^^^^^^^^^^^^^^^^^^^^^^^^^
AttributeError: 'list' object has no attribute '__array_wrap__'
2026-06-01 12:00:55.311 [   DEBUG] (         protocol.py: 363) Exception caught
Traceback (most recent call last):
  File "C:\Users\awsch\miniconda3\envs\nsp\Lib\site-packages\rpyc\core\protocol.py", line 356, in _dispatch_request
    res = self._HANDLERS[handler](self, *args)
          ^^^^^^^^^^^^^^^^^^^^^^^^^^^^^^^^^^^^
  File "C:\Users\awsch\miniconda3\envs\nsp\Lib\site-packages\rpyc\core\protocol.py", line 853, in _handle_getattr
    return self._access_attr(obj, name, (), "_rpyc_getattr", "allow_getattr", getattr)
           ^^^^^^^^^^^^^^^^^^^^^^^^^^^^^^^^^^^^^^^^^^^^^^^^^^^^^^^^^^^^^^^^^^^^^^^^^^^
  File "C:\Users\awsch\miniconda3\envs\nsp\Lib\site-packages\rpyc\core\protocol.py", line 781, in _access_attr
    return accessor(obj, name, *args)
           ^^^^^^^^^^^^^^^^^^^^^^^^^^
AttributeError: 'list' object has no attribute '__array_wrap__'
2026-06-01 12:00:55.316 [   DEBUG] (        highlevel.py: 186) viWrite(2, b'FREQ 9454000000.00\r\n', 20, 'c_ulong(20)') -> 0
2026-06-01 12:00:55.805 [   DEBUG] (         protocol.py: 363) Exception caught
Traceback (most recent call last):
  File "C:\Users\awsch\miniconda3\envs\nsp\Lib\site-packages\rpyc\core\protocol.py", line 356, in _dispatch_request
    res = self._HANDLERS[handler](self, *args)
          ^^^^^^^^^^^^^^^^^^^^^^^^^^^^^^^^^^^^
  File "C:\Users\awsch\miniconda3\envs\nsp\Lib\site-packages\rpyc\core\protocol.py", line 853, in _handle_getattr
    return self._access_attr(obj, name, (), "_rpyc_getattr", "allow_getattr", getattr)
           ^^^^^^^^^^^^^^^^^^^^^^^^^^^^^^^^^^^^^^^^^^^^^^^^^^^^^^^^^^^^^^^^^^^^^^^^^^^
  File "C:\Users\awsch\miniconda3\envs\nsp\Lib\site-packages\rpyc\core\protocol.py", line 781, in _access_attr
    return accessor(obj, name, *args)
           ^^^^^^^^^^^^^^^^^^^^^^^^^^
AttributeError: 'list' object has no attribute 'sum'
2026-06-01 12:00:55.809 [   DEBUG] (         protocol.py: 363) Exception caught
Traceback (most recent call last):
  File "C:\Users\awsch\miniconda3\envs\nsp\Lib\site-packages\rpyc\core\protocol.py", line 356, in _dispatch_request
    res = self._HANDLERS[handler](self, *args)
          ^^^^^^^^^^^^^^^^^^^^^^^^^^^^^^^^^^^^
  File "C:\Users\awsch\miniconda3\envs\nsp\Lib\site-packages\rpyc\core\protocol.py", line 853, in _handle_getattr
    return self._access_attr(obj, name, (), "_rpyc_getattr", "allow_getattr", getattr)
           ^^^^^^^^^^^^^^^^^^^^^^^^^^^^^^^^^^^^^^^^^^^^^^^^^^^^^^^^^^^^^^^^^^^^^^^^^^^
  File "C:\Users\awsch\miniconda3\envs\nsp\Lib\site-packages\rpyc\core\protocol.py", line 781, in _access_attr
    return accessor(obj, name, *args)
           ^^^^^^^^^^^^^^^^^^^^^^^^^^
AttributeError: 'list' object has no attribute 'sum'
2026-06-01 12:00:55.812 [   DEBUG] (         protocol.py: 363) Exception caught
Traceback (most recent call last):
  File "C:\Users\awsch\miniconda3\envs\nsp\Lib\site-packages\rpyc\core\protocol.py", line 356, in _dispatch_request
    res = self._HANDLERS[handler](self, *args)
          ^^^^^^^^^^^^^^^^^^^^^^^^^^^^^^^^^^^^
  File "C:\Users\awsch\miniconda3\envs\nsp\Lib\site-packages\rpyc\core\protocol.py", line 853, in _handle_getattr
    return self._access_attr(obj, name, (), "_rpyc_getattr", "allow_getattr", getattr)
           ^^^^^^^^^^^^^^^^^^^^^^^^^^^^^^^^^^^^^^^^^^^^^^^^^^^^^^^^^^^^^^^^^^^^^^^^^^^
  File "C:\Users\awsch\miniconda3\envs\nsp\Lib\site-packages\rpyc\core\protocol.py", line 781, in _access_attr
    return accessor(obj, name, *args)
           ^^^^^^^^^^^^^^^^^^^^^^^^^^
AttributeError: 'list' object has no attribute '__array__'
2026-06-01 12:00:55.825 [   DEBUG] (         protocol.py: 363) Exception caught
Traceback (most recent call last):
  File "C:\Users\awsch\miniconda3\envs\nsp\Lib\site-packages\rpyc\core\protocol.py", line 356, in _dispatch_request
    res = self._HANDLERS[handler](self, *args)
          ^^^^^^^^^^^^^^^^^^^^^^^^^^^^^^^^^^^^
  File "C:\Users\awsch\miniconda3\envs\nsp\Lib\site-packages\rpyc\core\protocol.py", line 853, in _handle_getattr
    return self._access_attr(obj, name, (), "_rpyc_getattr", "allow_getattr", getattr)
           ^^^^^^^^^^^^^^^^^^^^^^^^^^^^^^^^^^^^^^^^^^^^^^^^^^^^^^^^^^^^^^^^^^^^^^^^^^^
  File "C:\Users\awsch\miniconda3\envs\nsp\Lib\site-packages\rpyc\core\protocol.py", line 781, in _access_attr
    return accessor(obj, name, *args)
           ^^^^^^^^^^^^^^^^^^^^^^^^^^
AttributeError: 'list' object has no attribute '__array_wrap__'
2026-06-01 12:00:55.828 [   DEBUG] (         protocol.py: 363) Exception caught
Traceback (most recent call last):
  File "C:\Users\awsch\miniconda3\envs\nsp\Lib\site-packages\rpyc\core\protocol.py", line 356, in _dispatch_request
    res = self._HANDLERS[handler](self, *args)
          ^^^^^^^^^^^^^^^^^^^^^^^^^^^^^^^^^^^^
  File "C:\Users\awsch\miniconda3\envs\nsp\Lib\site-packages\rpyc\core\protocol.py", line 853, in _handle_getattr
    return self._access_attr(obj, name, (), "_rpyc_getattr", "allow_getattr", getattr)
           ^^^^^^^^^^^^^^^^^^^^^^^^^^^^^^^^^^^^^^^^^^^^^^^^^^^^^^^^^^^^^^^^^^^^^^^^^^^
  File "C:\Users\awsch\miniconda3\envs\nsp\Lib\site-packages\rpyc\core\protocol.py", line 781, in _access_attr
    return accessor(obj, name, *args)
           ^^^^^^^^^^^^^^^^^^^^^^^^^^
AttributeError: 'list' object has no attribute '__array_wrap__'
2026-06-01 12:00:55.832 [   DEBUG] (         protocol.py: 363) Exception caught
Traceback (most recent call last):
  File "C:\Users\awsch\miniconda3\envs\nsp\Lib\site-packages\rpyc\core\protocol.py", line 356, in _dispatch_request
    res = self._HANDLERS[handler](self, *args)
          ^^^^^^^^^^^^^^^^^^^^^^^^^^^^^^^^^^^^
  File "C:\Users\awsch\miniconda3\envs\nsp\Lib\site-packages\rpyc\core\protocol.py", line 853, in _handle_getattr
    return self._access_attr(obj, name, (), "_rpyc_getattr", "allow_getattr", getattr)
           ^^^^^^^^^^^^^^^^^^^^^^^^^^^^^^^^^^^^^^^^^^^^^^^^^^^^^^^^^^^^^^^^^^^^^^^^^^^
  File "C:\Users\awsch\miniconda3\envs\nsp\Lib\site-packages\rpyc\core\protocol.py", line 781, in _access_attr
    return accessor(obj, name, *args)
           ^^^^^^^^^^^^^^^^^^^^^^^^^^
AttributeError: 'list' object has no attribute 'sum'
2026-06-01 12:00:55.835 [   DEBUG] (         protocol.py: 363) Exception caught
Traceback (most recent call last):
  File "C:\Users\awsch\miniconda3\envs\nsp\Lib\site-packages\rpyc\core\protocol.py", line 356, in _dispatch_request
    res = self._HANDLERS[handler](self, *args)
          ^^^^^^^^^^^^^^^^^^^^^^^^^^^^^^^^^^^^
  File "C:\Users\awsch\miniconda3\envs\nsp\Lib\site-packages\rpyc\core\protocol.py", line 853, in _handle_getattr
    return self._access_attr(obj, name, (), "_rpyc_getattr", "allow_getattr", getattr)
           ^^^^^^^^^^^^^^^^^^^^^^^^^^^^^^^^^^^^^^^^^^^^^^^^^^^^^^^^^^^^^^^^^^^^^^^^^^^
  File "C:\Users\awsch\miniconda3\envs\nsp\Lib\site-packages\rpyc\core\protocol.py", line 781, in _access_attr
    return accessor(obj, name, *args)
           ^^^^^^^^^^^^^^^^^^^^^^^^^^
AttributeError: 'list' object has no attribute 'sum'
2026-06-01 12:00:55.838 [   DEBUG] (         protocol.py: 363) Exception caught
Traceback (most recent call last):
  File "C:\Users\awsch\miniconda3\envs\nsp\Lib\site-packages\rpyc\core\protocol.py", line 356, in _dispatch_request
    res = self._HANDLERS[handler](self, *args)
          ^^^^^^^^^^^^^^^^^^^^^^^^^^^^^^^^^^^^
  File "C:\Users\awsch\miniconda3\envs\nsp\Lib\site-packages\rpyc\core\protocol.py", line 853, in _handle_getattr
    return self._access_attr(obj, name, (), "_rpyc_getattr", "allow_getattr", getattr)
           ^^^^^^^^^^^^^^^^^^^^^^^^^^^^^^^^^^^^^^^^^^^^^^^^^^^^^^^^^^^^^^^^^^^^^^^^^^^
  File "C:\Users\awsch\miniconda3\envs\nsp\Lib\site-packages\rpyc\core\protocol.py", line 781, in _access_attr
    return accessor(obj, name, *args)
           ^^^^^^^^^^^^^^^^^^^^^^^^^^
AttributeError: 'list' object has no attribute '__array__'
2026-06-01 12:00:55.848 [   DEBUG] (         protocol.py: 363) Exception caught
Traceback (most recent call last):
  File "C:\Users\awsch\miniconda3\envs\nsp\Lib\site-packages\rpyc\core\protocol.py", line 356, in _dispatch_request
    res = self._HANDLERS[handler](self, *args)
          ^^^^^^^^^^^^^^^^^^^^^^^^^^^^^^^^^^^^
  File "C:\Users\awsch\miniconda3\envs\nsp\Lib\site-packages\rpyc\core\protocol.py", line 853, in _handle_getattr
    return self._access_attr(obj, name, (), "_rpyc_getattr", "allow_getattr", getattr)
           ^^^^^^^^^^^^^^^^^^^^^^^^^^^^^^^^^^^^^^^^^^^^^^^^^^^^^^^^^^^^^^^^^^^^^^^^^^^
  File "C:\Users\awsch\miniconda3\envs\nsp\Lib\site-packages\rpyc\core\protocol.py", line 781, in _access_attr
    return accessor(obj, name, *args)
           ^^^^^^^^^^^^^^^^^^^^^^^^^^
AttributeError: 'list' object has no attribute '__array_wrap__'
2026-06-01 12:00:55.850 [   DEBUG] (         protocol.py: 363) Exception caught
Traceback (most recent call last):
  File "C:\Users\awsch\miniconda3\envs\nsp\Lib\site-packages\rpyc\core\protocol.py", line 356, in _dispatch_request
    res = self._HANDLERS[handler](self, *args)
          ^^^^^^^^^^^^^^^^^^^^^^^^^^^^^^^^^^^^
  File "C:\Users\awsch\miniconda3\envs\nsp\Lib\site-packages\rpyc\core\protocol.py", line 853, in _handle_getattr
    return self._access_attr(obj, name, (), "_rpyc_getattr", "allow_getattr", getattr)
           ^^^^^^^^^^^^^^^^^^^^^^^^^^^^^^^^^^^^^^^^^^^^^^^^^^^^^^^^^^^^^^^^^^^^^^^^^^^
  File "C:\Users\awsch\miniconda3\envs\nsp\Lib\site-packages\rpyc\core\protocol.py", line 781, in _access_attr
    return accessor(obj, name, *args)
           ^^^^^^^^^^^^^^^^^^^^^^^^^^
AttributeError: 'list' object has no attribute '__array_wrap__'
2026-06-01 12:00:55.859 [   DEBUG] (        highlevel.py: 186) viWrite(2, b'FREQ 9460000000.00\r\n', 20, 'c_ulong(20)') -> 0
2026-06-01 12:00:56.379 [   DEBUG] (         protocol.py: 363) Exception caught
Traceback (most recent call last):
  File "C:\Users\awsch\miniconda3\envs\nsp\Lib\site-packages\rpyc\core\protocol.py", line 356, in _dispatch_request
    res = self._HANDLERS[handler](self, *args)
          ^^^^^^^^^^^^^^^^^^^^^^^^^^^^^^^^^^^^
  File "C:\Users\awsch\miniconda3\envs\nsp\Lib\site-packages\rpyc\core\protocol.py", line 853, in _handle_getattr
    return self._access_attr(obj, name, (), "_rpyc_getattr", "allow_getattr", getattr)
           ^^^^^^^^^^^^^^^^^^^^^^^^^^^^^^^^^^^^^^^^^^^^^^^^^^^^^^^^^^^^^^^^^^^^^^^^^^^
  File "C:\Users\awsch\miniconda3\envs\nsp\Lib\site-packages\rpyc\core\protocol.py", line 781, in _access_attr
    return accessor(obj, name, *args)
           ^^^^^^^^^^^^^^^^^^^^^^^^^^
AttributeError: 'list' object has no attribute 'sum'
2026-06-01 12:00:56.380 [   DEBUG] (         protocol.py: 363) Exception caught
Traceback (most recent call last):
  File "C:\Users\awsch\miniconda3\envs\nsp\Lib\site-packages\rpyc\core\protocol.py", line 356, in _dispatch_request
    res = self._HANDLERS[handler](self, *args)
          ^^^^^^^^^^^^^^^^^^^^^^^^^^^^^^^^^^^^
  File "C:\Users\awsch\miniconda3\envs\nsp\Lib\site-packages\rpyc\core\protocol.py", line 853, in _handle_getattr
    return self._access_attr(obj, name, (), "_rpyc_getattr", "allow_getattr", getattr)
           ^^^^^^^^^^^^^^^^^^^^^^^^^^^^^^^^^^^^^^^^^^^^^^^^^^^^^^^^^^^^^^^^^^^^^^^^^^^
  File "C:\Users\awsch\miniconda3\envs\nsp\Lib\site-packages\rpyc\core\protocol.py", line 781, in _access_attr
    return accessor(obj, name, *args)
           ^^^^^^^^^^^^^^^^^^^^^^^^^^
AttributeError: 'list' object has no attribute 'sum'
2026-06-01 12:00:56.381 [   DEBUG] (         protocol.py: 363) Exception caught
Traceback (most recent call last):
  File "C:\Users\awsch\miniconda3\envs\nsp\Lib\site-packages\rpyc\core\protocol.py", line 356, in _dispatch_request
    res = self._HANDLERS[handler](self, *args)
          ^^^^^^^^^^^^^^^^^^^^^^^^^^^^^^^^^^^^
  File "C:\Users\awsch\miniconda3\envs\nsp\Lib\site-packages\rpyc\core\protocol.py", line 853, in _handle_getattr
    return self._access_attr(obj, name, (), "_rpyc_getattr", "allow_getattr", getattr)
           ^^^^^^^^^^^^^^^^^^^^^^^^^^^^^^^^^^^^^^^^^^^^^^^^^^^^^^^^^^^^^^^^^^^^^^^^^^^
  File "C:\Users\awsch\miniconda3\envs\nsp\Lib\site-packages\rpyc\core\protocol.py", line 781, in _access_attr
    return accessor(obj, name, *args)
           ^^^^^^^^^^^^^^^^^^^^^^^^^^
AttributeError: 'list' object has no attribute '__array__'
2026-06-01 12:00:56.385 [   DEBUG] (         protocol.py: 363) Exception caught
Traceback (most recent call last):
  File "C:\Users\awsch\miniconda3\envs\nsp\Lib\site-packages\rpyc\core\protocol.py", line 356, in _dispatch_request
    res = self._HANDLERS[handler](self, *args)
          ^^^^^^^^^^^^^^^^^^^^^^^^^^^^^^^^^^^^
  File "C:\Users\awsch\miniconda3\envs\nsp\Lib\site-packages\rpyc\core\protocol.py", line 853, in _handle_getattr
    return self._access_attr(obj, name, (), "_rpyc_getattr", "allow_getattr", getattr)
           ^^^^^^^^^^^^^^^^^^^^^^^^^^^^^^^^^^^^^^^^^^^^^^^^^^^^^^^^^^^^^^^^^^^^^^^^^^^
  File "C:\Users\awsch\miniconda3\envs\nsp\Lib\site-packages\rpyc\core\protocol.py", line 781, in _access_attr
    return accessor(obj, name, *args)
           ^^^^^^^^^^^^^^^^^^^^^^^^^^
AttributeError: 'list' object has no attribute '__array_wrap__'
2026-06-01 12:00:56.386 [   DEBUG] (         protocol.py: 363) Exception caught
Traceback (most recent call last):
  File "C:\Users\awsch\miniconda3\envs\nsp\Lib\site-packages\rpyc\core\protocol.py", line 356, in _dispatch_request
    res = self._HANDLERS[handler](self, *args)
          ^^^^^^^^^^^^^^^^^^^^^^^^^^^^^^^^^^^^
  File "C:\Users\awsch\miniconda3\envs\nsp\Lib\site-packages\rpyc\core\protocol.py", line 853, in _handle_getattr
    return self._access_attr(obj, name, (), "_rpyc_getattr", "allow_getattr", getattr)
           ^^^^^^^^^^^^^^^^^^^^^^^^^^^^^^^^^^^^^^^^^^^^^^^^^^^^^^^^^^^^^^^^^^^^^^^^^^^
  File "C:\Users\awsch\miniconda3\envs\nsp\Lib\site-packages\rpyc\core\protocol.py", line 781, in _access_attr
    return accessor(obj, name, *args)
           ^^^^^^^^^^^^^^^^^^^^^^^^^^
AttributeError: 'list' object has no attribute '__array_wrap__'
2026-06-01 12:00:56.387 [   DEBUG] (         protocol.py: 363) Exception caught
Traceback (most recent call last):
  File "C:\Users\awsch\miniconda3\envs\nsp\Lib\site-packages\rpyc\core\protocol.py", line 356, in _dispatch_request
    res = self._HANDLERS[handler](self, *args)
          ^^^^^^^^^^^^^^^^^^^^^^^^^^^^^^^^^^^^
  File "C:\Users\awsch\miniconda3\envs\nsp\Lib\site-packages\rpyc\core\protocol.py", line 853, in _handle_getattr
    return self._access_attr(obj, name, (), "_rpyc_getattr", "allow_getattr", getattr)
           ^^^^^^^^^^^^^^^^^^^^^^^^^^^^^^^^^^^^^^^^^^^^^^^^^^^^^^^^^^^^^^^^^^^^^^^^^^^
  File "C:\Users\awsch\miniconda3\envs\nsp\Lib\site-packages\rpyc\core\protocol.py", line 781, in _access_attr
    return accessor(obj, name, *args)
           ^^^^^^^^^^^^^^^^^^^^^^^^^^
AttributeError: 'list' object has no attribute 'sum'
2026-06-01 12:00:56.388 [   DEBUG] (         protocol.py: 363) Exception caught
Traceback (most recent call last):
  File "C:\Users\awsch\miniconda3\envs\nsp\Lib\site-packages\rpyc\core\protocol.py", line 356, in _dispatch_request
    res = self._HANDLERS[handler](self, *args)
          ^^^^^^^^^^^^^^^^^^^^^^^^^^^^^^^^^^^^
  File "C:\Users\awsch\miniconda3\envs\nsp\Lib\site-packages\rpyc\core\protocol.py", line 853, in _handle_getattr
    return self._access_attr(obj, name, (), "_rpyc_getattr", "allow_getattr", getattr)
           ^^^^^^^^^^^^^^^^^^^^^^^^^^^^^^^^^^^^^^^^^^^^^^^^^^^^^^^^^^^^^^^^^^^^^^^^^^^
  File "C:\Users\awsch\miniconda3\envs\nsp\Lib\site-packages\rpyc\core\protocol.py", line 781, in _access_attr
    return accessor(obj, name, *args)
           ^^^^^^^^^^^^^^^^^^^^^^^^^^
AttributeError: 'list' object has no attribute 'sum'
2026-06-01 12:00:56.389 [   DEBUG] (         protocol.py: 363) Exception caught
Traceback (most recent call last):
  File "C:\Users\awsch\miniconda3\envs\nsp\Lib\site-packages\rpyc\core\protocol.py", line 356, in _dispatch_request
    res = self._HANDLERS[handler](self, *args)
          ^^^^^^^^^^^^^^^^^^^^^^^^^^^^^^^^^^^^
  File "C:\Users\awsch\miniconda3\envs\nsp\Lib\site-packages\rpyc\core\protocol.py", line 853, in _handle_getattr
    return self._access_attr(obj, name, (), "_rpyc_getattr", "allow_getattr", getattr)
           ^^^^^^^^^^^^^^^^^^^^^^^^^^^^^^^^^^^^^^^^^^^^^^^^^^^^^^^^^^^^^^^^^^^^^^^^^^^
  File "C:\Users\awsch\miniconda3\envs\nsp\Lib\site-packages\rpyc\core\protocol.py", line 781, in _access_attr
    return accessor(obj, name, *args)
           ^^^^^^^^^^^^^^^^^^^^^^^^^^
AttributeError: 'list' object has no attribute '__array__'
2026-06-01 12:00:56.393 [   DEBUG] (         protocol.py: 363) Exception caught
Traceback (most recent call last):
  File "C:\Users\awsch\miniconda3\envs\nsp\Lib\site-packages\rpyc\core\protocol.py", line 356, in _dispatch_request
    res = self._HANDLERS[handler](self, *args)
          ^^^^^^^^^^^^^^^^^^^^^^^^^^^^^^^^^^^^
  File "C:\Users\awsch\miniconda3\envs\nsp\Lib\site-packages\rpyc\core\protocol.py", line 853, in _handle_getattr
    return self._access_attr(obj, name, (), "_rpyc_getattr", "allow_getattr", getattr)
           ^^^^^^^^^^^^^^^^^^^^^^^^^^^^^^^^^^^^^^^^^^^^^^^^^^^^^^^^^^^^^^^^^^^^^^^^^^^
  File "C:\Users\awsch\miniconda3\envs\nsp\Lib\site-packages\rpyc\core\protocol.py", line 781, in _access_attr
    return accessor(obj, name, *args)
           ^^^^^^^^^^^^^^^^^^^^^^^^^^
AttributeError: 'list' object has no attribute '__array_wrap__'
2026-06-01 12:00:56.394 [   DEBUG] (         protocol.py: 363) Exception caught
Traceback (most recent call last):
  File "C:\Users\awsch\miniconda3\envs\nsp\Lib\site-packages\rpyc\core\protocol.py", line 356, in _dispatch_request
    res = self._HANDLERS[handler](self, *args)
          ^^^^^^^^^^^^^^^^^^^^^^^^^^^^^^^^^^^^
  File "C:\Users\awsch\miniconda3\envs\nsp\Lib\site-packages\rpyc\core\protocol.py", line 853, in _handle_getattr
    return self._access_attr(obj, name, (), "_rpyc_getattr", "allow_getattr", getattr)
           ^^^^^^^^^^^^^^^^^^^^^^^^^^^^^^^^^^^^^^^^^^^^^^^^^^^^^^^^^^^^^^^^^^^^^^^^^^^
  File "C:\Users\awsch\miniconda3\envs\nsp\Lib\site-packages\rpyc\core\protocol.py", line 781, in _access_attr
    return accessor(obj, name, *args)
           ^^^^^^^^^^^^^^^^^^^^^^^^^^
AttributeError: 'list' object has no attribute '__array_wrap__'
2026-06-01 12:00:56.400 [   DEBUG] (        highlevel.py: 186) viWrite(2, b'FREQ 9466000000.00\r\n', 20, 'c_ulong(20)') -> 0
2026-06-01 12:00:56.880 [   DEBUG] (         protocol.py: 363) Exception caught
Traceback (most recent call last):
  File "C:\Users\awsch\miniconda3\envs\nsp\Lib\site-packages\rpyc\core\protocol.py", line 356, in _dispatch_request
    res = self._HANDLERS[handler](self, *args)
          ^^^^^^^^^^^^^^^^^^^^^^^^^^^^^^^^^^^^
  File "C:\Users\awsch\miniconda3\envs\nsp\Lib\site-packages\rpyc\core\protocol.py", line 853, in _handle_getattr
    return self._access_attr(obj, name, (), "_rpyc_getattr", "allow_getattr", getattr)
           ^^^^^^^^^^^^^^^^^^^^^^^^^^^^^^^^^^^^^^^^^^^^^^^^^^^^^^^^^^^^^^^^^^^^^^^^^^^
  File "C:\Users\awsch\miniconda3\envs\nsp\Lib\site-packages\rpyc\core\protocol.py", line 781, in _access_attr
    return accessor(obj, name, *args)
           ^^^^^^^^^^^^^^^^^^^^^^^^^^
AttributeError: 'list' object has no attribute 'sum'
2026-06-01 12:00:56.882 [   DEBUG] (         protocol.py: 363) Exception caught
Traceback (most recent call last):
  File "C:\Users\awsch\miniconda3\envs\nsp\Lib\site-packages\rpyc\core\protocol.py", line 356, in _dispatch_request
    res = self._HANDLERS[handler](self, *args)
          ^^^^^^^^^^^^^^^^^^^^^^^^^^^^^^^^^^^^
  File "C:\Users\awsch\miniconda3\envs\nsp\Lib\site-packages\rpyc\core\protocol.py", line 853, in _handle_getattr
    return self._access_attr(obj, name, (), "_rpyc_getattr", "allow_getattr", getattr)
           ^^^^^^^^^^^^^^^^^^^^^^^^^^^^^^^^^^^^^^^^^^^^^^^^^^^^^^^^^^^^^^^^^^^^^^^^^^^
  File "C:\Users\awsch\miniconda3\envs\nsp\Lib\site-packages\rpyc\core\protocol.py", line 781, in _access_attr
    return accessor(obj, name, *args)
           ^^^^^^^^^^^^^^^^^^^^^^^^^^
AttributeError: 'list' object has no attribute 'sum'
2026-06-01 12:00:56.885 [   DEBUG] (         protocol.py: 363) Exception caught
Traceback (most recent call last):
  File "C:\Users\awsch\miniconda3\envs\nsp\Lib\site-packages\rpyc\core\protocol.py", line 356, in _dispatch_request
    res = self._HANDLERS[handler](self, *args)
          ^^^^^^^^^^^^^^^^^^^^^^^^^^^^^^^^^^^^
  File "C:\Users\awsch\miniconda3\envs\nsp\Lib\site-packages\rpyc\core\protocol.py", line 853, in _handle_getattr
    return self._access_attr(obj, name, (), "_rpyc_getattr", "allow_getattr", getattr)
           ^^^^^^^^^^^^^^^^^^^^^^^^^^^^^^^^^^^^^^^^^^^^^^^^^^^^^^^^^^^^^^^^^^^^^^^^^^^
  File "C:\Users\awsch\miniconda3\envs\nsp\Lib\site-packages\rpyc\core\protocol.py", line 781, in _access_attr
    return accessor(obj, name, *args)
           ^^^^^^^^^^^^^^^^^^^^^^^^^^
AttributeError: 'list' object has no attribute '__array__'
2026-06-01 12:00:56.893 [   DEBUG] (         protocol.py: 363) Exception caught
Traceback (most recent call last):
  File "C:\Users\awsch\miniconda3\envs\nsp\Lib\site-packages\rpyc\core\protocol.py", line 356, in _dispatch_request
    res = self._HANDLERS[handler](self, *args)
          ^^^^^^^^^^^^^^^^^^^^^^^^^^^^^^^^^^^^
  File "C:\Users\awsch\miniconda3\envs\nsp\Lib\site-packages\rpyc\core\protocol.py", line 853, in _handle_getattr
    return self._access_attr(obj, name, (), "_rpyc_getattr", "allow_getattr", getattr)
           ^^^^^^^^^^^^^^^^^^^^^^^^^^^^^^^^^^^^^^^^^^^^^^^^^^^^^^^^^^^^^^^^^^^^^^^^^^^
  File "C:\Users\awsch\miniconda3\envs\nsp\Lib\site-packages\rpyc\core\protocol.py", line 781, in _access_attr
    return accessor(obj, name, *args)
           ^^^^^^^^^^^^^^^^^^^^^^^^^^
AttributeError: 'list' object has no attribute '__array_wrap__'
2026-06-01 12:00:56.896 [   DEBUG] (         protocol.py: 363) Exception caught
Traceback (most recent call last):
  File "C:\Users\awsch\miniconda3\envs\nsp\Lib\site-packages\rpyc\core\protocol.py", line 356, in _dispatch_request
    res = self._HANDLERS[handler](self, *args)
          ^^^^^^^^^^^^^^^^^^^^^^^^^^^^^^^^^^^^
  File "C:\Users\awsch\miniconda3\envs\nsp\Lib\site-packages\rpyc\core\protocol.py", line 853, in _handle_getattr
    return self._access_attr(obj, name, (), "_rpyc_getattr", "allow_getattr", getattr)
           ^^^^^^^^^^^^^^^^^^^^^^^^^^^^^^^^^^^^^^^^^^^^^^^^^^^^^^^^^^^^^^^^^^^^^^^^^^^
  File "C:\Users\awsch\miniconda3\envs\nsp\Lib\site-packages\rpyc\core\protocol.py", line 781, in _access_attr
    return accessor(obj, name, *args)
           ^^^^^^^^^^^^^^^^^^^^^^^^^^
AttributeError: 'list' object has no attribute '__array_wrap__'
2026-06-01 12:00:56.898 [   DEBUG] (         protocol.py: 363) Exception caught
Traceback (most recent call last):
  File "C:\Users\awsch\miniconda3\envs\nsp\Lib\site-packages\rpyc\core\protocol.py", line 356, in _dispatch_request
    res = self._HANDLERS[handler](self, *args)
          ^^^^^^^^^^^^^^^^^^^^^^^^^^^^^^^^^^^^
  File "C:\Users\awsch\miniconda3\envs\nsp\Lib\site-packages\rpyc\core\protocol.py", line 853, in _handle_getattr
    return self._access_attr(obj, name, (), "_rpyc_getattr", "allow_getattr", getattr)
           ^^^^^^^^^^^^^^^^^^^^^^^^^^^^^^^^^^^^^^^^^^^^^^^^^^^^^^^^^^^^^^^^^^^^^^^^^^^
  File "C:\Users\awsch\miniconda3\envs\nsp\Lib\site-packages\rpyc\core\protocol.py", line 781, in _access_attr
    return accessor(obj, name, *args)
           ^^^^^^^^^^^^^^^^^^^^^^^^^^
AttributeError: 'list' object has no attribute 'sum'
2026-06-01 12:00:56.901 [   DEBUG] (         protocol.py: 363) Exception caught
Traceback (most recent call last):
  File "C:\Users\awsch\miniconda3\envs\nsp\Lib\site-packages\rpyc\core\protocol.py", line 356, in _dispatch_request
    res = self._HANDLERS[handler](self, *args)
          ^^^^^^^^^^^^^^^^^^^^^^^^^^^^^^^^^^^^
  File "C:\Users\awsch\miniconda3\envs\nsp\Lib\site-packages\rpyc\core\protocol.py", line 853, in _handle_getattr
    return self._access_attr(obj, name, (), "_rpyc_getattr", "allow_getattr", getattr)
           ^^^^^^^^^^^^^^^^^^^^^^^^^^^^^^^^^^^^^^^^^^^^^^^^^^^^^^^^^^^^^^^^^^^^^^^^^^^
  File "C:\Users\awsch\miniconda3\envs\nsp\Lib\site-packages\rpyc\core\protocol.py", line 781, in _access_attr
    return accessor(obj, name, *args)
           ^^^^^^^^^^^^^^^^^^^^^^^^^^
AttributeError: 'list' object has no attribute 'sum'
2026-06-01 12:00:56.903 [   DEBUG] (         protocol.py: 363) Exception caught
Traceback (most recent call last):
  File "C:\Users\awsch\miniconda3\envs\nsp\Lib\site-packages\rpyc\core\protocol.py", line 356, in _dispatch_request
    res = self._HANDLERS[handler](self, *args)
          ^^^^^^^^^^^^^^^^^^^^^^^^^^^^^^^^^^^^
  File "C:\Users\awsch\miniconda3\envs\nsp\Lib\site-packages\rpyc\core\protocol.py", line 853, in _handle_getattr
    return self._access_attr(obj, name, (), "_rpyc_getattr", "allow_getattr", getattr)
           ^^^^^^^^^^^^^^^^^^^^^^^^^^^^^^^^^^^^^^^^^^^^^^^^^^^^^^^^^^^^^^^^^^^^^^^^^^^
  File "C:\Users\awsch\miniconda3\envs\nsp\Lib\site-packages\rpyc\core\protocol.py", line 781, in _access_attr
    return accessor(obj, name, *args)
           ^^^^^^^^^^^^^^^^^^^^^^^^^^
AttributeError: 'list' object has no attribute '__array__'
2026-06-01 12:00:56.912 [   DEBUG] (         protocol.py: 363) Exception caught
Traceback (most recent call last):
  File "C:\Users\awsch\miniconda3\envs\nsp\Lib\site-packages\rpyc\core\protocol.py", line 356, in _dispatch_request
    res = self._HANDLERS[handler](self, *args)
          ^^^^^^^^^^^^^^^^^^^^^^^^^^^^^^^^^^^^
  File "C:\Users\awsch\miniconda3\envs\nsp\Lib\site-packages\rpyc\core\protocol.py", line 853, in _handle_getattr
    return self._access_attr(obj, name, (), "_rpyc_getattr", "allow_getattr", getattr)
           ^^^^^^^^^^^^^^^^^^^^^^^^^^^^^^^^^^^^^^^^^^^^^^^^^^^^^^^^^^^^^^^^^^^^^^^^^^^
  File "C:\Users\awsch\miniconda3\envs\nsp\Lib\site-packages\rpyc\core\protocol.py", line 781, in _access_attr
    return accessor(obj, name, *args)
           ^^^^^^^^^^^^^^^^^^^^^^^^^^
AttributeError: 'list' object has no attribute '__array_wrap__'
2026-06-01 12:00:56.914 [   DEBUG] (         protocol.py: 363) Exception caught
Traceback (most recent call last):
  File "C:\Users\awsch\miniconda3\envs\nsp\Lib\site-packages\rpyc\core\protocol.py", line 356, in _dispatch_request
    res = self._HANDLERS[handler](self, *args)
          ^^^^^^^^^^^^^^^^^^^^^^^^^^^^^^^^^^^^
  File "C:\Users\awsch\miniconda3\envs\nsp\Lib\site-packages\rpyc\core\protocol.py", line 853, in _handle_getattr
    return self._access_attr(obj, name, (), "_rpyc_getattr", "allow_getattr", getattr)
           ^^^^^^^^^^^^^^^^^^^^^^^^^^^^^^^^^^^^^^^^^^^^^^^^^^^^^^^^^^^^^^^^^^^^^^^^^^^
  File "C:\Users\awsch\miniconda3\envs\nsp\Lib\site-packages\rpyc\core\protocol.py", line 781, in _access_attr
    return accessor(obj, name, *args)
           ^^^^^^^^^^^^^^^^^^^^^^^^^^
AttributeError: 'list' object has no attribute '__array_wrap__'
2026-06-01 12:00:56.924 [   DEBUG] (        highlevel.py: 186) viWrite(2, b'FREQ 9472000000.00\r\n', 20, 'c_ulong(20)') -> 0
2026-06-01 12:00:57.430 [   DEBUG] (         protocol.py: 363) Exception caught
Traceback (most recent call last):
  File "C:\Users\awsch\miniconda3\envs\nsp\Lib\site-packages\rpyc\core\protocol.py", line 356, in _dispatch_request
    res = self._HANDLERS[handler](self, *args)
          ^^^^^^^^^^^^^^^^^^^^^^^^^^^^^^^^^^^^
  File "C:\Users\awsch\miniconda3\envs\nsp\Lib\site-packages\rpyc\core\protocol.py", line 853, in _handle_getattr
    return self._access_attr(obj, name, (), "_rpyc_getattr", "allow_getattr", getattr)
           ^^^^^^^^^^^^^^^^^^^^^^^^^^^^^^^^^^^^^^^^^^^^^^^^^^^^^^^^^^^^^^^^^^^^^^^^^^^
  File "C:\Users\awsch\miniconda3\envs\nsp\Lib\site-packages\rpyc\core\protocol.py", line 781, in _access_attr
    return accessor(obj, name, *args)
           ^^^^^^^^^^^^^^^^^^^^^^^^^^
AttributeError: 'list' object has no attribute 'sum'
2026-06-01 12:00:57.436 [   DEBUG] (         protocol.py: 363) Exception caught
Traceback (most recent call last):
  File "C:\Users\awsch\miniconda3\envs\nsp\Lib\site-packages\rpyc\core\protocol.py", line 356, in _dispatch_request
    res = self._HANDLERS[handler](self, *args)
          ^^^^^^^^^^^^^^^^^^^^^^^^^^^^^^^^^^^^
  File "C:\Users\awsch\miniconda3\envs\nsp\Lib\site-packages\rpyc\core\protocol.py", line 853, in _handle_getattr
    return self._access_attr(obj, name, (), "_rpyc_getattr", "allow_getattr", getattr)
           ^^^^^^^^^^^^^^^^^^^^^^^^^^^^^^^^^^^^^^^^^^^^^^^^^^^^^^^^^^^^^^^^^^^^^^^^^^^
  File "C:\Users\awsch\miniconda3\envs\nsp\Lib\site-packages\rpyc\core\protocol.py", line 781, in _access_attr
    return accessor(obj, name, *args)
           ^^^^^^^^^^^^^^^^^^^^^^^^^^
AttributeError: 'list' object has no attribute 'sum'
2026-06-01 12:00:57.439 [   DEBUG] (         protocol.py: 363) Exception caught
Traceback (most recent call last):
  File "C:\Users\awsch\miniconda3\envs\nsp\Lib\site-packages\rpyc\core\protocol.py", line 356, in _dispatch_request
    res = self._HANDLERS[handler](self, *args)
          ^^^^^^^^^^^^^^^^^^^^^^^^^^^^^^^^^^^^
  File "C:\Users\awsch\miniconda3\envs\nsp\Lib\site-packages\rpyc\core\protocol.py", line 853, in _handle_getattr
    return self._access_attr(obj, name, (), "_rpyc_getattr", "allow_getattr", getattr)
           ^^^^^^^^^^^^^^^^^^^^^^^^^^^^^^^^^^^^^^^^^^^^^^^^^^^^^^^^^^^^^^^^^^^^^^^^^^^
  File "C:\Users\awsch\miniconda3\envs\nsp\Lib\site-packages\rpyc\core\protocol.py", line 781, in _access_attr
    return accessor(obj, name, *args)
           ^^^^^^^^^^^^^^^^^^^^^^^^^^
AttributeError: 'list' object has no attribute '__array__'
2026-06-01 12:00:57.452 [   DEBUG] (         protocol.py: 363) Exception caught
Traceback (most recent call last):
  File "C:\Users\awsch\miniconda3\envs\nsp\Lib\site-packages\rpyc\core\protocol.py", line 356, in _dispatch_request
    res = self._HANDLERS[handler](self, *args)
          ^^^^^^^^^^^^^^^^^^^^^^^^^^^^^^^^^^^^
  File "C:\Users\awsch\miniconda3\envs\nsp\Lib\site-packages\rpyc\core\protocol.py", line 853, in _handle_getattr
    return self._access_attr(obj, name, (), "_rpyc_getattr", "allow_getattr", getattr)
           ^^^^^^^^^^^^^^^^^^^^^^^^^^^^^^^^^^^^^^^^^^^^^^^^^^^^^^^^^^^^^^^^^^^^^^^^^^^
  File "C:\Users\awsch\miniconda3\envs\nsp\Lib\site-packages\rpyc\core\protocol.py", line 781, in _access_attr
    return accessor(obj, name, *args)
           ^^^^^^^^^^^^^^^^^^^^^^^^^^
AttributeError: 'list' object has no attribute '__array_wrap__'
2026-06-01 12:00:57.455 [   DEBUG] (         protocol.py: 363) Exception caught
Traceback (most recent call last):
  File "C:\Users\awsch\miniconda3\envs\nsp\Lib\site-packages\rpyc\core\protocol.py", line 356, in _dispatch_request
    res = self._HANDLERS[handler](self, *args)
          ^^^^^^^^^^^^^^^^^^^^^^^^^^^^^^^^^^^^
  File "C:\Users\awsch\miniconda3\envs\nsp\Lib\site-packages\rpyc\core\protocol.py", line 853, in _handle_getattr
    return self._access_attr(obj, name, (), "_rpyc_getattr", "allow_getattr", getattr)
           ^^^^^^^^^^^^^^^^^^^^^^^^^^^^^^^^^^^^^^^^^^^^^^^^^^^^^^^^^^^^^^^^^^^^^^^^^^^
  File "C:\Users\awsch\miniconda3\envs\nsp\Lib\site-packages\rpyc\core\protocol.py", line 781, in _access_attr
    return accessor(obj, name, *args)
           ^^^^^^^^^^^^^^^^^^^^^^^^^^
AttributeError: 'list' object has no attribute '__array_wrap__'
2026-06-01 12:00:57.459 [   DEBUG] (         protocol.py: 363) Exception caught
Traceback (most recent call last):
  File "C:\Users\awsch\miniconda3\envs\nsp\Lib\site-packages\rpyc\core\protocol.py", line 356, in _dispatch_request
    res = self._HANDLERS[handler](self, *args)
          ^^^^^^^^^^^^^^^^^^^^^^^^^^^^^^^^^^^^
  File "C:\Users\awsch\miniconda3\envs\nsp\Lib\site-packages\rpyc\core\protocol.py", line 853, in _handle_getattr
    return self._access_attr(obj, name, (), "_rpyc_getattr", "allow_getattr", getattr)
           ^^^^^^^^^^^^^^^^^^^^^^^^^^^^^^^^^^^^^^^^^^^^^^^^^^^^^^^^^^^^^^^^^^^^^^^^^^^
  File "C:\Users\awsch\miniconda3\envs\nsp\Lib\site-packages\rpyc\core\protocol.py", line 781, in _access_attr
    return accessor(obj, name, *args)
           ^^^^^^^^^^^^^^^^^^^^^^^^^^
AttributeError: 'list' object has no attribute 'sum'
2026-06-01 12:00:57.462 [   DEBUG] (         protocol.py: 363) Exception caught
Traceback (most recent call last):
  File "C:\Users\awsch\miniconda3\envs\nsp\Lib\site-packages\rpyc\core\protocol.py", line 356, in _dispatch_request
    res = self._HANDLERS[handler](self, *args)
          ^^^^^^^^^^^^^^^^^^^^^^^^^^^^^^^^^^^^
  File "C:\Users\awsch\miniconda3\envs\nsp\Lib\site-packages\rpyc\core\protocol.py", line 853, in _handle_getattr
    return self._access_attr(obj, name, (), "_rpyc_getattr", "allow_getattr", getattr)
           ^^^^^^^^^^^^^^^^^^^^^^^^^^^^^^^^^^^^^^^^^^^^^^^^^^^^^^^^^^^^^^^^^^^^^^^^^^^
  File "C:\Users\awsch\miniconda3\envs\nsp\Lib\site-packages\rpyc\core\protocol.py", line 781, in _access_attr
    return accessor(obj, name, *args)
           ^^^^^^^^^^^^^^^^^^^^^^^^^^
AttributeError: 'list' object has no attribute 'sum'
2026-06-01 12:00:57.465 [   DEBUG] (         protocol.py: 363) Exception caught
Traceback (most recent call last):
  File "C:\Users\awsch\miniconda3\envs\nsp\Lib\site-packages\rpyc\core\protocol.py", line 356, in _dispatch_request
    res = self._HANDLERS[handler](self, *args)
          ^^^^^^^^^^^^^^^^^^^^^^^^^^^^^^^^^^^^
  File "C:\Users\awsch\miniconda3\envs\nsp\Lib\site-packages\rpyc\core\protocol.py", line 853, in _handle_getattr
    return self._access_attr(obj, name, (), "_rpyc_getattr", "allow_getattr", getattr)
           ^^^^^^^^^^^^^^^^^^^^^^^^^^^^^^^^^^^^^^^^^^^^^^^^^^^^^^^^^^^^^^^^^^^^^^^^^^^
  File "C:\Users\awsch\miniconda3\envs\nsp\Lib\site-packages\rpyc\core\protocol.py", line 781, in _access_attr
    return accessor(obj, name, *args)
           ^^^^^^^^^^^^^^^^^^^^^^^^^^
AttributeError: 'list' object has no attribute '__array__'
2026-06-01 12:00:57.473 [   DEBUG] (         protocol.py: 363) Exception caught
Traceback (most recent call last):
  File "C:\Users\awsch\miniconda3\envs\nsp\Lib\site-packages\rpyc\core\protocol.py", line 356, in _dispatch_request
    res = self._HANDLERS[handler](self, *args)
          ^^^^^^^^^^^^^^^^^^^^^^^^^^^^^^^^^^^^
  File "C:\Users\awsch\miniconda3\envs\nsp\Lib\site-packages\rpyc\core\protocol.py", line 853, in _handle_getattr
    return self._access_attr(obj, name, (), "_rpyc_getattr", "allow_getattr", getattr)
           ^^^^^^^^^^^^^^^^^^^^^^^^^^^^^^^^^^^^^^^^^^^^^^^^^^^^^^^^^^^^^^^^^^^^^^^^^^^
  File "C:\Users\awsch\miniconda3\envs\nsp\Lib\site-packages\rpyc\core\protocol.py", line 781, in _access_attr
    return accessor(obj, name, *args)
           ^^^^^^^^^^^^^^^^^^^^^^^^^^
AttributeError: 'list' object has no attribute '__array_wrap__'
2026-06-01 12:00:57.475 [   DEBUG] (         protocol.py: 363) Exception caught
Traceback (most recent call last):
  File "C:\Users\awsch\miniconda3\envs\nsp\Lib\site-packages\rpyc\core\protocol.py", line 356, in _dispatch_request
    res = self._HANDLERS[handler](self, *args)
          ^^^^^^^^^^^^^^^^^^^^^^^^^^^^^^^^^^^^
  File "C:\Users\awsch\miniconda3\envs\nsp\Lib\site-packages\rpyc\core\protocol.py", line 853, in _handle_getattr
    return self._access_attr(obj, name, (), "_rpyc_getattr", "allow_getattr", getattr)
           ^^^^^^^^^^^^^^^^^^^^^^^^^^^^^^^^^^^^^^^^^^^^^^^^^^^^^^^^^^^^^^^^^^^^^^^^^^^
  File "C:\Users\awsch\miniconda3\envs\nsp\Lib\site-packages\rpyc\core\protocol.py", line 781, in _access_attr
    return accessor(obj, name, *args)
           ^^^^^^^^^^^^^^^^^^^^^^^^^^
AttributeError: 'list' object has no attribute '__array_wrap__'
2026-06-01 12:00:57.484 [   DEBUG] (        highlevel.py: 186) viWrite(2, b'FREQ 9478000000.00\r\n', 20, 'c_ulong(20)') -> 0
2026-06-01 12:00:58.021 [   DEBUG] (         protocol.py: 363) Exception caught
Traceback (most recent call last):
  File "C:\Users\awsch\miniconda3\envs\nsp\Lib\site-packages\rpyc\core\protocol.py", line 356, in _dispatch_request
    res = self._HANDLERS[handler](self, *args)
          ^^^^^^^^^^^^^^^^^^^^^^^^^^^^^^^^^^^^
  File "C:\Users\awsch\miniconda3\envs\nsp\Lib\site-packages\rpyc\core\protocol.py", line 853, in _handle_getattr
    return self._access_attr(obj, name, (), "_rpyc_getattr", "allow_getattr", getattr)
           ^^^^^^^^^^^^^^^^^^^^^^^^^^^^^^^^^^^^^^^^^^^^^^^^^^^^^^^^^^^^^^^^^^^^^^^^^^^
  File "C:\Users\awsch\miniconda3\envs\nsp\Lib\site-packages\rpyc\core\protocol.py", line 781, in _access_attr
    return accessor(obj, name, *args)
           ^^^^^^^^^^^^^^^^^^^^^^^^^^
AttributeError: 'list' object has no attribute 'sum'
2026-06-01 12:00:58.027 [   DEBUG] (         protocol.py: 363) Exception caught
Traceback (most recent call last):
  File "C:\Users\awsch\miniconda3\envs\nsp\Lib\site-packages\rpyc\core\protocol.py", line 356, in _dispatch_request
    res = self._HANDLERS[handler](self, *args)
          ^^^^^^^^^^^^^^^^^^^^^^^^^^^^^^^^^^^^
  File "C:\Users\awsch\miniconda3\envs\nsp\Lib\site-packages\rpyc\core\protocol.py", line 853, in _handle_getattr
    return self._access_attr(obj, name, (), "_rpyc_getattr", "allow_getattr", getattr)
           ^^^^^^^^^^^^^^^^^^^^^^^^^^^^^^^^^^^^^^^^^^^^^^^^^^^^^^^^^^^^^^^^^^^^^^^^^^^
  File "C:\Users\awsch\miniconda3\envs\nsp\Lib\site-packages\rpyc\core\protocol.py", line 781, in _access_attr
    return accessor(obj, name, *args)
           ^^^^^^^^^^^^^^^^^^^^^^^^^^
AttributeError: 'list' object has no attribute 'sum'
2026-06-01 12:00:58.033 [   DEBUG] (         protocol.py: 363) Exception caught
Traceback (most recent call last):
  File "C:\Users\awsch\miniconda3\envs\nsp\Lib\site-packages\rpyc\core\protocol.py", line 356, in _dispatch_request
    res = self._HANDLERS[handler](self, *args)
          ^^^^^^^^^^^^^^^^^^^^^^^^^^^^^^^^^^^^
  File "C:\Users\awsch\miniconda3\envs\nsp\Lib\site-packages\rpyc\core\protocol.py", line 853, in _handle_getattr
    return self._access_attr(obj, name, (), "_rpyc_getattr", "allow_getattr", getattr)
           ^^^^^^^^^^^^^^^^^^^^^^^^^^^^^^^^^^^^^^^^^^^^^^^^^^^^^^^^^^^^^^^^^^^^^^^^^^^
  File "C:\Users\awsch\miniconda3\envs\nsp\Lib\site-packages\rpyc\core\protocol.py", line 781, in _access_attr
    return accessor(obj, name, *args)
           ^^^^^^^^^^^^^^^^^^^^^^^^^^
AttributeError: 'list' object has no attribute '__array__'
2026-06-01 12:00:58.047 [   DEBUG] (         protocol.py: 363) Exception caught
Traceback (most recent call last):
  File "C:\Users\awsch\miniconda3\envs\nsp\Lib\site-packages\rpyc\core\protocol.py", line 356, in _dispatch_request
    res = self._HANDLERS[handler](self, *args)
          ^^^^^^^^^^^^^^^^^^^^^^^^^^^^^^^^^^^^
  File "C:\Users\awsch\miniconda3\envs\nsp\Lib\site-packages\rpyc\core\protocol.py", line 853, in _handle_getattr
    return self._access_attr(obj, name, (), "_rpyc_getattr", "allow_getattr", getattr)
           ^^^^^^^^^^^^^^^^^^^^^^^^^^^^^^^^^^^^^^^^^^^^^^^^^^^^^^^^^^^^^^^^^^^^^^^^^^^
  File "C:\Users\awsch\miniconda3\envs\nsp\Lib\site-packages\rpyc\core\protocol.py", line 781, in _access_attr
    return accessor(obj, name, *args)
           ^^^^^^^^^^^^^^^^^^^^^^^^^^
AttributeError: 'list' object has no attribute '__array_wrap__'
2026-06-01 12:00:58.050 [   DEBUG] (         protocol.py: 363) Exception caught
Traceback (most recent call last):
  File "C:\Users\awsch\miniconda3\envs\nsp\Lib\site-packages\rpyc\core\protocol.py", line 356, in _dispatch_request
    res = self._HANDLERS[handler](self, *args)
          ^^^^^^^^^^^^^^^^^^^^^^^^^^^^^^^^^^^^
  File "C:\Users\awsch\miniconda3\envs\nsp\Lib\site-packages\rpyc\core\protocol.py", line 853, in _handle_getattr
    return self._access_attr(obj, name, (), "_rpyc_getattr", "allow_getattr", getattr)
           ^^^^^^^^^^^^^^^^^^^^^^^^^^^^^^^^^^^^^^^^^^^^^^^^^^^^^^^^^^^^^^^^^^^^^^^^^^^
  File "C:\Users\awsch\miniconda3\envs\nsp\Lib\site-packages\rpyc\core\protocol.py", line 781, in _access_attr
    return accessor(obj, name, *args)
           ^^^^^^^^^^^^^^^^^^^^^^^^^^
AttributeError: 'list' object has no attribute '__array_wrap__'
2026-06-01 12:00:58.053 [   DEBUG] (         protocol.py: 363) Exception caught
Traceback (most recent call last):
  File "C:\Users\awsch\miniconda3\envs\nsp\Lib\site-packages\rpyc\core\protocol.py", line 356, in _dispatch_request
    res = self._HANDLERS[handler](self, *args)
          ^^^^^^^^^^^^^^^^^^^^^^^^^^^^^^^^^^^^
  File "C:\Users\awsch\miniconda3\envs\nsp\Lib\site-packages\rpyc\core\protocol.py", line 853, in _handle_getattr
    return self._access_attr(obj, name, (), "_rpyc_getattr", "allow_getattr", getattr)
           ^^^^^^^^^^^^^^^^^^^^^^^^^^^^^^^^^^^^^^^^^^^^^^^^^^^^^^^^^^^^^^^^^^^^^^^^^^^
  File "C:\Users\awsch\miniconda3\envs\nsp\Lib\site-packages\rpyc\core\protocol.py", line 781, in _access_attr
    return accessor(obj, name, *args)
           ^^^^^^^^^^^^^^^^^^^^^^^^^^
AttributeError: 'list' object has no attribute 'sum'
2026-06-01 12:00:58.056 [   DEBUG] (         protocol.py: 363) Exception caught
Traceback (most recent call last):
  File "C:\Users\awsch\miniconda3\envs\nsp\Lib\site-packages\rpyc\core\protocol.py", line 356, in _dispatch_request
    res = self._HANDLERS[handler](self, *args)
          ^^^^^^^^^^^^^^^^^^^^^^^^^^^^^^^^^^^^
  File "C:\Users\awsch\miniconda3\envs\nsp\Lib\site-packages\rpyc\core\protocol.py", line 853, in _handle_getattr
    return self._access_attr(obj, name, (), "_rpyc_getattr", "allow_getattr", getattr)
           ^^^^^^^^^^^^^^^^^^^^^^^^^^^^^^^^^^^^^^^^^^^^^^^^^^^^^^^^^^^^^^^^^^^^^^^^^^^
  File "C:\Users\awsch\miniconda3\envs\nsp\Lib\site-packages\rpyc\core\protocol.py", line 781, in _access_attr
    return accessor(obj, name, *args)
           ^^^^^^^^^^^^^^^^^^^^^^^^^^
AttributeError: 'list' object has no attribute 'sum'
2026-06-01 12:00:58.059 [   DEBUG] (         protocol.py: 363) Exception caught
Traceback (most recent call last):
  File "C:\Users\awsch\miniconda3\envs\nsp\Lib\site-packages\rpyc\core\protocol.py", line 356, in _dispatch_request
    res = self._HANDLERS[handler](self, *args)
          ^^^^^^^^^^^^^^^^^^^^^^^^^^^^^^^^^^^^
  File "C:\Users\awsch\miniconda3\envs\nsp\Lib\site-packages\rpyc\core\protocol.py", line 853, in _handle_getattr
    return self._access_attr(obj, name, (), "_rpyc_getattr", "allow_getattr", getattr)
           ^^^^^^^^^^^^^^^^^^^^^^^^^^^^^^^^^^^^^^^^^^^^^^^^^^^^^^^^^^^^^^^^^^^^^^^^^^^
  File "C:\Users\awsch\miniconda3\envs\nsp\Lib\site-packages\rpyc\core\protocol.py", line 781, in _access_attr
    return accessor(obj, name, *args)
           ^^^^^^^^^^^^^^^^^^^^^^^^^^
AttributeError: 'list' object has no attribute '__array__'
2026-06-01 12:00:58.068 [   DEBUG] (         protocol.py: 363) Exception caught
Traceback (most recent call last):
  File "C:\Users\awsch\miniconda3\envs\nsp\Lib\site-packages\rpyc\core\protocol.py", line 356, in _dispatch_request
    res = self._HANDLERS[handler](self, *args)
          ^^^^^^^^^^^^^^^^^^^^^^^^^^^^^^^^^^^^
  File "C:\Users\awsch\miniconda3\envs\nsp\Lib\site-packages\rpyc\core\protocol.py", line 853, in _handle_getattr
    return self._access_attr(obj, name, (), "_rpyc_getattr", "allow_getattr", getattr)
           ^^^^^^^^^^^^^^^^^^^^^^^^^^^^^^^^^^^^^^^^^^^^^^^^^^^^^^^^^^^^^^^^^^^^^^^^^^^
  File "C:\Users\awsch\miniconda3\envs\nsp\Lib\site-packages\rpyc\core\protocol.py", line 781, in _access_attr
    return accessor(obj, name, *args)
           ^^^^^^^^^^^^^^^^^^^^^^^^^^
AttributeError: 'list' object has no attribute '__array_wrap__'
2026-06-01 12:00:58.069 [   DEBUG] (         protocol.py: 363) Exception caught
Traceback (most recent call last):
  File "C:\Users\awsch\miniconda3\envs\nsp\Lib\site-packages\rpyc\core\protocol.py", line 356, in _dispatch_request
    res = self._HANDLERS[handler](self, *args)
          ^^^^^^^^^^^^^^^^^^^^^^^^^^^^^^^^^^^^
  File "C:\Users\awsch\miniconda3\envs\nsp\Lib\site-packages\rpyc\core\protocol.py", line 853, in _handle_getattr
    return self._access_attr(obj, name, (), "_rpyc_getattr", "allow_getattr", getattr)
           ^^^^^^^^^^^^^^^^^^^^^^^^^^^^^^^^^^^^^^^^^^^^^^^^^^^^^^^^^^^^^^^^^^^^^^^^^^^
  File "C:\Users\awsch\miniconda3\envs\nsp\Lib\site-packages\rpyc\core\protocol.py", line 781, in _access_attr
    return accessor(obj, name, *args)
           ^^^^^^^^^^^^^^^^^^^^^^^^^^
AttributeError: 'list' object has no attribute '__array_wrap__'
2026-06-01 12:00:58.077 [   DEBUG] (        highlevel.py: 186) viWrite(2, b'FREQ 9484000000.00\r\n', 20, 'c_ulong(20)') -> 0
2026-06-01 12:00:58.584 [   DEBUG] (         protocol.py: 363) Exception caught
Traceback (most recent call last):
  File "C:\Users\awsch\miniconda3\envs\nsp\Lib\site-packages\rpyc\core\protocol.py", line 356, in _dispatch_request
    res = self._HANDLERS[handler](self, *args)
          ^^^^^^^^^^^^^^^^^^^^^^^^^^^^^^^^^^^^
  File "C:\Users\awsch\miniconda3\envs\nsp\Lib\site-packages\rpyc\core\protocol.py", line 853, in _handle_getattr
    return self._access_attr(obj, name, (), "_rpyc_getattr", "allow_getattr", getattr)
           ^^^^^^^^^^^^^^^^^^^^^^^^^^^^^^^^^^^^^^^^^^^^^^^^^^^^^^^^^^^^^^^^^^^^^^^^^^^
  File "C:\Users\awsch\miniconda3\envs\nsp\Lib\site-packages\rpyc\core\protocol.py", line 781, in _access_attr
    return accessor(obj, name, *args)
           ^^^^^^^^^^^^^^^^^^^^^^^^^^
AttributeError: 'list' object has no attribute 'sum'
2026-06-01 12:00:58.585 [   DEBUG] (         protocol.py: 363) Exception caught
Traceback (most recent call last):
  File "C:\Users\awsch\miniconda3\envs\nsp\Lib\site-packages\rpyc\core\protocol.py", line 356, in _dispatch_request
    res = self._HANDLERS[handler](self, *args)
          ^^^^^^^^^^^^^^^^^^^^^^^^^^^^^^^^^^^^
  File "C:\Users\awsch\miniconda3\envs\nsp\Lib\site-packages\rpyc\core\protocol.py", line 853, in _handle_getattr
    return self._access_attr(obj, name, (), "_rpyc_getattr", "allow_getattr", getattr)
           ^^^^^^^^^^^^^^^^^^^^^^^^^^^^^^^^^^^^^^^^^^^^^^^^^^^^^^^^^^^^^^^^^^^^^^^^^^^
  File "C:\Users\awsch\miniconda3\envs\nsp\Lib\site-packages\rpyc\core\protocol.py", line 781, in _access_attr
    return accessor(obj, name, *args)
           ^^^^^^^^^^^^^^^^^^^^^^^^^^
AttributeError: 'list' object has no attribute 'sum'
2026-06-01 12:00:58.587 [   DEBUG] (         protocol.py: 363) Exception caught
Traceback (most recent call last):
  File "C:\Users\awsch\miniconda3\envs\nsp\Lib\site-packages\rpyc\core\protocol.py", line 356, in _dispatch_request
    res = self._HANDLERS[handler](self, *args)
          ^^^^^^^^^^^^^^^^^^^^^^^^^^^^^^^^^^^^
  File "C:\Users\awsch\miniconda3\envs\nsp\Lib\site-packages\rpyc\core\protocol.py", line 853, in _handle_getattr
    return self._access_attr(obj, name, (), "_rpyc_getattr", "allow_getattr", getattr)
           ^^^^^^^^^^^^^^^^^^^^^^^^^^^^^^^^^^^^^^^^^^^^^^^^^^^^^^^^^^^^^^^^^^^^^^^^^^^
  File "C:\Users\awsch\miniconda3\envs\nsp\Lib\site-packages\rpyc\core\protocol.py", line 781, in _access_attr
    return accessor(obj, name, *args)
           ^^^^^^^^^^^^^^^^^^^^^^^^^^
AttributeError: 'list' object has no attribute '__array__'
2026-06-01 12:00:58.592 [   DEBUG] (         protocol.py: 363) Exception caught
Traceback (most recent call last):
  File "C:\Users\awsch\miniconda3\envs\nsp\Lib\site-packages\rpyc\core\protocol.py", line 356, in _dispatch_request
    res = self._HANDLERS[handler](self, *args)
          ^^^^^^^^^^^^^^^^^^^^^^^^^^^^^^^^^^^^
  File "C:\Users\awsch\miniconda3\envs\nsp\Lib\site-packages\rpyc\core\protocol.py", line 853, in _handle_getattr
    return self._access_attr(obj, name, (), "_rpyc_getattr", "allow_getattr", getattr)
           ^^^^^^^^^^^^^^^^^^^^^^^^^^^^^^^^^^^^^^^^^^^^^^^^^^^^^^^^^^^^^^^^^^^^^^^^^^^
  File "C:\Users\awsch\miniconda3\envs\nsp\Lib\site-packages\rpyc\core\protocol.py", line 781, in _access_attr
    return accessor(obj, name, *args)
           ^^^^^^^^^^^^^^^^^^^^^^^^^^
AttributeError: 'list' object has no attribute '__array_wrap__'
2026-06-01 12:00:58.593 [   DEBUG] (         protocol.py: 363) Exception caught
Traceback (most recent call last):
  File "C:\Users\awsch\miniconda3\envs\nsp\Lib\site-packages\rpyc\core\protocol.py", line 356, in _dispatch_request
    res = self._HANDLERS[handler](self, *args)
          ^^^^^^^^^^^^^^^^^^^^^^^^^^^^^^^^^^^^
  File "C:\Users\awsch\miniconda3\envs\nsp\Lib\site-packages\rpyc\core\protocol.py", line 853, in _handle_getattr
    return self._access_attr(obj, name, (), "_rpyc_getattr", "allow_getattr", getattr)
           ^^^^^^^^^^^^^^^^^^^^^^^^^^^^^^^^^^^^^^^^^^^^^^^^^^^^^^^^^^^^^^^^^^^^^^^^^^^
  File "C:\Users\awsch\miniconda3\envs\nsp\Lib\site-packages\rpyc\core\protocol.py", line 781, in _access_attr
    return accessor(obj, name, *args)
           ^^^^^^^^^^^^^^^^^^^^^^^^^^
AttributeError: 'list' object has no attribute '__array_wrap__'
2026-06-01 12:00:58.595 [   DEBUG] (         protocol.py: 363) Exception caught
Traceback (most recent call last):
  File "C:\Users\awsch\miniconda3\envs\nsp\Lib\site-packages\rpyc\core\protocol.py", line 356, in _dispatch_request
    res = self._HANDLERS[handler](self, *args)
          ^^^^^^^^^^^^^^^^^^^^^^^^^^^^^^^^^^^^
  File "C:\Users\awsch\miniconda3\envs\nsp\Lib\site-packages\rpyc\core\protocol.py", line 853, in _handle_getattr
    return self._access_attr(obj, name, (), "_rpyc_getattr", "allow_getattr", getattr)
           ^^^^^^^^^^^^^^^^^^^^^^^^^^^^^^^^^^^^^^^^^^^^^^^^^^^^^^^^^^^^^^^^^^^^^^^^^^^
  File "C:\Users\awsch\miniconda3\envs\nsp\Lib\site-packages\rpyc\core\protocol.py", line 781, in _access_attr
    return accessor(obj, name, *args)
           ^^^^^^^^^^^^^^^^^^^^^^^^^^
AttributeError: 'list' object has no attribute 'sum'
2026-06-01 12:00:58.596 [   DEBUG] (         protocol.py: 363) Exception caught
Traceback (most recent call last):
  File "C:\Users\awsch\miniconda3\envs\nsp\Lib\site-packages\rpyc\core\protocol.py", line 356, in _dispatch_request
    res = self._HANDLERS[handler](self, *args)
          ^^^^^^^^^^^^^^^^^^^^^^^^^^^^^^^^^^^^
  File "C:\Users\awsch\miniconda3\envs\nsp\Lib\site-packages\rpyc\core\protocol.py", line 853, in _handle_getattr
    return self._access_attr(obj, name, (), "_rpyc_getattr", "allow_getattr", getattr)
           ^^^^^^^^^^^^^^^^^^^^^^^^^^^^^^^^^^^^^^^^^^^^^^^^^^^^^^^^^^^^^^^^^^^^^^^^^^^
  File "C:\Users\awsch\miniconda3\envs\nsp\Lib\site-packages\rpyc\core\protocol.py", line 781, in _access_attr
    return accessor(obj, name, *args)
           ^^^^^^^^^^^^^^^^^^^^^^^^^^
AttributeError: 'list' object has no attribute 'sum'
2026-06-01 12:00:58.597 [   DEBUG] (         protocol.py: 363) Exception caught
Traceback (most recent call last):
  File "C:\Users\awsch\miniconda3\envs\nsp\Lib\site-packages\rpyc\core\protocol.py", line 356, in _dispatch_request
    res = self._HANDLERS[handler](self, *args)
          ^^^^^^^^^^^^^^^^^^^^^^^^^^^^^^^^^^^^
  File "C:\Users\awsch\miniconda3\envs\nsp\Lib\site-packages\rpyc\core\protocol.py", line 853, in _handle_getattr
    return self._access_attr(obj, name, (), "_rpyc_getattr", "allow_getattr", getattr)
           ^^^^^^^^^^^^^^^^^^^^^^^^^^^^^^^^^^^^^^^^^^^^^^^^^^^^^^^^^^^^^^^^^^^^^^^^^^^
  File "C:\Users\awsch\miniconda3\envs\nsp\Lib\site-packages\rpyc\core\protocol.py", line 781, in _access_attr
    return accessor(obj, name, *args)
           ^^^^^^^^^^^^^^^^^^^^^^^^^^
AttributeError: 'list' object has no attribute '__array__'
2026-06-01 12:00:58.602 [   DEBUG] (         protocol.py: 363) Exception caught
Traceback (most recent call last):
  File "C:\Users\awsch\miniconda3\envs\nsp\Lib\site-packages\rpyc\core\protocol.py", line 356, in _dispatch_request
    res = self._HANDLERS[handler](self, *args)
          ^^^^^^^^^^^^^^^^^^^^^^^^^^^^^^^^^^^^
  File "C:\Users\awsch\miniconda3\envs\nsp\Lib\site-packages\rpyc\core\protocol.py", line 853, in _handle_getattr
    return self._access_attr(obj, name, (), "_rpyc_getattr", "allow_getattr", getattr)
           ^^^^^^^^^^^^^^^^^^^^^^^^^^^^^^^^^^^^^^^^^^^^^^^^^^^^^^^^^^^^^^^^^^^^^^^^^^^
  File "C:\Users\awsch\miniconda3\envs\nsp\Lib\site-packages\rpyc\core\protocol.py", line 781, in _access_attr
    return accessor(obj, name, *args)
           ^^^^^^^^^^^^^^^^^^^^^^^^^^
AttributeError: 'list' object has no attribute '__array_wrap__'
2026-06-01 12:00:58.604 [   DEBUG] (         protocol.py: 363) Exception caught
Traceback (most recent call last):
  File "C:\Users\awsch\miniconda3\envs\nsp\Lib\site-packages\rpyc\core\protocol.py", line 356, in _dispatch_request
    res = self._HANDLERS[handler](self, *args)
          ^^^^^^^^^^^^^^^^^^^^^^^^^^^^^^^^^^^^
  File "C:\Users\awsch\miniconda3\envs\nsp\Lib\site-packages\rpyc\core\protocol.py", line 853, in _handle_getattr
    return self._access_attr(obj, name, (), "_rpyc_getattr", "allow_getattr", getattr)
           ^^^^^^^^^^^^^^^^^^^^^^^^^^^^^^^^^^^^^^^^^^^^^^^^^^^^^^^^^^^^^^^^^^^^^^^^^^^
  File "C:\Users\awsch\miniconda3\envs\nsp\Lib\site-packages\rpyc\core\protocol.py", line 781, in _access_attr
    return accessor(obj, name, *args)
           ^^^^^^^^^^^^^^^^^^^^^^^^^^
AttributeError: 'list' object has no attribute '__array_wrap__'
2026-06-01 12:00:58.610 [   DEBUG] (        highlevel.py: 186) viWrite(2, b'FREQ 9490000000.00\r\n', 20, 'c_ulong(20)') -> 0
2026-06-01 12:00:59.087 [   DEBUG] (         protocol.py: 363) Exception caught
Traceback (most recent call last):
  File "C:\Users\awsch\miniconda3\envs\nsp\Lib\site-packages\rpyc\core\protocol.py", line 356, in _dispatch_request
    res = self._HANDLERS[handler](self, *args)
          ^^^^^^^^^^^^^^^^^^^^^^^^^^^^^^^^^^^^
  File "C:\Users\awsch\miniconda3\envs\nsp\Lib\site-packages\rpyc\core\protocol.py", line 853, in _handle_getattr
    return self._access_attr(obj, name, (), "_rpyc_getattr", "allow_getattr", getattr)
           ^^^^^^^^^^^^^^^^^^^^^^^^^^^^^^^^^^^^^^^^^^^^^^^^^^^^^^^^^^^^^^^^^^^^^^^^^^^
  File "C:\Users\awsch\miniconda3\envs\nsp\Lib\site-packages\rpyc\core\protocol.py", line 781, in _access_attr
    return accessor(obj, name, *args)
           ^^^^^^^^^^^^^^^^^^^^^^^^^^
AttributeError: 'list' object has no attribute 'sum'
2026-06-01 12:00:59.090 [   DEBUG] (         protocol.py: 363) Exception caught
Traceback (most recent call last):
  File "C:\Users\awsch\miniconda3\envs\nsp\Lib\site-packages\rpyc\core\protocol.py", line 356, in _dispatch_request
    res = self._HANDLERS[handler](self, *args)
          ^^^^^^^^^^^^^^^^^^^^^^^^^^^^^^^^^^^^
  File "C:\Users\awsch\miniconda3\envs\nsp\Lib\site-packages\rpyc\core\protocol.py", line 853, in _handle_getattr
    return self._access_attr(obj, name, (), "_rpyc_getattr", "allow_getattr", getattr)
           ^^^^^^^^^^^^^^^^^^^^^^^^^^^^^^^^^^^^^^^^^^^^^^^^^^^^^^^^^^^^^^^^^^^^^^^^^^^
  File "C:\Users\awsch\miniconda3\envs\nsp\Lib\site-packages\rpyc\core\protocol.py", line 781, in _access_attr
    return accessor(obj, name, *args)
           ^^^^^^^^^^^^^^^^^^^^^^^^^^
AttributeError: 'list' object has no attribute 'sum'
2026-06-01 12:00:59.092 [   DEBUG] (         protocol.py: 363) Exception caught
Traceback (most recent call last):
  File "C:\Users\awsch\miniconda3\envs\nsp\Lib\site-packages\rpyc\core\protocol.py", line 356, in _dispatch_request
    res = self._HANDLERS[handler](self, *args)
          ^^^^^^^^^^^^^^^^^^^^^^^^^^^^^^^^^^^^
  File "C:\Users\awsch\miniconda3\envs\nsp\Lib\site-packages\rpyc\core\protocol.py", line 853, in _handle_getattr
    return self._access_attr(obj, name, (), "_rpyc_getattr", "allow_getattr", getattr)
           ^^^^^^^^^^^^^^^^^^^^^^^^^^^^^^^^^^^^^^^^^^^^^^^^^^^^^^^^^^^^^^^^^^^^^^^^^^^
  File "C:\Users\awsch\miniconda3\envs\nsp\Lib\site-packages\rpyc\core\protocol.py", line 781, in _access_attr
    return accessor(obj, name, *args)
           ^^^^^^^^^^^^^^^^^^^^^^^^^^
AttributeError: 'list' object has no attribute '__array__'
2026-06-01 12:00:59.103 [   DEBUG] (         protocol.py: 363) Exception caught
Traceback (most recent call last):
  File "C:\Users\awsch\miniconda3\envs\nsp\Lib\site-packages\rpyc\core\protocol.py", line 356, in _dispatch_request
    res = self._HANDLERS[handler](self, *args)
          ^^^^^^^^^^^^^^^^^^^^^^^^^^^^^^^^^^^^
  File "C:\Users\awsch\miniconda3\envs\nsp\Lib\site-packages\rpyc\core\protocol.py", line 853, in _handle_getattr
    return self._access_attr(obj, name, (), "_rpyc_getattr", "allow_getattr", getattr)
           ^^^^^^^^^^^^^^^^^^^^^^^^^^^^^^^^^^^^^^^^^^^^^^^^^^^^^^^^^^^^^^^^^^^^^^^^^^^
  File "C:\Users\awsch\miniconda3\envs\nsp\Lib\site-packages\rpyc\core\protocol.py", line 781, in _access_attr
    return accessor(obj, name, *args)
           ^^^^^^^^^^^^^^^^^^^^^^^^^^
AttributeError: 'list' object has no attribute '__array_wrap__'
2026-06-01 12:00:59.106 [   DEBUG] (         protocol.py: 363) Exception caught
Traceback (most recent call last):
  File "C:\Users\awsch\miniconda3\envs\nsp\Lib\site-packages\rpyc\core\protocol.py", line 356, in _dispatch_request
    res = self._HANDLERS[handler](self, *args)
          ^^^^^^^^^^^^^^^^^^^^^^^^^^^^^^^^^^^^
  File "C:\Users\awsch\miniconda3\envs\nsp\Lib\site-packages\rpyc\core\protocol.py", line 853, in _handle_getattr
    return self._access_attr(obj, name, (), "_rpyc_getattr", "allow_getattr", getattr)
           ^^^^^^^^^^^^^^^^^^^^^^^^^^^^^^^^^^^^^^^^^^^^^^^^^^^^^^^^^^^^^^^^^^^^^^^^^^^
  File "C:\Users\awsch\miniconda3\envs\nsp\Lib\site-packages\rpyc\core\protocol.py", line 781, in _access_attr
    return accessor(obj, name, *args)
           ^^^^^^^^^^^^^^^^^^^^^^^^^^
AttributeError: 'list' object has no attribute '__array_wrap__'
2026-06-01 12:00:59.109 [   DEBUG] (         protocol.py: 363) Exception caught
Traceback (most recent call last):
  File "C:\Users\awsch\miniconda3\envs\nsp\Lib\site-packages\rpyc\core\protocol.py", line 356, in _dispatch_request
    res = self._HANDLERS[handler](self, *args)
          ^^^^^^^^^^^^^^^^^^^^^^^^^^^^^^^^^^^^
  File "C:\Users\awsch\miniconda3\envs\nsp\Lib\site-packages\rpyc\core\protocol.py", line 853, in _handle_getattr
    return self._access_attr(obj, name, (), "_rpyc_getattr", "allow_getattr", getattr)
           ^^^^^^^^^^^^^^^^^^^^^^^^^^^^^^^^^^^^^^^^^^^^^^^^^^^^^^^^^^^^^^^^^^^^^^^^^^^
  File "C:\Users\awsch\miniconda3\envs\nsp\Lib\site-packages\rpyc\core\protocol.py", line 781, in _access_attr
    return accessor(obj, name, *args)
           ^^^^^^^^^^^^^^^^^^^^^^^^^^
AttributeError: 'list' object has no attribute 'sum'
2026-06-01 12:00:59.111 [   DEBUG] (         protocol.py: 363) Exception caught
Traceback (most recent call last):
  File "C:\Users\awsch\miniconda3\envs\nsp\Lib\site-packages\rpyc\core\protocol.py", line 356, in _dispatch_request
    res = self._HANDLERS[handler](self, *args)
          ^^^^^^^^^^^^^^^^^^^^^^^^^^^^^^^^^^^^
  File "C:\Users\awsch\miniconda3\envs\nsp\Lib\site-packages\rpyc\core\protocol.py", line 853, in _handle_getattr
    return self._access_attr(obj, name, (), "_rpyc_getattr", "allow_getattr", getattr)
           ^^^^^^^^^^^^^^^^^^^^^^^^^^^^^^^^^^^^^^^^^^^^^^^^^^^^^^^^^^^^^^^^^^^^^^^^^^^
  File "C:\Users\awsch\miniconda3\envs\nsp\Lib\site-packages\rpyc\core\protocol.py", line 781, in _access_attr
    return accessor(obj, name, *args)
           ^^^^^^^^^^^^^^^^^^^^^^^^^^
AttributeError: 'list' object has no attribute 'sum'
2026-06-01 12:00:59.114 [   DEBUG] (         protocol.py: 363) Exception caught
Traceback (most recent call last):
  File "C:\Users\awsch\miniconda3\envs\nsp\Lib\site-packages\rpyc\core\protocol.py", line 356, in _dispatch_request
    res = self._HANDLERS[handler](self, *args)
          ^^^^^^^^^^^^^^^^^^^^^^^^^^^^^^^^^^^^
  File "C:\Users\awsch\miniconda3\envs\nsp\Lib\site-packages\rpyc\core\protocol.py", line 853, in _handle_getattr
    return self._access_attr(obj, name, (), "_rpyc_getattr", "allow_getattr", getattr)
           ^^^^^^^^^^^^^^^^^^^^^^^^^^^^^^^^^^^^^^^^^^^^^^^^^^^^^^^^^^^^^^^^^^^^^^^^^^^
  File "C:\Users\awsch\miniconda3\envs\nsp\Lib\site-packages\rpyc\core\protocol.py", line 781, in _access_attr
    return accessor(obj, name, *args)
           ^^^^^^^^^^^^^^^^^^^^^^^^^^
AttributeError: 'list' object has no attribute '__array__'
2026-06-01 12:00:59.119 [   DEBUG] (         protocol.py: 363) Exception caught
Traceback (most recent call last):
  File "C:\Users\awsch\miniconda3\envs\nsp\Lib\site-packages\rpyc\core\protocol.py", line 356, in _dispatch_request
    res = self._HANDLERS[handler](self, *args)
          ^^^^^^^^^^^^^^^^^^^^^^^^^^^^^^^^^^^^
  File "C:\Users\awsch\miniconda3\envs\nsp\Lib\site-packages\rpyc\core\protocol.py", line 853, in _handle_getattr
    return self._access_attr(obj, name, (), "_rpyc_getattr", "allow_getattr", getattr)
           ^^^^^^^^^^^^^^^^^^^^^^^^^^^^^^^^^^^^^^^^^^^^^^^^^^^^^^^^^^^^^^^^^^^^^^^^^^^
  File "C:\Users\awsch\miniconda3\envs\nsp\Lib\site-packages\rpyc\core\protocol.py", line 781, in _access_attr
    return accessor(obj, name, *args)
           ^^^^^^^^^^^^^^^^^^^^^^^^^^
AttributeError: 'list' object has no attribute '__array_wrap__'
2026-06-01 12:00:59.120 [   DEBUG] (         protocol.py: 363) Exception caught
Traceback (most recent call last):
  File "C:\Users\awsch\miniconda3\envs\nsp\Lib\site-packages\rpyc\core\protocol.py", line 356, in _dispatch_request
    res = self._HANDLERS[handler](self, *args)
          ^^^^^^^^^^^^^^^^^^^^^^^^^^^^^^^^^^^^
  File "C:\Users\awsch\miniconda3\envs\nsp\Lib\site-packages\rpyc\core\protocol.py", line 853, in _handle_getattr
    return self._access_attr(obj, name, (), "_rpyc_getattr", "allow_getattr", getattr)
           ^^^^^^^^^^^^^^^^^^^^^^^^^^^^^^^^^^^^^^^^^^^^^^^^^^^^^^^^^^^^^^^^^^^^^^^^^^^
  File "C:\Users\awsch\miniconda3\envs\nsp\Lib\site-packages\rpyc\core\protocol.py", line 781, in _access_attr
    return accessor(obj, name, *args)
           ^^^^^^^^^^^^^^^^^^^^^^^^^^
AttributeError: 'list' object has no attribute '__array_wrap__'
2026-06-01 12:00:59.126 [   DEBUG] (        highlevel.py: 186) viWrite(2, b'FREQ 9496000000.00\r\n', 20, 'c_ulong(20)') -> 0
2026-06-01 12:00:59.636 [   DEBUG] (         protocol.py: 363) Exception caught
Traceback (most recent call last):
  File "C:\Users\awsch\miniconda3\envs\nsp\Lib\site-packages\rpyc\core\protocol.py", line 356, in _dispatch_request
    res = self._HANDLERS[handler](self, *args)
          ^^^^^^^^^^^^^^^^^^^^^^^^^^^^^^^^^^^^
  File "C:\Users\awsch\miniconda3\envs\nsp\Lib\site-packages\rpyc\core\protocol.py", line 853, in _handle_getattr
    return self._access_attr(obj, name, (), "_rpyc_getattr", "allow_getattr", getattr)
           ^^^^^^^^^^^^^^^^^^^^^^^^^^^^^^^^^^^^^^^^^^^^^^^^^^^^^^^^^^^^^^^^^^^^^^^^^^^
  File "C:\Users\awsch\miniconda3\envs\nsp\Lib\site-packages\rpyc\core\protocol.py", line 781, in _access_attr
    return accessor(obj, name, *args)
           ^^^^^^^^^^^^^^^^^^^^^^^^^^
AttributeError: 'list' object has no attribute 'sum'
2026-06-01 12:00:59.637 [   DEBUG] (         protocol.py: 363) Exception caught
Traceback (most recent call last):
  File "C:\Users\awsch\miniconda3\envs\nsp\Lib\site-packages\rpyc\core\protocol.py", line 356, in _dispatch_request
    res = self._HANDLERS[handler](self, *args)
          ^^^^^^^^^^^^^^^^^^^^^^^^^^^^^^^^^^^^
  File "C:\Users\awsch\miniconda3\envs\nsp\Lib\site-packages\rpyc\core\protocol.py", line 853, in _handle_getattr
    return self._access_attr(obj, name, (), "_rpyc_getattr", "allow_getattr", getattr)
           ^^^^^^^^^^^^^^^^^^^^^^^^^^^^^^^^^^^^^^^^^^^^^^^^^^^^^^^^^^^^^^^^^^^^^^^^^^^
  File "C:\Users\awsch\miniconda3\envs\nsp\Lib\site-packages\rpyc\core\protocol.py", line 781, in _access_attr
    return accessor(obj, name, *args)
           ^^^^^^^^^^^^^^^^^^^^^^^^^^
AttributeError: 'list' object has no attribute 'sum'
2026-06-01 12:00:59.638 [   DEBUG] (         protocol.py: 363) Exception caught
Traceback (most recent call last):
  File "C:\Users\awsch\miniconda3\envs\nsp\Lib\site-packages\rpyc\core\protocol.py", line 356, in _dispatch_request
    res = self._HANDLERS[handler](self, *args)
          ^^^^^^^^^^^^^^^^^^^^^^^^^^^^^^^^^^^^
  File "C:\Users\awsch\miniconda3\envs\nsp\Lib\site-packages\rpyc\core\protocol.py", line 853, in _handle_getattr
    return self._access_attr(obj, name, (), "_rpyc_getattr", "allow_getattr", getattr)
           ^^^^^^^^^^^^^^^^^^^^^^^^^^^^^^^^^^^^^^^^^^^^^^^^^^^^^^^^^^^^^^^^^^^^^^^^^^^
  File "C:\Users\awsch\miniconda3\envs\nsp\Lib\site-packages\rpyc\core\protocol.py", line 781, in _access_attr
    return accessor(obj, name, *args)
           ^^^^^^^^^^^^^^^^^^^^^^^^^^
AttributeError: 'list' object has no attribute '__array__'
2026-06-01 12:00:59.641 [   DEBUG] (         protocol.py: 363) Exception caught
Traceback (most recent call last):
  File "C:\Users\awsch\miniconda3\envs\nsp\Lib\site-packages\rpyc\core\protocol.py", line 356, in _dispatch_request
    res = self._HANDLERS[handler](self, *args)
          ^^^^^^^^^^^^^^^^^^^^^^^^^^^^^^^^^^^^
  File "C:\Users\awsch\miniconda3\envs\nsp\Lib\site-packages\rpyc\core\protocol.py", line 853, in _handle_getattr
    return self._access_attr(obj, name, (), "_rpyc_getattr", "allow_getattr", getattr)
           ^^^^^^^^^^^^^^^^^^^^^^^^^^^^^^^^^^^^^^^^^^^^^^^^^^^^^^^^^^^^^^^^^^^^^^^^^^^
  File "C:\Users\awsch\miniconda3\envs\nsp\Lib\site-packages\rpyc\core\protocol.py", line 781, in _access_attr
    return accessor(obj, name, *args)
           ^^^^^^^^^^^^^^^^^^^^^^^^^^
AttributeError: 'list' object has no attribute '__array_wrap__'
2026-06-01 12:00:59.642 [   DEBUG] (         protocol.py: 363) Exception caught
Traceback (most recent call last):
  File "C:\Users\awsch\miniconda3\envs\nsp\Lib\site-packages\rpyc\core\protocol.py", line 356, in _dispatch_request
    res = self._HANDLERS[handler](self, *args)
          ^^^^^^^^^^^^^^^^^^^^^^^^^^^^^^^^^^^^
  File "C:\Users\awsch\miniconda3\envs\nsp\Lib\site-packages\rpyc\core\protocol.py", line 853, in _handle_getattr
    return self._access_attr(obj, name, (), "_rpyc_getattr", "allow_getattr", getattr)
           ^^^^^^^^^^^^^^^^^^^^^^^^^^^^^^^^^^^^^^^^^^^^^^^^^^^^^^^^^^^^^^^^^^^^^^^^^^^
  File "C:\Users\awsch\miniconda3\envs\nsp\Lib\site-packages\rpyc\core\protocol.py", line 781, in _access_attr
    return accessor(obj, name, *args)
           ^^^^^^^^^^^^^^^^^^^^^^^^^^
AttributeError: 'list' object has no attribute '__array_wrap__'
2026-06-01 12:00:59.643 [   DEBUG] (         protocol.py: 363) Exception caught
Traceback (most recent call last):
  File "C:\Users\awsch\miniconda3\envs\nsp\Lib\site-packages\rpyc\core\protocol.py", line 356, in _dispatch_request
    res = self._HANDLERS[handler](self, *args)
          ^^^^^^^^^^^^^^^^^^^^^^^^^^^^^^^^^^^^
  File "C:\Users\awsch\miniconda3\envs\nsp\Lib\site-packages\rpyc\core\protocol.py", line 853, in _handle_getattr
    return self._access_attr(obj, name, (), "_rpyc_getattr", "allow_getattr", getattr)
           ^^^^^^^^^^^^^^^^^^^^^^^^^^^^^^^^^^^^^^^^^^^^^^^^^^^^^^^^^^^^^^^^^^^^^^^^^^^
  File "C:\Users\awsch\miniconda3\envs\nsp\Lib\site-packages\rpyc\core\protocol.py", line 781, in _access_attr
    return accessor(obj, name, *args)
           ^^^^^^^^^^^^^^^^^^^^^^^^^^
AttributeError: 'list' object has no attribute 'sum'
2026-06-01 12:00:59.644 [   DEBUG] (         protocol.py: 363) Exception caught
Traceback (most recent call last):
  File "C:\Users\awsch\miniconda3\envs\nsp\Lib\site-packages\rpyc\core\protocol.py", line 356, in _dispatch_request
    res = self._HANDLERS[handler](self, *args)
          ^^^^^^^^^^^^^^^^^^^^^^^^^^^^^^^^^^^^
  File "C:\Users\awsch\miniconda3\envs\nsp\Lib\site-packages\rpyc\core\protocol.py", line 853, in _handle_getattr
    return self._access_attr(obj, name, (), "_rpyc_getattr", "allow_getattr", getattr)
           ^^^^^^^^^^^^^^^^^^^^^^^^^^^^^^^^^^^^^^^^^^^^^^^^^^^^^^^^^^^^^^^^^^^^^^^^^^^
  File "C:\Users\awsch\miniconda3\envs\nsp\Lib\site-packages\rpyc\core\protocol.py", line 781, in _access_attr
    return accessor(obj, name, *args)
           ^^^^^^^^^^^^^^^^^^^^^^^^^^
AttributeError: 'list' object has no attribute 'sum'
2026-06-01 12:00:59.645 [   DEBUG] (         protocol.py: 363) Exception caught
Traceback (most recent call last):
  File "C:\Users\awsch\miniconda3\envs\nsp\Lib\site-packages\rpyc\core\protocol.py", line 356, in _dispatch_request
    res = self._HANDLERS[handler](self, *args)
          ^^^^^^^^^^^^^^^^^^^^^^^^^^^^^^^^^^^^
  File "C:\Users\awsch\miniconda3\envs\nsp\Lib\site-packages\rpyc\core\protocol.py", line 853, in _handle_getattr
    return self._access_attr(obj, name, (), "_rpyc_getattr", "allow_getattr", getattr)
           ^^^^^^^^^^^^^^^^^^^^^^^^^^^^^^^^^^^^^^^^^^^^^^^^^^^^^^^^^^^^^^^^^^^^^^^^^^^
  File "C:\Users\awsch\miniconda3\envs\nsp\Lib\site-packages\rpyc\core\protocol.py", line 781, in _access_attr
    return accessor(obj, name, *args)
           ^^^^^^^^^^^^^^^^^^^^^^^^^^
AttributeError: 'list' object has no attribute '__array__'
2026-06-01 12:00:59.648 [   DEBUG] (         protocol.py: 363) Exception caught
Traceback (most recent call last):
  File "C:\Users\awsch\miniconda3\envs\nsp\Lib\site-packages\rpyc\core\protocol.py", line 356, in _dispatch_request
    res = self._HANDLERS[handler](self, *args)
          ^^^^^^^^^^^^^^^^^^^^^^^^^^^^^^^^^^^^
  File "C:\Users\awsch\miniconda3\envs\nsp\Lib\site-packages\rpyc\core\protocol.py", line 853, in _handle_getattr
    return self._access_attr(obj, name, (), "_rpyc_getattr", "allow_getattr", getattr)
           ^^^^^^^^^^^^^^^^^^^^^^^^^^^^^^^^^^^^^^^^^^^^^^^^^^^^^^^^^^^^^^^^^^^^^^^^^^^
  File "C:\Users\awsch\miniconda3\envs\nsp\Lib\site-packages\rpyc\core\protocol.py", line 781, in _access_attr
    return accessor(obj, name, *args)
           ^^^^^^^^^^^^^^^^^^^^^^^^^^
AttributeError: 'list' object has no attribute '__array_wrap__'
2026-06-01 12:00:59.649 [   DEBUG] (         protocol.py: 363) Exception caught
Traceback (most recent call last):
  File "C:\Users\awsch\miniconda3\envs\nsp\Lib\site-packages\rpyc\core\protocol.py", line 356, in _dispatch_request
    res = self._HANDLERS[handler](self, *args)
          ^^^^^^^^^^^^^^^^^^^^^^^^^^^^^^^^^^^^
  File "C:\Users\awsch\miniconda3\envs\nsp\Lib\site-packages\rpyc\core\protocol.py", line 853, in _handle_getattr
    return self._access_attr(obj, name, (), "_rpyc_getattr", "allow_getattr", getattr)
           ^^^^^^^^^^^^^^^^^^^^^^^^^^^^^^^^^^^^^^^^^^^^^^^^^^^^^^^^^^^^^^^^^^^^^^^^^^^
  File "C:\Users\awsch\miniconda3\envs\nsp\Lib\site-packages\rpyc\core\protocol.py", line 781, in _access_attr
    return accessor(obj, name, *args)
           ^^^^^^^^^^^^^^^^^^^^^^^^^^
AttributeError: 'list' object has no attribute '__array_wrap__'
2026-06-01 12:00:59.655 [   DEBUG] (        highlevel.py: 186) viWrite(2, b'FREQ 9502000000.00\r\n', 20, 'c_ulong(20)') -> 0
2026-06-01 12:01:00.176 [   DEBUG] (         protocol.py: 363) Exception caught
Traceback (most recent call last):
  File "C:\Users\awsch\miniconda3\envs\nsp\Lib\site-packages\rpyc\core\protocol.py", line 356, in _dispatch_request
    res = self._HANDLERS[handler](self, *args)
          ^^^^^^^^^^^^^^^^^^^^^^^^^^^^^^^^^^^^
  File "C:\Users\awsch\miniconda3\envs\nsp\Lib\site-packages\rpyc\core\protocol.py", line 853, in _handle_getattr
    return self._access_attr(obj, name, (), "_rpyc_getattr", "allow_getattr", getattr)
           ^^^^^^^^^^^^^^^^^^^^^^^^^^^^^^^^^^^^^^^^^^^^^^^^^^^^^^^^^^^^^^^^^^^^^^^^^^^
  File "C:\Users\awsch\miniconda3\envs\nsp\Lib\site-packages\rpyc\core\protocol.py", line 781, in _access_attr
    return accessor(obj, name, *args)
           ^^^^^^^^^^^^^^^^^^^^^^^^^^
AttributeError: 'list' object has no attribute 'sum'
2026-06-01 12:01:00.178 [   DEBUG] (         protocol.py: 363) Exception caught
Traceback (most recent call last):
  File "C:\Users\awsch\miniconda3\envs\nsp\Lib\site-packages\rpyc\core\protocol.py", line 356, in _dispatch_request
    res = self._HANDLERS[handler](self, *args)
          ^^^^^^^^^^^^^^^^^^^^^^^^^^^^^^^^^^^^
  File "C:\Users\awsch\miniconda3\envs\nsp\Lib\site-packages\rpyc\core\protocol.py", line 853, in _handle_getattr
    return self._access_attr(obj, name, (), "_rpyc_getattr", "allow_getattr", getattr)
           ^^^^^^^^^^^^^^^^^^^^^^^^^^^^^^^^^^^^^^^^^^^^^^^^^^^^^^^^^^^^^^^^^^^^^^^^^^^
  File "C:\Users\awsch\miniconda3\envs\nsp\Lib\site-packages\rpyc\core\protocol.py", line 781, in _access_attr
    return accessor(obj, name, *args)
           ^^^^^^^^^^^^^^^^^^^^^^^^^^
AttributeError: 'list' object has no attribute 'sum'
2026-06-01 12:01:00.179 [   DEBUG] (         protocol.py: 363) Exception caught
Traceback (most recent call last):
  File "C:\Users\awsch\miniconda3\envs\nsp\Lib\site-packages\rpyc\core\protocol.py", line 356, in _dispatch_request
    res = self._HANDLERS[handler](self, *args)
          ^^^^^^^^^^^^^^^^^^^^^^^^^^^^^^^^^^^^
  File "C:\Users\awsch\miniconda3\envs\nsp\Lib\site-packages\rpyc\core\protocol.py", line 853, in _handle_getattr
    return self._access_attr(obj, name, (), "_rpyc_getattr", "allow_getattr", getattr)
           ^^^^^^^^^^^^^^^^^^^^^^^^^^^^^^^^^^^^^^^^^^^^^^^^^^^^^^^^^^^^^^^^^^^^^^^^^^^
  File "C:\Users\awsch\miniconda3\envs\nsp\Lib\site-packages\rpyc\core\protocol.py", line 781, in _access_attr
    return accessor(obj, name, *args)
           ^^^^^^^^^^^^^^^^^^^^^^^^^^
AttributeError: 'list' object has no attribute '__array__'
2026-06-01 12:01:00.184 [   DEBUG] (         protocol.py: 363) Exception caught
Traceback (most recent call last):
  File "C:\Users\awsch\miniconda3\envs\nsp\Lib\site-packages\rpyc\core\protocol.py", line 356, in _dispatch_request
    res = self._HANDLERS[handler](self, *args)
          ^^^^^^^^^^^^^^^^^^^^^^^^^^^^^^^^^^^^
  File "C:\Users\awsch\miniconda3\envs\nsp\Lib\site-packages\rpyc\core\protocol.py", line 853, in _handle_getattr
    return self._access_attr(obj, name, (), "_rpyc_getattr", "allow_getattr", getattr)
           ^^^^^^^^^^^^^^^^^^^^^^^^^^^^^^^^^^^^^^^^^^^^^^^^^^^^^^^^^^^^^^^^^^^^^^^^^^^
  File "C:\Users\awsch\miniconda3\envs\nsp\Lib\site-packages\rpyc\core\protocol.py", line 781, in _access_attr
    return accessor(obj, name, *args)
           ^^^^^^^^^^^^^^^^^^^^^^^^^^
AttributeError: 'list' object has no attribute '__array_wrap__'
2026-06-01 12:01:00.185 [   DEBUG] (         protocol.py: 363) Exception caught
Traceback (most recent call last):
  File "C:\Users\awsch\miniconda3\envs\nsp\Lib\site-packages\rpyc\core\protocol.py", line 356, in _dispatch_request
    res = self._HANDLERS[handler](self, *args)
          ^^^^^^^^^^^^^^^^^^^^^^^^^^^^^^^^^^^^
  File "C:\Users\awsch\miniconda3\envs\nsp\Lib\site-packages\rpyc\core\protocol.py", line 853, in _handle_getattr
    return self._access_attr(obj, name, (), "_rpyc_getattr", "allow_getattr", getattr)
           ^^^^^^^^^^^^^^^^^^^^^^^^^^^^^^^^^^^^^^^^^^^^^^^^^^^^^^^^^^^^^^^^^^^^^^^^^^^
  File "C:\Users\awsch\miniconda3\envs\nsp\Lib\site-packages\rpyc\core\protocol.py", line 781, in _access_attr
    return accessor(obj, name, *args)
           ^^^^^^^^^^^^^^^^^^^^^^^^^^
AttributeError: 'list' object has no attribute '__array_wrap__'
2026-06-01 12:01:00.186 [   DEBUG] (         protocol.py: 363) Exception caught
Traceback (most recent call last):
  File "C:\Users\awsch\miniconda3\envs\nsp\Lib\site-packages\rpyc\core\protocol.py", line 356, in _dispatch_request
    res = self._HANDLERS[handler](self, *args)
          ^^^^^^^^^^^^^^^^^^^^^^^^^^^^^^^^^^^^
  File "C:\Users\awsch\miniconda3\envs\nsp\Lib\site-packages\rpyc\core\protocol.py", line 853, in _handle_getattr
    return self._access_attr(obj, name, (), "_rpyc_getattr", "allow_getattr", getattr)
           ^^^^^^^^^^^^^^^^^^^^^^^^^^^^^^^^^^^^^^^^^^^^^^^^^^^^^^^^^^^^^^^^^^^^^^^^^^^
  File "C:\Users\awsch\miniconda3\envs\nsp\Lib\site-packages\rpyc\core\protocol.py", line 781, in _access_attr
    return accessor(obj, name, *args)
           ^^^^^^^^^^^^^^^^^^^^^^^^^^
AttributeError: 'list' object has no attribute 'sum'
2026-06-01 12:01:00.187 [   DEBUG] (         protocol.py: 363) Exception caught
Traceback (most recent call last):
  File "C:\Users\awsch\miniconda3\envs\nsp\Lib\site-packages\rpyc\core\protocol.py", line 356, in _dispatch_request
    res = self._HANDLERS[handler](self, *args)
          ^^^^^^^^^^^^^^^^^^^^^^^^^^^^^^^^^^^^
  File "C:\Users\awsch\miniconda3\envs\nsp\Lib\site-packages\rpyc\core\protocol.py", line 853, in _handle_getattr
    return self._access_attr(obj, name, (), "_rpyc_getattr", "allow_getattr", getattr)
           ^^^^^^^^^^^^^^^^^^^^^^^^^^^^^^^^^^^^^^^^^^^^^^^^^^^^^^^^^^^^^^^^^^^^^^^^^^^
  File "C:\Users\awsch\miniconda3\envs\nsp\Lib\site-packages\rpyc\core\protocol.py", line 781, in _access_attr
    return accessor(obj, name, *args)
           ^^^^^^^^^^^^^^^^^^^^^^^^^^
AttributeError: 'list' object has no attribute 'sum'
2026-06-01 12:01:00.188 [   DEBUG] (         protocol.py: 363) Exception caught
Traceback (most recent call last):
  File "C:\Users\awsch\miniconda3\envs\nsp\Lib\site-packages\rpyc\core\protocol.py", line 356, in _dispatch_request
    res = self._HANDLERS[handler](self, *args)
          ^^^^^^^^^^^^^^^^^^^^^^^^^^^^^^^^^^^^
  File "C:\Users\awsch\miniconda3\envs\nsp\Lib\site-packages\rpyc\core\protocol.py", line 853, in _handle_getattr
    return self._access_attr(obj, name, (), "_rpyc_getattr", "allow_getattr", getattr)
           ^^^^^^^^^^^^^^^^^^^^^^^^^^^^^^^^^^^^^^^^^^^^^^^^^^^^^^^^^^^^^^^^^^^^^^^^^^^
  File "C:\Users\awsch\miniconda3\envs\nsp\Lib\site-packages\rpyc\core\protocol.py", line 781, in _access_attr
    return accessor(obj, name, *args)
           ^^^^^^^^^^^^^^^^^^^^^^^^^^
AttributeError: 'list' object has no attribute '__array__'
2026-06-01 12:01:00.192 [   DEBUG] (         protocol.py: 363) Exception caught
Traceback (most recent call last):
  File "C:\Users\awsch\miniconda3\envs\nsp\Lib\site-packages\rpyc\core\protocol.py", line 356, in _dispatch_request
    res = self._HANDLERS[handler](self, *args)
          ^^^^^^^^^^^^^^^^^^^^^^^^^^^^^^^^^^^^
  File "C:\Users\awsch\miniconda3\envs\nsp\Lib\site-packages\rpyc\core\protocol.py", line 853, in _handle_getattr
    return self._access_attr(obj, name, (), "_rpyc_getattr", "allow_getattr", getattr)
           ^^^^^^^^^^^^^^^^^^^^^^^^^^^^^^^^^^^^^^^^^^^^^^^^^^^^^^^^^^^^^^^^^^^^^^^^^^^
  File "C:\Users\awsch\miniconda3\envs\nsp\Lib\site-packages\rpyc\core\protocol.py", line 781, in _access_attr
    return accessor(obj, name, *args)
           ^^^^^^^^^^^^^^^^^^^^^^^^^^
AttributeError: 'list' object has no attribute '__array_wrap__'
2026-06-01 12:01:00.193 [   DEBUG] (         protocol.py: 363) Exception caught
Traceback (most recent call last):
  File "C:\Users\awsch\miniconda3\envs\nsp\Lib\site-packages\rpyc\core\protocol.py", line 356, in _dispatch_request
    res = self._HANDLERS[handler](self, *args)
          ^^^^^^^^^^^^^^^^^^^^^^^^^^^^^^^^^^^^
  File "C:\Users\awsch\miniconda3\envs\nsp\Lib\site-packages\rpyc\core\protocol.py", line 853, in _handle_getattr
    return self._access_attr(obj, name, (), "_rpyc_getattr", "allow_getattr", getattr)
           ^^^^^^^^^^^^^^^^^^^^^^^^^^^^^^^^^^^^^^^^^^^^^^^^^^^^^^^^^^^^^^^^^^^^^^^^^^^
  File "C:\Users\awsch\miniconda3\envs\nsp\Lib\site-packages\rpyc\core\protocol.py", line 781, in _access_attr
    return accessor(obj, name, *args)
           ^^^^^^^^^^^^^^^^^^^^^^^^^^
AttributeError: 'list' object has no attribute '__array_wrap__'
2026-06-01 12:01:00.200 [   DEBUG] (        highlevel.py: 186) viWrite(2, b'FREQ 9508000000.00\r\n', 20, 'c_ulong(20)') -> 0
2026-06-01 12:01:00.719 [   DEBUG] (         protocol.py: 363) Exception caught
Traceback (most recent call last):
  File "C:\Users\awsch\miniconda3\envs\nsp\Lib\site-packages\rpyc\core\protocol.py", line 356, in _dispatch_request
    res = self._HANDLERS[handler](self, *args)
          ^^^^^^^^^^^^^^^^^^^^^^^^^^^^^^^^^^^^
  File "C:\Users\awsch\miniconda3\envs\nsp\Lib\site-packages\rpyc\core\protocol.py", line 853, in _handle_getattr
    return self._access_attr(obj, name, (), "_rpyc_getattr", "allow_getattr", getattr)
           ^^^^^^^^^^^^^^^^^^^^^^^^^^^^^^^^^^^^^^^^^^^^^^^^^^^^^^^^^^^^^^^^^^^^^^^^^^^
  File "C:\Users\awsch\miniconda3\envs\nsp\Lib\site-packages\rpyc\core\protocol.py", line 781, in _access_attr
    return accessor(obj, name, *args)
           ^^^^^^^^^^^^^^^^^^^^^^^^^^
AttributeError: 'list' object has no attribute 'sum'
2026-06-01 12:01:00.720 [   DEBUG] (         protocol.py: 363) Exception caught
Traceback (most recent call last):
  File "C:\Users\awsch\miniconda3\envs\nsp\Lib\site-packages\rpyc\core\protocol.py", line 356, in _dispatch_request
    res = self._HANDLERS[handler](self, *args)
          ^^^^^^^^^^^^^^^^^^^^^^^^^^^^^^^^^^^^
  File "C:\Users\awsch\miniconda3\envs\nsp\Lib\site-packages\rpyc\core\protocol.py", line 853, in _handle_getattr
    return self._access_attr(obj, name, (), "_rpyc_getattr", "allow_getattr", getattr)
           ^^^^^^^^^^^^^^^^^^^^^^^^^^^^^^^^^^^^^^^^^^^^^^^^^^^^^^^^^^^^^^^^^^^^^^^^^^^
  File "C:\Users\awsch\miniconda3\envs\nsp\Lib\site-packages\rpyc\core\protocol.py", line 781, in _access_attr
    return accessor(obj, name, *args)
           ^^^^^^^^^^^^^^^^^^^^^^^^^^
AttributeError: 'list' object has no attribute 'sum'
2026-06-01 12:01:00.721 [   DEBUG] (         protocol.py: 363) Exception caught
Traceback (most recent call last):
  File "C:\Users\awsch\miniconda3\envs\nsp\Lib\site-packages\rpyc\core\protocol.py", line 356, in _dispatch_request
    res = self._HANDLERS[handler](self, *args)
          ^^^^^^^^^^^^^^^^^^^^^^^^^^^^^^^^^^^^
  File "C:\Users\awsch\miniconda3\envs\nsp\Lib\site-packages\rpyc\core\protocol.py", line 853, in _handle_getattr
    return self._access_attr(obj, name, (), "_rpyc_getattr", "allow_getattr", getattr)
           ^^^^^^^^^^^^^^^^^^^^^^^^^^^^^^^^^^^^^^^^^^^^^^^^^^^^^^^^^^^^^^^^^^^^^^^^^^^
  File "C:\Users\awsch\miniconda3\envs\nsp\Lib\site-packages\rpyc\core\protocol.py", line 781, in _access_attr
    return accessor(obj, name, *args)
           ^^^^^^^^^^^^^^^^^^^^^^^^^^
AttributeError: 'list' object has no attribute '__array__'
2026-06-01 12:01:00.725 [   DEBUG] (         protocol.py: 363) Exception caught
Traceback (most recent call last):
  File "C:\Users\awsch\miniconda3\envs\nsp\Lib\site-packages\rpyc\core\protocol.py", line 356, in _dispatch_request
    res = self._HANDLERS[handler](self, *args)
          ^^^^^^^^^^^^^^^^^^^^^^^^^^^^^^^^^^^^
  File "C:\Users\awsch\miniconda3\envs\nsp\Lib\site-packages\rpyc\core\protocol.py", line 853, in _handle_getattr
    return self._access_attr(obj, name, (), "_rpyc_getattr", "allow_getattr", getattr)
           ^^^^^^^^^^^^^^^^^^^^^^^^^^^^^^^^^^^^^^^^^^^^^^^^^^^^^^^^^^^^^^^^^^^^^^^^^^^
  File "C:\Users\awsch\miniconda3\envs\nsp\Lib\site-packages\rpyc\core\protocol.py", line 781, in _access_attr
    return accessor(obj, name, *args)
           ^^^^^^^^^^^^^^^^^^^^^^^^^^
AttributeError: 'list' object has no attribute '__array_wrap__'
2026-06-01 12:01:00.726 [   DEBUG] (         protocol.py: 363) Exception caught
Traceback (most recent call last):
  File "C:\Users\awsch\miniconda3\envs\nsp\Lib\site-packages\rpyc\core\protocol.py", line 356, in _dispatch_request
    res = self._HANDLERS[handler](self, *args)
          ^^^^^^^^^^^^^^^^^^^^^^^^^^^^^^^^^^^^
  File "C:\Users\awsch\miniconda3\envs\nsp\Lib\site-packages\rpyc\core\protocol.py", line 853, in _handle_getattr
    return self._access_attr(obj, name, (), "_rpyc_getattr", "allow_getattr", getattr)
           ^^^^^^^^^^^^^^^^^^^^^^^^^^^^^^^^^^^^^^^^^^^^^^^^^^^^^^^^^^^^^^^^^^^^^^^^^^^
  File "C:\Users\awsch\miniconda3\envs\nsp\Lib\site-packages\rpyc\core\protocol.py", line 781, in _access_attr
    return accessor(obj, name, *args)
           ^^^^^^^^^^^^^^^^^^^^^^^^^^
AttributeError: 'list' object has no attribute '__array_wrap__'
2026-06-01 12:01:00.727 [   DEBUG] (         protocol.py: 363) Exception caught
Traceback (most recent call last):
  File "C:\Users\awsch\miniconda3\envs\nsp\Lib\site-packages\rpyc\core\protocol.py", line 356, in _dispatch_request
    res = self._HANDLERS[handler](self, *args)
          ^^^^^^^^^^^^^^^^^^^^^^^^^^^^^^^^^^^^
  File "C:\Users\awsch\miniconda3\envs\nsp\Lib\site-packages\rpyc\core\protocol.py", line 853, in _handle_getattr
    return self._access_attr(obj, name, (), "_rpyc_getattr", "allow_getattr", getattr)
           ^^^^^^^^^^^^^^^^^^^^^^^^^^^^^^^^^^^^^^^^^^^^^^^^^^^^^^^^^^^^^^^^^^^^^^^^^^^
  File "C:\Users\awsch\miniconda3\envs\nsp\Lib\site-packages\rpyc\core\protocol.py", line 781, in _access_attr
    return accessor(obj, name, *args)
           ^^^^^^^^^^^^^^^^^^^^^^^^^^
AttributeError: 'list' object has no attribute 'sum'
2026-06-01 12:01:00.728 [   DEBUG] (         protocol.py: 363) Exception caught
Traceback (most recent call last):
  File "C:\Users\awsch\miniconda3\envs\nsp\Lib\site-packages\rpyc\core\protocol.py", line 356, in _dispatch_request
    res = self._HANDLERS[handler](self, *args)
          ^^^^^^^^^^^^^^^^^^^^^^^^^^^^^^^^^^^^
  File "C:\Users\awsch\miniconda3\envs\nsp\Lib\site-packages\rpyc\core\protocol.py", line 853, in _handle_getattr
    return self._access_attr(obj, name, (), "_rpyc_getattr", "allow_getattr", getattr)
           ^^^^^^^^^^^^^^^^^^^^^^^^^^^^^^^^^^^^^^^^^^^^^^^^^^^^^^^^^^^^^^^^^^^^^^^^^^^
  File "C:\Users\awsch\miniconda3\envs\nsp\Lib\site-packages\rpyc\core\protocol.py", line 781, in _access_attr
    return accessor(obj, name, *args)
           ^^^^^^^^^^^^^^^^^^^^^^^^^^
AttributeError: 'list' object has no attribute 'sum'
2026-06-01 12:01:00.729 [   DEBUG] (         protocol.py: 363) Exception caught
Traceback (most recent call last):
  File "C:\Users\awsch\miniconda3\envs\nsp\Lib\site-packages\rpyc\core\protocol.py", line 356, in _dispatch_request
    res = self._HANDLERS[handler](self, *args)
          ^^^^^^^^^^^^^^^^^^^^^^^^^^^^^^^^^^^^
  File "C:\Users\awsch\miniconda3\envs\nsp\Lib\site-packages\rpyc\core\protocol.py", line 853, in _handle_getattr
    return self._access_attr(obj, name, (), "_rpyc_getattr", "allow_getattr", getattr)
           ^^^^^^^^^^^^^^^^^^^^^^^^^^^^^^^^^^^^^^^^^^^^^^^^^^^^^^^^^^^^^^^^^^^^^^^^^^^
  File "C:\Users\awsch\miniconda3\envs\nsp\Lib\site-packages\rpyc\core\protocol.py", line 781, in _access_attr
    return accessor(obj, name, *args)
           ^^^^^^^^^^^^^^^^^^^^^^^^^^
AttributeError: 'list' object has no attribute '__array__'
2026-06-01 12:01:00.733 [   DEBUG] (         protocol.py: 363) Exception caught
Traceback (most recent call last):
  File "C:\Users\awsch\miniconda3\envs\nsp\Lib\site-packages\rpyc\core\protocol.py", line 356, in _dispatch_request
    res = self._HANDLERS[handler](self, *args)
          ^^^^^^^^^^^^^^^^^^^^^^^^^^^^^^^^^^^^
  File "C:\Users\awsch\miniconda3\envs\nsp\Lib\site-packages\rpyc\core\protocol.py", line 853, in _handle_getattr
    return self._access_attr(obj, name, (), "_rpyc_getattr", "allow_getattr", getattr)
           ^^^^^^^^^^^^^^^^^^^^^^^^^^^^^^^^^^^^^^^^^^^^^^^^^^^^^^^^^^^^^^^^^^^^^^^^^^^
  File "C:\Users\awsch\miniconda3\envs\nsp\Lib\site-packages\rpyc\core\protocol.py", line 781, in _access_attr
    return accessor(obj, name, *args)
           ^^^^^^^^^^^^^^^^^^^^^^^^^^
AttributeError: 'list' object has no attribute '__array_wrap__'
2026-06-01 12:01:00.734 [   DEBUG] (         protocol.py: 363) Exception caught
Traceback (most recent call last):
  File "C:\Users\awsch\miniconda3\envs\nsp\Lib\site-packages\rpyc\core\protocol.py", line 356, in _dispatch_request
    res = self._HANDLERS[handler](self, *args)
          ^^^^^^^^^^^^^^^^^^^^^^^^^^^^^^^^^^^^
  File "C:\Users\awsch\miniconda3\envs\nsp\Lib\site-packages\rpyc\core\protocol.py", line 853, in _handle_getattr
    return self._access_attr(obj, name, (), "_rpyc_getattr", "allow_getattr", getattr)
           ^^^^^^^^^^^^^^^^^^^^^^^^^^^^^^^^^^^^^^^^^^^^^^^^^^^^^^^^^^^^^^^^^^^^^^^^^^^
  File "C:\Users\awsch\miniconda3\envs\nsp\Lib\site-packages\rpyc\core\protocol.py", line 781, in _access_attr
    return accessor(obj, name, *args)
           ^^^^^^^^^^^^^^^^^^^^^^^^^^
AttributeError: 'list' object has no attribute '__array_wrap__'
2026-06-01 12:01:00.739 [   DEBUG] (        highlevel.py: 186) viWrite(2, b'FREQ 9514000000.00\r\n', 20, 'c_ulong(20)') -> 0
2026-06-01 12:01:01.262 [   DEBUG] (         protocol.py: 363) Exception caught
Traceback (most recent call last):
  File "C:\Users\awsch\miniconda3\envs\nsp\Lib\site-packages\rpyc\core\protocol.py", line 356, in _dispatch_request
    res = self._HANDLERS[handler](self, *args)
          ^^^^^^^^^^^^^^^^^^^^^^^^^^^^^^^^^^^^
  File "C:\Users\awsch\miniconda3\envs\nsp\Lib\site-packages\rpyc\core\protocol.py", line 853, in _handle_getattr
    return self._access_attr(obj, name, (), "_rpyc_getattr", "allow_getattr", getattr)
           ^^^^^^^^^^^^^^^^^^^^^^^^^^^^^^^^^^^^^^^^^^^^^^^^^^^^^^^^^^^^^^^^^^^^^^^^^^^
  File "C:\Users\awsch\miniconda3\envs\nsp\Lib\site-packages\rpyc\core\protocol.py", line 781, in _access_attr
    return accessor(obj, name, *args)
           ^^^^^^^^^^^^^^^^^^^^^^^^^^
AttributeError: 'list' object has no attribute 'sum'
2026-06-01 12:01:01.263 [   DEBUG] (         protocol.py: 363) Exception caught
Traceback (most recent call last):
  File "C:\Users\awsch\miniconda3\envs\nsp\Lib\site-packages\rpyc\core\protocol.py", line 356, in _dispatch_request
    res = self._HANDLERS[handler](self, *args)
          ^^^^^^^^^^^^^^^^^^^^^^^^^^^^^^^^^^^^
  File "C:\Users\awsch\miniconda3\envs\nsp\Lib\site-packages\rpyc\core\protocol.py", line 853, in _handle_getattr
    return self._access_attr(obj, name, (), "_rpyc_getattr", "allow_getattr", getattr)
           ^^^^^^^^^^^^^^^^^^^^^^^^^^^^^^^^^^^^^^^^^^^^^^^^^^^^^^^^^^^^^^^^^^^^^^^^^^^
  File "C:\Users\awsch\miniconda3\envs\nsp\Lib\site-packages\rpyc\core\protocol.py", line 781, in _access_attr
    return accessor(obj, name, *args)
           ^^^^^^^^^^^^^^^^^^^^^^^^^^
AttributeError: 'list' object has no attribute 'sum'
2026-06-01 12:01:01.264 [   DEBUG] (         protocol.py: 363) Exception caught
Traceback (most recent call last):
  File "C:\Users\awsch\miniconda3\envs\nsp\Lib\site-packages\rpyc\core\protocol.py", line 356, in _dispatch_request
    res = self._HANDLERS[handler](self, *args)
          ^^^^^^^^^^^^^^^^^^^^^^^^^^^^^^^^^^^^
  File "C:\Users\awsch\miniconda3\envs\nsp\Lib\site-packages\rpyc\core\protocol.py", line 853, in _handle_getattr
    return self._access_attr(obj, name, (), "_rpyc_getattr", "allow_getattr", getattr)
           ^^^^^^^^^^^^^^^^^^^^^^^^^^^^^^^^^^^^^^^^^^^^^^^^^^^^^^^^^^^^^^^^^^^^^^^^^^^
  File "C:\Users\awsch\miniconda3\envs\nsp\Lib\site-packages\rpyc\core\protocol.py", line 781, in _access_attr
    return accessor(obj, name, *args)
           ^^^^^^^^^^^^^^^^^^^^^^^^^^
AttributeError: 'list' object has no attribute '__array__'
2026-06-01 12:01:01.268 [   DEBUG] (         protocol.py: 363) Exception caught
Traceback (most recent call last):
  File "C:\Users\awsch\miniconda3\envs\nsp\Lib\site-packages\rpyc\core\protocol.py", line 356, in _dispatch_request
    res = self._HANDLERS[handler](self, *args)
          ^^^^^^^^^^^^^^^^^^^^^^^^^^^^^^^^^^^^
  File "C:\Users\awsch\miniconda3\envs\nsp\Lib\site-packages\rpyc\core\protocol.py", line 853, in _handle_getattr
    return self._access_attr(obj, name, (), "_rpyc_getattr", "allow_getattr", getattr)
           ^^^^^^^^^^^^^^^^^^^^^^^^^^^^^^^^^^^^^^^^^^^^^^^^^^^^^^^^^^^^^^^^^^^^^^^^^^^
  File "C:\Users\awsch\miniconda3\envs\nsp\Lib\site-packages\rpyc\core\protocol.py", line 781, in _access_attr
    return accessor(obj, name, *args)
           ^^^^^^^^^^^^^^^^^^^^^^^^^^
AttributeError: 'list' object has no attribute '__array_wrap__'
2026-06-01 12:01:01.269 [   DEBUG] (         protocol.py: 363) Exception caught
Traceback (most recent call last):
  File "C:\Users\awsch\miniconda3\envs\nsp\Lib\site-packages\rpyc\core\protocol.py", line 356, in _dispatch_request
    res = self._HANDLERS[handler](self, *args)
          ^^^^^^^^^^^^^^^^^^^^^^^^^^^^^^^^^^^^
  File "C:\Users\awsch\miniconda3\envs\nsp\Lib\site-packages\rpyc\core\protocol.py", line 853, in _handle_getattr
    return self._access_attr(obj, name, (), "_rpyc_getattr", "allow_getattr", getattr)
           ^^^^^^^^^^^^^^^^^^^^^^^^^^^^^^^^^^^^^^^^^^^^^^^^^^^^^^^^^^^^^^^^^^^^^^^^^^^
  File "C:\Users\awsch\miniconda3\envs\nsp\Lib\site-packages\rpyc\core\protocol.py", line 781, in _access_attr
    return accessor(obj, name, *args)
           ^^^^^^^^^^^^^^^^^^^^^^^^^^
AttributeError: 'list' object has no attribute '__array_wrap__'
2026-06-01 12:01:01.270 [   DEBUG] (         protocol.py: 363) Exception caught
Traceback (most recent call last):
  File "C:\Users\awsch\miniconda3\envs\nsp\Lib\site-packages\rpyc\core\protocol.py", line 356, in _dispatch_request
    res = self._HANDLERS[handler](self, *args)
          ^^^^^^^^^^^^^^^^^^^^^^^^^^^^^^^^^^^^
  File "C:\Users\awsch\miniconda3\envs\nsp\Lib\site-packages\rpyc\core\protocol.py", line 853, in _handle_getattr
    return self._access_attr(obj, name, (), "_rpyc_getattr", "allow_getattr", getattr)
           ^^^^^^^^^^^^^^^^^^^^^^^^^^^^^^^^^^^^^^^^^^^^^^^^^^^^^^^^^^^^^^^^^^^^^^^^^^^
  File "C:\Users\awsch\miniconda3\envs\nsp\Lib\site-packages\rpyc\core\protocol.py", line 781, in _access_attr
    return accessor(obj, name, *args)
           ^^^^^^^^^^^^^^^^^^^^^^^^^^
AttributeError: 'list' object has no attribute 'sum'
2026-06-01 12:01:01.271 [   DEBUG] (         protocol.py: 363) Exception caught
Traceback (most recent call last):
  File "C:\Users\awsch\miniconda3\envs\nsp\Lib\site-packages\rpyc\core\protocol.py", line 356, in _dispatch_request
    res = self._HANDLERS[handler](self, *args)
          ^^^^^^^^^^^^^^^^^^^^^^^^^^^^^^^^^^^^
  File "C:\Users\awsch\miniconda3\envs\nsp\Lib\site-packages\rpyc\core\protocol.py", line 853, in _handle_getattr
    return self._access_attr(obj, name, (), "_rpyc_getattr", "allow_getattr", getattr)
           ^^^^^^^^^^^^^^^^^^^^^^^^^^^^^^^^^^^^^^^^^^^^^^^^^^^^^^^^^^^^^^^^^^^^^^^^^^^
  File "C:\Users\awsch\miniconda3\envs\nsp\Lib\site-packages\rpyc\core\protocol.py", line 781, in _access_attr
    return accessor(obj, name, *args)
           ^^^^^^^^^^^^^^^^^^^^^^^^^^
AttributeError: 'list' object has no attribute 'sum'
2026-06-01 12:01:01.272 [   DEBUG] (         protocol.py: 363) Exception caught
Traceback (most recent call last):
  File "C:\Users\awsch\miniconda3\envs\nsp\Lib\site-packages\rpyc\core\protocol.py", line 356, in _dispatch_request
    res = self._HANDLERS[handler](self, *args)
          ^^^^^^^^^^^^^^^^^^^^^^^^^^^^^^^^^^^^
  File "C:\Users\awsch\miniconda3\envs\nsp\Lib\site-packages\rpyc\core\protocol.py", line 853, in _handle_getattr
    return self._access_attr(obj, name, (), "_rpyc_getattr", "allow_getattr", getattr)
           ^^^^^^^^^^^^^^^^^^^^^^^^^^^^^^^^^^^^^^^^^^^^^^^^^^^^^^^^^^^^^^^^^^^^^^^^^^^
  File "C:\Users\awsch\miniconda3\envs\nsp\Lib\site-packages\rpyc\core\protocol.py", line 781, in _access_attr
    return accessor(obj, name, *args)
           ^^^^^^^^^^^^^^^^^^^^^^^^^^
AttributeError: 'list' object has no attribute '__array__'
2026-06-01 12:01:01.276 [   DEBUG] (         protocol.py: 363) Exception caught
Traceback (most recent call last):
  File "C:\Users\awsch\miniconda3\envs\nsp\Lib\site-packages\rpyc\core\protocol.py", line 356, in _dispatch_request
    res = self._HANDLERS[handler](self, *args)
          ^^^^^^^^^^^^^^^^^^^^^^^^^^^^^^^^^^^^
  File "C:\Users\awsch\miniconda3\envs\nsp\Lib\site-packages\rpyc\core\protocol.py", line 853, in _handle_getattr
    return self._access_attr(obj, name, (), "_rpyc_getattr", "allow_getattr", getattr)
           ^^^^^^^^^^^^^^^^^^^^^^^^^^^^^^^^^^^^^^^^^^^^^^^^^^^^^^^^^^^^^^^^^^^^^^^^^^^
  File "C:\Users\awsch\miniconda3\envs\nsp\Lib\site-packages\rpyc\core\protocol.py", line 781, in _access_attr
    return accessor(obj, name, *args)
           ^^^^^^^^^^^^^^^^^^^^^^^^^^
AttributeError: 'list' object has no attribute '__array_wrap__'
2026-06-01 12:01:01.277 [   DEBUG] (         protocol.py: 363) Exception caught
Traceback (most recent call last):
  File "C:\Users\awsch\miniconda3\envs\nsp\Lib\site-packages\rpyc\core\protocol.py", line 356, in _dispatch_request
    res = self._HANDLERS[handler](self, *args)
          ^^^^^^^^^^^^^^^^^^^^^^^^^^^^^^^^^^^^
  File "C:\Users\awsch\miniconda3\envs\nsp\Lib\site-packages\rpyc\core\protocol.py", line 853, in _handle_getattr
    return self._access_attr(obj, name, (), "_rpyc_getattr", "allow_getattr", getattr)
           ^^^^^^^^^^^^^^^^^^^^^^^^^^^^^^^^^^^^^^^^^^^^^^^^^^^^^^^^^^^^^^^^^^^^^^^^^^^
  File "C:\Users\awsch\miniconda3\envs\nsp\Lib\site-packages\rpyc\core\protocol.py", line 781, in _access_attr
    return accessor(obj, name, *args)
           ^^^^^^^^^^^^^^^^^^^^^^^^^^
AttributeError: 'list' object has no attribute '__array_wrap__'
2026-06-01 12:01:01.283 [   DEBUG] (        highlevel.py: 186) viWrite(2, b'FREQ 9520000000.00\r\n', 20, 'c_ulong(20)') -> 0
2026-06-01 12:01:01.792 [   DEBUG] (         protocol.py: 363) Exception caught
Traceback (most recent call last):
  File "C:\Users\awsch\miniconda3\envs\nsp\Lib\site-packages\rpyc\core\protocol.py", line 356, in _dispatch_request
    res = self._HANDLERS[handler](self, *args)
          ^^^^^^^^^^^^^^^^^^^^^^^^^^^^^^^^^^^^
  File "C:\Users\awsch\miniconda3\envs\nsp\Lib\site-packages\rpyc\core\protocol.py", line 853, in _handle_getattr
    return self._access_attr(obj, name, (), "_rpyc_getattr", "allow_getattr", getattr)
           ^^^^^^^^^^^^^^^^^^^^^^^^^^^^^^^^^^^^^^^^^^^^^^^^^^^^^^^^^^^^^^^^^^^^^^^^^^^
  File "C:\Users\awsch\miniconda3\envs\nsp\Lib\site-packages\rpyc\core\protocol.py", line 781, in _access_attr
    return accessor(obj, name, *args)
           ^^^^^^^^^^^^^^^^^^^^^^^^^^
AttributeError: 'list' object has no attribute 'sum'
2026-06-01 12:01:01.793 [   DEBUG] (         protocol.py: 363) Exception caught
Traceback (most recent call last):
  File "C:\Users\awsch\miniconda3\envs\nsp\Lib\site-packages\rpyc\core\protocol.py", line 356, in _dispatch_request
    res = self._HANDLERS[handler](self, *args)
          ^^^^^^^^^^^^^^^^^^^^^^^^^^^^^^^^^^^^
  File "C:\Users\awsch\miniconda3\envs\nsp\Lib\site-packages\rpyc\core\protocol.py", line 853, in _handle_getattr
    return self._access_attr(obj, name, (), "_rpyc_getattr", "allow_getattr", getattr)
           ^^^^^^^^^^^^^^^^^^^^^^^^^^^^^^^^^^^^^^^^^^^^^^^^^^^^^^^^^^^^^^^^^^^^^^^^^^^
  File "C:\Users\awsch\miniconda3\envs\nsp\Lib\site-packages\rpyc\core\protocol.py", line 781, in _access_attr
    return accessor(obj, name, *args)
           ^^^^^^^^^^^^^^^^^^^^^^^^^^
AttributeError: 'list' object has no attribute 'sum'
2026-06-01 12:01:01.795 [   DEBUG] (         protocol.py: 363) Exception caught
Traceback (most recent call last):
  File "C:\Users\awsch\miniconda3\envs\nsp\Lib\site-packages\rpyc\core\protocol.py", line 356, in _dispatch_request
    res = self._HANDLERS[handler](self, *args)
          ^^^^^^^^^^^^^^^^^^^^^^^^^^^^^^^^^^^^
  File "C:\Users\awsch\miniconda3\envs\nsp\Lib\site-packages\rpyc\core\protocol.py", line 853, in _handle_getattr
    return self._access_attr(obj, name, (), "_rpyc_getattr", "allow_getattr", getattr)
           ^^^^^^^^^^^^^^^^^^^^^^^^^^^^^^^^^^^^^^^^^^^^^^^^^^^^^^^^^^^^^^^^^^^^^^^^^^^
  File "C:\Users\awsch\miniconda3\envs\nsp\Lib\site-packages\rpyc\core\protocol.py", line 781, in _access_attr
    return accessor(obj, name, *args)
           ^^^^^^^^^^^^^^^^^^^^^^^^^^
AttributeError: 'list' object has no attribute '__array__'
2026-06-01 12:01:01.800 [   DEBUG] (         protocol.py: 363) Exception caught
Traceback (most recent call last):
  File "C:\Users\awsch\miniconda3\envs\nsp\Lib\site-packages\rpyc\core\protocol.py", line 356, in _dispatch_request
    res = self._HANDLERS[handler](self, *args)
          ^^^^^^^^^^^^^^^^^^^^^^^^^^^^^^^^^^^^
  File "C:\Users\awsch\miniconda3\envs\nsp\Lib\site-packages\rpyc\core\protocol.py", line 853, in _handle_getattr
    return self._access_attr(obj, name, (), "_rpyc_getattr", "allow_getattr", getattr)
           ^^^^^^^^^^^^^^^^^^^^^^^^^^^^^^^^^^^^^^^^^^^^^^^^^^^^^^^^^^^^^^^^^^^^^^^^^^^
  File "C:\Users\awsch\miniconda3\envs\nsp\Lib\site-packages\rpyc\core\protocol.py", line 781, in _access_attr
    return accessor(obj, name, *args)
           ^^^^^^^^^^^^^^^^^^^^^^^^^^
AttributeError: 'list' object has no attribute '__array_wrap__'
2026-06-01 12:01:01.802 [   DEBUG] (         protocol.py: 363) Exception caught
Traceback (most recent call last):
  File "C:\Users\awsch\miniconda3\envs\nsp\Lib\site-packages\rpyc\core\protocol.py", line 356, in _dispatch_request
    res = self._HANDLERS[handler](self, *args)
          ^^^^^^^^^^^^^^^^^^^^^^^^^^^^^^^^^^^^
  File "C:\Users\awsch\miniconda3\envs\nsp\Lib\site-packages\rpyc\core\protocol.py", line 853, in _handle_getattr
    return self._access_attr(obj, name, (), "_rpyc_getattr", "allow_getattr", getattr)
           ^^^^^^^^^^^^^^^^^^^^^^^^^^^^^^^^^^^^^^^^^^^^^^^^^^^^^^^^^^^^^^^^^^^^^^^^^^^
  File "C:\Users\awsch\miniconda3\envs\nsp\Lib\site-packages\rpyc\core\protocol.py", line 781, in _access_attr
    return accessor(obj, name, *args)
           ^^^^^^^^^^^^^^^^^^^^^^^^^^
AttributeError: 'list' object has no attribute '__array_wrap__'
2026-06-01 12:01:01.803 [   DEBUG] (         protocol.py: 363) Exception caught
Traceback (most recent call last):
  File "C:\Users\awsch\miniconda3\envs\nsp\Lib\site-packages\rpyc\core\protocol.py", line 356, in _dispatch_request
    res = self._HANDLERS[handler](self, *args)
          ^^^^^^^^^^^^^^^^^^^^^^^^^^^^^^^^^^^^
  File "C:\Users\awsch\miniconda3\envs\nsp\Lib\site-packages\rpyc\core\protocol.py", line 853, in _handle_getattr
    return self._access_attr(obj, name, (), "_rpyc_getattr", "allow_getattr", getattr)
           ^^^^^^^^^^^^^^^^^^^^^^^^^^^^^^^^^^^^^^^^^^^^^^^^^^^^^^^^^^^^^^^^^^^^^^^^^^^
  File "C:\Users\awsch\miniconda3\envs\nsp\Lib\site-packages\rpyc\core\protocol.py", line 781, in _access_attr
    return accessor(obj, name, *args)
           ^^^^^^^^^^^^^^^^^^^^^^^^^^
AttributeError: 'list' object has no attribute 'sum'
2026-06-01 12:01:01.804 [   DEBUG] (         protocol.py: 363) Exception caught
Traceback (most recent call last):
  File "C:\Users\awsch\miniconda3\envs\nsp\Lib\site-packages\rpyc\core\protocol.py", line 356, in _dispatch_request
    res = self._HANDLERS[handler](self, *args)
          ^^^^^^^^^^^^^^^^^^^^^^^^^^^^^^^^^^^^
  File "C:\Users\awsch\miniconda3\envs\nsp\Lib\site-packages\rpyc\core\protocol.py", line 853, in _handle_getattr
    return self._access_attr(obj, name, (), "_rpyc_getattr", "allow_getattr", getattr)
           ^^^^^^^^^^^^^^^^^^^^^^^^^^^^^^^^^^^^^^^^^^^^^^^^^^^^^^^^^^^^^^^^^^^^^^^^^^^
  File "C:\Users\awsch\miniconda3\envs\nsp\Lib\site-packages\rpyc\core\protocol.py", line 781, in _access_attr
    return accessor(obj, name, *args)
           ^^^^^^^^^^^^^^^^^^^^^^^^^^
AttributeError: 'list' object has no attribute 'sum'
2026-06-01 12:01:01.806 [   DEBUG] (         protocol.py: 363) Exception caught
Traceback (most recent call last):
  File "C:\Users\awsch\miniconda3\envs\nsp\Lib\site-packages\rpyc\core\protocol.py", line 356, in _dispatch_request
    res = self._HANDLERS[handler](self, *args)
          ^^^^^^^^^^^^^^^^^^^^^^^^^^^^^^^^^^^^
  File "C:\Users\awsch\miniconda3\envs\nsp\Lib\site-packages\rpyc\core\protocol.py", line 853, in _handle_getattr
    return self._access_attr(obj, name, (), "_rpyc_getattr", "allow_getattr", getattr)
           ^^^^^^^^^^^^^^^^^^^^^^^^^^^^^^^^^^^^^^^^^^^^^^^^^^^^^^^^^^^^^^^^^^^^^^^^^^^
  File "C:\Users\awsch\miniconda3\envs\nsp\Lib\site-packages\rpyc\core\protocol.py", line 781, in _access_attr
    return accessor(obj, name, *args)
           ^^^^^^^^^^^^^^^^^^^^^^^^^^
AttributeError: 'list' object has no attribute '__array__'
2026-06-01 12:01:01.811 [   DEBUG] (         protocol.py: 363) Exception caught
Traceback (most recent call last):
  File "C:\Users\awsch\miniconda3\envs\nsp\Lib\site-packages\rpyc\core\protocol.py", line 356, in _dispatch_request
    res = self._HANDLERS[handler](self, *args)
          ^^^^^^^^^^^^^^^^^^^^^^^^^^^^^^^^^^^^
  File "C:\Users\awsch\miniconda3\envs\nsp\Lib\site-packages\rpyc\core\protocol.py", line 853, in _handle_getattr
    return self._access_attr(obj, name, (), "_rpyc_getattr", "allow_getattr", getattr)
           ^^^^^^^^^^^^^^^^^^^^^^^^^^^^^^^^^^^^^^^^^^^^^^^^^^^^^^^^^^^^^^^^^^^^^^^^^^^
  File "C:\Users\awsch\miniconda3\envs\nsp\Lib\site-packages\rpyc\core\protocol.py", line 781, in _access_attr
    return accessor(obj, name, *args)
           ^^^^^^^^^^^^^^^^^^^^^^^^^^
AttributeError: 'list' object has no attribute '__array_wrap__'
2026-06-01 12:01:01.812 [   DEBUG] (         protocol.py: 363) Exception caught
Traceback (most recent call last):
  File "C:\Users\awsch\miniconda3\envs\nsp\Lib\site-packages\rpyc\core\protocol.py", line 356, in _dispatch_request
    res = self._HANDLERS[handler](self, *args)
          ^^^^^^^^^^^^^^^^^^^^^^^^^^^^^^^^^^^^
  File "C:\Users\awsch\miniconda3\envs\nsp\Lib\site-packages\rpyc\core\protocol.py", line 853, in _handle_getattr
    return self._access_attr(obj, name, (), "_rpyc_getattr", "allow_getattr", getattr)
           ^^^^^^^^^^^^^^^^^^^^^^^^^^^^^^^^^^^^^^^^^^^^^^^^^^^^^^^^^^^^^^^^^^^^^^^^^^^
  File "C:\Users\awsch\miniconda3\envs\nsp\Lib\site-packages\rpyc\core\protocol.py", line 781, in _access_attr
    return accessor(obj, name, *args)
           ^^^^^^^^^^^^^^^^^^^^^^^^^^
AttributeError: 'list' object has no attribute '__array_wrap__'
2026-06-01 12:01:01.819 [   DEBUG] (        highlevel.py: 186) viWrite(2, b'FREQ 9526000000.00\r\n', 20, 'c_ulong(20)') -> 0
2026-06-01 12:01:02.305 [   DEBUG] (         protocol.py: 363) Exception caught
Traceback (most recent call last):
  File "C:\Users\awsch\miniconda3\envs\nsp\Lib\site-packages\rpyc\core\protocol.py", line 356, in _dispatch_request
    res = self._HANDLERS[handler](self, *args)
          ^^^^^^^^^^^^^^^^^^^^^^^^^^^^^^^^^^^^
  File "C:\Users\awsch\miniconda3\envs\nsp\Lib\site-packages\rpyc\core\protocol.py", line 853, in _handle_getattr
    return self._access_attr(obj, name, (), "_rpyc_getattr", "allow_getattr", getattr)
           ^^^^^^^^^^^^^^^^^^^^^^^^^^^^^^^^^^^^^^^^^^^^^^^^^^^^^^^^^^^^^^^^^^^^^^^^^^^
  File "C:\Users\awsch\miniconda3\envs\nsp\Lib\site-packages\rpyc\core\protocol.py", line 781, in _access_attr
    return accessor(obj, name, *args)
           ^^^^^^^^^^^^^^^^^^^^^^^^^^
AttributeError: 'list' object has no attribute 'sum'
2026-06-01 12:01:02.306 [   DEBUG] (         protocol.py: 363) Exception caught
Traceback (most recent call last):
  File "C:\Users\awsch\miniconda3\envs\nsp\Lib\site-packages\rpyc\core\protocol.py", line 356, in _dispatch_request
    res = self._HANDLERS[handler](self, *args)
          ^^^^^^^^^^^^^^^^^^^^^^^^^^^^^^^^^^^^
  File "C:\Users\awsch\miniconda3\envs\nsp\Lib\site-packages\rpyc\core\protocol.py", line 853, in _handle_getattr
    return self._access_attr(obj, name, (), "_rpyc_getattr", "allow_getattr", getattr)
           ^^^^^^^^^^^^^^^^^^^^^^^^^^^^^^^^^^^^^^^^^^^^^^^^^^^^^^^^^^^^^^^^^^^^^^^^^^^
  File "C:\Users\awsch\miniconda3\envs\nsp\Lib\site-packages\rpyc\core\protocol.py", line 781, in _access_attr
    return accessor(obj, name, *args)
           ^^^^^^^^^^^^^^^^^^^^^^^^^^
AttributeError: 'list' object has no attribute 'sum'
2026-06-01 12:01:02.307 [   DEBUG] (         protocol.py: 363) Exception caught
Traceback (most recent call last):
  File "C:\Users\awsch\miniconda3\envs\nsp\Lib\site-packages\rpyc\core\protocol.py", line 356, in _dispatch_request
    res = self._HANDLERS[handler](self, *args)
          ^^^^^^^^^^^^^^^^^^^^^^^^^^^^^^^^^^^^
  File "C:\Users\awsch\miniconda3\envs\nsp\Lib\site-packages\rpyc\core\protocol.py", line 853, in _handle_getattr
    return self._access_attr(obj, name, (), "_rpyc_getattr", "allow_getattr", getattr)
           ^^^^^^^^^^^^^^^^^^^^^^^^^^^^^^^^^^^^^^^^^^^^^^^^^^^^^^^^^^^^^^^^^^^^^^^^^^^
  File "C:\Users\awsch\miniconda3\envs\nsp\Lib\site-packages\rpyc\core\protocol.py", line 781, in _access_attr
    return accessor(obj, name, *args)
           ^^^^^^^^^^^^^^^^^^^^^^^^^^
AttributeError: 'list' object has no attribute '__array__'
2026-06-01 12:01:02.311 [   DEBUG] (         protocol.py: 363) Exception caught
Traceback (most recent call last):
  File "C:\Users\awsch\miniconda3\envs\nsp\Lib\site-packages\rpyc\core\protocol.py", line 356, in _dispatch_request
    res = self._HANDLERS[handler](self, *args)
          ^^^^^^^^^^^^^^^^^^^^^^^^^^^^^^^^^^^^
  File "C:\Users\awsch\miniconda3\envs\nsp\Lib\site-packages\rpyc\core\protocol.py", line 853, in _handle_getattr
    return self._access_attr(obj, name, (), "_rpyc_getattr", "allow_getattr", getattr)
           ^^^^^^^^^^^^^^^^^^^^^^^^^^^^^^^^^^^^^^^^^^^^^^^^^^^^^^^^^^^^^^^^^^^^^^^^^^^
  File "C:\Users\awsch\miniconda3\envs\nsp\Lib\site-packages\rpyc\core\protocol.py", line 781, in _access_attr
    return accessor(obj, name, *args)
           ^^^^^^^^^^^^^^^^^^^^^^^^^^
AttributeError: 'list' object has no attribute '__array_wrap__'
2026-06-01 12:01:02.312 [   DEBUG] (         protocol.py: 363) Exception caught
Traceback (most recent call last):
  File "C:\Users\awsch\miniconda3\envs\nsp\Lib\site-packages\rpyc\core\protocol.py", line 356, in _dispatch_request
    res = self._HANDLERS[handler](self, *args)
          ^^^^^^^^^^^^^^^^^^^^^^^^^^^^^^^^^^^^
  File "C:\Users\awsch\miniconda3\envs\nsp\Lib\site-packages\rpyc\core\protocol.py", line 853, in _handle_getattr
    return self._access_attr(obj, name, (), "_rpyc_getattr", "allow_getattr", getattr)
           ^^^^^^^^^^^^^^^^^^^^^^^^^^^^^^^^^^^^^^^^^^^^^^^^^^^^^^^^^^^^^^^^^^^^^^^^^^^
  File "C:\Users\awsch\miniconda3\envs\nsp\Lib\site-packages\rpyc\core\protocol.py", line 781, in _access_attr
    return accessor(obj, name, *args)
           ^^^^^^^^^^^^^^^^^^^^^^^^^^
AttributeError: 'list' object has no attribute '__array_wrap__'
2026-06-01 12:01:02.313 [   DEBUG] (         protocol.py: 363) Exception caught
Traceback (most recent call last):
  File "C:\Users\awsch\miniconda3\envs\nsp\Lib\site-packages\rpyc\core\protocol.py", line 356, in _dispatch_request
    res = self._HANDLERS[handler](self, *args)
          ^^^^^^^^^^^^^^^^^^^^^^^^^^^^^^^^^^^^
  File "C:\Users\awsch\miniconda3\envs\nsp\Lib\site-packages\rpyc\core\protocol.py", line 853, in _handle_getattr
    return self._access_attr(obj, name, (), "_rpyc_getattr", "allow_getattr", getattr)
           ^^^^^^^^^^^^^^^^^^^^^^^^^^^^^^^^^^^^^^^^^^^^^^^^^^^^^^^^^^^^^^^^^^^^^^^^^^^
  File "C:\Users\awsch\miniconda3\envs\nsp\Lib\site-packages\rpyc\core\protocol.py", line 781, in _access_attr
    return accessor(obj, name, *args)
           ^^^^^^^^^^^^^^^^^^^^^^^^^^
AttributeError: 'list' object has no attribute 'sum'
2026-06-01 12:01:02.314 [   DEBUG] (         protocol.py: 363) Exception caught
Traceback (most recent call last):
  File "C:\Users\awsch\miniconda3\envs\nsp\Lib\site-packages\rpyc\core\protocol.py", line 356, in _dispatch_request
    res = self._HANDLERS[handler](self, *args)
          ^^^^^^^^^^^^^^^^^^^^^^^^^^^^^^^^^^^^
  File "C:\Users\awsch\miniconda3\envs\nsp\Lib\site-packages\rpyc\core\protocol.py", line 853, in _handle_getattr
    return self._access_attr(obj, name, (), "_rpyc_getattr", "allow_getattr", getattr)
           ^^^^^^^^^^^^^^^^^^^^^^^^^^^^^^^^^^^^^^^^^^^^^^^^^^^^^^^^^^^^^^^^^^^^^^^^^^^
  File "C:\Users\awsch\miniconda3\envs\nsp\Lib\site-packages\rpyc\core\protocol.py", line 781, in _access_attr
    return accessor(obj, name, *args)
           ^^^^^^^^^^^^^^^^^^^^^^^^^^
AttributeError: 'list' object has no attribute 'sum'
2026-06-01 12:01:02.315 [   DEBUG] (         protocol.py: 363) Exception caught
Traceback (most recent call last):
  File "C:\Users\awsch\miniconda3\envs\nsp\Lib\site-packages\rpyc\core\protocol.py", line 356, in _dispatch_request
    res = self._HANDLERS[handler](self, *args)
          ^^^^^^^^^^^^^^^^^^^^^^^^^^^^^^^^^^^^
  File "C:\Users\awsch\miniconda3\envs\nsp\Lib\site-packages\rpyc\core\protocol.py", line 853, in _handle_getattr
    return self._access_attr(obj, name, (), "_rpyc_getattr", "allow_getattr", getattr)
           ^^^^^^^^^^^^^^^^^^^^^^^^^^^^^^^^^^^^^^^^^^^^^^^^^^^^^^^^^^^^^^^^^^^^^^^^^^^
  File "C:\Users\awsch\miniconda3\envs\nsp\Lib\site-packages\rpyc\core\protocol.py", line 781, in _access_attr
    return accessor(obj, name, *args)
           ^^^^^^^^^^^^^^^^^^^^^^^^^^
AttributeError: 'list' object has no attribute '__array__'
2026-06-01 12:01:02.319 [   DEBUG] (         protocol.py: 363) Exception caught
Traceback (most recent call last):
  File "C:\Users\awsch\miniconda3\envs\nsp\Lib\site-packages\rpyc\core\protocol.py", line 356, in _dispatch_request
    res = self._HANDLERS[handler](self, *args)
          ^^^^^^^^^^^^^^^^^^^^^^^^^^^^^^^^^^^^
  File "C:\Users\awsch\miniconda3\envs\nsp\Lib\site-packages\rpyc\core\protocol.py", line 853, in _handle_getattr
    return self._access_attr(obj, name, (), "_rpyc_getattr", "allow_getattr", getattr)
           ^^^^^^^^^^^^^^^^^^^^^^^^^^^^^^^^^^^^^^^^^^^^^^^^^^^^^^^^^^^^^^^^^^^^^^^^^^^
  File "C:\Users\awsch\miniconda3\envs\nsp\Lib\site-packages\rpyc\core\protocol.py", line 781, in _access_attr
    return accessor(obj, name, *args)
           ^^^^^^^^^^^^^^^^^^^^^^^^^^
AttributeError: 'list' object has no attribute '__array_wrap__'
2026-06-01 12:01:02.320 [   DEBUG] (         protocol.py: 363) Exception caught
Traceback (most recent call last):
  File "C:\Users\awsch\miniconda3\envs\nsp\Lib\site-packages\rpyc\core\protocol.py", line 356, in _dispatch_request
    res = self._HANDLERS[handler](self, *args)
          ^^^^^^^^^^^^^^^^^^^^^^^^^^^^^^^^^^^^
  File "C:\Users\awsch\miniconda3\envs\nsp\Lib\site-packages\rpyc\core\protocol.py", line 853, in _handle_getattr
    return self._access_attr(obj, name, (), "_rpyc_getattr", "allow_getattr", getattr)
           ^^^^^^^^^^^^^^^^^^^^^^^^^^^^^^^^^^^^^^^^^^^^^^^^^^^^^^^^^^^^^^^^^^^^^^^^^^^
  File "C:\Users\awsch\miniconda3\envs\nsp\Lib\site-packages\rpyc\core\protocol.py", line 781, in _access_attr
    return accessor(obj, name, *args)
           ^^^^^^^^^^^^^^^^^^^^^^^^^^
AttributeError: 'list' object has no attribute '__array_wrap__'
2026-06-01 12:01:02.326 [   DEBUG] (        highlevel.py: 186) viWrite(2, b'FREQ 9532000000.00\r\n', 20, 'c_ulong(20)') -> 0
2026-06-01 12:01:02.848 [   DEBUG] (         protocol.py: 363) Exception caught
Traceback (most recent call last):
  File "C:\Users\awsch\miniconda3\envs\nsp\Lib\site-packages\rpyc\core\protocol.py", line 356, in _dispatch_request
    res = self._HANDLERS[handler](self, *args)
          ^^^^^^^^^^^^^^^^^^^^^^^^^^^^^^^^^^^^
  File "C:\Users\awsch\miniconda3\envs\nsp\Lib\site-packages\rpyc\core\protocol.py", line 853, in _handle_getattr
    return self._access_attr(obj, name, (), "_rpyc_getattr", "allow_getattr", getattr)
           ^^^^^^^^^^^^^^^^^^^^^^^^^^^^^^^^^^^^^^^^^^^^^^^^^^^^^^^^^^^^^^^^^^^^^^^^^^^
  File "C:\Users\awsch\miniconda3\envs\nsp\Lib\site-packages\rpyc\core\protocol.py", line 781, in _access_attr
    return accessor(obj, name, *args)
           ^^^^^^^^^^^^^^^^^^^^^^^^^^
AttributeError: 'list' object has no attribute 'sum'
2026-06-01 12:01:02.849 [   DEBUG] (         protocol.py: 363) Exception caught
Traceback (most recent call last):
  File "C:\Users\awsch\miniconda3\envs\nsp\Lib\site-packages\rpyc\core\protocol.py", line 356, in _dispatch_request
    res = self._HANDLERS[handler](self, *args)
          ^^^^^^^^^^^^^^^^^^^^^^^^^^^^^^^^^^^^
  File "C:\Users\awsch\miniconda3\envs\nsp\Lib\site-packages\rpyc\core\protocol.py", line 853, in _handle_getattr
    return self._access_attr(obj, name, (), "_rpyc_getattr", "allow_getattr", getattr)
           ^^^^^^^^^^^^^^^^^^^^^^^^^^^^^^^^^^^^^^^^^^^^^^^^^^^^^^^^^^^^^^^^^^^^^^^^^^^
  File "C:\Users\awsch\miniconda3\envs\nsp\Lib\site-packages\rpyc\core\protocol.py", line 781, in _access_attr
    return accessor(obj, name, *args)
           ^^^^^^^^^^^^^^^^^^^^^^^^^^
AttributeError: 'list' object has no attribute 'sum'
2026-06-01 12:01:02.850 [   DEBUG] (         protocol.py: 363) Exception caught
Traceback (most recent call last):
  File "C:\Users\awsch\miniconda3\envs\nsp\Lib\site-packages\rpyc\core\protocol.py", line 356, in _dispatch_request
    res = self._HANDLERS[handler](self, *args)
          ^^^^^^^^^^^^^^^^^^^^^^^^^^^^^^^^^^^^
  File "C:\Users\awsch\miniconda3\envs\nsp\Lib\site-packages\rpyc\core\protocol.py", line 853, in _handle_getattr
    return self._access_attr(obj, name, (), "_rpyc_getattr", "allow_getattr", getattr)
           ^^^^^^^^^^^^^^^^^^^^^^^^^^^^^^^^^^^^^^^^^^^^^^^^^^^^^^^^^^^^^^^^^^^^^^^^^^^
  File "C:\Users\awsch\miniconda3\envs\nsp\Lib\site-packages\rpyc\core\protocol.py", line 781, in _access_attr
    return accessor(obj, name, *args)
           ^^^^^^^^^^^^^^^^^^^^^^^^^^
AttributeError: 'list' object has no attribute '__array__'
2026-06-01 12:01:02.854 [   DEBUG] (         protocol.py: 363) Exception caught
Traceback (most recent call last):
  File "C:\Users\awsch\miniconda3\envs\nsp\Lib\site-packages\rpyc\core\protocol.py", line 356, in _dispatch_request
    res = self._HANDLERS[handler](self, *args)
          ^^^^^^^^^^^^^^^^^^^^^^^^^^^^^^^^^^^^
  File "C:\Users\awsch\miniconda3\envs\nsp\Lib\site-packages\rpyc\core\protocol.py", line 853, in _handle_getattr
    return self._access_attr(obj, name, (), "_rpyc_getattr", "allow_getattr", getattr)
           ^^^^^^^^^^^^^^^^^^^^^^^^^^^^^^^^^^^^^^^^^^^^^^^^^^^^^^^^^^^^^^^^^^^^^^^^^^^
  File "C:\Users\awsch\miniconda3\envs\nsp\Lib\site-packages\rpyc\core\protocol.py", line 781, in _access_attr
    return accessor(obj, name, *args)
           ^^^^^^^^^^^^^^^^^^^^^^^^^^
AttributeError: 'list' object has no attribute '__array_wrap__'
2026-06-01 12:01:02.855 [   DEBUG] (         protocol.py: 363) Exception caught
Traceback (most recent call last):
  File "C:\Users\awsch\miniconda3\envs\nsp\Lib\site-packages\rpyc\core\protocol.py", line 356, in _dispatch_request
    res = self._HANDLERS[handler](self, *args)
          ^^^^^^^^^^^^^^^^^^^^^^^^^^^^^^^^^^^^
  File "C:\Users\awsch\miniconda3\envs\nsp\Lib\site-packages\rpyc\core\protocol.py", line 853, in _handle_getattr
    return self._access_attr(obj, name, (), "_rpyc_getattr", "allow_getattr", getattr)
           ^^^^^^^^^^^^^^^^^^^^^^^^^^^^^^^^^^^^^^^^^^^^^^^^^^^^^^^^^^^^^^^^^^^^^^^^^^^
  File "C:\Users\awsch\miniconda3\envs\nsp\Lib\site-packages\rpyc\core\protocol.py", line 781, in _access_attr
    return accessor(obj, name, *args)
           ^^^^^^^^^^^^^^^^^^^^^^^^^^
AttributeError: 'list' object has no attribute '__array_wrap__'
2026-06-01 12:01:02.856 [   DEBUG] (         protocol.py: 363) Exception caught
Traceback (most recent call last):
  File "C:\Users\awsch\miniconda3\envs\nsp\Lib\site-packages\rpyc\core\protocol.py", line 356, in _dispatch_request
    res = self._HANDLERS[handler](self, *args)
          ^^^^^^^^^^^^^^^^^^^^^^^^^^^^^^^^^^^^
  File "C:\Users\awsch\miniconda3\envs\nsp\Lib\site-packages\rpyc\core\protocol.py", line 853, in _handle_getattr
    return self._access_attr(obj, name, (), "_rpyc_getattr", "allow_getattr", getattr)
           ^^^^^^^^^^^^^^^^^^^^^^^^^^^^^^^^^^^^^^^^^^^^^^^^^^^^^^^^^^^^^^^^^^^^^^^^^^^
  File "C:\Users\awsch\miniconda3\envs\nsp\Lib\site-packages\rpyc\core\protocol.py", line 781, in _access_attr
    return accessor(obj, name, *args)
           ^^^^^^^^^^^^^^^^^^^^^^^^^^
AttributeError: 'list' object has no attribute 'sum'
2026-06-01 12:01:02.857 [   DEBUG] (         protocol.py: 363) Exception caught
Traceback (most recent call last):
  File "C:\Users\awsch\miniconda3\envs\nsp\Lib\site-packages\rpyc\core\protocol.py", line 356, in _dispatch_request
    res = self._HANDLERS[handler](self, *args)
          ^^^^^^^^^^^^^^^^^^^^^^^^^^^^^^^^^^^^
  File "C:\Users\awsch\miniconda3\envs\nsp\Lib\site-packages\rpyc\core\protocol.py", line 853, in _handle_getattr
    return self._access_attr(obj, name, (), "_rpyc_getattr", "allow_getattr", getattr)
           ^^^^^^^^^^^^^^^^^^^^^^^^^^^^^^^^^^^^^^^^^^^^^^^^^^^^^^^^^^^^^^^^^^^^^^^^^^^
  File "C:\Users\awsch\miniconda3\envs\nsp\Lib\site-packages\rpyc\core\protocol.py", line 781, in _access_attr
    return accessor(obj, name, *args)
           ^^^^^^^^^^^^^^^^^^^^^^^^^^
AttributeError: 'list' object has no attribute 'sum'
2026-06-01 12:01:02.858 [   DEBUG] (         protocol.py: 363) Exception caught
Traceback (most recent call last):
  File "C:\Users\awsch\miniconda3\envs\nsp\Lib\site-packages\rpyc\core\protocol.py", line 356, in _dispatch_request
    res = self._HANDLERS[handler](self, *args)
          ^^^^^^^^^^^^^^^^^^^^^^^^^^^^^^^^^^^^
  File "C:\Users\awsch\miniconda3\envs\nsp\Lib\site-packages\rpyc\core\protocol.py", line 853, in _handle_getattr
    return self._access_attr(obj, name, (), "_rpyc_getattr", "allow_getattr", getattr)
           ^^^^^^^^^^^^^^^^^^^^^^^^^^^^^^^^^^^^^^^^^^^^^^^^^^^^^^^^^^^^^^^^^^^^^^^^^^^
  File "C:\Users\awsch\miniconda3\envs\nsp\Lib\site-packages\rpyc\core\protocol.py", line 781, in _access_attr
    return accessor(obj, name, *args)
           ^^^^^^^^^^^^^^^^^^^^^^^^^^
AttributeError: 'list' object has no attribute '__array__'
2026-06-01 12:01:02.862 [   DEBUG] (         protocol.py: 363) Exception caught
Traceback (most recent call last):
  File "C:\Users\awsch\miniconda3\envs\nsp\Lib\site-packages\rpyc\core\protocol.py", line 356, in _dispatch_request
    res = self._HANDLERS[handler](self, *args)
          ^^^^^^^^^^^^^^^^^^^^^^^^^^^^^^^^^^^^
  File "C:\Users\awsch\miniconda3\envs\nsp\Lib\site-packages\rpyc\core\protocol.py", line 853, in _handle_getattr
    return self._access_attr(obj, name, (), "_rpyc_getattr", "allow_getattr", getattr)
           ^^^^^^^^^^^^^^^^^^^^^^^^^^^^^^^^^^^^^^^^^^^^^^^^^^^^^^^^^^^^^^^^^^^^^^^^^^^
  File "C:\Users\awsch\miniconda3\envs\nsp\Lib\site-packages\rpyc\core\protocol.py", line 781, in _access_attr
    return accessor(obj, name, *args)
           ^^^^^^^^^^^^^^^^^^^^^^^^^^
AttributeError: 'list' object has no attribute '__array_wrap__'
2026-06-01 12:01:02.863 [   DEBUG] (         protocol.py: 363) Exception caught
Traceback (most recent call last):
  File "C:\Users\awsch\miniconda3\envs\nsp\Lib\site-packages\rpyc\core\protocol.py", line 356, in _dispatch_request
    res = self._HANDLERS[handler](self, *args)
          ^^^^^^^^^^^^^^^^^^^^^^^^^^^^^^^^^^^^
  File "C:\Users\awsch\miniconda3\envs\nsp\Lib\site-packages\rpyc\core\protocol.py", line 853, in _handle_getattr
    return self._access_attr(obj, name, (), "_rpyc_getattr", "allow_getattr", getattr)
           ^^^^^^^^^^^^^^^^^^^^^^^^^^^^^^^^^^^^^^^^^^^^^^^^^^^^^^^^^^^^^^^^^^^^^^^^^^^
  File "C:\Users\awsch\miniconda3\envs\nsp\Lib\site-packages\rpyc\core\protocol.py", line 781, in _access_attr
    return accessor(obj, name, *args)
           ^^^^^^^^^^^^^^^^^^^^^^^^^^
AttributeError: 'list' object has no attribute '__array_wrap__'
2026-06-01 12:01:02.869 [   DEBUG] (        highlevel.py: 186) viWrite(2, b'FREQ 9538000000.00\r\n', 20, 'c_ulong(20)') -> 0
2026-06-01 12:01:03.388 [   DEBUG] (         protocol.py: 363) Exception caught
Traceback (most recent call last):
  File "C:\Users\awsch\miniconda3\envs\nsp\Lib\site-packages\rpyc\core\protocol.py", line 356, in _dispatch_request
    res = self._HANDLERS[handler](self, *args)
          ^^^^^^^^^^^^^^^^^^^^^^^^^^^^^^^^^^^^
  File "C:\Users\awsch\miniconda3\envs\nsp\Lib\site-packages\rpyc\core\protocol.py", line 853, in _handle_getattr
    return self._access_attr(obj, name, (), "_rpyc_getattr", "allow_getattr", getattr)
           ^^^^^^^^^^^^^^^^^^^^^^^^^^^^^^^^^^^^^^^^^^^^^^^^^^^^^^^^^^^^^^^^^^^^^^^^^^^
  File "C:\Users\awsch\miniconda3\envs\nsp\Lib\site-packages\rpyc\core\protocol.py", line 781, in _access_attr
    return accessor(obj, name, *args)
           ^^^^^^^^^^^^^^^^^^^^^^^^^^
AttributeError: 'list' object has no attribute 'sum'
2026-06-01 12:01:03.393 [   DEBUG] (         protocol.py: 363) Exception caught
Traceback (most recent call last):
  File "C:\Users\awsch\miniconda3\envs\nsp\Lib\site-packages\rpyc\core\protocol.py", line 356, in _dispatch_request
    res = self._HANDLERS[handler](self, *args)
          ^^^^^^^^^^^^^^^^^^^^^^^^^^^^^^^^^^^^
  File "C:\Users\awsch\miniconda3\envs\nsp\Lib\site-packages\rpyc\core\protocol.py", line 853, in _handle_getattr
    return self._access_attr(obj, name, (), "_rpyc_getattr", "allow_getattr", getattr)
           ^^^^^^^^^^^^^^^^^^^^^^^^^^^^^^^^^^^^^^^^^^^^^^^^^^^^^^^^^^^^^^^^^^^^^^^^^^^
  File "C:\Users\awsch\miniconda3\envs\nsp\Lib\site-packages\rpyc\core\protocol.py", line 781, in _access_attr
    return accessor(obj, name, *args)
           ^^^^^^^^^^^^^^^^^^^^^^^^^^
AttributeError: 'list' object has no attribute 'sum'
2026-06-01 12:01:03.399 [   DEBUG] (         protocol.py: 363) Exception caught
Traceback (most recent call last):
  File "C:\Users\awsch\miniconda3\envs\nsp\Lib\site-packages\rpyc\core\protocol.py", line 356, in _dispatch_request
    res = self._HANDLERS[handler](self, *args)
          ^^^^^^^^^^^^^^^^^^^^^^^^^^^^^^^^^^^^
  File "C:\Users\awsch\miniconda3\envs\nsp\Lib\site-packages\rpyc\core\protocol.py", line 853, in _handle_getattr
    return self._access_attr(obj, name, (), "_rpyc_getattr", "allow_getattr", getattr)
           ^^^^^^^^^^^^^^^^^^^^^^^^^^^^^^^^^^^^^^^^^^^^^^^^^^^^^^^^^^^^^^^^^^^^^^^^^^^
  File "C:\Users\awsch\miniconda3\envs\nsp\Lib\site-packages\rpyc\core\protocol.py", line 781, in _access_attr
    return accessor(obj, name, *args)
           ^^^^^^^^^^^^^^^^^^^^^^^^^^
AttributeError: 'list' object has no attribute '__array__'
2026-06-01 12:01:03.414 [   DEBUG] (         protocol.py: 363) Exception caught
Traceback (most recent call last):
  File "C:\Users\awsch\miniconda3\envs\nsp\Lib\site-packages\rpyc\core\protocol.py", line 356, in _dispatch_request
    res = self._HANDLERS[handler](self, *args)
          ^^^^^^^^^^^^^^^^^^^^^^^^^^^^^^^^^^^^
  File "C:\Users\awsch\miniconda3\envs\nsp\Lib\site-packages\rpyc\core\protocol.py", line 853, in _handle_getattr
    return self._access_attr(obj, name, (), "_rpyc_getattr", "allow_getattr", getattr)
           ^^^^^^^^^^^^^^^^^^^^^^^^^^^^^^^^^^^^^^^^^^^^^^^^^^^^^^^^^^^^^^^^^^^^^^^^^^^
  File "C:\Users\awsch\miniconda3\envs\nsp\Lib\site-packages\rpyc\core\protocol.py", line 781, in _access_attr
    return accessor(obj, name, *args)
           ^^^^^^^^^^^^^^^^^^^^^^^^^^
AttributeError: 'list' object has no attribute '__array_wrap__'
2026-06-01 12:01:03.417 [   DEBUG] (         protocol.py: 363) Exception caught
Traceback (most recent call last):
  File "C:\Users\awsch\miniconda3\envs\nsp\Lib\site-packages\rpyc\core\protocol.py", line 356, in _dispatch_request
    res = self._HANDLERS[handler](self, *args)
          ^^^^^^^^^^^^^^^^^^^^^^^^^^^^^^^^^^^^
  File "C:\Users\awsch\miniconda3\envs\nsp\Lib\site-packages\rpyc\core\protocol.py", line 853, in _handle_getattr
    return self._access_attr(obj, name, (), "_rpyc_getattr", "allow_getattr", getattr)
           ^^^^^^^^^^^^^^^^^^^^^^^^^^^^^^^^^^^^^^^^^^^^^^^^^^^^^^^^^^^^^^^^^^^^^^^^^^^
  File "C:\Users\awsch\miniconda3\envs\nsp\Lib\site-packages\rpyc\core\protocol.py", line 781, in _access_attr
    return accessor(obj, name, *args)
           ^^^^^^^^^^^^^^^^^^^^^^^^^^
AttributeError: 'list' object has no attribute '__array_wrap__'
2026-06-01 12:01:03.420 [   DEBUG] (         protocol.py: 363) Exception caught
Traceback (most recent call last):
  File "C:\Users\awsch\miniconda3\envs\nsp\Lib\site-packages\rpyc\core\protocol.py", line 356, in _dispatch_request
    res = self._HANDLERS[handler](self, *args)
          ^^^^^^^^^^^^^^^^^^^^^^^^^^^^^^^^^^^^
  File "C:\Users\awsch\miniconda3\envs\nsp\Lib\site-packages\rpyc\core\protocol.py", line 853, in _handle_getattr
    return self._access_attr(obj, name, (), "_rpyc_getattr", "allow_getattr", getattr)
           ^^^^^^^^^^^^^^^^^^^^^^^^^^^^^^^^^^^^^^^^^^^^^^^^^^^^^^^^^^^^^^^^^^^^^^^^^^^
  File "C:\Users\awsch\miniconda3\envs\nsp\Lib\site-packages\rpyc\core\protocol.py", line 781, in _access_attr
    return accessor(obj, name, *args)
           ^^^^^^^^^^^^^^^^^^^^^^^^^^
AttributeError: 'list' object has no attribute 'sum'
2026-06-01 12:01:03.423 [   DEBUG] (         protocol.py: 363) Exception caught
Traceback (most recent call last):
  File "C:\Users\awsch\miniconda3\envs\nsp\Lib\site-packages\rpyc\core\protocol.py", line 356, in _dispatch_request
    res = self._HANDLERS[handler](self, *args)
          ^^^^^^^^^^^^^^^^^^^^^^^^^^^^^^^^^^^^
  File "C:\Users\awsch\miniconda3\envs\nsp\Lib\site-packages\rpyc\core\protocol.py", line 853, in _handle_getattr
    return self._access_attr(obj, name, (), "_rpyc_getattr", "allow_getattr", getattr)
           ^^^^^^^^^^^^^^^^^^^^^^^^^^^^^^^^^^^^^^^^^^^^^^^^^^^^^^^^^^^^^^^^^^^^^^^^^^^
  File "C:\Users\awsch\miniconda3\envs\nsp\Lib\site-packages\rpyc\core\protocol.py", line 781, in _access_attr
    return accessor(obj, name, *args)
           ^^^^^^^^^^^^^^^^^^^^^^^^^^
AttributeError: 'list' object has no attribute 'sum'
2026-06-01 12:01:03.426 [   DEBUG] (         protocol.py: 363) Exception caught
Traceback (most recent call last):
  File "C:\Users\awsch\miniconda3\envs\nsp\Lib\site-packages\rpyc\core\protocol.py", line 356, in _dispatch_request
    res = self._HANDLERS[handler](self, *args)
          ^^^^^^^^^^^^^^^^^^^^^^^^^^^^^^^^^^^^
  File "C:\Users\awsch\miniconda3\envs\nsp\Lib\site-packages\rpyc\core\protocol.py", line 853, in _handle_getattr
    return self._access_attr(obj, name, (), "_rpyc_getattr", "allow_getattr", getattr)
           ^^^^^^^^^^^^^^^^^^^^^^^^^^^^^^^^^^^^^^^^^^^^^^^^^^^^^^^^^^^^^^^^^^^^^^^^^^^
  File "C:\Users\awsch\miniconda3\envs\nsp\Lib\site-packages\rpyc\core\protocol.py", line 781, in _access_attr
    return accessor(obj, name, *args)
           ^^^^^^^^^^^^^^^^^^^^^^^^^^
AttributeError: 'list' object has no attribute '__array__'
2026-06-01 12:01:03.437 [   DEBUG] (         protocol.py: 363) Exception caught
Traceback (most recent call last):
  File "C:\Users\awsch\miniconda3\envs\nsp\Lib\site-packages\rpyc\core\protocol.py", line 356, in _dispatch_request
    res = self._HANDLERS[handler](self, *args)
          ^^^^^^^^^^^^^^^^^^^^^^^^^^^^^^^^^^^^
  File "C:\Users\awsch\miniconda3\envs\nsp\Lib\site-packages\rpyc\core\protocol.py", line 853, in _handle_getattr
    return self._access_attr(obj, name, (), "_rpyc_getattr", "allow_getattr", getattr)
           ^^^^^^^^^^^^^^^^^^^^^^^^^^^^^^^^^^^^^^^^^^^^^^^^^^^^^^^^^^^^^^^^^^^^^^^^^^^
  File "C:\Users\awsch\miniconda3\envs\nsp\Lib\site-packages\rpyc\core\protocol.py", line 781, in _access_attr
    return accessor(obj, name, *args)
           ^^^^^^^^^^^^^^^^^^^^^^^^^^
AttributeError: 'list' object has no attribute '__array_wrap__'
2026-06-01 12:01:03.439 [   DEBUG] (         protocol.py: 363) Exception caught
Traceback (most recent call last):
  File "C:\Users\awsch\miniconda3\envs\nsp\Lib\site-packages\rpyc\core\protocol.py", line 356, in _dispatch_request
    res = self._HANDLERS[handler](self, *args)
          ^^^^^^^^^^^^^^^^^^^^^^^^^^^^^^^^^^^^
  File "C:\Users\awsch\miniconda3\envs\nsp\Lib\site-packages\rpyc\core\protocol.py", line 853, in _handle_getattr
    return self._access_attr(obj, name, (), "_rpyc_getattr", "allow_getattr", getattr)
           ^^^^^^^^^^^^^^^^^^^^^^^^^^^^^^^^^^^^^^^^^^^^^^^^^^^^^^^^^^^^^^^^^^^^^^^^^^^
  File "C:\Users\awsch\miniconda3\envs\nsp\Lib\site-packages\rpyc\core\protocol.py", line 781, in _access_attr
    return accessor(obj, name, *args)
           ^^^^^^^^^^^^^^^^^^^^^^^^^^
AttributeError: 'list' object has no attribute '__array_wrap__'
2026-06-01 12:01:03.447 [   DEBUG] (        highlevel.py: 186) viWrite(2, b'FREQ 9544000000.00\r\n', 20, 'c_ulong(20)') -> 0
2026-06-01 12:01:03.981 [   DEBUG] (         protocol.py: 363) Exception caught
Traceback (most recent call last):
  File "C:\Users\awsch\miniconda3\envs\nsp\Lib\site-packages\rpyc\core\protocol.py", line 356, in _dispatch_request
    res = self._HANDLERS[handler](self, *args)
          ^^^^^^^^^^^^^^^^^^^^^^^^^^^^^^^^^^^^
  File "C:\Users\awsch\miniconda3\envs\nsp\Lib\site-packages\rpyc\core\protocol.py", line 853, in _handle_getattr
    return self._access_attr(obj, name, (), "_rpyc_getattr", "allow_getattr", getattr)
           ^^^^^^^^^^^^^^^^^^^^^^^^^^^^^^^^^^^^^^^^^^^^^^^^^^^^^^^^^^^^^^^^^^^^^^^^^^^
  File "C:\Users\awsch\miniconda3\envs\nsp\Lib\site-packages\rpyc\core\protocol.py", line 781, in _access_attr
    return accessor(obj, name, *args)
           ^^^^^^^^^^^^^^^^^^^^^^^^^^
AttributeError: 'list' object has no attribute 'sum'
2026-06-01 12:01:03.987 [   DEBUG] (         protocol.py: 363) Exception caught
Traceback (most recent call last):
  File "C:\Users\awsch\miniconda3\envs\nsp\Lib\site-packages\rpyc\core\protocol.py", line 356, in _dispatch_request
    res = self._HANDLERS[handler](self, *args)
          ^^^^^^^^^^^^^^^^^^^^^^^^^^^^^^^^^^^^
  File "C:\Users\awsch\miniconda3\envs\nsp\Lib\site-packages\rpyc\core\protocol.py", line 853, in _handle_getattr
    return self._access_attr(obj, name, (), "_rpyc_getattr", "allow_getattr", getattr)
           ^^^^^^^^^^^^^^^^^^^^^^^^^^^^^^^^^^^^^^^^^^^^^^^^^^^^^^^^^^^^^^^^^^^^^^^^^^^
  File "C:\Users\awsch\miniconda3\envs\nsp\Lib\site-packages\rpyc\core\protocol.py", line 781, in _access_attr
    return accessor(obj, name, *args)
           ^^^^^^^^^^^^^^^^^^^^^^^^^^
AttributeError: 'list' object has no attribute 'sum'
2026-06-01 12:01:03.992 [   DEBUG] (         protocol.py: 363) Exception caught
Traceback (most recent call last):
  File "C:\Users\awsch\miniconda3\envs\nsp\Lib\site-packages\rpyc\core\protocol.py", line 356, in _dispatch_request
    res = self._HANDLERS[handler](self, *args)
          ^^^^^^^^^^^^^^^^^^^^^^^^^^^^^^^^^^^^
  File "C:\Users\awsch\miniconda3\envs\nsp\Lib\site-packages\rpyc\core\protocol.py", line 853, in _handle_getattr
    return self._access_attr(obj, name, (), "_rpyc_getattr", "allow_getattr", getattr)
           ^^^^^^^^^^^^^^^^^^^^^^^^^^^^^^^^^^^^^^^^^^^^^^^^^^^^^^^^^^^^^^^^^^^^^^^^^^^
  File "C:\Users\awsch\miniconda3\envs\nsp\Lib\site-packages\rpyc\core\protocol.py", line 781, in _access_attr
    return accessor(obj, name, *args)
           ^^^^^^^^^^^^^^^^^^^^^^^^^^
AttributeError: 'list' object has no attribute '__array__'
2026-06-01 12:01:04.011 [   DEBUG] (         protocol.py: 363) Exception caught
Traceback (most recent call last):
  File "C:\Users\awsch\miniconda3\envs\nsp\Lib\site-packages\rpyc\core\protocol.py", line 356, in _dispatch_request
    res = self._HANDLERS[handler](self, *args)
          ^^^^^^^^^^^^^^^^^^^^^^^^^^^^^^^^^^^^
  File "C:\Users\awsch\miniconda3\envs\nsp\Lib\site-packages\rpyc\core\protocol.py", line 853, in _handle_getattr
    return self._access_attr(obj, name, (), "_rpyc_getattr", "allow_getattr", getattr)
           ^^^^^^^^^^^^^^^^^^^^^^^^^^^^^^^^^^^^^^^^^^^^^^^^^^^^^^^^^^^^^^^^^^^^^^^^^^^
  File "C:\Users\awsch\miniconda3\envs\nsp\Lib\site-packages\rpyc\core\protocol.py", line 781, in _access_attr
    return accessor(obj, name, *args)
           ^^^^^^^^^^^^^^^^^^^^^^^^^^
AttributeError: 'list' object has no attribute '__array_wrap__'
2026-06-01 12:01:04.014 [   DEBUG] (         protocol.py: 363) Exception caught
Traceback (most recent call last):
  File "C:\Users\awsch\miniconda3\envs\nsp\Lib\site-packages\rpyc\core\protocol.py", line 356, in _dispatch_request
    res = self._HANDLERS[handler](self, *args)
          ^^^^^^^^^^^^^^^^^^^^^^^^^^^^^^^^^^^^
  File "C:\Users\awsch\miniconda3\envs\nsp\Lib\site-packages\rpyc\core\protocol.py", line 853, in _handle_getattr
    return self._access_attr(obj, name, (), "_rpyc_getattr", "allow_getattr", getattr)
           ^^^^^^^^^^^^^^^^^^^^^^^^^^^^^^^^^^^^^^^^^^^^^^^^^^^^^^^^^^^^^^^^^^^^^^^^^^^
  File "C:\Users\awsch\miniconda3\envs\nsp\Lib\site-packages\rpyc\core\protocol.py", line 781, in _access_attr
    return accessor(obj, name, *args)
           ^^^^^^^^^^^^^^^^^^^^^^^^^^
AttributeError: 'list' object has no attribute '__array_wrap__'
2026-06-01 12:01:04.017 [   DEBUG] (         protocol.py: 363) Exception caught
Traceback (most recent call last):
  File "C:\Users\awsch\miniconda3\envs\nsp\Lib\site-packages\rpyc\core\protocol.py", line 356, in _dispatch_request
    res = self._HANDLERS[handler](self, *args)
          ^^^^^^^^^^^^^^^^^^^^^^^^^^^^^^^^^^^^
  File "C:\Users\awsch\miniconda3\envs\nsp\Lib\site-packages\rpyc\core\protocol.py", line 853, in _handle_getattr
    return self._access_attr(obj, name, (), "_rpyc_getattr", "allow_getattr", getattr)
           ^^^^^^^^^^^^^^^^^^^^^^^^^^^^^^^^^^^^^^^^^^^^^^^^^^^^^^^^^^^^^^^^^^^^^^^^^^^
  File "C:\Users\awsch\miniconda3\envs\nsp\Lib\site-packages\rpyc\core\protocol.py", line 781, in _access_attr
    return accessor(obj, name, *args)
           ^^^^^^^^^^^^^^^^^^^^^^^^^^
AttributeError: 'list' object has no attribute 'sum'
2026-06-01 12:01:04.021 [   DEBUG] (         protocol.py: 363) Exception caught
Traceback (most recent call last):
  File "C:\Users\awsch\miniconda3\envs\nsp\Lib\site-packages\rpyc\core\protocol.py", line 356, in _dispatch_request
    res = self._HANDLERS[handler](self, *args)
          ^^^^^^^^^^^^^^^^^^^^^^^^^^^^^^^^^^^^
  File "C:\Users\awsch\miniconda3\envs\nsp\Lib\site-packages\rpyc\core\protocol.py", line 853, in _handle_getattr
    return self._access_attr(obj, name, (), "_rpyc_getattr", "allow_getattr", getattr)
           ^^^^^^^^^^^^^^^^^^^^^^^^^^^^^^^^^^^^^^^^^^^^^^^^^^^^^^^^^^^^^^^^^^^^^^^^^^^
  File "C:\Users\awsch\miniconda3\envs\nsp\Lib\site-packages\rpyc\core\protocol.py", line 781, in _access_attr
    return accessor(obj, name, *args)
           ^^^^^^^^^^^^^^^^^^^^^^^^^^
AttributeError: 'list' object has no attribute 'sum'
2026-06-01 12:01:04.024 [   DEBUG] (         protocol.py: 363) Exception caught
Traceback (most recent call last):
  File "C:\Users\awsch\miniconda3\envs\nsp\Lib\site-packages\rpyc\core\protocol.py", line 356, in _dispatch_request
    res = self._HANDLERS[handler](self, *args)
          ^^^^^^^^^^^^^^^^^^^^^^^^^^^^^^^^^^^^
  File "C:\Users\awsch\miniconda3\envs\nsp\Lib\site-packages\rpyc\core\protocol.py", line 853, in _handle_getattr
    return self._access_attr(obj, name, (), "_rpyc_getattr", "allow_getattr", getattr)
           ^^^^^^^^^^^^^^^^^^^^^^^^^^^^^^^^^^^^^^^^^^^^^^^^^^^^^^^^^^^^^^^^^^^^^^^^^^^
  File "C:\Users\awsch\miniconda3\envs\nsp\Lib\site-packages\rpyc\core\protocol.py", line 781, in _access_attr
    return accessor(obj, name, *args)
           ^^^^^^^^^^^^^^^^^^^^^^^^^^
AttributeError: 'list' object has no attribute '__array__'
2026-06-01 12:01:04.035 [   DEBUG] (         protocol.py: 363) Exception caught
Traceback (most recent call last):
  File "C:\Users\awsch\miniconda3\envs\nsp\Lib\site-packages\rpyc\core\protocol.py", line 356, in _dispatch_request
    res = self._HANDLERS[handler](self, *args)
          ^^^^^^^^^^^^^^^^^^^^^^^^^^^^^^^^^^^^
  File "C:\Users\awsch\miniconda3\envs\nsp\Lib\site-packages\rpyc\core\protocol.py", line 853, in _handle_getattr
    return self._access_attr(obj, name, (), "_rpyc_getattr", "allow_getattr", getattr)
           ^^^^^^^^^^^^^^^^^^^^^^^^^^^^^^^^^^^^^^^^^^^^^^^^^^^^^^^^^^^^^^^^^^^^^^^^^^^
  File "C:\Users\awsch\miniconda3\envs\nsp\Lib\site-packages\rpyc\core\protocol.py", line 781, in _access_attr
    return accessor(obj, name, *args)
           ^^^^^^^^^^^^^^^^^^^^^^^^^^
AttributeError: 'list' object has no attribute '__array_wrap__'
2026-06-01 12:01:04.037 [   DEBUG] (         protocol.py: 363) Exception caught
Traceback (most recent call last):
  File "C:\Users\awsch\miniconda3\envs\nsp\Lib\site-packages\rpyc\core\protocol.py", line 356, in _dispatch_request
    res = self._HANDLERS[handler](self, *args)
          ^^^^^^^^^^^^^^^^^^^^^^^^^^^^^^^^^^^^
  File "C:\Users\awsch\miniconda3\envs\nsp\Lib\site-packages\rpyc\core\protocol.py", line 853, in _handle_getattr
    return self._access_attr(obj, name, (), "_rpyc_getattr", "allow_getattr", getattr)
           ^^^^^^^^^^^^^^^^^^^^^^^^^^^^^^^^^^^^^^^^^^^^^^^^^^^^^^^^^^^^^^^^^^^^^^^^^^^
  File "C:\Users\awsch\miniconda3\envs\nsp\Lib\site-packages\rpyc\core\protocol.py", line 781, in _access_attr
    return accessor(obj, name, *args)
           ^^^^^^^^^^^^^^^^^^^^^^^^^^
AttributeError: 'list' object has no attribute '__array_wrap__'
2026-06-01 12:01:04.047 [   DEBUG] (        highlevel.py: 186) viWrite(2, b'FREQ 9550000000.00\r\n', 20, 'c_ulong(20)') -> 0
2026-06-01 12:01:04.551 [   DEBUG] (         protocol.py: 363) Exception caught
Traceback (most recent call last):
  File "C:\Users\awsch\miniconda3\envs\nsp\Lib\site-packages\rpyc\core\protocol.py", line 356, in _dispatch_request
    res = self._HANDLERS[handler](self, *args)
          ^^^^^^^^^^^^^^^^^^^^^^^^^^^^^^^^^^^^
  File "C:\Users\awsch\miniconda3\envs\nsp\Lib\site-packages\rpyc\core\protocol.py", line 853, in _handle_getattr
    return self._access_attr(obj, name, (), "_rpyc_getattr", "allow_getattr", getattr)
           ^^^^^^^^^^^^^^^^^^^^^^^^^^^^^^^^^^^^^^^^^^^^^^^^^^^^^^^^^^^^^^^^^^^^^^^^^^^
  File "C:\Users\awsch\miniconda3\envs\nsp\Lib\site-packages\rpyc\core\protocol.py", line 781, in _access_attr
    return accessor(obj, name, *args)
           ^^^^^^^^^^^^^^^^^^^^^^^^^^
AttributeError: 'list' object has no attribute 'sum'
2026-06-01 12:01:04.552 [   DEBUG] (         protocol.py: 363) Exception caught
Traceback (most recent call last):
  File "C:\Users\awsch\miniconda3\envs\nsp\Lib\site-packages\rpyc\core\protocol.py", line 356, in _dispatch_request
    res = self._HANDLERS[handler](self, *args)
          ^^^^^^^^^^^^^^^^^^^^^^^^^^^^^^^^^^^^
  File "C:\Users\awsch\miniconda3\envs\nsp\Lib\site-packages\rpyc\core\protocol.py", line 853, in _handle_getattr
    return self._access_attr(obj, name, (), "_rpyc_getattr", "allow_getattr", getattr)
           ^^^^^^^^^^^^^^^^^^^^^^^^^^^^^^^^^^^^^^^^^^^^^^^^^^^^^^^^^^^^^^^^^^^^^^^^^^^
  File "C:\Users\awsch\miniconda3\envs\nsp\Lib\site-packages\rpyc\core\protocol.py", line 781, in _access_attr
    return accessor(obj, name, *args)
           ^^^^^^^^^^^^^^^^^^^^^^^^^^
AttributeError: 'list' object has no attribute 'sum'
2026-06-01 12:01:04.553 [   DEBUG] (         protocol.py: 363) Exception caught
Traceback (most recent call last):
  File "C:\Users\awsch\miniconda3\envs\nsp\Lib\site-packages\rpyc\core\protocol.py", line 356, in _dispatch_request
    res = self._HANDLERS[handler](self, *args)
          ^^^^^^^^^^^^^^^^^^^^^^^^^^^^^^^^^^^^
  File "C:\Users\awsch\miniconda3\envs\nsp\Lib\site-packages\rpyc\core\protocol.py", line 853, in _handle_getattr
    return self._access_attr(obj, name, (), "_rpyc_getattr", "allow_getattr", getattr)
           ^^^^^^^^^^^^^^^^^^^^^^^^^^^^^^^^^^^^^^^^^^^^^^^^^^^^^^^^^^^^^^^^^^^^^^^^^^^
  File "C:\Users\awsch\miniconda3\envs\nsp\Lib\site-packages\rpyc\core\protocol.py", line 781, in _access_attr
    return accessor(obj, name, *args)
           ^^^^^^^^^^^^^^^^^^^^^^^^^^
AttributeError: 'list' object has no attribute '__array__'
2026-06-01 12:01:04.557 [   DEBUG] (         protocol.py: 363) Exception caught
Traceback (most recent call last):
  File "C:\Users\awsch\miniconda3\envs\nsp\Lib\site-packages\rpyc\core\protocol.py", line 356, in _dispatch_request
    res = self._HANDLERS[handler](self, *args)
          ^^^^^^^^^^^^^^^^^^^^^^^^^^^^^^^^^^^^
  File "C:\Users\awsch\miniconda3\envs\nsp\Lib\site-packages\rpyc\core\protocol.py", line 853, in _handle_getattr
    return self._access_attr(obj, name, (), "_rpyc_getattr", "allow_getattr", getattr)
           ^^^^^^^^^^^^^^^^^^^^^^^^^^^^^^^^^^^^^^^^^^^^^^^^^^^^^^^^^^^^^^^^^^^^^^^^^^^
  File "C:\Users\awsch\miniconda3\envs\nsp\Lib\site-packages\rpyc\core\protocol.py", line 781, in _access_attr
    return accessor(obj, name, *args)
           ^^^^^^^^^^^^^^^^^^^^^^^^^^
AttributeError: 'list' object has no attribute '__array_wrap__'
2026-06-01 12:01:04.558 [   DEBUG] (         protocol.py: 363) Exception caught
Traceback (most recent call last):
  File "C:\Users\awsch\miniconda3\envs\nsp\Lib\site-packages\rpyc\core\protocol.py", line 356, in _dispatch_request
    res = self._HANDLERS[handler](self, *args)
          ^^^^^^^^^^^^^^^^^^^^^^^^^^^^^^^^^^^^
  File "C:\Users\awsch\miniconda3\envs\nsp\Lib\site-packages\rpyc\core\protocol.py", line 853, in _handle_getattr
    return self._access_attr(obj, name, (), "_rpyc_getattr", "allow_getattr", getattr)
           ^^^^^^^^^^^^^^^^^^^^^^^^^^^^^^^^^^^^^^^^^^^^^^^^^^^^^^^^^^^^^^^^^^^^^^^^^^^
  File "C:\Users\awsch\miniconda3\envs\nsp\Lib\site-packages\rpyc\core\protocol.py", line 781, in _access_attr
    return accessor(obj, name, *args)
           ^^^^^^^^^^^^^^^^^^^^^^^^^^
AttributeError: 'list' object has no attribute '__array_wrap__'
2026-06-01 12:01:04.559 [   DEBUG] (         protocol.py: 363) Exception caught
Traceback (most recent call last):
  File "C:\Users\awsch\miniconda3\envs\nsp\Lib\site-packages\rpyc\core\protocol.py", line 356, in _dispatch_request
    res = self._HANDLERS[handler](self, *args)
          ^^^^^^^^^^^^^^^^^^^^^^^^^^^^^^^^^^^^
  File "C:\Users\awsch\miniconda3\envs\nsp\Lib\site-packages\rpyc\core\protocol.py", line 853, in _handle_getattr
    return self._access_attr(obj, name, (), "_rpyc_getattr", "allow_getattr", getattr)
           ^^^^^^^^^^^^^^^^^^^^^^^^^^^^^^^^^^^^^^^^^^^^^^^^^^^^^^^^^^^^^^^^^^^^^^^^^^^
  File "C:\Users\awsch\miniconda3\envs\nsp\Lib\site-packages\rpyc\core\protocol.py", line 781, in _access_attr
    return accessor(obj, name, *args)
           ^^^^^^^^^^^^^^^^^^^^^^^^^^
AttributeError: 'list' object has no attribute 'sum'
2026-06-01 12:01:04.560 [   DEBUG] (         protocol.py: 363) Exception caught
Traceback (most recent call last):
  File "C:\Users\awsch\miniconda3\envs\nsp\Lib\site-packages\rpyc\core\protocol.py", line 356, in _dispatch_request
    res = self._HANDLERS[handler](self, *args)
          ^^^^^^^^^^^^^^^^^^^^^^^^^^^^^^^^^^^^
  File "C:\Users\awsch\miniconda3\envs\nsp\Lib\site-packages\rpyc\core\protocol.py", line 853, in _handle_getattr
    return self._access_attr(obj, name, (), "_rpyc_getattr", "allow_getattr", getattr)
           ^^^^^^^^^^^^^^^^^^^^^^^^^^^^^^^^^^^^^^^^^^^^^^^^^^^^^^^^^^^^^^^^^^^^^^^^^^^
  File "C:\Users\awsch\miniconda3\envs\nsp\Lib\site-packages\rpyc\core\protocol.py", line 781, in _access_attr
    return accessor(obj, name, *args)
           ^^^^^^^^^^^^^^^^^^^^^^^^^^
AttributeError: 'list' object has no attribute 'sum'
2026-06-01 12:01:04.561 [   DEBUG] (         protocol.py: 363) Exception caught
Traceback (most recent call last):
  File "C:\Users\awsch\miniconda3\envs\nsp\Lib\site-packages\rpyc\core\protocol.py", line 356, in _dispatch_request
    res = self._HANDLERS[handler](self, *args)
          ^^^^^^^^^^^^^^^^^^^^^^^^^^^^^^^^^^^^
  File "C:\Users\awsch\miniconda3\envs\nsp\Lib\site-packages\rpyc\core\protocol.py", line 853, in _handle_getattr
    return self._access_attr(obj, name, (), "_rpyc_getattr", "allow_getattr", getattr)
           ^^^^^^^^^^^^^^^^^^^^^^^^^^^^^^^^^^^^^^^^^^^^^^^^^^^^^^^^^^^^^^^^^^^^^^^^^^^
  File "C:\Users\awsch\miniconda3\envs\nsp\Lib\site-packages\rpyc\core\protocol.py", line 781, in _access_attr
    return accessor(obj, name, *args)
           ^^^^^^^^^^^^^^^^^^^^^^^^^^
AttributeError: 'list' object has no attribute '__array__'
2026-06-01 12:01:04.565 [   DEBUG] (         protocol.py: 363) Exception caught
Traceback (most recent call last):
  File "C:\Users\awsch\miniconda3\envs\nsp\Lib\site-packages\rpyc\core\protocol.py", line 356, in _dispatch_request
    res = self._HANDLERS[handler](self, *args)
          ^^^^^^^^^^^^^^^^^^^^^^^^^^^^^^^^^^^^
  File "C:\Users\awsch\miniconda3\envs\nsp\Lib\site-packages\rpyc\core\protocol.py", line 853, in _handle_getattr
    return self._access_attr(obj, name, (), "_rpyc_getattr", "allow_getattr", getattr)
           ^^^^^^^^^^^^^^^^^^^^^^^^^^^^^^^^^^^^^^^^^^^^^^^^^^^^^^^^^^^^^^^^^^^^^^^^^^^
  File "C:\Users\awsch\miniconda3\envs\nsp\Lib\site-packages\rpyc\core\protocol.py", line 781, in _access_attr
    return accessor(obj, name, *args)
           ^^^^^^^^^^^^^^^^^^^^^^^^^^
AttributeError: 'list' object has no attribute '__array_wrap__'
2026-06-01 12:01:04.566 [   DEBUG] (         protocol.py: 363) Exception caught
Traceback (most recent call last):
  File "C:\Users\awsch\miniconda3\envs\nsp\Lib\site-packages\rpyc\core\protocol.py", line 356, in _dispatch_request
    res = self._HANDLERS[handler](self, *args)
          ^^^^^^^^^^^^^^^^^^^^^^^^^^^^^^^^^^^^
  File "C:\Users\awsch\miniconda3\envs\nsp\Lib\site-packages\rpyc\core\protocol.py", line 853, in _handle_getattr
    return self._access_attr(obj, name, (), "_rpyc_getattr", "allow_getattr", getattr)
           ^^^^^^^^^^^^^^^^^^^^^^^^^^^^^^^^^^^^^^^^^^^^^^^^^^^^^^^^^^^^^^^^^^^^^^^^^^^
  File "C:\Users\awsch\miniconda3\envs\nsp\Lib\site-packages\rpyc\core\protocol.py", line 781, in _access_attr
    return accessor(obj, name, *args)
           ^^^^^^^^^^^^^^^^^^^^^^^^^^
AttributeError: 'list' object has no attribute '__array_wrap__'
2026-06-01 12:01:04.572 [   DEBUG] (        highlevel.py: 186) viWrite(2, b'FREQ 9556000000.00\r\n', 20, 'c_ulong(20)') -> 0
2026-06-01 12:01:05.050 [   DEBUG] (         protocol.py: 363) Exception caught
Traceback (most recent call last):
  File "C:\Users\awsch\miniconda3\envs\nsp\Lib\site-packages\rpyc\core\protocol.py", line 356, in _dispatch_request
    res = self._HANDLERS[handler](self, *args)
          ^^^^^^^^^^^^^^^^^^^^^^^^^^^^^^^^^^^^
  File "C:\Users\awsch\miniconda3\envs\nsp\Lib\site-packages\rpyc\core\protocol.py", line 853, in _handle_getattr
    return self._access_attr(obj, name, (), "_rpyc_getattr", "allow_getattr", getattr)
           ^^^^^^^^^^^^^^^^^^^^^^^^^^^^^^^^^^^^^^^^^^^^^^^^^^^^^^^^^^^^^^^^^^^^^^^^^^^
  File "C:\Users\awsch\miniconda3\envs\nsp\Lib\site-packages\rpyc\core\protocol.py", line 781, in _access_attr
    return accessor(obj, name, *args)
           ^^^^^^^^^^^^^^^^^^^^^^^^^^
AttributeError: 'list' object has no attribute 'sum'
2026-06-01 12:01:05.051 [   DEBUG] (         protocol.py: 363) Exception caught
Traceback (most recent call last):
  File "C:\Users\awsch\miniconda3\envs\nsp\Lib\site-packages\rpyc\core\protocol.py", line 356, in _dispatch_request
    res = self._HANDLERS[handler](self, *args)
          ^^^^^^^^^^^^^^^^^^^^^^^^^^^^^^^^^^^^
  File "C:\Users\awsch\miniconda3\envs\nsp\Lib\site-packages\rpyc\core\protocol.py", line 853, in _handle_getattr
    return self._access_attr(obj, name, (), "_rpyc_getattr", "allow_getattr", getattr)
           ^^^^^^^^^^^^^^^^^^^^^^^^^^^^^^^^^^^^^^^^^^^^^^^^^^^^^^^^^^^^^^^^^^^^^^^^^^^
  File "C:\Users\awsch\miniconda3\envs\nsp\Lib\site-packages\rpyc\core\protocol.py", line 781, in _access_attr
    return accessor(obj, name, *args)
           ^^^^^^^^^^^^^^^^^^^^^^^^^^
AttributeError: 'list' object has no attribute 'sum'
2026-06-01 12:01:05.052 [   DEBUG] (         protocol.py: 363) Exception caught
Traceback (most recent call last):
  File "C:\Users\awsch\miniconda3\envs\nsp\Lib\site-packages\rpyc\core\protocol.py", line 356, in _dispatch_request
    res = self._HANDLERS[handler](self, *args)
          ^^^^^^^^^^^^^^^^^^^^^^^^^^^^^^^^^^^^
  File "C:\Users\awsch\miniconda3\envs\nsp\Lib\site-packages\rpyc\core\protocol.py", line 853, in _handle_getattr
    return self._access_attr(obj, name, (), "_rpyc_getattr", "allow_getattr", getattr)
           ^^^^^^^^^^^^^^^^^^^^^^^^^^^^^^^^^^^^^^^^^^^^^^^^^^^^^^^^^^^^^^^^^^^^^^^^^^^
  File "C:\Users\awsch\miniconda3\envs\nsp\Lib\site-packages\rpyc\core\protocol.py", line 781, in _access_attr
    return accessor(obj, name, *args)
           ^^^^^^^^^^^^^^^^^^^^^^^^^^
AttributeError: 'list' object has no attribute '__array__'
2026-06-01 12:01:05.056 [   DEBUG] (         protocol.py: 363) Exception caught
Traceback (most recent call last):
  File "C:\Users\awsch\miniconda3\envs\nsp\Lib\site-packages\rpyc\core\protocol.py", line 356, in _dispatch_request
    res = self._HANDLERS[handler](self, *args)
          ^^^^^^^^^^^^^^^^^^^^^^^^^^^^^^^^^^^^
  File "C:\Users\awsch\miniconda3\envs\nsp\Lib\site-packages\rpyc\core\protocol.py", line 853, in _handle_getattr
    return self._access_attr(obj, name, (), "_rpyc_getattr", "allow_getattr", getattr)
           ^^^^^^^^^^^^^^^^^^^^^^^^^^^^^^^^^^^^^^^^^^^^^^^^^^^^^^^^^^^^^^^^^^^^^^^^^^^
  File "C:\Users\awsch\miniconda3\envs\nsp\Lib\site-packages\rpyc\core\protocol.py", line 781, in _access_attr
    return accessor(obj, name, *args)
           ^^^^^^^^^^^^^^^^^^^^^^^^^^
AttributeError: 'list' object has no attribute '__array_wrap__'
2026-06-01 12:01:05.057 [   DEBUG] (         protocol.py: 363) Exception caught
Traceback (most recent call last):
  File "C:\Users\awsch\miniconda3\envs\nsp\Lib\site-packages\rpyc\core\protocol.py", line 356, in _dispatch_request
    res = self._HANDLERS[handler](self, *args)
          ^^^^^^^^^^^^^^^^^^^^^^^^^^^^^^^^^^^^
  File "C:\Users\awsch\miniconda3\envs\nsp\Lib\site-packages\rpyc\core\protocol.py", line 853, in _handle_getattr
    return self._access_attr(obj, name, (), "_rpyc_getattr", "allow_getattr", getattr)
           ^^^^^^^^^^^^^^^^^^^^^^^^^^^^^^^^^^^^^^^^^^^^^^^^^^^^^^^^^^^^^^^^^^^^^^^^^^^
  File "C:\Users\awsch\miniconda3\envs\nsp\Lib\site-packages\rpyc\core\protocol.py", line 781, in _access_attr
    return accessor(obj, name, *args)
           ^^^^^^^^^^^^^^^^^^^^^^^^^^
AttributeError: 'list' object has no attribute '__array_wrap__'
2026-06-01 12:01:05.058 [   DEBUG] (         protocol.py: 363) Exception caught
Traceback (most recent call last):
  File "C:\Users\awsch\miniconda3\envs\nsp\Lib\site-packages\rpyc\core\protocol.py", line 356, in _dispatch_request
    res = self._HANDLERS[handler](self, *args)
          ^^^^^^^^^^^^^^^^^^^^^^^^^^^^^^^^^^^^
  File "C:\Users\awsch\miniconda3\envs\nsp\Lib\site-packages\rpyc\core\protocol.py", line 853, in _handle_getattr
    return self._access_attr(obj, name, (), "_rpyc_getattr", "allow_getattr", getattr)
           ^^^^^^^^^^^^^^^^^^^^^^^^^^^^^^^^^^^^^^^^^^^^^^^^^^^^^^^^^^^^^^^^^^^^^^^^^^^
  File "C:\Users\awsch\miniconda3\envs\nsp\Lib\site-packages\rpyc\core\protocol.py", line 781, in _access_attr
    return accessor(obj, name, *args)
           ^^^^^^^^^^^^^^^^^^^^^^^^^^
AttributeError: 'list' object has no attribute 'sum'
2026-06-01 12:01:05.059 [   DEBUG] (         protocol.py: 363) Exception caught
Traceback (most recent call last):
  File "C:\Users\awsch\miniconda3\envs\nsp\Lib\site-packages\rpyc\core\protocol.py", line 356, in _dispatch_request
    res = self._HANDLERS[handler](self, *args)
          ^^^^^^^^^^^^^^^^^^^^^^^^^^^^^^^^^^^^
  File "C:\Users\awsch\miniconda3\envs\nsp\Lib\site-packages\rpyc\core\protocol.py", line 853, in _handle_getattr
    return self._access_attr(obj, name, (), "_rpyc_getattr", "allow_getattr", getattr)
           ^^^^^^^^^^^^^^^^^^^^^^^^^^^^^^^^^^^^^^^^^^^^^^^^^^^^^^^^^^^^^^^^^^^^^^^^^^^
  File "C:\Users\awsch\miniconda3\envs\nsp\Lib\site-packages\rpyc\core\protocol.py", line 781, in _access_attr
    return accessor(obj, name, *args)
           ^^^^^^^^^^^^^^^^^^^^^^^^^^
AttributeError: 'list' object has no attribute 'sum'
2026-06-01 12:01:05.060 [   DEBUG] (         protocol.py: 363) Exception caught
Traceback (most recent call last):
  File "C:\Users\awsch\miniconda3\envs\nsp\Lib\site-packages\rpyc\core\protocol.py", line 356, in _dispatch_request
    res = self._HANDLERS[handler](self, *args)
          ^^^^^^^^^^^^^^^^^^^^^^^^^^^^^^^^^^^^
  File "C:\Users\awsch\miniconda3\envs\nsp\Lib\site-packages\rpyc\core\protocol.py", line 853, in _handle_getattr
    return self._access_attr(obj, name, (), "_rpyc_getattr", "allow_getattr", getattr)
           ^^^^^^^^^^^^^^^^^^^^^^^^^^^^^^^^^^^^^^^^^^^^^^^^^^^^^^^^^^^^^^^^^^^^^^^^^^^
  File "C:\Users\awsch\miniconda3\envs\nsp\Lib\site-packages\rpyc\core\protocol.py", line 781, in _access_attr
    return accessor(obj, name, *args)
           ^^^^^^^^^^^^^^^^^^^^^^^^^^
AttributeError: 'list' object has no attribute '__array__'
2026-06-01 12:01:05.063 [   DEBUG] (         protocol.py: 363) Exception caught
Traceback (most recent call last):
  File "C:\Users\awsch\miniconda3\envs\nsp\Lib\site-packages\rpyc\core\protocol.py", line 356, in _dispatch_request
    res = self._HANDLERS[handler](self, *args)
          ^^^^^^^^^^^^^^^^^^^^^^^^^^^^^^^^^^^^
  File "C:\Users\awsch\miniconda3\envs\nsp\Lib\site-packages\rpyc\core\protocol.py", line 853, in _handle_getattr
    return self._access_attr(obj, name, (), "_rpyc_getattr", "allow_getattr", getattr)
           ^^^^^^^^^^^^^^^^^^^^^^^^^^^^^^^^^^^^^^^^^^^^^^^^^^^^^^^^^^^^^^^^^^^^^^^^^^^
  File "C:\Users\awsch\miniconda3\envs\nsp\Lib\site-packages\rpyc\core\protocol.py", line 781, in _access_attr
    return accessor(obj, name, *args)
           ^^^^^^^^^^^^^^^^^^^^^^^^^^
AttributeError: 'list' object has no attribute '__array_wrap__'
2026-06-01 12:01:05.064 [   DEBUG] (         protocol.py: 363) Exception caught
Traceback (most recent call last):
  File "C:\Users\awsch\miniconda3\envs\nsp\Lib\site-packages\rpyc\core\protocol.py", line 356, in _dispatch_request
    res = self._HANDLERS[handler](self, *args)
          ^^^^^^^^^^^^^^^^^^^^^^^^^^^^^^^^^^^^
  File "C:\Users\awsch\miniconda3\envs\nsp\Lib\site-packages\rpyc\core\protocol.py", line 853, in _handle_getattr
    return self._access_attr(obj, name, (), "_rpyc_getattr", "allow_getattr", getattr)
           ^^^^^^^^^^^^^^^^^^^^^^^^^^^^^^^^^^^^^^^^^^^^^^^^^^^^^^^^^^^^^^^^^^^^^^^^^^^
  File "C:\Users\awsch\miniconda3\envs\nsp\Lib\site-packages\rpyc\core\protocol.py", line 781, in _access_attr
    return accessor(obj, name, *args)
           ^^^^^^^^^^^^^^^^^^^^^^^^^^
AttributeError: 'list' object has no attribute '__array_wrap__'
2026-06-01 12:01:05.070 [   DEBUG] (        highlevel.py: 186) viWrite(2, b'FREQ 9562000000.00\r\n', 20, 'c_ulong(20)') -> 0
2026-06-01 12:01:05.544 [   DEBUG] (         protocol.py: 363) Exception caught
Traceback (most recent call last):
  File "C:\Users\awsch\miniconda3\envs\nsp\Lib\site-packages\rpyc\core\protocol.py", line 356, in _dispatch_request
    res = self._HANDLERS[handler](self, *args)
          ^^^^^^^^^^^^^^^^^^^^^^^^^^^^^^^^^^^^
  File "C:\Users\awsch\miniconda3\envs\nsp\Lib\site-packages\rpyc\core\protocol.py", line 853, in _handle_getattr
    return self._access_attr(obj, name, (), "_rpyc_getattr", "allow_getattr", getattr)
           ^^^^^^^^^^^^^^^^^^^^^^^^^^^^^^^^^^^^^^^^^^^^^^^^^^^^^^^^^^^^^^^^^^^^^^^^^^^
  File "C:\Users\awsch\miniconda3\envs\nsp\Lib\site-packages\rpyc\core\protocol.py", line 781, in _access_attr
    return accessor(obj, name, *args)
           ^^^^^^^^^^^^^^^^^^^^^^^^^^
AttributeError: 'list' object has no attribute 'sum'
2026-06-01 12:01:05.545 [   DEBUG] (         protocol.py: 363) Exception caught
Traceback (most recent call last):
  File "C:\Users\awsch\miniconda3\envs\nsp\Lib\site-packages\rpyc\core\protocol.py", line 356, in _dispatch_request
    res = self._HANDLERS[handler](self, *args)
          ^^^^^^^^^^^^^^^^^^^^^^^^^^^^^^^^^^^^
  File "C:\Users\awsch\miniconda3\envs\nsp\Lib\site-packages\rpyc\core\protocol.py", line 853, in _handle_getattr
    return self._access_attr(obj, name, (), "_rpyc_getattr", "allow_getattr", getattr)
           ^^^^^^^^^^^^^^^^^^^^^^^^^^^^^^^^^^^^^^^^^^^^^^^^^^^^^^^^^^^^^^^^^^^^^^^^^^^
  File "C:\Users\awsch\miniconda3\envs\nsp\Lib\site-packages\rpyc\core\protocol.py", line 781, in _access_attr
    return accessor(obj, name, *args)
           ^^^^^^^^^^^^^^^^^^^^^^^^^^
AttributeError: 'list' object has no attribute 'sum'
2026-06-01 12:01:05.546 [   DEBUG] (         protocol.py: 363) Exception caught
Traceback (most recent call last):
  File "C:\Users\awsch\miniconda3\envs\nsp\Lib\site-packages\rpyc\core\protocol.py", line 356, in _dispatch_request
    res = self._HANDLERS[handler](self, *args)
          ^^^^^^^^^^^^^^^^^^^^^^^^^^^^^^^^^^^^
  File "C:\Users\awsch\miniconda3\envs\nsp\Lib\site-packages\rpyc\core\protocol.py", line 853, in _handle_getattr
    return self._access_attr(obj, name, (), "_rpyc_getattr", "allow_getattr", getattr)
           ^^^^^^^^^^^^^^^^^^^^^^^^^^^^^^^^^^^^^^^^^^^^^^^^^^^^^^^^^^^^^^^^^^^^^^^^^^^
  File "C:\Users\awsch\miniconda3\envs\nsp\Lib\site-packages\rpyc\core\protocol.py", line 781, in _access_attr
    return accessor(obj, name, *args)
           ^^^^^^^^^^^^^^^^^^^^^^^^^^
AttributeError: 'list' object has no attribute '__array__'
2026-06-01 12:01:05.550 [   DEBUG] (         protocol.py: 363) Exception caught
Traceback (most recent call last):
  File "C:\Users\awsch\miniconda3\envs\nsp\Lib\site-packages\rpyc\core\protocol.py", line 356, in _dispatch_request
    res = self._HANDLERS[handler](self, *args)
          ^^^^^^^^^^^^^^^^^^^^^^^^^^^^^^^^^^^^
  File "C:\Users\awsch\miniconda3\envs\nsp\Lib\site-packages\rpyc\core\protocol.py", line 853, in _handle_getattr
    return self._access_attr(obj, name, (), "_rpyc_getattr", "allow_getattr", getattr)
           ^^^^^^^^^^^^^^^^^^^^^^^^^^^^^^^^^^^^^^^^^^^^^^^^^^^^^^^^^^^^^^^^^^^^^^^^^^^
  File "C:\Users\awsch\miniconda3\envs\nsp\Lib\site-packages\rpyc\core\protocol.py", line 781, in _access_attr
    return accessor(obj, name, *args)
           ^^^^^^^^^^^^^^^^^^^^^^^^^^
AttributeError: 'list' object has no attribute '__array_wrap__'
2026-06-01 12:01:05.551 [   DEBUG] (         protocol.py: 363) Exception caught
Traceback (most recent call last):
  File "C:\Users\awsch\miniconda3\envs\nsp\Lib\site-packages\rpyc\core\protocol.py", line 356, in _dispatch_request
    res = self._HANDLERS[handler](self, *args)
          ^^^^^^^^^^^^^^^^^^^^^^^^^^^^^^^^^^^^
  File "C:\Users\awsch\miniconda3\envs\nsp\Lib\site-packages\rpyc\core\protocol.py", line 853, in _handle_getattr
    return self._access_attr(obj, name, (), "_rpyc_getattr", "allow_getattr", getattr)
           ^^^^^^^^^^^^^^^^^^^^^^^^^^^^^^^^^^^^^^^^^^^^^^^^^^^^^^^^^^^^^^^^^^^^^^^^^^^
  File "C:\Users\awsch\miniconda3\envs\nsp\Lib\site-packages\rpyc\core\protocol.py", line 781, in _access_attr
    return accessor(obj, name, *args)
           ^^^^^^^^^^^^^^^^^^^^^^^^^^
AttributeError: 'list' object has no attribute '__array_wrap__'
2026-06-01 12:01:05.552 [   DEBUG] (         protocol.py: 363) Exception caught
Traceback (most recent call last):
  File "C:\Users\awsch\miniconda3\envs\nsp\Lib\site-packages\rpyc\core\protocol.py", line 356, in _dispatch_request
    res = self._HANDLERS[handler](self, *args)
          ^^^^^^^^^^^^^^^^^^^^^^^^^^^^^^^^^^^^
  File "C:\Users\awsch\miniconda3\envs\nsp\Lib\site-packages\rpyc\core\protocol.py", line 853, in _handle_getattr
    return self._access_attr(obj, name, (), "_rpyc_getattr", "allow_getattr", getattr)
           ^^^^^^^^^^^^^^^^^^^^^^^^^^^^^^^^^^^^^^^^^^^^^^^^^^^^^^^^^^^^^^^^^^^^^^^^^^^
  File "C:\Users\awsch\miniconda3\envs\nsp\Lib\site-packages\rpyc\core\protocol.py", line 781, in _access_attr
    return accessor(obj, name, *args)
           ^^^^^^^^^^^^^^^^^^^^^^^^^^
AttributeError: 'list' object has no attribute 'sum'
2026-06-01 12:01:05.553 [   DEBUG] (         protocol.py: 363) Exception caught
Traceback (most recent call last):
  File "C:\Users\awsch\miniconda3\envs\nsp\Lib\site-packages\rpyc\core\protocol.py", line 356, in _dispatch_request
    res = self._HANDLERS[handler](self, *args)
          ^^^^^^^^^^^^^^^^^^^^^^^^^^^^^^^^^^^^
  File "C:\Users\awsch\miniconda3\envs\nsp\Lib\site-packages\rpyc\core\protocol.py", line 853, in _handle_getattr
    return self._access_attr(obj, name, (), "_rpyc_getattr", "allow_getattr", getattr)
           ^^^^^^^^^^^^^^^^^^^^^^^^^^^^^^^^^^^^^^^^^^^^^^^^^^^^^^^^^^^^^^^^^^^^^^^^^^^
  File "C:\Users\awsch\miniconda3\envs\nsp\Lib\site-packages\rpyc\core\protocol.py", line 781, in _access_attr
    return accessor(obj, name, *args)
           ^^^^^^^^^^^^^^^^^^^^^^^^^^
AttributeError: 'list' object has no attribute 'sum'
2026-06-01 12:01:05.554 [   DEBUG] (         protocol.py: 363) Exception caught
Traceback (most recent call last):
  File "C:\Users\awsch\miniconda3\envs\nsp\Lib\site-packages\rpyc\core\protocol.py", line 356, in _dispatch_request
    res = self._HANDLERS[handler](self, *args)
          ^^^^^^^^^^^^^^^^^^^^^^^^^^^^^^^^^^^^
  File "C:\Users\awsch\miniconda3\envs\nsp\Lib\site-packages\rpyc\core\protocol.py", line 853, in _handle_getattr
    return self._access_attr(obj, name, (), "_rpyc_getattr", "allow_getattr", getattr)
           ^^^^^^^^^^^^^^^^^^^^^^^^^^^^^^^^^^^^^^^^^^^^^^^^^^^^^^^^^^^^^^^^^^^^^^^^^^^
  File "C:\Users\awsch\miniconda3\envs\nsp\Lib\site-packages\rpyc\core\protocol.py", line 781, in _access_attr
    return accessor(obj, name, *args)
           ^^^^^^^^^^^^^^^^^^^^^^^^^^
AttributeError: 'list' object has no attribute '__array__'
2026-06-01 12:01:05.557 [   DEBUG] (         protocol.py: 363) Exception caught
Traceback (most recent call last):
  File "C:\Users\awsch\miniconda3\envs\nsp\Lib\site-packages\rpyc\core\protocol.py", line 356, in _dispatch_request
    res = self._HANDLERS[handler](self, *args)
          ^^^^^^^^^^^^^^^^^^^^^^^^^^^^^^^^^^^^
  File "C:\Users\awsch\miniconda3\envs\nsp\Lib\site-packages\rpyc\core\protocol.py", line 853, in _handle_getattr
    return self._access_attr(obj, name, (), "_rpyc_getattr", "allow_getattr", getattr)
           ^^^^^^^^^^^^^^^^^^^^^^^^^^^^^^^^^^^^^^^^^^^^^^^^^^^^^^^^^^^^^^^^^^^^^^^^^^^
  File "C:\Users\awsch\miniconda3\envs\nsp\Lib\site-packages\rpyc\core\protocol.py", line 781, in _access_attr
    return accessor(obj, name, *args)
           ^^^^^^^^^^^^^^^^^^^^^^^^^^
AttributeError: 'list' object has no attribute '__array_wrap__'
2026-06-01 12:01:05.558 [   DEBUG] (         protocol.py: 363) Exception caught
Traceback (most recent call last):
  File "C:\Users\awsch\miniconda3\envs\nsp\Lib\site-packages\rpyc\core\protocol.py", line 356, in _dispatch_request
    res = self._HANDLERS[handler](self, *args)
          ^^^^^^^^^^^^^^^^^^^^^^^^^^^^^^^^^^^^
  File "C:\Users\awsch\miniconda3\envs\nsp\Lib\site-packages\rpyc\core\protocol.py", line 853, in _handle_getattr
    return self._access_attr(obj, name, (), "_rpyc_getattr", "allow_getattr", getattr)
           ^^^^^^^^^^^^^^^^^^^^^^^^^^^^^^^^^^^^^^^^^^^^^^^^^^^^^^^^^^^^^^^^^^^^^^^^^^^
  File "C:\Users\awsch\miniconda3\envs\nsp\Lib\site-packages\rpyc\core\protocol.py", line 781, in _access_attr
    return accessor(obj, name, *args)
           ^^^^^^^^^^^^^^^^^^^^^^^^^^
AttributeError: 'list' object has no attribute '__array_wrap__'
2026-06-01 12:01:05.563 [   DEBUG] (        highlevel.py: 186) viWrite(2, b'FREQ 9568000000.00\r\n', 20, 'c_ulong(20)') -> 0
2026-06-01 12:01:06.043 [   DEBUG] (         protocol.py: 363) Exception caught
Traceback (most recent call last):
  File "C:\Users\awsch\miniconda3\envs\nsp\Lib\site-packages\rpyc\core\protocol.py", line 356, in _dispatch_request
    res = self._HANDLERS[handler](self, *args)
          ^^^^^^^^^^^^^^^^^^^^^^^^^^^^^^^^^^^^
  File "C:\Users\awsch\miniconda3\envs\nsp\Lib\site-packages\rpyc\core\protocol.py", line 853, in _handle_getattr
    return self._access_attr(obj, name, (), "_rpyc_getattr", "allow_getattr", getattr)
           ^^^^^^^^^^^^^^^^^^^^^^^^^^^^^^^^^^^^^^^^^^^^^^^^^^^^^^^^^^^^^^^^^^^^^^^^^^^
  File "C:\Users\awsch\miniconda3\envs\nsp\Lib\site-packages\rpyc\core\protocol.py", line 781, in _access_attr
    return accessor(obj, name, *args)
           ^^^^^^^^^^^^^^^^^^^^^^^^^^
AttributeError: 'list' object has no attribute 'sum'
2026-06-01 12:01:06.044 [   DEBUG] (         protocol.py: 363) Exception caught
Traceback (most recent call last):
  File "C:\Users\awsch\miniconda3\envs\nsp\Lib\site-packages\rpyc\core\protocol.py", line 356, in _dispatch_request
    res = self._HANDLERS[handler](self, *args)
          ^^^^^^^^^^^^^^^^^^^^^^^^^^^^^^^^^^^^
  File "C:\Users\awsch\miniconda3\envs\nsp\Lib\site-packages\rpyc\core\protocol.py", line 853, in _handle_getattr
    return self._access_attr(obj, name, (), "_rpyc_getattr", "allow_getattr", getattr)
           ^^^^^^^^^^^^^^^^^^^^^^^^^^^^^^^^^^^^^^^^^^^^^^^^^^^^^^^^^^^^^^^^^^^^^^^^^^^
  File "C:\Users\awsch\miniconda3\envs\nsp\Lib\site-packages\rpyc\core\protocol.py", line 781, in _access_attr
    return accessor(obj, name, *args)
           ^^^^^^^^^^^^^^^^^^^^^^^^^^
AttributeError: 'list' object has no attribute 'sum'
2026-06-01 12:01:06.045 [   DEBUG] (         protocol.py: 363) Exception caught
Traceback (most recent call last):
  File "C:\Users\awsch\miniconda3\envs\nsp\Lib\site-packages\rpyc\core\protocol.py", line 356, in _dispatch_request
    res = self._HANDLERS[handler](self, *args)
          ^^^^^^^^^^^^^^^^^^^^^^^^^^^^^^^^^^^^
  File "C:\Users\awsch\miniconda3\envs\nsp\Lib\site-packages\rpyc\core\protocol.py", line 853, in _handle_getattr
    return self._access_attr(obj, name, (), "_rpyc_getattr", "allow_getattr", getattr)
           ^^^^^^^^^^^^^^^^^^^^^^^^^^^^^^^^^^^^^^^^^^^^^^^^^^^^^^^^^^^^^^^^^^^^^^^^^^^
  File "C:\Users\awsch\miniconda3\envs\nsp\Lib\site-packages\rpyc\core\protocol.py", line 781, in _access_attr
    return accessor(obj, name, *args)
           ^^^^^^^^^^^^^^^^^^^^^^^^^^
AttributeError: 'list' object has no attribute '__array__'
2026-06-01 12:01:06.049 [   DEBUG] (         protocol.py: 363) Exception caught
Traceback (most recent call last):
  File "C:\Users\awsch\miniconda3\envs\nsp\Lib\site-packages\rpyc\core\protocol.py", line 356, in _dispatch_request
    res = self._HANDLERS[handler](self, *args)
          ^^^^^^^^^^^^^^^^^^^^^^^^^^^^^^^^^^^^
  File "C:\Users\awsch\miniconda3\envs\nsp\Lib\site-packages\rpyc\core\protocol.py", line 853, in _handle_getattr
    return self._access_attr(obj, name, (), "_rpyc_getattr", "allow_getattr", getattr)
           ^^^^^^^^^^^^^^^^^^^^^^^^^^^^^^^^^^^^^^^^^^^^^^^^^^^^^^^^^^^^^^^^^^^^^^^^^^^
  File "C:\Users\awsch\miniconda3\envs\nsp\Lib\site-packages\rpyc\core\protocol.py", line 781, in _access_attr
    return accessor(obj, name, *args)
           ^^^^^^^^^^^^^^^^^^^^^^^^^^
AttributeError: 'list' object has no attribute '__array_wrap__'
2026-06-01 12:01:06.050 [   DEBUG] (         protocol.py: 363) Exception caught
Traceback (most recent call last):
  File "C:\Users\awsch\miniconda3\envs\nsp\Lib\site-packages\rpyc\core\protocol.py", line 356, in _dispatch_request
    res = self._HANDLERS[handler](self, *args)
          ^^^^^^^^^^^^^^^^^^^^^^^^^^^^^^^^^^^^
  File "C:\Users\awsch\miniconda3\envs\nsp\Lib\site-packages\rpyc\core\protocol.py", line 853, in _handle_getattr
    return self._access_attr(obj, name, (), "_rpyc_getattr", "allow_getattr", getattr)
           ^^^^^^^^^^^^^^^^^^^^^^^^^^^^^^^^^^^^^^^^^^^^^^^^^^^^^^^^^^^^^^^^^^^^^^^^^^^
  File "C:\Users\awsch\miniconda3\envs\nsp\Lib\site-packages\rpyc\core\protocol.py", line 781, in _access_attr
    return accessor(obj, name, *args)
           ^^^^^^^^^^^^^^^^^^^^^^^^^^
AttributeError: 'list' object has no attribute '__array_wrap__'
2026-06-01 12:01:06.051 [   DEBUG] (         protocol.py: 363) Exception caught
Traceback (most recent call last):
  File "C:\Users\awsch\miniconda3\envs\nsp\Lib\site-packages\rpyc\core\protocol.py", line 356, in _dispatch_request
    res = self._HANDLERS[handler](self, *args)
          ^^^^^^^^^^^^^^^^^^^^^^^^^^^^^^^^^^^^
  File "C:\Users\awsch\miniconda3\envs\nsp\Lib\site-packages\rpyc\core\protocol.py", line 853, in _handle_getattr
    return self._access_attr(obj, name, (), "_rpyc_getattr", "allow_getattr", getattr)
           ^^^^^^^^^^^^^^^^^^^^^^^^^^^^^^^^^^^^^^^^^^^^^^^^^^^^^^^^^^^^^^^^^^^^^^^^^^^
  File "C:\Users\awsch\miniconda3\envs\nsp\Lib\site-packages\rpyc\core\protocol.py", line 781, in _access_attr
    return accessor(obj, name, *args)
           ^^^^^^^^^^^^^^^^^^^^^^^^^^
AttributeError: 'list' object has no attribute 'sum'
2026-06-01 12:01:06.052 [   DEBUG] (         protocol.py: 363) Exception caught
Traceback (most recent call last):
  File "C:\Users\awsch\miniconda3\envs\nsp\Lib\site-packages\rpyc\core\protocol.py", line 356, in _dispatch_request
    res = self._HANDLERS[handler](self, *args)
          ^^^^^^^^^^^^^^^^^^^^^^^^^^^^^^^^^^^^
  File "C:\Users\awsch\miniconda3\envs\nsp\Lib\site-packages\rpyc\core\protocol.py", line 853, in _handle_getattr
    return self._access_attr(obj, name, (), "_rpyc_getattr", "allow_getattr", getattr)
           ^^^^^^^^^^^^^^^^^^^^^^^^^^^^^^^^^^^^^^^^^^^^^^^^^^^^^^^^^^^^^^^^^^^^^^^^^^^
  File "C:\Users\awsch\miniconda3\envs\nsp\Lib\site-packages\rpyc\core\protocol.py", line 781, in _access_attr
    return accessor(obj, name, *args)
           ^^^^^^^^^^^^^^^^^^^^^^^^^^
AttributeError: 'list' object has no attribute 'sum'
2026-06-01 12:01:06.053 [   DEBUG] (         protocol.py: 363) Exception caught
Traceback (most recent call last):
  File "C:\Users\awsch\miniconda3\envs\nsp\Lib\site-packages\rpyc\core\protocol.py", line 356, in _dispatch_request
    res = self._HANDLERS[handler](self, *args)
          ^^^^^^^^^^^^^^^^^^^^^^^^^^^^^^^^^^^^
  File "C:\Users\awsch\miniconda3\envs\nsp\Lib\site-packages\rpyc\core\protocol.py", line 853, in _handle_getattr
    return self._access_attr(obj, name, (), "_rpyc_getattr", "allow_getattr", getattr)
           ^^^^^^^^^^^^^^^^^^^^^^^^^^^^^^^^^^^^^^^^^^^^^^^^^^^^^^^^^^^^^^^^^^^^^^^^^^^
  File "C:\Users\awsch\miniconda3\envs\nsp\Lib\site-packages\rpyc\core\protocol.py", line 781, in _access_attr
    return accessor(obj, name, *args)
           ^^^^^^^^^^^^^^^^^^^^^^^^^^
AttributeError: 'list' object has no attribute '__array__'
2026-06-01 12:01:06.057 [   DEBUG] (         protocol.py: 363) Exception caught
Traceback (most recent call last):
  File "C:\Users\awsch\miniconda3\envs\nsp\Lib\site-packages\rpyc\core\protocol.py", line 356, in _dispatch_request
    res = self._HANDLERS[handler](self, *args)
          ^^^^^^^^^^^^^^^^^^^^^^^^^^^^^^^^^^^^
  File "C:\Users\awsch\miniconda3\envs\nsp\Lib\site-packages\rpyc\core\protocol.py", line 853, in _handle_getattr
    return self._access_attr(obj, name, (), "_rpyc_getattr", "allow_getattr", getattr)
           ^^^^^^^^^^^^^^^^^^^^^^^^^^^^^^^^^^^^^^^^^^^^^^^^^^^^^^^^^^^^^^^^^^^^^^^^^^^
  File "C:\Users\awsch\miniconda3\envs\nsp\Lib\site-packages\rpyc\core\protocol.py", line 781, in _access_attr
    return accessor(obj, name, *args)
           ^^^^^^^^^^^^^^^^^^^^^^^^^^
AttributeError: 'list' object has no attribute '__array_wrap__'
2026-06-01 12:01:06.058 [   DEBUG] (         protocol.py: 363) Exception caught
Traceback (most recent call last):
  File "C:\Users\awsch\miniconda3\envs\nsp\Lib\site-packages\rpyc\core\protocol.py", line 356, in _dispatch_request
    res = self._HANDLERS[handler](self, *args)
          ^^^^^^^^^^^^^^^^^^^^^^^^^^^^^^^^^^^^
  File "C:\Users\awsch\miniconda3\envs\nsp\Lib\site-packages\rpyc\core\protocol.py", line 853, in _handle_getattr
    return self._access_attr(obj, name, (), "_rpyc_getattr", "allow_getattr", getattr)
           ^^^^^^^^^^^^^^^^^^^^^^^^^^^^^^^^^^^^^^^^^^^^^^^^^^^^^^^^^^^^^^^^^^^^^^^^^^^
  File "C:\Users\awsch\miniconda3\envs\nsp\Lib\site-packages\rpyc\core\protocol.py", line 781, in _access_attr
    return accessor(obj, name, *args)
           ^^^^^^^^^^^^^^^^^^^^^^^^^^
AttributeError: 'list' object has no attribute '__array_wrap__'
2026-06-01 12:01:06.063 [   DEBUG] (        highlevel.py: 186) viWrite(2, b'FREQ 9574000000.00\r\n', 20, 'c_ulong(20)') -> 0
2026-06-01 12:01:06.547 [   DEBUG] (         protocol.py: 363) Exception caught
Traceback (most recent call last):
  File "C:\Users\awsch\miniconda3\envs\nsp\Lib\site-packages\rpyc\core\protocol.py", line 356, in _dispatch_request
    res = self._HANDLERS[handler](self, *args)
          ^^^^^^^^^^^^^^^^^^^^^^^^^^^^^^^^^^^^
  File "C:\Users\awsch\miniconda3\envs\nsp\Lib\site-packages\rpyc\core\protocol.py", line 853, in _handle_getattr
    return self._access_attr(obj, name, (), "_rpyc_getattr", "allow_getattr", getattr)
           ^^^^^^^^^^^^^^^^^^^^^^^^^^^^^^^^^^^^^^^^^^^^^^^^^^^^^^^^^^^^^^^^^^^^^^^^^^^
  File "C:\Users\awsch\miniconda3\envs\nsp\Lib\site-packages\rpyc\core\protocol.py", line 781, in _access_attr
    return accessor(obj, name, *args)
           ^^^^^^^^^^^^^^^^^^^^^^^^^^
AttributeError: 'list' object has no attribute 'sum'
2026-06-01 12:01:06.550 [   DEBUG] (         protocol.py: 363) Exception caught
Traceback (most recent call last):
  File "C:\Users\awsch\miniconda3\envs\nsp\Lib\site-packages\rpyc\core\protocol.py", line 356, in _dispatch_request
    res = self._HANDLERS[handler](self, *args)
          ^^^^^^^^^^^^^^^^^^^^^^^^^^^^^^^^^^^^
  File "C:\Users\awsch\miniconda3\envs\nsp\Lib\site-packages\rpyc\core\protocol.py", line 853, in _handle_getattr
    return self._access_attr(obj, name, (), "_rpyc_getattr", "allow_getattr", getattr)
           ^^^^^^^^^^^^^^^^^^^^^^^^^^^^^^^^^^^^^^^^^^^^^^^^^^^^^^^^^^^^^^^^^^^^^^^^^^^
  File "C:\Users\awsch\miniconda3\envs\nsp\Lib\site-packages\rpyc\core\protocol.py", line 781, in _access_attr
    return accessor(obj, name, *args)
           ^^^^^^^^^^^^^^^^^^^^^^^^^^
AttributeError: 'list' object has no attribute 'sum'
2026-06-01 12:01:06.552 [   DEBUG] (         protocol.py: 363) Exception caught
Traceback (most recent call last):
  File "C:\Users\awsch\miniconda3\envs\nsp\Lib\site-packages\rpyc\core\protocol.py", line 356, in _dispatch_request
    res = self._HANDLERS[handler](self, *args)
          ^^^^^^^^^^^^^^^^^^^^^^^^^^^^^^^^^^^^
  File "C:\Users\awsch\miniconda3\envs\nsp\Lib\site-packages\rpyc\core\protocol.py", line 853, in _handle_getattr
    return self._access_attr(obj, name, (), "_rpyc_getattr", "allow_getattr", getattr)
           ^^^^^^^^^^^^^^^^^^^^^^^^^^^^^^^^^^^^^^^^^^^^^^^^^^^^^^^^^^^^^^^^^^^^^^^^^^^
  File "C:\Users\awsch\miniconda3\envs\nsp\Lib\site-packages\rpyc\core\protocol.py", line 781, in _access_attr
    return accessor(obj, name, *args)
           ^^^^^^^^^^^^^^^^^^^^^^^^^^
AttributeError: 'list' object has no attribute '__array__'
2026-06-01 12:01:06.562 [   DEBUG] (         protocol.py: 363) Exception caught
Traceback (most recent call last):
  File "C:\Users\awsch\miniconda3\envs\nsp\Lib\site-packages\rpyc\core\protocol.py", line 356, in _dispatch_request
    res = self._HANDLERS[handler](self, *args)
          ^^^^^^^^^^^^^^^^^^^^^^^^^^^^^^^^^^^^
  File "C:\Users\awsch\miniconda3\envs\nsp\Lib\site-packages\rpyc\core\protocol.py", line 853, in _handle_getattr
    return self._access_attr(obj, name, (), "_rpyc_getattr", "allow_getattr", getattr)
           ^^^^^^^^^^^^^^^^^^^^^^^^^^^^^^^^^^^^^^^^^^^^^^^^^^^^^^^^^^^^^^^^^^^^^^^^^^^
  File "C:\Users\awsch\miniconda3\envs\nsp\Lib\site-packages\rpyc\core\protocol.py", line 781, in _access_attr
    return accessor(obj, name, *args)
           ^^^^^^^^^^^^^^^^^^^^^^^^^^
AttributeError: 'list' object has no attribute '__array_wrap__'
2026-06-01 12:01:06.565 [   DEBUG] (         protocol.py: 363) Exception caught
Traceback (most recent call last):
  File "C:\Users\awsch\miniconda3\envs\nsp\Lib\site-packages\rpyc\core\protocol.py", line 356, in _dispatch_request
    res = self._HANDLERS[handler](self, *args)
          ^^^^^^^^^^^^^^^^^^^^^^^^^^^^^^^^^^^^
  File "C:\Users\awsch\miniconda3\envs\nsp\Lib\site-packages\rpyc\core\protocol.py", line 853, in _handle_getattr
    return self._access_attr(obj, name, (), "_rpyc_getattr", "allow_getattr", getattr)
           ^^^^^^^^^^^^^^^^^^^^^^^^^^^^^^^^^^^^^^^^^^^^^^^^^^^^^^^^^^^^^^^^^^^^^^^^^^^
  File "C:\Users\awsch\miniconda3\envs\nsp\Lib\site-packages\rpyc\core\protocol.py", line 781, in _access_attr
    return accessor(obj, name, *args)
           ^^^^^^^^^^^^^^^^^^^^^^^^^^
AttributeError: 'list' object has no attribute '__array_wrap__'
2026-06-01 12:01:06.568 [   DEBUG] (         protocol.py: 363) Exception caught
Traceback (most recent call last):
  File "C:\Users\awsch\miniconda3\envs\nsp\Lib\site-packages\rpyc\core\protocol.py", line 356, in _dispatch_request
    res = self._HANDLERS[handler](self, *args)
          ^^^^^^^^^^^^^^^^^^^^^^^^^^^^^^^^^^^^
  File "C:\Users\awsch\miniconda3\envs\nsp\Lib\site-packages\rpyc\core\protocol.py", line 853, in _handle_getattr
    return self._access_attr(obj, name, (), "_rpyc_getattr", "allow_getattr", getattr)
           ^^^^^^^^^^^^^^^^^^^^^^^^^^^^^^^^^^^^^^^^^^^^^^^^^^^^^^^^^^^^^^^^^^^^^^^^^^^
  File "C:\Users\awsch\miniconda3\envs\nsp\Lib\site-packages\rpyc\core\protocol.py", line 781, in _access_attr
    return accessor(obj, name, *args)
           ^^^^^^^^^^^^^^^^^^^^^^^^^^
AttributeError: 'list' object has no attribute 'sum'
2026-06-01 12:01:06.571 [   DEBUG] (         protocol.py: 363) Exception caught
Traceback (most recent call last):
  File "C:\Users\awsch\miniconda3\envs\nsp\Lib\site-packages\rpyc\core\protocol.py", line 356, in _dispatch_request
    res = self._HANDLERS[handler](self, *args)
          ^^^^^^^^^^^^^^^^^^^^^^^^^^^^^^^^^^^^
  File "C:\Users\awsch\miniconda3\envs\nsp\Lib\site-packages\rpyc\core\protocol.py", line 853, in _handle_getattr
    return self._access_attr(obj, name, (), "_rpyc_getattr", "allow_getattr", getattr)
           ^^^^^^^^^^^^^^^^^^^^^^^^^^^^^^^^^^^^^^^^^^^^^^^^^^^^^^^^^^^^^^^^^^^^^^^^^^^
  File "C:\Users\awsch\miniconda3\envs\nsp\Lib\site-packages\rpyc\core\protocol.py", line 781, in _access_attr
    return accessor(obj, name, *args)
           ^^^^^^^^^^^^^^^^^^^^^^^^^^
AttributeError: 'list' object has no attribute 'sum'
2026-06-01 12:01:06.573 [   DEBUG] (         protocol.py: 363) Exception caught
Traceback (most recent call last):
  File "C:\Users\awsch\miniconda3\envs\nsp\Lib\site-packages\rpyc\core\protocol.py", line 356, in _dispatch_request
    res = self._HANDLERS[handler](self, *args)
          ^^^^^^^^^^^^^^^^^^^^^^^^^^^^^^^^^^^^
  File "C:\Users\awsch\miniconda3\envs\nsp\Lib\site-packages\rpyc\core\protocol.py", line 853, in _handle_getattr
    return self._access_attr(obj, name, (), "_rpyc_getattr", "allow_getattr", getattr)
           ^^^^^^^^^^^^^^^^^^^^^^^^^^^^^^^^^^^^^^^^^^^^^^^^^^^^^^^^^^^^^^^^^^^^^^^^^^^
  File "C:\Users\awsch\miniconda3\envs\nsp\Lib\site-packages\rpyc\core\protocol.py", line 781, in _access_attr
    return accessor(obj, name, *args)
           ^^^^^^^^^^^^^^^^^^^^^^^^^^
AttributeError: 'list' object has no attribute '__array__'
2026-06-01 12:01:06.584 [   DEBUG] (         protocol.py: 363) Exception caught
Traceback (most recent call last):
  File "C:\Users\awsch\miniconda3\envs\nsp\Lib\site-packages\rpyc\core\protocol.py", line 356, in _dispatch_request
    res = self._HANDLERS[handler](self, *args)
          ^^^^^^^^^^^^^^^^^^^^^^^^^^^^^^^^^^^^
  File "C:\Users\awsch\miniconda3\envs\nsp\Lib\site-packages\rpyc\core\protocol.py", line 853, in _handle_getattr
    return self._access_attr(obj, name, (), "_rpyc_getattr", "allow_getattr", getattr)
           ^^^^^^^^^^^^^^^^^^^^^^^^^^^^^^^^^^^^^^^^^^^^^^^^^^^^^^^^^^^^^^^^^^^^^^^^^^^
  File "C:\Users\awsch\miniconda3\envs\nsp\Lib\site-packages\rpyc\core\protocol.py", line 781, in _access_attr
    return accessor(obj, name, *args)
           ^^^^^^^^^^^^^^^^^^^^^^^^^^
AttributeError: 'list' object has no attribute '__array_wrap__'
2026-06-01 12:01:06.586 [   DEBUG] (         protocol.py: 363) Exception caught
Traceback (most recent call last):
  File "C:\Users\awsch\miniconda3\envs\nsp\Lib\site-packages\rpyc\core\protocol.py", line 356, in _dispatch_request
    res = self._HANDLERS[handler](self, *args)
          ^^^^^^^^^^^^^^^^^^^^^^^^^^^^^^^^^^^^
  File "C:\Users\awsch\miniconda3\envs\nsp\Lib\site-packages\rpyc\core\protocol.py", line 853, in _handle_getattr
    return self._access_attr(obj, name, (), "_rpyc_getattr", "allow_getattr", getattr)
           ^^^^^^^^^^^^^^^^^^^^^^^^^^^^^^^^^^^^^^^^^^^^^^^^^^^^^^^^^^^^^^^^^^^^^^^^^^^
  File "C:\Users\awsch\miniconda3\envs\nsp\Lib\site-packages\rpyc\core\protocol.py", line 781, in _access_attr
    return accessor(obj, name, *args)
           ^^^^^^^^^^^^^^^^^^^^^^^^^^
AttributeError: 'list' object has no attribute '__array_wrap__'
2026-06-01 12:01:06.593 [   DEBUG] (        highlevel.py: 186) viWrite(2, b'FREQ 9580000000.00\r\n', 20, 'c_ulong(20)') -> 0
2026-06-01 12:01:07.089 [   DEBUG] (         protocol.py: 363) Exception caught
Traceback (most recent call last):
  File "C:\Users\awsch\miniconda3\envs\nsp\Lib\site-packages\rpyc\core\protocol.py", line 356, in _dispatch_request
    res = self._HANDLERS[handler](self, *args)
          ^^^^^^^^^^^^^^^^^^^^^^^^^^^^^^^^^^^^
  File "C:\Users\awsch\miniconda3\envs\nsp\Lib\site-packages\rpyc\core\protocol.py", line 853, in _handle_getattr
    return self._access_attr(obj, name, (), "_rpyc_getattr", "allow_getattr", getattr)
           ^^^^^^^^^^^^^^^^^^^^^^^^^^^^^^^^^^^^^^^^^^^^^^^^^^^^^^^^^^^^^^^^^^^^^^^^^^^
  File "C:\Users\awsch\miniconda3\envs\nsp\Lib\site-packages\rpyc\core\protocol.py", line 781, in _access_attr
    return accessor(obj, name, *args)
           ^^^^^^^^^^^^^^^^^^^^^^^^^^
AttributeError: 'list' object has no attribute 'sum'
2026-06-01 12:01:07.090 [   DEBUG] (         protocol.py: 363) Exception caught
Traceback (most recent call last):
  File "C:\Users\awsch\miniconda3\envs\nsp\Lib\site-packages\rpyc\core\protocol.py", line 356, in _dispatch_request
    res = self._HANDLERS[handler](self, *args)
          ^^^^^^^^^^^^^^^^^^^^^^^^^^^^^^^^^^^^
  File "C:\Users\awsch\miniconda3\envs\nsp\Lib\site-packages\rpyc\core\protocol.py", line 853, in _handle_getattr
    return self._access_attr(obj, name, (), "_rpyc_getattr", "allow_getattr", getattr)
           ^^^^^^^^^^^^^^^^^^^^^^^^^^^^^^^^^^^^^^^^^^^^^^^^^^^^^^^^^^^^^^^^^^^^^^^^^^^
  File "C:\Users\awsch\miniconda3\envs\nsp\Lib\site-packages\rpyc\core\protocol.py", line 781, in _access_attr
    return accessor(obj, name, *args)
           ^^^^^^^^^^^^^^^^^^^^^^^^^^
AttributeError: 'list' object has no attribute 'sum'
2026-06-01 12:01:07.091 [   DEBUG] (         protocol.py: 363) Exception caught
Traceback (most recent call last):
  File "C:\Users\awsch\miniconda3\envs\nsp\Lib\site-packages\rpyc\core\protocol.py", line 356, in _dispatch_request
    res = self._HANDLERS[handler](self, *args)
          ^^^^^^^^^^^^^^^^^^^^^^^^^^^^^^^^^^^^
  File "C:\Users\awsch\miniconda3\envs\nsp\Lib\site-packages\rpyc\core\protocol.py", line 853, in _handle_getattr
    return self._access_attr(obj, name, (), "_rpyc_getattr", "allow_getattr", getattr)
           ^^^^^^^^^^^^^^^^^^^^^^^^^^^^^^^^^^^^^^^^^^^^^^^^^^^^^^^^^^^^^^^^^^^^^^^^^^^
  File "C:\Users\awsch\miniconda3\envs\nsp\Lib\site-packages\rpyc\core\protocol.py", line 781, in _access_attr
    return accessor(obj, name, *args)
           ^^^^^^^^^^^^^^^^^^^^^^^^^^
AttributeError: 'list' object has no attribute '__array__'
2026-06-01 12:01:07.095 [   DEBUG] (         protocol.py: 363) Exception caught
Traceback (most recent call last):
  File "C:\Users\awsch\miniconda3\envs\nsp\Lib\site-packages\rpyc\core\protocol.py", line 356, in _dispatch_request
    res = self._HANDLERS[handler](self, *args)
          ^^^^^^^^^^^^^^^^^^^^^^^^^^^^^^^^^^^^
  File "C:\Users\awsch\miniconda3\envs\nsp\Lib\site-packages\rpyc\core\protocol.py", line 853, in _handle_getattr
    return self._access_attr(obj, name, (), "_rpyc_getattr", "allow_getattr", getattr)
           ^^^^^^^^^^^^^^^^^^^^^^^^^^^^^^^^^^^^^^^^^^^^^^^^^^^^^^^^^^^^^^^^^^^^^^^^^^^
  File "C:\Users\awsch\miniconda3\envs\nsp\Lib\site-packages\rpyc\core\protocol.py", line 781, in _access_attr
    return accessor(obj, name, *args)
           ^^^^^^^^^^^^^^^^^^^^^^^^^^
AttributeError: 'list' object has no attribute '__array_wrap__'
2026-06-01 12:01:07.096 [   DEBUG] (         protocol.py: 363) Exception caught
Traceback (most recent call last):
  File "C:\Users\awsch\miniconda3\envs\nsp\Lib\site-packages\rpyc\core\protocol.py", line 356, in _dispatch_request
    res = self._HANDLERS[handler](self, *args)
          ^^^^^^^^^^^^^^^^^^^^^^^^^^^^^^^^^^^^
  File "C:\Users\awsch\miniconda3\envs\nsp\Lib\site-packages\rpyc\core\protocol.py", line 853, in _handle_getattr
    return self._access_attr(obj, name, (), "_rpyc_getattr", "allow_getattr", getattr)
           ^^^^^^^^^^^^^^^^^^^^^^^^^^^^^^^^^^^^^^^^^^^^^^^^^^^^^^^^^^^^^^^^^^^^^^^^^^^
  File "C:\Users\awsch\miniconda3\envs\nsp\Lib\site-packages\rpyc\core\protocol.py", line 781, in _access_attr
    return accessor(obj, name, *args)
           ^^^^^^^^^^^^^^^^^^^^^^^^^^
AttributeError: 'list' object has no attribute '__array_wrap__'
2026-06-01 12:01:07.097 [   DEBUG] (         protocol.py: 363) Exception caught
Traceback (most recent call last):
  File "C:\Users\awsch\miniconda3\envs\nsp\Lib\site-packages\rpyc\core\protocol.py", line 356, in _dispatch_request
    res = self._HANDLERS[handler](self, *args)
          ^^^^^^^^^^^^^^^^^^^^^^^^^^^^^^^^^^^^
  File "C:\Users\awsch\miniconda3\envs\nsp\Lib\site-packages\rpyc\core\protocol.py", line 853, in _handle_getattr
    return self._access_attr(obj, name, (), "_rpyc_getattr", "allow_getattr", getattr)
           ^^^^^^^^^^^^^^^^^^^^^^^^^^^^^^^^^^^^^^^^^^^^^^^^^^^^^^^^^^^^^^^^^^^^^^^^^^^
  File "C:\Users\awsch\miniconda3\envs\nsp\Lib\site-packages\rpyc\core\protocol.py", line 781, in _access_attr
    return accessor(obj, name, *args)
           ^^^^^^^^^^^^^^^^^^^^^^^^^^
AttributeError: 'list' object has no attribute 'sum'
2026-06-01 12:01:07.098 [   DEBUG] (         protocol.py: 363) Exception caught
Traceback (most recent call last):
  File "C:\Users\awsch\miniconda3\envs\nsp\Lib\site-packages\rpyc\core\protocol.py", line 356, in _dispatch_request
    res = self._HANDLERS[handler](self, *args)
          ^^^^^^^^^^^^^^^^^^^^^^^^^^^^^^^^^^^^
  File "C:\Users\awsch\miniconda3\envs\nsp\Lib\site-packages\rpyc\core\protocol.py", line 853, in _handle_getattr
    return self._access_attr(obj, name, (), "_rpyc_getattr", "allow_getattr", getattr)
           ^^^^^^^^^^^^^^^^^^^^^^^^^^^^^^^^^^^^^^^^^^^^^^^^^^^^^^^^^^^^^^^^^^^^^^^^^^^
  File "C:\Users\awsch\miniconda3\envs\nsp\Lib\site-packages\rpyc\core\protocol.py", line 781, in _access_attr
    return accessor(obj, name, *args)
           ^^^^^^^^^^^^^^^^^^^^^^^^^^
AttributeError: 'list' object has no attribute 'sum'
2026-06-01 12:01:07.099 [   DEBUG] (         protocol.py: 363) Exception caught
Traceback (most recent call last):
  File "C:\Users\awsch\miniconda3\envs\nsp\Lib\site-packages\rpyc\core\protocol.py", line 356, in _dispatch_request
    res = self._HANDLERS[handler](self, *args)
          ^^^^^^^^^^^^^^^^^^^^^^^^^^^^^^^^^^^^
  File "C:\Users\awsch\miniconda3\envs\nsp\Lib\site-packages\rpyc\core\protocol.py", line 853, in _handle_getattr
    return self._access_attr(obj, name, (), "_rpyc_getattr", "allow_getattr", getattr)
           ^^^^^^^^^^^^^^^^^^^^^^^^^^^^^^^^^^^^^^^^^^^^^^^^^^^^^^^^^^^^^^^^^^^^^^^^^^^
  File "C:\Users\awsch\miniconda3\envs\nsp\Lib\site-packages\rpyc\core\protocol.py", line 781, in _access_attr
    return accessor(obj, name, *args)
           ^^^^^^^^^^^^^^^^^^^^^^^^^^
AttributeError: 'list' object has no attribute '__array__'
2026-06-01 12:01:07.103 [   DEBUG] (         protocol.py: 363) Exception caught
Traceback (most recent call last):
  File "C:\Users\awsch\miniconda3\envs\nsp\Lib\site-packages\rpyc\core\protocol.py", line 356, in _dispatch_request
    res = self._HANDLERS[handler](self, *args)
          ^^^^^^^^^^^^^^^^^^^^^^^^^^^^^^^^^^^^
  File "C:\Users\awsch\miniconda3\envs\nsp\Lib\site-packages\rpyc\core\protocol.py", line 853, in _handle_getattr
    return self._access_attr(obj, name, (), "_rpyc_getattr", "allow_getattr", getattr)
           ^^^^^^^^^^^^^^^^^^^^^^^^^^^^^^^^^^^^^^^^^^^^^^^^^^^^^^^^^^^^^^^^^^^^^^^^^^^
  File "C:\Users\awsch\miniconda3\envs\nsp\Lib\site-packages\rpyc\core\protocol.py", line 781, in _access_attr
    return accessor(obj, name, *args)
           ^^^^^^^^^^^^^^^^^^^^^^^^^^
AttributeError: 'list' object has no attribute '__array_wrap__'
2026-06-01 12:01:07.104 [   DEBUG] (         protocol.py: 363) Exception caught
Traceback (most recent call last):
  File "C:\Users\awsch\miniconda3\envs\nsp\Lib\site-packages\rpyc\core\protocol.py", line 356, in _dispatch_request
    res = self._HANDLERS[handler](self, *args)
          ^^^^^^^^^^^^^^^^^^^^^^^^^^^^^^^^^^^^
  File "C:\Users\awsch\miniconda3\envs\nsp\Lib\site-packages\rpyc\core\protocol.py", line 853, in _handle_getattr
    return self._access_attr(obj, name, (), "_rpyc_getattr", "allow_getattr", getattr)
           ^^^^^^^^^^^^^^^^^^^^^^^^^^^^^^^^^^^^^^^^^^^^^^^^^^^^^^^^^^^^^^^^^^^^^^^^^^^
  File "C:\Users\awsch\miniconda3\envs\nsp\Lib\site-packages\rpyc\core\protocol.py", line 781, in _access_attr
    return accessor(obj, name, *args)
           ^^^^^^^^^^^^^^^^^^^^^^^^^^
AttributeError: 'list' object has no attribute '__array_wrap__'
2026-06-01 12:01:07.110 [   DEBUG] (        highlevel.py: 186) viWrite(2, b'FREQ 9586000000.00\r\n', 20, 'c_ulong(20)') -> 0
2026-06-01 12:01:07.599 [   DEBUG] (         protocol.py: 363) Exception caught
Traceback (most recent call last):
  File "C:\Users\awsch\miniconda3\envs\nsp\Lib\site-packages\rpyc\core\protocol.py", line 356, in _dispatch_request
    res = self._HANDLERS[handler](self, *args)
          ^^^^^^^^^^^^^^^^^^^^^^^^^^^^^^^^^^^^
  File "C:\Users\awsch\miniconda3\envs\nsp\Lib\site-packages\rpyc\core\protocol.py", line 853, in _handle_getattr
    return self._access_attr(obj, name, (), "_rpyc_getattr", "allow_getattr", getattr)
           ^^^^^^^^^^^^^^^^^^^^^^^^^^^^^^^^^^^^^^^^^^^^^^^^^^^^^^^^^^^^^^^^^^^^^^^^^^^
  File "C:\Users\awsch\miniconda3\envs\nsp\Lib\site-packages\rpyc\core\protocol.py", line 781, in _access_attr
    return accessor(obj, name, *args)
           ^^^^^^^^^^^^^^^^^^^^^^^^^^
AttributeError: 'list' object has no attribute 'sum'
2026-06-01 12:01:07.605 [   DEBUG] (         protocol.py: 363) Exception caught
Traceback (most recent call last):
  File "C:\Users\awsch\miniconda3\envs\nsp\Lib\site-packages\rpyc\core\protocol.py", line 356, in _dispatch_request
    res = self._HANDLERS[handler](self, *args)
          ^^^^^^^^^^^^^^^^^^^^^^^^^^^^^^^^^^^^
  File "C:\Users\awsch\miniconda3\envs\nsp\Lib\site-packages\rpyc\core\protocol.py", line 853, in _handle_getattr
    return self._access_attr(obj, name, (), "_rpyc_getattr", "allow_getattr", getattr)
           ^^^^^^^^^^^^^^^^^^^^^^^^^^^^^^^^^^^^^^^^^^^^^^^^^^^^^^^^^^^^^^^^^^^^^^^^^^^
  File "C:\Users\awsch\miniconda3\envs\nsp\Lib\site-packages\rpyc\core\protocol.py", line 781, in _access_attr
    return accessor(obj, name, *args)
           ^^^^^^^^^^^^^^^^^^^^^^^^^^
AttributeError: 'list' object has no attribute 'sum'
2026-06-01 12:01:07.611 [   DEBUG] (         protocol.py: 363) Exception caught
Traceback (most recent call last):
  File "C:\Users\awsch\miniconda3\envs\nsp\Lib\site-packages\rpyc\core\protocol.py", line 356, in _dispatch_request
    res = self._HANDLERS[handler](self, *args)
          ^^^^^^^^^^^^^^^^^^^^^^^^^^^^^^^^^^^^
  File "C:\Users\awsch\miniconda3\envs\nsp\Lib\site-packages\rpyc\core\protocol.py", line 853, in _handle_getattr
    return self._access_attr(obj, name, (), "_rpyc_getattr", "allow_getattr", getattr)
           ^^^^^^^^^^^^^^^^^^^^^^^^^^^^^^^^^^^^^^^^^^^^^^^^^^^^^^^^^^^^^^^^^^^^^^^^^^^
  File "C:\Users\awsch\miniconda3\envs\nsp\Lib\site-packages\rpyc\core\protocol.py", line 781, in _access_attr
    return accessor(obj, name, *args)
           ^^^^^^^^^^^^^^^^^^^^^^^^^^
AttributeError: 'list' object has no attribute '__array__'
2026-06-01 12:01:07.631 [   DEBUG] (         protocol.py: 363) Exception caught
Traceback (most recent call last):
  File "C:\Users\awsch\miniconda3\envs\nsp\Lib\site-packages\rpyc\core\protocol.py", line 356, in _dispatch_request
    res = self._HANDLERS[handler](self, *args)
          ^^^^^^^^^^^^^^^^^^^^^^^^^^^^^^^^^^^^
  File "C:\Users\awsch\miniconda3\envs\nsp\Lib\site-packages\rpyc\core\protocol.py", line 853, in _handle_getattr
    return self._access_attr(obj, name, (), "_rpyc_getattr", "allow_getattr", getattr)
           ^^^^^^^^^^^^^^^^^^^^^^^^^^^^^^^^^^^^^^^^^^^^^^^^^^^^^^^^^^^^^^^^^^^^^^^^^^^
  File "C:\Users\awsch\miniconda3\envs\nsp\Lib\site-packages\rpyc\core\protocol.py", line 781, in _access_attr
    return accessor(obj, name, *args)
           ^^^^^^^^^^^^^^^^^^^^^^^^^^
AttributeError: 'list' object has no attribute '__array_wrap__'
2026-06-01 12:01:07.636 [   DEBUG] (         protocol.py: 363) Exception caught
Traceback (most recent call last):
  File "C:\Users\awsch\miniconda3\envs\nsp\Lib\site-packages\rpyc\core\protocol.py", line 356, in _dispatch_request
    res = self._HANDLERS[handler](self, *args)
          ^^^^^^^^^^^^^^^^^^^^^^^^^^^^^^^^^^^^
  File "C:\Users\awsch\miniconda3\envs\nsp\Lib\site-packages\rpyc\core\protocol.py", line 853, in _handle_getattr
    return self._access_attr(obj, name, (), "_rpyc_getattr", "allow_getattr", getattr)
           ^^^^^^^^^^^^^^^^^^^^^^^^^^^^^^^^^^^^^^^^^^^^^^^^^^^^^^^^^^^^^^^^^^^^^^^^^^^
  File "C:\Users\awsch\miniconda3\envs\nsp\Lib\site-packages\rpyc\core\protocol.py", line 781, in _access_attr
    return accessor(obj, name, *args)
           ^^^^^^^^^^^^^^^^^^^^^^^^^^
AttributeError: 'list' object has no attribute '__array_wrap__'
2026-06-01 12:01:07.640 [   DEBUG] (         protocol.py: 363) Exception caught
Traceback (most recent call last):
  File "C:\Users\awsch\miniconda3\envs\nsp\Lib\site-packages\rpyc\core\protocol.py", line 356, in _dispatch_request
    res = self._HANDLERS[handler](self, *args)
          ^^^^^^^^^^^^^^^^^^^^^^^^^^^^^^^^^^^^
  File "C:\Users\awsch\miniconda3\envs\nsp\Lib\site-packages\rpyc\core\protocol.py", line 853, in _handle_getattr
    return self._access_attr(obj, name, (), "_rpyc_getattr", "allow_getattr", getattr)
           ^^^^^^^^^^^^^^^^^^^^^^^^^^^^^^^^^^^^^^^^^^^^^^^^^^^^^^^^^^^^^^^^^^^^^^^^^^^
  File "C:\Users\awsch\miniconda3\envs\nsp\Lib\site-packages\rpyc\core\protocol.py", line 781, in _access_attr
    return accessor(obj, name, *args)
           ^^^^^^^^^^^^^^^^^^^^^^^^^^
AttributeError: 'list' object has no attribute 'sum'
2026-06-01 12:01:07.642 [   DEBUG] (         protocol.py: 363) Exception caught
Traceback (most recent call last):
  File "C:\Users\awsch\miniconda3\envs\nsp\Lib\site-packages\rpyc\core\protocol.py", line 356, in _dispatch_request
    res = self._HANDLERS[handler](self, *args)
          ^^^^^^^^^^^^^^^^^^^^^^^^^^^^^^^^^^^^
  File "C:\Users\awsch\miniconda3\envs\nsp\Lib\site-packages\rpyc\core\protocol.py", line 853, in _handle_getattr
    return self._access_attr(obj, name, (), "_rpyc_getattr", "allow_getattr", getattr)
           ^^^^^^^^^^^^^^^^^^^^^^^^^^^^^^^^^^^^^^^^^^^^^^^^^^^^^^^^^^^^^^^^^^^^^^^^^^^
  File "C:\Users\awsch\miniconda3\envs\nsp\Lib\site-packages\rpyc\core\protocol.py", line 781, in _access_attr
    return accessor(obj, name, *args)
           ^^^^^^^^^^^^^^^^^^^^^^^^^^
AttributeError: 'list' object has no attribute 'sum'
2026-06-01 12:01:07.644 [   DEBUG] (         protocol.py: 363) Exception caught
Traceback (most recent call last):
  File "C:\Users\awsch\miniconda3\envs\nsp\Lib\site-packages\rpyc\core\protocol.py", line 356, in _dispatch_request
    res = self._HANDLERS[handler](self, *args)
          ^^^^^^^^^^^^^^^^^^^^^^^^^^^^^^^^^^^^
  File "C:\Users\awsch\miniconda3\envs\nsp\Lib\site-packages\rpyc\core\protocol.py", line 853, in _handle_getattr
    return self._access_attr(obj, name, (), "_rpyc_getattr", "allow_getattr", getattr)
           ^^^^^^^^^^^^^^^^^^^^^^^^^^^^^^^^^^^^^^^^^^^^^^^^^^^^^^^^^^^^^^^^^^^^^^^^^^^
  File "C:\Users\awsch\miniconda3\envs\nsp\Lib\site-packages\rpyc\core\protocol.py", line 781, in _access_attr
    return accessor(obj, name, *args)
           ^^^^^^^^^^^^^^^^^^^^^^^^^^
AttributeError: 'list' object has no attribute '__array__'
2026-06-01 12:01:07.657 [   DEBUG] (         protocol.py: 363) Exception caught
Traceback (most recent call last):
  File "C:\Users\awsch\miniconda3\envs\nsp\Lib\site-packages\rpyc\core\protocol.py", line 356, in _dispatch_request
    res = self._HANDLERS[handler](self, *args)
          ^^^^^^^^^^^^^^^^^^^^^^^^^^^^^^^^^^^^
  File "C:\Users\awsch\miniconda3\envs\nsp\Lib\site-packages\rpyc\core\protocol.py", line 853, in _handle_getattr
    return self._access_attr(obj, name, (), "_rpyc_getattr", "allow_getattr", getattr)
           ^^^^^^^^^^^^^^^^^^^^^^^^^^^^^^^^^^^^^^^^^^^^^^^^^^^^^^^^^^^^^^^^^^^^^^^^^^^
  File "C:\Users\awsch\miniconda3\envs\nsp\Lib\site-packages\rpyc\core\protocol.py", line 781, in _access_attr
    return accessor(obj, name, *args)
           ^^^^^^^^^^^^^^^^^^^^^^^^^^
AttributeError: 'list' object has no attribute '__array_wrap__'
2026-06-01 12:01:07.661 [   DEBUG] (         protocol.py: 363) Exception caught
Traceback (most recent call last):
  File "C:\Users\awsch\miniconda3\envs\nsp\Lib\site-packages\rpyc\core\protocol.py", line 356, in _dispatch_request
    res = self._HANDLERS[handler](self, *args)
          ^^^^^^^^^^^^^^^^^^^^^^^^^^^^^^^^^^^^
  File "C:\Users\awsch\miniconda3\envs\nsp\Lib\site-packages\rpyc\core\protocol.py", line 853, in _handle_getattr
    return self._access_attr(obj, name, (), "_rpyc_getattr", "allow_getattr", getattr)
           ^^^^^^^^^^^^^^^^^^^^^^^^^^^^^^^^^^^^^^^^^^^^^^^^^^^^^^^^^^^^^^^^^^^^^^^^^^^
  File "C:\Users\awsch\miniconda3\envs\nsp\Lib\site-packages\rpyc\core\protocol.py", line 781, in _access_attr
    return accessor(obj, name, *args)
           ^^^^^^^^^^^^^^^^^^^^^^^^^^
AttributeError: 'list' object has no attribute '__array_wrap__'
2026-06-01 12:01:07.670 [   DEBUG] (        highlevel.py: 186) viWrite(2, b'FREQ 9592000000.00\r\n', 20, 'c_ulong(20)') -> 0
2026-06-01 12:01:08.184 [   DEBUG] (         protocol.py: 363) Exception caught
Traceback (most recent call last):
  File "C:\Users\awsch\miniconda3\envs\nsp\Lib\site-packages\rpyc\core\protocol.py", line 356, in _dispatch_request
    res = self._HANDLERS[handler](self, *args)
          ^^^^^^^^^^^^^^^^^^^^^^^^^^^^^^^^^^^^
  File "C:\Users\awsch\miniconda3\envs\nsp\Lib\site-packages\rpyc\core\protocol.py", line 853, in _handle_getattr
    return self._access_attr(obj, name, (), "_rpyc_getattr", "allow_getattr", getattr)
           ^^^^^^^^^^^^^^^^^^^^^^^^^^^^^^^^^^^^^^^^^^^^^^^^^^^^^^^^^^^^^^^^^^^^^^^^^^^
  File "C:\Users\awsch\miniconda3\envs\nsp\Lib\site-packages\rpyc\core\protocol.py", line 781, in _access_attr
    return accessor(obj, name, *args)
           ^^^^^^^^^^^^^^^^^^^^^^^^^^
AttributeError: 'list' object has no attribute 'sum'
2026-06-01 12:01:08.187 [   DEBUG] (         protocol.py: 363) Exception caught
Traceback (most recent call last):
  File "C:\Users\awsch\miniconda3\envs\nsp\Lib\site-packages\rpyc\core\protocol.py", line 356, in _dispatch_request
    res = self._HANDLERS[handler](self, *args)
          ^^^^^^^^^^^^^^^^^^^^^^^^^^^^^^^^^^^^
  File "C:\Users\awsch\miniconda3\envs\nsp\Lib\site-packages\rpyc\core\protocol.py", line 853, in _handle_getattr
    return self._access_attr(obj, name, (), "_rpyc_getattr", "allow_getattr", getattr)
           ^^^^^^^^^^^^^^^^^^^^^^^^^^^^^^^^^^^^^^^^^^^^^^^^^^^^^^^^^^^^^^^^^^^^^^^^^^^
  File "C:\Users\awsch\miniconda3\envs\nsp\Lib\site-packages\rpyc\core\protocol.py", line 781, in _access_attr
    return accessor(obj, name, *args)
           ^^^^^^^^^^^^^^^^^^^^^^^^^^
AttributeError: 'list' object has no attribute 'sum'
2026-06-01 12:01:08.190 [   DEBUG] (         protocol.py: 363) Exception caught
Traceback (most recent call last):
  File "C:\Users\awsch\miniconda3\envs\nsp\Lib\site-packages\rpyc\core\protocol.py", line 356, in _dispatch_request
    res = self._HANDLERS[handler](self, *args)
          ^^^^^^^^^^^^^^^^^^^^^^^^^^^^^^^^^^^^
  File "C:\Users\awsch\miniconda3\envs\nsp\Lib\site-packages\rpyc\core\protocol.py", line 853, in _handle_getattr
    return self._access_attr(obj, name, (), "_rpyc_getattr", "allow_getattr", getattr)
           ^^^^^^^^^^^^^^^^^^^^^^^^^^^^^^^^^^^^^^^^^^^^^^^^^^^^^^^^^^^^^^^^^^^^^^^^^^^
  File "C:\Users\awsch\miniconda3\envs\nsp\Lib\site-packages\rpyc\core\protocol.py", line 781, in _access_attr
    return accessor(obj, name, *args)
           ^^^^^^^^^^^^^^^^^^^^^^^^^^
AttributeError: 'list' object has no attribute '__array__'
2026-06-01 12:01:08.201 [   DEBUG] (         protocol.py: 363) Exception caught
Traceback (most recent call last):
  File "C:\Users\awsch\miniconda3\envs\nsp\Lib\site-packages\rpyc\core\protocol.py", line 356, in _dispatch_request
    res = self._HANDLERS[handler](self, *args)
          ^^^^^^^^^^^^^^^^^^^^^^^^^^^^^^^^^^^^
  File "C:\Users\awsch\miniconda3\envs\nsp\Lib\site-packages\rpyc\core\protocol.py", line 853, in _handle_getattr
    return self._access_attr(obj, name, (), "_rpyc_getattr", "allow_getattr", getattr)
           ^^^^^^^^^^^^^^^^^^^^^^^^^^^^^^^^^^^^^^^^^^^^^^^^^^^^^^^^^^^^^^^^^^^^^^^^^^^
  File "C:\Users\awsch\miniconda3\envs\nsp\Lib\site-packages\rpyc\core\protocol.py", line 781, in _access_attr
    return accessor(obj, name, *args)
           ^^^^^^^^^^^^^^^^^^^^^^^^^^
AttributeError: 'list' object has no attribute '__array_wrap__'
2026-06-01 12:01:08.204 [   DEBUG] (         protocol.py: 363) Exception caught
Traceback (most recent call last):
  File "C:\Users\awsch\miniconda3\envs\nsp\Lib\site-packages\rpyc\core\protocol.py", line 356, in _dispatch_request
    res = self._HANDLERS[handler](self, *args)
          ^^^^^^^^^^^^^^^^^^^^^^^^^^^^^^^^^^^^
  File "C:\Users\awsch\miniconda3\envs\nsp\Lib\site-packages\rpyc\core\protocol.py", line 853, in _handle_getattr
    return self._access_attr(obj, name, (), "_rpyc_getattr", "allow_getattr", getattr)
           ^^^^^^^^^^^^^^^^^^^^^^^^^^^^^^^^^^^^^^^^^^^^^^^^^^^^^^^^^^^^^^^^^^^^^^^^^^^
  File "C:\Users\awsch\miniconda3\envs\nsp\Lib\site-packages\rpyc\core\protocol.py", line 781, in _access_attr
    return accessor(obj, name, *args)
           ^^^^^^^^^^^^^^^^^^^^^^^^^^
AttributeError: 'list' object has no attribute '__array_wrap__'
2026-06-01 12:01:08.207 [   DEBUG] (         protocol.py: 363) Exception caught
Traceback (most recent call last):
  File "C:\Users\awsch\miniconda3\envs\nsp\Lib\site-packages\rpyc\core\protocol.py", line 356, in _dispatch_request
    res = self._HANDLERS[handler](self, *args)
          ^^^^^^^^^^^^^^^^^^^^^^^^^^^^^^^^^^^^
  File "C:\Users\awsch\miniconda3\envs\nsp\Lib\site-packages\rpyc\core\protocol.py", line 853, in _handle_getattr
    return self._access_attr(obj, name, (), "_rpyc_getattr", "allow_getattr", getattr)
           ^^^^^^^^^^^^^^^^^^^^^^^^^^^^^^^^^^^^^^^^^^^^^^^^^^^^^^^^^^^^^^^^^^^^^^^^^^^
  File "C:\Users\awsch\miniconda3\envs\nsp\Lib\site-packages\rpyc\core\protocol.py", line 781, in _access_attr
    return accessor(obj, name, *args)
           ^^^^^^^^^^^^^^^^^^^^^^^^^^
AttributeError: 'list' object has no attribute 'sum'
2026-06-01 12:01:08.209 [   DEBUG] (         protocol.py: 363) Exception caught
Traceback (most recent call last):
  File "C:\Users\awsch\miniconda3\envs\nsp\Lib\site-packages\rpyc\core\protocol.py", line 356, in _dispatch_request
    res = self._HANDLERS[handler](self, *args)
          ^^^^^^^^^^^^^^^^^^^^^^^^^^^^^^^^^^^^
  File "C:\Users\awsch\miniconda3\envs\nsp\Lib\site-packages\rpyc\core\protocol.py", line 853, in _handle_getattr
    return self._access_attr(obj, name, (), "_rpyc_getattr", "allow_getattr", getattr)
           ^^^^^^^^^^^^^^^^^^^^^^^^^^^^^^^^^^^^^^^^^^^^^^^^^^^^^^^^^^^^^^^^^^^^^^^^^^^
  File "C:\Users\awsch\miniconda3\envs\nsp\Lib\site-packages\rpyc\core\protocol.py", line 781, in _access_attr
    return accessor(obj, name, *args)
           ^^^^^^^^^^^^^^^^^^^^^^^^^^
AttributeError: 'list' object has no attribute 'sum'
2026-06-01 12:01:08.210 [   DEBUG] (         protocol.py: 363) Exception caught
Traceback (most recent call last):
  File "C:\Users\awsch\miniconda3\envs\nsp\Lib\site-packages\rpyc\core\protocol.py", line 356, in _dispatch_request
    res = self._HANDLERS[handler](self, *args)
          ^^^^^^^^^^^^^^^^^^^^^^^^^^^^^^^^^^^^
  File "C:\Users\awsch\miniconda3\envs\nsp\Lib\site-packages\rpyc\core\protocol.py", line 853, in _handle_getattr
    return self._access_attr(obj, name, (), "_rpyc_getattr", "allow_getattr", getattr)
           ^^^^^^^^^^^^^^^^^^^^^^^^^^^^^^^^^^^^^^^^^^^^^^^^^^^^^^^^^^^^^^^^^^^^^^^^^^^
  File "C:\Users\awsch\miniconda3\envs\nsp\Lib\site-packages\rpyc\core\protocol.py", line 781, in _access_attr
    return accessor(obj, name, *args)
           ^^^^^^^^^^^^^^^^^^^^^^^^^^
AttributeError: 'list' object has no attribute '__array__'
2026-06-01 12:01:08.218 [   DEBUG] (         protocol.py: 363) Exception caught
Traceback (most recent call last):
  File "C:\Users\awsch\miniconda3\envs\nsp\Lib\site-packages\rpyc\core\protocol.py", line 356, in _dispatch_request
    res = self._HANDLERS[handler](self, *args)
          ^^^^^^^^^^^^^^^^^^^^^^^^^^^^^^^^^^^^
  File "C:\Users\awsch\miniconda3\envs\nsp\Lib\site-packages\rpyc\core\protocol.py", line 853, in _handle_getattr
    return self._access_attr(obj, name, (), "_rpyc_getattr", "allow_getattr", getattr)
           ^^^^^^^^^^^^^^^^^^^^^^^^^^^^^^^^^^^^^^^^^^^^^^^^^^^^^^^^^^^^^^^^^^^^^^^^^^^
  File "C:\Users\awsch\miniconda3\envs\nsp\Lib\site-packages\rpyc\core\protocol.py", line 781, in _access_attr
    return accessor(obj, name, *args)
           ^^^^^^^^^^^^^^^^^^^^^^^^^^
AttributeError: 'list' object has no attribute '__array_wrap__'
2026-06-01 12:01:08.221 [   DEBUG] (         protocol.py: 363) Exception caught
Traceback (most recent call last):
  File "C:\Users\awsch\miniconda3\envs\nsp\Lib\site-packages\rpyc\core\protocol.py", line 356, in _dispatch_request
    res = self._HANDLERS[handler](self, *args)
          ^^^^^^^^^^^^^^^^^^^^^^^^^^^^^^^^^^^^
  File "C:\Users\awsch\miniconda3\envs\nsp\Lib\site-packages\rpyc\core\protocol.py", line 853, in _handle_getattr
    return self._access_attr(obj, name, (), "_rpyc_getattr", "allow_getattr", getattr)
           ^^^^^^^^^^^^^^^^^^^^^^^^^^^^^^^^^^^^^^^^^^^^^^^^^^^^^^^^^^^^^^^^^^^^^^^^^^^
  File "C:\Users\awsch\miniconda3\envs\nsp\Lib\site-packages\rpyc\core\protocol.py", line 781, in _access_attr
    return accessor(obj, name, *args)
           ^^^^^^^^^^^^^^^^^^^^^^^^^^
AttributeError: 'list' object has no attribute '__array_wrap__'
2026-06-01 12:01:08.232 [   DEBUG] (        highlevel.py: 186) viWrite(2, b'FREQ 9598000000.00\r\n', 20, 'c_ulong(20)') -> 0
2026-06-01 12:01:08.715 [   DEBUG] (         protocol.py: 363) Exception caught
Traceback (most recent call last):
  File "C:\Users\awsch\miniconda3\envs\nsp\Lib\site-packages\rpyc\core\protocol.py", line 356, in _dispatch_request
    res = self._HANDLERS[handler](self, *args)
          ^^^^^^^^^^^^^^^^^^^^^^^^^^^^^^^^^^^^
  File "C:\Users\awsch\miniconda3\envs\nsp\Lib\site-packages\rpyc\core\protocol.py", line 853, in _handle_getattr
    return self._access_attr(obj, name, (), "_rpyc_getattr", "allow_getattr", getattr)
           ^^^^^^^^^^^^^^^^^^^^^^^^^^^^^^^^^^^^^^^^^^^^^^^^^^^^^^^^^^^^^^^^^^^^^^^^^^^
  File "C:\Users\awsch\miniconda3\envs\nsp\Lib\site-packages\rpyc\core\protocol.py", line 781, in _access_attr
    return accessor(obj, name, *args)
           ^^^^^^^^^^^^^^^^^^^^^^^^^^
AttributeError: 'list' object has no attribute 'sum'
2026-06-01 12:01:08.719 [   DEBUG] (         protocol.py: 363) Exception caught
Traceback (most recent call last):
  File "C:\Users\awsch\miniconda3\envs\nsp\Lib\site-packages\rpyc\core\protocol.py", line 356, in _dispatch_request
    res = self._HANDLERS[handler](self, *args)
          ^^^^^^^^^^^^^^^^^^^^^^^^^^^^^^^^^^^^
  File "C:\Users\awsch\miniconda3\envs\nsp\Lib\site-packages\rpyc\core\protocol.py", line 853, in _handle_getattr
    return self._access_attr(obj, name, (), "_rpyc_getattr", "allow_getattr", getattr)
           ^^^^^^^^^^^^^^^^^^^^^^^^^^^^^^^^^^^^^^^^^^^^^^^^^^^^^^^^^^^^^^^^^^^^^^^^^^^
  File "C:\Users\awsch\miniconda3\envs\nsp\Lib\site-packages\rpyc\core\protocol.py", line 781, in _access_attr
    return accessor(obj, name, *args)
           ^^^^^^^^^^^^^^^^^^^^^^^^^^
AttributeError: 'list' object has no attribute 'sum'
2026-06-01 12:01:08.722 [   DEBUG] (         protocol.py: 363) Exception caught
Traceback (most recent call last):
  File "C:\Users\awsch\miniconda3\envs\nsp\Lib\site-packages\rpyc\core\protocol.py", line 356, in _dispatch_request
    res = self._HANDLERS[handler](self, *args)
          ^^^^^^^^^^^^^^^^^^^^^^^^^^^^^^^^^^^^
  File "C:\Users\awsch\miniconda3\envs\nsp\Lib\site-packages\rpyc\core\protocol.py", line 853, in _handle_getattr
    return self._access_attr(obj, name, (), "_rpyc_getattr", "allow_getattr", getattr)
           ^^^^^^^^^^^^^^^^^^^^^^^^^^^^^^^^^^^^^^^^^^^^^^^^^^^^^^^^^^^^^^^^^^^^^^^^^^^
  File "C:\Users\awsch\miniconda3\envs\nsp\Lib\site-packages\rpyc\core\protocol.py", line 781, in _access_attr
    return accessor(obj, name, *args)
           ^^^^^^^^^^^^^^^^^^^^^^^^^^
AttributeError: 'list' object has no attribute '__array__'
2026-06-01 12:01:08.733 [   DEBUG] (         protocol.py: 363) Exception caught
Traceback (most recent call last):
  File "C:\Users\awsch\miniconda3\envs\nsp\Lib\site-packages\rpyc\core\protocol.py", line 356, in _dispatch_request
    res = self._HANDLERS[handler](self, *args)
          ^^^^^^^^^^^^^^^^^^^^^^^^^^^^^^^^^^^^
  File "C:\Users\awsch\miniconda3\envs\nsp\Lib\site-packages\rpyc\core\protocol.py", line 853, in _handle_getattr
    return self._access_attr(obj, name, (), "_rpyc_getattr", "allow_getattr", getattr)
           ^^^^^^^^^^^^^^^^^^^^^^^^^^^^^^^^^^^^^^^^^^^^^^^^^^^^^^^^^^^^^^^^^^^^^^^^^^^
  File "C:\Users\awsch\miniconda3\envs\nsp\Lib\site-packages\rpyc\core\protocol.py", line 781, in _access_attr
    return accessor(obj, name, *args)
           ^^^^^^^^^^^^^^^^^^^^^^^^^^
AttributeError: 'list' object has no attribute '__array_wrap__'
2026-06-01 12:01:08.736 [   DEBUG] (         protocol.py: 363) Exception caught
Traceback (most recent call last):
  File "C:\Users\awsch\miniconda3\envs\nsp\Lib\site-packages\rpyc\core\protocol.py", line 356, in _dispatch_request
    res = self._HANDLERS[handler](self, *args)
          ^^^^^^^^^^^^^^^^^^^^^^^^^^^^^^^^^^^^
  File "C:\Users\awsch\miniconda3\envs\nsp\Lib\site-packages\rpyc\core\protocol.py", line 853, in _handle_getattr
    return self._access_attr(obj, name, (), "_rpyc_getattr", "allow_getattr", getattr)
           ^^^^^^^^^^^^^^^^^^^^^^^^^^^^^^^^^^^^^^^^^^^^^^^^^^^^^^^^^^^^^^^^^^^^^^^^^^^
  File "C:\Users\awsch\miniconda3\envs\nsp\Lib\site-packages\rpyc\core\protocol.py", line 781, in _access_attr
    return accessor(obj, name, *args)
           ^^^^^^^^^^^^^^^^^^^^^^^^^^
AttributeError: 'list' object has no attribute '__array_wrap__'
2026-06-01 12:01:08.739 [   DEBUG] (         protocol.py: 363) Exception caught
Traceback (most recent call last):
  File "C:\Users\awsch\miniconda3\envs\nsp\Lib\site-packages\rpyc\core\protocol.py", line 356, in _dispatch_request
    res = self._HANDLERS[handler](self, *args)
          ^^^^^^^^^^^^^^^^^^^^^^^^^^^^^^^^^^^^
  File "C:\Users\awsch\miniconda3\envs\nsp\Lib\site-packages\rpyc\core\protocol.py", line 853, in _handle_getattr
    return self._access_attr(obj, name, (), "_rpyc_getattr", "allow_getattr", getattr)
           ^^^^^^^^^^^^^^^^^^^^^^^^^^^^^^^^^^^^^^^^^^^^^^^^^^^^^^^^^^^^^^^^^^^^^^^^^^^
  File "C:\Users\awsch\miniconda3\envs\nsp\Lib\site-packages\rpyc\core\protocol.py", line 781, in _access_attr
    return accessor(obj, name, *args)
           ^^^^^^^^^^^^^^^^^^^^^^^^^^
AttributeError: 'list' object has no attribute 'sum'
2026-06-01 12:01:08.742 [   DEBUG] (         protocol.py: 363) Exception caught
Traceback (most recent call last):
  File "C:\Users\awsch\miniconda3\envs\nsp\Lib\site-packages\rpyc\core\protocol.py", line 356, in _dispatch_request
    res = self._HANDLERS[handler](self, *args)
          ^^^^^^^^^^^^^^^^^^^^^^^^^^^^^^^^^^^^
  File "C:\Users\awsch\miniconda3\envs\nsp\Lib\site-packages\rpyc\core\protocol.py", line 853, in _handle_getattr
    return self._access_attr(obj, name, (), "_rpyc_getattr", "allow_getattr", getattr)
           ^^^^^^^^^^^^^^^^^^^^^^^^^^^^^^^^^^^^^^^^^^^^^^^^^^^^^^^^^^^^^^^^^^^^^^^^^^^
  File "C:\Users\awsch\miniconda3\envs\nsp\Lib\site-packages\rpyc\core\protocol.py", line 781, in _access_attr
    return accessor(obj, name, *args)
           ^^^^^^^^^^^^^^^^^^^^^^^^^^
AttributeError: 'list' object has no attribute 'sum'
2026-06-01 12:01:08.745 [   DEBUG] (         protocol.py: 363) Exception caught
Traceback (most recent call last):
  File "C:\Users\awsch\miniconda3\envs\nsp\Lib\site-packages\rpyc\core\protocol.py", line 356, in _dispatch_request
    res = self._HANDLERS[handler](self, *args)
          ^^^^^^^^^^^^^^^^^^^^^^^^^^^^^^^^^^^^
  File "C:\Users\awsch\miniconda3\envs\nsp\Lib\site-packages\rpyc\core\protocol.py", line 853, in _handle_getattr
    return self._access_attr(obj, name, (), "_rpyc_getattr", "allow_getattr", getattr)
           ^^^^^^^^^^^^^^^^^^^^^^^^^^^^^^^^^^^^^^^^^^^^^^^^^^^^^^^^^^^^^^^^^^^^^^^^^^^
  File "C:\Users\awsch\miniconda3\envs\nsp\Lib\site-packages\rpyc\core\protocol.py", line 781, in _access_attr
    return accessor(obj, name, *args)
           ^^^^^^^^^^^^^^^^^^^^^^^^^^
AttributeError: 'list' object has no attribute '__array__'
2026-06-01 12:01:08.751 [   DEBUG] (         protocol.py: 363) Exception caught
Traceback (most recent call last):
  File "C:\Users\awsch\miniconda3\envs\nsp\Lib\site-packages\rpyc\core\protocol.py", line 356, in _dispatch_request
    res = self._HANDLERS[handler](self, *args)
          ^^^^^^^^^^^^^^^^^^^^^^^^^^^^^^^^^^^^
  File "C:\Users\awsch\miniconda3\envs\nsp\Lib\site-packages\rpyc\core\protocol.py", line 853, in _handle_getattr
    return self._access_attr(obj, name, (), "_rpyc_getattr", "allow_getattr", getattr)
           ^^^^^^^^^^^^^^^^^^^^^^^^^^^^^^^^^^^^^^^^^^^^^^^^^^^^^^^^^^^^^^^^^^^^^^^^^^^
  File "C:\Users\awsch\miniconda3\envs\nsp\Lib\site-packages\rpyc\core\protocol.py", line 781, in _access_attr
    return accessor(obj, name, *args)
           ^^^^^^^^^^^^^^^^^^^^^^^^^^
AttributeError: 'list' object has no attribute '__array_wrap__'
2026-06-01 12:01:08.752 [   DEBUG] (         protocol.py: 363) Exception caught
Traceback (most recent call last):
  File "C:\Users\awsch\miniconda3\envs\nsp\Lib\site-packages\rpyc\core\protocol.py", line 356, in _dispatch_request
    res = self._HANDLERS[handler](self, *args)
          ^^^^^^^^^^^^^^^^^^^^^^^^^^^^^^^^^^^^
  File "C:\Users\awsch\miniconda3\envs\nsp\Lib\site-packages\rpyc\core\protocol.py", line 853, in _handle_getattr
    return self._access_attr(obj, name, (), "_rpyc_getattr", "allow_getattr", getattr)
           ^^^^^^^^^^^^^^^^^^^^^^^^^^^^^^^^^^^^^^^^^^^^^^^^^^^^^^^^^^^^^^^^^^^^^^^^^^^
  File "C:\Users\awsch\miniconda3\envs\nsp\Lib\site-packages\rpyc\core\protocol.py", line 781, in _access_attr
    return accessor(obj, name, *args)
           ^^^^^^^^^^^^^^^^^^^^^^^^^^
AttributeError: 'list' object has no attribute '__array_wrap__'
2026-06-01 12:01:08.759 [   DEBUG] (        highlevel.py: 186) viWrite(2, b'FREQ 9604000000.00\r\n', 20, 'c_ulong(20)') -> 0
2026-06-01 12:01:09.256 [   DEBUG] (         protocol.py: 363) Exception caught
Traceback (most recent call last):
  File "C:\Users\awsch\miniconda3\envs\nsp\Lib\site-packages\rpyc\core\protocol.py", line 356, in _dispatch_request
    res = self._HANDLERS[handler](self, *args)
          ^^^^^^^^^^^^^^^^^^^^^^^^^^^^^^^^^^^^
  File "C:\Users\awsch\miniconda3\envs\nsp\Lib\site-packages\rpyc\core\protocol.py", line 853, in _handle_getattr
    return self._access_attr(obj, name, (), "_rpyc_getattr", "allow_getattr", getattr)
           ^^^^^^^^^^^^^^^^^^^^^^^^^^^^^^^^^^^^^^^^^^^^^^^^^^^^^^^^^^^^^^^^^^^^^^^^^^^
  File "C:\Users\awsch\miniconda3\envs\nsp\Lib\site-packages\rpyc\core\protocol.py", line 781, in _access_attr
    return accessor(obj, name, *args)
           ^^^^^^^^^^^^^^^^^^^^^^^^^^
AttributeError: 'list' object has no attribute 'sum'
2026-06-01 12:01:09.257 [   DEBUG] (         protocol.py: 363) Exception caught
Traceback (most recent call last):
  File "C:\Users\awsch\miniconda3\envs\nsp\Lib\site-packages\rpyc\core\protocol.py", line 356, in _dispatch_request
    res = self._HANDLERS[handler](self, *args)
          ^^^^^^^^^^^^^^^^^^^^^^^^^^^^^^^^^^^^
  File "C:\Users\awsch\miniconda3\envs\nsp\Lib\site-packages\rpyc\core\protocol.py", line 853, in _handle_getattr
    return self._access_attr(obj, name, (), "_rpyc_getattr", "allow_getattr", getattr)
           ^^^^^^^^^^^^^^^^^^^^^^^^^^^^^^^^^^^^^^^^^^^^^^^^^^^^^^^^^^^^^^^^^^^^^^^^^^^
  File "C:\Users\awsch\miniconda3\envs\nsp\Lib\site-packages\rpyc\core\protocol.py", line 781, in _access_attr
    return accessor(obj, name, *args)
           ^^^^^^^^^^^^^^^^^^^^^^^^^^
AttributeError: 'list' object has no attribute 'sum'
2026-06-01 12:01:09.258 [   DEBUG] (         protocol.py: 363) Exception caught
Traceback (most recent call last):
  File "C:\Users\awsch\miniconda3\envs\nsp\Lib\site-packages\rpyc\core\protocol.py", line 356, in _dispatch_request
    res = self._HANDLERS[handler](self, *args)
          ^^^^^^^^^^^^^^^^^^^^^^^^^^^^^^^^^^^^
  File "C:\Users\awsch\miniconda3\envs\nsp\Lib\site-packages\rpyc\core\protocol.py", line 853, in _handle_getattr
    return self._access_attr(obj, name, (), "_rpyc_getattr", "allow_getattr", getattr)
           ^^^^^^^^^^^^^^^^^^^^^^^^^^^^^^^^^^^^^^^^^^^^^^^^^^^^^^^^^^^^^^^^^^^^^^^^^^^
  File "C:\Users\awsch\miniconda3\envs\nsp\Lib\site-packages\rpyc\core\protocol.py", line 781, in _access_attr
    return accessor(obj, name, *args)
           ^^^^^^^^^^^^^^^^^^^^^^^^^^
AttributeError: 'list' object has no attribute '__array__'
2026-06-01 12:01:09.262 [   DEBUG] (         protocol.py: 363) Exception caught
Traceback (most recent call last):
  File "C:\Users\awsch\miniconda3\envs\nsp\Lib\site-packages\rpyc\core\protocol.py", line 356, in _dispatch_request
    res = self._HANDLERS[handler](self, *args)
          ^^^^^^^^^^^^^^^^^^^^^^^^^^^^^^^^^^^^
  File "C:\Users\awsch\miniconda3\envs\nsp\Lib\site-packages\rpyc\core\protocol.py", line 853, in _handle_getattr
    return self._access_attr(obj, name, (), "_rpyc_getattr", "allow_getattr", getattr)
           ^^^^^^^^^^^^^^^^^^^^^^^^^^^^^^^^^^^^^^^^^^^^^^^^^^^^^^^^^^^^^^^^^^^^^^^^^^^
  File "C:\Users\awsch\miniconda3\envs\nsp\Lib\site-packages\rpyc\core\protocol.py", line 781, in _access_attr
    return accessor(obj, name, *args)
           ^^^^^^^^^^^^^^^^^^^^^^^^^^
AttributeError: 'list' object has no attribute '__array_wrap__'
2026-06-01 12:01:09.263 [   DEBUG] (         protocol.py: 363) Exception caught
Traceback (most recent call last):
  File "C:\Users\awsch\miniconda3\envs\nsp\Lib\site-packages\rpyc\core\protocol.py", line 356, in _dispatch_request
    res = self._HANDLERS[handler](self, *args)
          ^^^^^^^^^^^^^^^^^^^^^^^^^^^^^^^^^^^^
  File "C:\Users\awsch\miniconda3\envs\nsp\Lib\site-packages\rpyc\core\protocol.py", line 853, in _handle_getattr
    return self._access_attr(obj, name, (), "_rpyc_getattr", "allow_getattr", getattr)
           ^^^^^^^^^^^^^^^^^^^^^^^^^^^^^^^^^^^^^^^^^^^^^^^^^^^^^^^^^^^^^^^^^^^^^^^^^^^
  File "C:\Users\awsch\miniconda3\envs\nsp\Lib\site-packages\rpyc\core\protocol.py", line 781, in _access_attr
    return accessor(obj, name, *args)
           ^^^^^^^^^^^^^^^^^^^^^^^^^^
AttributeError: 'list' object has no attribute '__array_wrap__'
2026-06-01 12:01:09.264 [   DEBUG] (         protocol.py: 363) Exception caught
Traceback (most recent call last):
  File "C:\Users\awsch\miniconda3\envs\nsp\Lib\site-packages\rpyc\core\protocol.py", line 356, in _dispatch_request
    res = self._HANDLERS[handler](self, *args)
          ^^^^^^^^^^^^^^^^^^^^^^^^^^^^^^^^^^^^
  File "C:\Users\awsch\miniconda3\envs\nsp\Lib\site-packages\rpyc\core\protocol.py", line 853, in _handle_getattr
    return self._access_attr(obj, name, (), "_rpyc_getattr", "allow_getattr", getattr)
           ^^^^^^^^^^^^^^^^^^^^^^^^^^^^^^^^^^^^^^^^^^^^^^^^^^^^^^^^^^^^^^^^^^^^^^^^^^^
  File "C:\Users\awsch\miniconda3\envs\nsp\Lib\site-packages\rpyc\core\protocol.py", line 781, in _access_attr
    return accessor(obj, name, *args)
           ^^^^^^^^^^^^^^^^^^^^^^^^^^
AttributeError: 'list' object has no attribute 'sum'
2026-06-01 12:01:09.265 [   DEBUG] (         protocol.py: 363) Exception caught
Traceback (most recent call last):
  File "C:\Users\awsch\miniconda3\envs\nsp\Lib\site-packages\rpyc\core\protocol.py", line 356, in _dispatch_request
    res = self._HANDLERS[handler](self, *args)
          ^^^^^^^^^^^^^^^^^^^^^^^^^^^^^^^^^^^^
  File "C:\Users\awsch\miniconda3\envs\nsp\Lib\site-packages\rpyc\core\protocol.py", line 853, in _handle_getattr
    return self._access_attr(obj, name, (), "_rpyc_getattr", "allow_getattr", getattr)
           ^^^^^^^^^^^^^^^^^^^^^^^^^^^^^^^^^^^^^^^^^^^^^^^^^^^^^^^^^^^^^^^^^^^^^^^^^^^
  File "C:\Users\awsch\miniconda3\envs\nsp\Lib\site-packages\rpyc\core\protocol.py", line 781, in _access_attr
    return accessor(obj, name, *args)
           ^^^^^^^^^^^^^^^^^^^^^^^^^^
AttributeError: 'list' object has no attribute 'sum'
2026-06-01 12:01:09.266 [   DEBUG] (         protocol.py: 363) Exception caught
Traceback (most recent call last):
  File "C:\Users\awsch\miniconda3\envs\nsp\Lib\site-packages\rpyc\core\protocol.py", line 356, in _dispatch_request
    res = self._HANDLERS[handler](self, *args)
          ^^^^^^^^^^^^^^^^^^^^^^^^^^^^^^^^^^^^
  File "C:\Users\awsch\miniconda3\envs\nsp\Lib\site-packages\rpyc\core\protocol.py", line 853, in _handle_getattr
    return self._access_attr(obj, name, (), "_rpyc_getattr", "allow_getattr", getattr)
           ^^^^^^^^^^^^^^^^^^^^^^^^^^^^^^^^^^^^^^^^^^^^^^^^^^^^^^^^^^^^^^^^^^^^^^^^^^^
  File "C:\Users\awsch\miniconda3\envs\nsp\Lib\site-packages\rpyc\core\protocol.py", line 781, in _access_attr
    return accessor(obj, name, *args)
           ^^^^^^^^^^^^^^^^^^^^^^^^^^
AttributeError: 'list' object has no attribute '__array__'
2026-06-01 12:01:09.270 [   DEBUG] (         protocol.py: 363) Exception caught
Traceback (most recent call last):
  File "C:\Users\awsch\miniconda3\envs\nsp\Lib\site-packages\rpyc\core\protocol.py", line 356, in _dispatch_request
    res = self._HANDLERS[handler](self, *args)
          ^^^^^^^^^^^^^^^^^^^^^^^^^^^^^^^^^^^^
  File "C:\Users\awsch\miniconda3\envs\nsp\Lib\site-packages\rpyc\core\protocol.py", line 853, in _handle_getattr
    return self._access_attr(obj, name, (), "_rpyc_getattr", "allow_getattr", getattr)
           ^^^^^^^^^^^^^^^^^^^^^^^^^^^^^^^^^^^^^^^^^^^^^^^^^^^^^^^^^^^^^^^^^^^^^^^^^^^
  File "C:\Users\awsch\miniconda3\envs\nsp\Lib\site-packages\rpyc\core\protocol.py", line 781, in _access_attr
    return accessor(obj, name, *args)
           ^^^^^^^^^^^^^^^^^^^^^^^^^^
AttributeError: 'list' object has no attribute '__array_wrap__'
2026-06-01 12:01:09.271 [   DEBUG] (         protocol.py: 363) Exception caught
Traceback (most recent call last):
  File "C:\Users\awsch\miniconda3\envs\nsp\Lib\site-packages\rpyc\core\protocol.py", line 356, in _dispatch_request
    res = self._HANDLERS[handler](self, *args)
          ^^^^^^^^^^^^^^^^^^^^^^^^^^^^^^^^^^^^
  File "C:\Users\awsch\miniconda3\envs\nsp\Lib\site-packages\rpyc\core\protocol.py", line 853, in _handle_getattr
    return self._access_attr(obj, name, (), "_rpyc_getattr", "allow_getattr", getattr)
           ^^^^^^^^^^^^^^^^^^^^^^^^^^^^^^^^^^^^^^^^^^^^^^^^^^^^^^^^^^^^^^^^^^^^^^^^^^^
  File "C:\Users\awsch\miniconda3\envs\nsp\Lib\site-packages\rpyc\core\protocol.py", line 781, in _access_attr
    return accessor(obj, name, *args)
           ^^^^^^^^^^^^^^^^^^^^^^^^^^
AttributeError: 'list' object has no attribute '__array_wrap__'
2026-06-01 12:01:09.276 [   DEBUG] (        highlevel.py: 186) viWrite(2, b'FREQ 9610000000.00\r\n', 20, 'c_ulong(20)') -> 0
2026-06-01 12:01:09.764 [   DEBUG] (         protocol.py: 363) Exception caught
Traceback (most recent call last):
  File "C:\Users\awsch\miniconda3\envs\nsp\Lib\site-packages\rpyc\core\protocol.py", line 356, in _dispatch_request
    res = self._HANDLERS[handler](self, *args)
          ^^^^^^^^^^^^^^^^^^^^^^^^^^^^^^^^^^^^
  File "C:\Users\awsch\miniconda3\envs\nsp\Lib\site-packages\rpyc\core\protocol.py", line 853, in _handle_getattr
    return self._access_attr(obj, name, (), "_rpyc_getattr", "allow_getattr", getattr)
           ^^^^^^^^^^^^^^^^^^^^^^^^^^^^^^^^^^^^^^^^^^^^^^^^^^^^^^^^^^^^^^^^^^^^^^^^^^^
  File "C:\Users\awsch\miniconda3\envs\nsp\Lib\site-packages\rpyc\core\protocol.py", line 781, in _access_attr
    return accessor(obj, name, *args)
           ^^^^^^^^^^^^^^^^^^^^^^^^^^
AttributeError: 'list' object has no attribute 'sum'
2026-06-01 12:01:09.769 [   DEBUG] (         protocol.py: 363) Exception caught
Traceback (most recent call last):
  File "C:\Users\awsch\miniconda3\envs\nsp\Lib\site-packages\rpyc\core\protocol.py", line 356, in _dispatch_request
    res = self._HANDLERS[handler](self, *args)
          ^^^^^^^^^^^^^^^^^^^^^^^^^^^^^^^^^^^^
  File "C:\Users\awsch\miniconda3\envs\nsp\Lib\site-packages\rpyc\core\protocol.py", line 853, in _handle_getattr
    return self._access_attr(obj, name, (), "_rpyc_getattr", "allow_getattr", getattr)
           ^^^^^^^^^^^^^^^^^^^^^^^^^^^^^^^^^^^^^^^^^^^^^^^^^^^^^^^^^^^^^^^^^^^^^^^^^^^
  File "C:\Users\awsch\miniconda3\envs\nsp\Lib\site-packages\rpyc\core\protocol.py", line 781, in _access_attr
    return accessor(obj, name, *args)
           ^^^^^^^^^^^^^^^^^^^^^^^^^^
AttributeError: 'list' object has no attribute 'sum'
2026-06-01 12:01:09.775 [   DEBUG] (         protocol.py: 363) Exception caught
Traceback (most recent call last):
  File "C:\Users\awsch\miniconda3\envs\nsp\Lib\site-packages\rpyc\core\protocol.py", line 356, in _dispatch_request
    res = self._HANDLERS[handler](self, *args)
          ^^^^^^^^^^^^^^^^^^^^^^^^^^^^^^^^^^^^
  File "C:\Users\awsch\miniconda3\envs\nsp\Lib\site-packages\rpyc\core\protocol.py", line 853, in _handle_getattr
    return self._access_attr(obj, name, (), "_rpyc_getattr", "allow_getattr", getattr)
           ^^^^^^^^^^^^^^^^^^^^^^^^^^^^^^^^^^^^^^^^^^^^^^^^^^^^^^^^^^^^^^^^^^^^^^^^^^^
  File "C:\Users\awsch\miniconda3\envs\nsp\Lib\site-packages\rpyc\core\protocol.py", line 781, in _access_attr
    return accessor(obj, name, *args)
           ^^^^^^^^^^^^^^^^^^^^^^^^^^
AttributeError: 'list' object has no attribute '__array__'
2026-06-01 12:01:09.796 [   DEBUG] (         protocol.py: 363) Exception caught
Traceback (most recent call last):
  File "C:\Users\awsch\miniconda3\envs\nsp\Lib\site-packages\rpyc\core\protocol.py", line 356, in _dispatch_request
    res = self._HANDLERS[handler](self, *args)
          ^^^^^^^^^^^^^^^^^^^^^^^^^^^^^^^^^^^^
  File "C:\Users\awsch\miniconda3\envs\nsp\Lib\site-packages\rpyc\core\protocol.py", line 853, in _handle_getattr
    return self._access_attr(obj, name, (), "_rpyc_getattr", "allow_getattr", getattr)
           ^^^^^^^^^^^^^^^^^^^^^^^^^^^^^^^^^^^^^^^^^^^^^^^^^^^^^^^^^^^^^^^^^^^^^^^^^^^
  File "C:\Users\awsch\miniconda3\envs\nsp\Lib\site-packages\rpyc\core\protocol.py", line 781, in _access_attr
    return accessor(obj, name, *args)
           ^^^^^^^^^^^^^^^^^^^^^^^^^^
AttributeError: 'list' object has no attribute '__array_wrap__'
2026-06-01 12:01:09.799 [   DEBUG] (         protocol.py: 363) Exception caught
Traceback (most recent call last):
  File "C:\Users\awsch\miniconda3\envs\nsp\Lib\site-packages\rpyc\core\protocol.py", line 356, in _dispatch_request
    res = self._HANDLERS[handler](self, *args)
          ^^^^^^^^^^^^^^^^^^^^^^^^^^^^^^^^^^^^
  File "C:\Users\awsch\miniconda3\envs\nsp\Lib\site-packages\rpyc\core\protocol.py", line 853, in _handle_getattr
    return self._access_attr(obj, name, (), "_rpyc_getattr", "allow_getattr", getattr)
           ^^^^^^^^^^^^^^^^^^^^^^^^^^^^^^^^^^^^^^^^^^^^^^^^^^^^^^^^^^^^^^^^^^^^^^^^^^^
  File "C:\Users\awsch\miniconda3\envs\nsp\Lib\site-packages\rpyc\core\protocol.py", line 781, in _access_attr
    return accessor(obj, name, *args)
           ^^^^^^^^^^^^^^^^^^^^^^^^^^
AttributeError: 'list' object has no attribute '__array_wrap__'
2026-06-01 12:01:09.802 [   DEBUG] (         protocol.py: 363) Exception caught
Traceback (most recent call last):
  File "C:\Users\awsch\miniconda3\envs\nsp\Lib\site-packages\rpyc\core\protocol.py", line 356, in _dispatch_request
    res = self._HANDLERS[handler](self, *args)
          ^^^^^^^^^^^^^^^^^^^^^^^^^^^^^^^^^^^^
  File "C:\Users\awsch\miniconda3\envs\nsp\Lib\site-packages\rpyc\core\protocol.py", line 853, in _handle_getattr
    return self._access_attr(obj, name, (), "_rpyc_getattr", "allow_getattr", getattr)
           ^^^^^^^^^^^^^^^^^^^^^^^^^^^^^^^^^^^^^^^^^^^^^^^^^^^^^^^^^^^^^^^^^^^^^^^^^^^
  File "C:\Users\awsch\miniconda3\envs\nsp\Lib\site-packages\rpyc\core\protocol.py", line 781, in _access_attr
    return accessor(obj, name, *args)
           ^^^^^^^^^^^^^^^^^^^^^^^^^^
AttributeError: 'list' object has no attribute 'sum'
2026-06-01 12:01:09.807 [   DEBUG] (         protocol.py: 363) Exception caught
Traceback (most recent call last):
  File "C:\Users\awsch\miniconda3\envs\nsp\Lib\site-packages\rpyc\core\protocol.py", line 356, in _dispatch_request
    res = self._HANDLERS[handler](self, *args)
          ^^^^^^^^^^^^^^^^^^^^^^^^^^^^^^^^^^^^
  File "C:\Users\awsch\miniconda3\envs\nsp\Lib\site-packages\rpyc\core\protocol.py", line 853, in _handle_getattr
    return self._access_attr(obj, name, (), "_rpyc_getattr", "allow_getattr", getattr)
           ^^^^^^^^^^^^^^^^^^^^^^^^^^^^^^^^^^^^^^^^^^^^^^^^^^^^^^^^^^^^^^^^^^^^^^^^^^^
  File "C:\Users\awsch\miniconda3\envs\nsp\Lib\site-packages\rpyc\core\protocol.py", line 781, in _access_attr
    return accessor(obj, name, *args)
           ^^^^^^^^^^^^^^^^^^^^^^^^^^
AttributeError: 'list' object has no attribute 'sum'
2026-06-01 12:01:09.813 [   DEBUG] (         protocol.py: 363) Exception caught
Traceback (most recent call last):
  File "C:\Users\awsch\miniconda3\envs\nsp\Lib\site-packages\rpyc\core\protocol.py", line 356, in _dispatch_request
    res = self._HANDLERS[handler](self, *args)
          ^^^^^^^^^^^^^^^^^^^^^^^^^^^^^^^^^^^^
  File "C:\Users\awsch\miniconda3\envs\nsp\Lib\site-packages\rpyc\core\protocol.py", line 853, in _handle_getattr
    return self._access_attr(obj, name, (), "_rpyc_getattr", "allow_getattr", getattr)
           ^^^^^^^^^^^^^^^^^^^^^^^^^^^^^^^^^^^^^^^^^^^^^^^^^^^^^^^^^^^^^^^^^^^^^^^^^^^
  File "C:\Users\awsch\miniconda3\envs\nsp\Lib\site-packages\rpyc\core\protocol.py", line 781, in _access_attr
    return accessor(obj, name, *args)
           ^^^^^^^^^^^^^^^^^^^^^^^^^^
AttributeError: 'list' object has no attribute '__array__'
2026-06-01 12:01:09.826 [   DEBUG] (         protocol.py: 363) Exception caught
Traceback (most recent call last):
  File "C:\Users\awsch\miniconda3\envs\nsp\Lib\site-packages\rpyc\core\protocol.py", line 356, in _dispatch_request
    res = self._HANDLERS[handler](self, *args)
          ^^^^^^^^^^^^^^^^^^^^^^^^^^^^^^^^^^^^
  File "C:\Users\awsch\miniconda3\envs\nsp\Lib\site-packages\rpyc\core\protocol.py", line 853, in _handle_getattr
    return self._access_attr(obj, name, (), "_rpyc_getattr", "allow_getattr", getattr)
           ^^^^^^^^^^^^^^^^^^^^^^^^^^^^^^^^^^^^^^^^^^^^^^^^^^^^^^^^^^^^^^^^^^^^^^^^^^^
  File "C:\Users\awsch\miniconda3\envs\nsp\Lib\site-packages\rpyc\core\protocol.py", line 781, in _access_attr
    return accessor(obj, name, *args)
           ^^^^^^^^^^^^^^^^^^^^^^^^^^
AttributeError: 'list' object has no attribute '__array_wrap__'
2026-06-01 12:01:09.828 [   DEBUG] (         protocol.py: 363) Exception caught
Traceback (most recent call last):
  File "C:\Users\awsch\miniconda3\envs\nsp\Lib\site-packages\rpyc\core\protocol.py", line 356, in _dispatch_request
    res = self._HANDLERS[handler](self, *args)
          ^^^^^^^^^^^^^^^^^^^^^^^^^^^^^^^^^^^^
  File "C:\Users\awsch\miniconda3\envs\nsp\Lib\site-packages\rpyc\core\protocol.py", line 853, in _handle_getattr
    return self._access_attr(obj, name, (), "_rpyc_getattr", "allow_getattr", getattr)
           ^^^^^^^^^^^^^^^^^^^^^^^^^^^^^^^^^^^^^^^^^^^^^^^^^^^^^^^^^^^^^^^^^^^^^^^^^^^
  File "C:\Users\awsch\miniconda3\envs\nsp\Lib\site-packages\rpyc\core\protocol.py", line 781, in _access_attr
    return accessor(obj, name, *args)
           ^^^^^^^^^^^^^^^^^^^^^^^^^^
AttributeError: 'list' object has no attribute '__array_wrap__'
2026-06-01 12:01:09.840 [   DEBUG] (        highlevel.py: 186) viWrite(2, b'FREQ 9616000000.00\r\n', 20, 'c_ulong(20)') -> 0
2026-06-01 12:01:10.347 [   DEBUG] (         protocol.py: 363) Exception caught
Traceback (most recent call last):
  File "C:\Users\awsch\miniconda3\envs\nsp\Lib\site-packages\rpyc\core\protocol.py", line 356, in _dispatch_request
    res = self._HANDLERS[handler](self, *args)
          ^^^^^^^^^^^^^^^^^^^^^^^^^^^^^^^^^^^^
  File "C:\Users\awsch\miniconda3\envs\nsp\Lib\site-packages\rpyc\core\protocol.py", line 853, in _handle_getattr
    return self._access_attr(obj, name, (), "_rpyc_getattr", "allow_getattr", getattr)
           ^^^^^^^^^^^^^^^^^^^^^^^^^^^^^^^^^^^^^^^^^^^^^^^^^^^^^^^^^^^^^^^^^^^^^^^^^^^
  File "C:\Users\awsch\miniconda3\envs\nsp\Lib\site-packages\rpyc\core\protocol.py", line 781, in _access_attr
    return accessor(obj, name, *args)
           ^^^^^^^^^^^^^^^^^^^^^^^^^^
AttributeError: 'list' object has no attribute 'sum'
2026-06-01 12:01:10.349 [   DEBUG] (         protocol.py: 363) Exception caught
Traceback (most recent call last):
  File "C:\Users\awsch\miniconda3\envs\nsp\Lib\site-packages\rpyc\core\protocol.py", line 356, in _dispatch_request
    res = self._HANDLERS[handler](self, *args)
          ^^^^^^^^^^^^^^^^^^^^^^^^^^^^^^^^^^^^
  File "C:\Users\awsch\miniconda3\envs\nsp\Lib\site-packages\rpyc\core\protocol.py", line 853, in _handle_getattr
    return self._access_attr(obj, name, (), "_rpyc_getattr", "allow_getattr", getattr)
           ^^^^^^^^^^^^^^^^^^^^^^^^^^^^^^^^^^^^^^^^^^^^^^^^^^^^^^^^^^^^^^^^^^^^^^^^^^^
  File "C:\Users\awsch\miniconda3\envs\nsp\Lib\site-packages\rpyc\core\protocol.py", line 781, in _access_attr
    return accessor(obj, name, *args)
           ^^^^^^^^^^^^^^^^^^^^^^^^^^
AttributeError: 'list' object has no attribute 'sum'
2026-06-01 12:01:10.351 [   DEBUG] (         protocol.py: 363) Exception caught
Traceback (most recent call last):
  File "C:\Users\awsch\miniconda3\envs\nsp\Lib\site-packages\rpyc\core\protocol.py", line 356, in _dispatch_request
    res = self._HANDLERS[handler](self, *args)
          ^^^^^^^^^^^^^^^^^^^^^^^^^^^^^^^^^^^^
  File "C:\Users\awsch\miniconda3\envs\nsp\Lib\site-packages\rpyc\core\protocol.py", line 853, in _handle_getattr
    return self._access_attr(obj, name, (), "_rpyc_getattr", "allow_getattr", getattr)
           ^^^^^^^^^^^^^^^^^^^^^^^^^^^^^^^^^^^^^^^^^^^^^^^^^^^^^^^^^^^^^^^^^^^^^^^^^^^
  File "C:\Users\awsch\miniconda3\envs\nsp\Lib\site-packages\rpyc\core\protocol.py", line 781, in _access_attr
    return accessor(obj, name, *args)
           ^^^^^^^^^^^^^^^^^^^^^^^^^^
AttributeError: 'list' object has no attribute '__array__'
2026-06-01 12:01:10.357 [   DEBUG] (         protocol.py: 363) Exception caught
Traceback (most recent call last):
  File "C:\Users\awsch\miniconda3\envs\nsp\Lib\site-packages\rpyc\core\protocol.py", line 356, in _dispatch_request
    res = self._HANDLERS[handler](self, *args)
          ^^^^^^^^^^^^^^^^^^^^^^^^^^^^^^^^^^^^
  File "C:\Users\awsch\miniconda3\envs\nsp\Lib\site-packages\rpyc\core\protocol.py", line 853, in _handle_getattr
    return self._access_attr(obj, name, (), "_rpyc_getattr", "allow_getattr", getattr)
           ^^^^^^^^^^^^^^^^^^^^^^^^^^^^^^^^^^^^^^^^^^^^^^^^^^^^^^^^^^^^^^^^^^^^^^^^^^^
  File "C:\Users\awsch\miniconda3\envs\nsp\Lib\site-packages\rpyc\core\protocol.py", line 781, in _access_attr
    return accessor(obj, name, *args)
           ^^^^^^^^^^^^^^^^^^^^^^^^^^
AttributeError: 'list' object has no attribute '__array_wrap__'
2026-06-01 12:01:10.359 [   DEBUG] (         protocol.py: 363) Exception caught
Traceback (most recent call last):
  File "C:\Users\awsch\miniconda3\envs\nsp\Lib\site-packages\rpyc\core\protocol.py", line 356, in _dispatch_request
    res = self._HANDLERS[handler](self, *args)
          ^^^^^^^^^^^^^^^^^^^^^^^^^^^^^^^^^^^^
  File "C:\Users\awsch\miniconda3\envs\nsp\Lib\site-packages\rpyc\core\protocol.py", line 853, in _handle_getattr
    return self._access_attr(obj, name, (), "_rpyc_getattr", "allow_getattr", getattr)
           ^^^^^^^^^^^^^^^^^^^^^^^^^^^^^^^^^^^^^^^^^^^^^^^^^^^^^^^^^^^^^^^^^^^^^^^^^^^
  File "C:\Users\awsch\miniconda3\envs\nsp\Lib\site-packages\rpyc\core\protocol.py", line 781, in _access_attr
    return accessor(obj, name, *args)
           ^^^^^^^^^^^^^^^^^^^^^^^^^^
AttributeError: 'list' object has no attribute '__array_wrap__'
2026-06-01 12:01:10.360 [   DEBUG] (         protocol.py: 363) Exception caught
Traceback (most recent call last):
  File "C:\Users\awsch\miniconda3\envs\nsp\Lib\site-packages\rpyc\core\protocol.py", line 356, in _dispatch_request
    res = self._HANDLERS[handler](self, *args)
          ^^^^^^^^^^^^^^^^^^^^^^^^^^^^^^^^^^^^
  File "C:\Users\awsch\miniconda3\envs\nsp\Lib\site-packages\rpyc\core\protocol.py", line 853, in _handle_getattr
    return self._access_attr(obj, name, (), "_rpyc_getattr", "allow_getattr", getattr)
           ^^^^^^^^^^^^^^^^^^^^^^^^^^^^^^^^^^^^^^^^^^^^^^^^^^^^^^^^^^^^^^^^^^^^^^^^^^^
  File "C:\Users\awsch\miniconda3\envs\nsp\Lib\site-packages\rpyc\core\protocol.py", line 781, in _access_attr
    return accessor(obj, name, *args)
           ^^^^^^^^^^^^^^^^^^^^^^^^^^
AttributeError: 'list' object has no attribute 'sum'
2026-06-01 12:01:10.361 [   DEBUG] (         protocol.py: 363) Exception caught
Traceback (most recent call last):
  File "C:\Users\awsch\miniconda3\envs\nsp\Lib\site-packages\rpyc\core\protocol.py", line 356, in _dispatch_request
    res = self._HANDLERS[handler](self, *args)
          ^^^^^^^^^^^^^^^^^^^^^^^^^^^^^^^^^^^^
  File "C:\Users\awsch\miniconda3\envs\nsp\Lib\site-packages\rpyc\core\protocol.py", line 853, in _handle_getattr
    return self._access_attr(obj, name, (), "_rpyc_getattr", "allow_getattr", getattr)
           ^^^^^^^^^^^^^^^^^^^^^^^^^^^^^^^^^^^^^^^^^^^^^^^^^^^^^^^^^^^^^^^^^^^^^^^^^^^
  File "C:\Users\awsch\miniconda3\envs\nsp\Lib\site-packages\rpyc\core\protocol.py", line 781, in _access_attr
    return accessor(obj, name, *args)
           ^^^^^^^^^^^^^^^^^^^^^^^^^^
AttributeError: 'list' object has no attribute 'sum'
2026-06-01 12:01:10.363 [   DEBUG] (         protocol.py: 363) Exception caught
Traceback (most recent call last):
  File "C:\Users\awsch\miniconda3\envs\nsp\Lib\site-packages\rpyc\core\protocol.py", line 356, in _dispatch_request
    res = self._HANDLERS[handler](self, *args)
          ^^^^^^^^^^^^^^^^^^^^^^^^^^^^^^^^^^^^
  File "C:\Users\awsch\miniconda3\envs\nsp\Lib\site-packages\rpyc\core\protocol.py", line 853, in _handle_getattr
    return self._access_attr(obj, name, (), "_rpyc_getattr", "allow_getattr", getattr)
           ^^^^^^^^^^^^^^^^^^^^^^^^^^^^^^^^^^^^^^^^^^^^^^^^^^^^^^^^^^^^^^^^^^^^^^^^^^^
  File "C:\Users\awsch\miniconda3\envs\nsp\Lib\site-packages\rpyc\core\protocol.py", line 781, in _access_attr
    return accessor(obj, name, *args)
           ^^^^^^^^^^^^^^^^^^^^^^^^^^
AttributeError: 'list' object has no attribute '__array__'
2026-06-01 12:01:10.368 [   DEBUG] (         protocol.py: 363) Exception caught
Traceback (most recent call last):
  File "C:\Users\awsch\miniconda3\envs\nsp\Lib\site-packages\rpyc\core\protocol.py", line 356, in _dispatch_request
    res = self._HANDLERS[handler](self, *args)
          ^^^^^^^^^^^^^^^^^^^^^^^^^^^^^^^^^^^^
  File "C:\Users\awsch\miniconda3\envs\nsp\Lib\site-packages\rpyc\core\protocol.py", line 853, in _handle_getattr
    return self._access_attr(obj, name, (), "_rpyc_getattr", "allow_getattr", getattr)
           ^^^^^^^^^^^^^^^^^^^^^^^^^^^^^^^^^^^^^^^^^^^^^^^^^^^^^^^^^^^^^^^^^^^^^^^^^^^
  File "C:\Users\awsch\miniconda3\envs\nsp\Lib\site-packages\rpyc\core\protocol.py", line 781, in _access_attr
    return accessor(obj, name, *args)
           ^^^^^^^^^^^^^^^^^^^^^^^^^^
AttributeError: 'list' object has no attribute '__array_wrap__'
2026-06-01 12:01:10.370 [   DEBUG] (         protocol.py: 363) Exception caught
Traceback (most recent call last):
  File "C:\Users\awsch\miniconda3\envs\nsp\Lib\site-packages\rpyc\core\protocol.py", line 356, in _dispatch_request
    res = self._HANDLERS[handler](self, *args)
          ^^^^^^^^^^^^^^^^^^^^^^^^^^^^^^^^^^^^
  File "C:\Users\awsch\miniconda3\envs\nsp\Lib\site-packages\rpyc\core\protocol.py", line 853, in _handle_getattr
    return self._access_attr(obj, name, (), "_rpyc_getattr", "allow_getattr", getattr)
           ^^^^^^^^^^^^^^^^^^^^^^^^^^^^^^^^^^^^^^^^^^^^^^^^^^^^^^^^^^^^^^^^^^^^^^^^^^^
  File "C:\Users\awsch\miniconda3\envs\nsp\Lib\site-packages\rpyc\core\protocol.py", line 781, in _access_attr
    return accessor(obj, name, *args)
           ^^^^^^^^^^^^^^^^^^^^^^^^^^
AttributeError: 'list' object has no attribute '__array_wrap__'
2026-06-01 12:01:10.377 [   DEBUG] (        highlevel.py: 186) viWrite(2, b'FREQ 9622000000.00\r\n', 20, 'c_ulong(20)') -> 0
2026-06-01 12:01:10.886 [   DEBUG] (         protocol.py: 363) Exception caught
Traceback (most recent call last):
  File "C:\Users\awsch\miniconda3\envs\nsp\Lib\site-packages\rpyc\core\protocol.py", line 356, in _dispatch_request
    res = self._HANDLERS[handler](self, *args)
          ^^^^^^^^^^^^^^^^^^^^^^^^^^^^^^^^^^^^
  File "C:\Users\awsch\miniconda3\envs\nsp\Lib\site-packages\rpyc\core\protocol.py", line 853, in _handle_getattr
    return self._access_attr(obj, name, (), "_rpyc_getattr", "allow_getattr", getattr)
           ^^^^^^^^^^^^^^^^^^^^^^^^^^^^^^^^^^^^^^^^^^^^^^^^^^^^^^^^^^^^^^^^^^^^^^^^^^^
  File "C:\Users\awsch\miniconda3\envs\nsp\Lib\site-packages\rpyc\core\protocol.py", line 781, in _access_attr
    return accessor(obj, name, *args)
           ^^^^^^^^^^^^^^^^^^^^^^^^^^
AttributeError: 'list' object has no attribute 'sum'
2026-06-01 12:01:10.891 [   DEBUG] (         protocol.py: 363) Exception caught
Traceback (most recent call last):
  File "C:\Users\awsch\miniconda3\envs\nsp\Lib\site-packages\rpyc\core\protocol.py", line 356, in _dispatch_request
    res = self._HANDLERS[handler](self, *args)
          ^^^^^^^^^^^^^^^^^^^^^^^^^^^^^^^^^^^^
  File "C:\Users\awsch\miniconda3\envs\nsp\Lib\site-packages\rpyc\core\protocol.py", line 853, in _handle_getattr
    return self._access_attr(obj, name, (), "_rpyc_getattr", "allow_getattr", getattr)
           ^^^^^^^^^^^^^^^^^^^^^^^^^^^^^^^^^^^^^^^^^^^^^^^^^^^^^^^^^^^^^^^^^^^^^^^^^^^
  File "C:\Users\awsch\miniconda3\envs\nsp\Lib\site-packages\rpyc\core\protocol.py", line 781, in _access_attr
    return accessor(obj, name, *args)
           ^^^^^^^^^^^^^^^^^^^^^^^^^^
AttributeError: 'list' object has no attribute 'sum'
2026-06-01 12:01:10.897 [   DEBUG] (         protocol.py: 363) Exception caught
Traceback (most recent call last):
  File "C:\Users\awsch\miniconda3\envs\nsp\Lib\site-packages\rpyc\core\protocol.py", line 356, in _dispatch_request
    res = self._HANDLERS[handler](self, *args)
          ^^^^^^^^^^^^^^^^^^^^^^^^^^^^^^^^^^^^
  File "C:\Users\awsch\miniconda3\envs\nsp\Lib\site-packages\rpyc\core\protocol.py", line 853, in _handle_getattr
    return self._access_attr(obj, name, (), "_rpyc_getattr", "allow_getattr", getattr)
           ^^^^^^^^^^^^^^^^^^^^^^^^^^^^^^^^^^^^^^^^^^^^^^^^^^^^^^^^^^^^^^^^^^^^^^^^^^^
  File "C:\Users\awsch\miniconda3\envs\nsp\Lib\site-packages\rpyc\core\protocol.py", line 781, in _access_attr
    return accessor(obj, name, *args)
           ^^^^^^^^^^^^^^^^^^^^^^^^^^
AttributeError: 'list' object has no attribute '__array__'
2026-06-01 12:01:10.913 [   DEBUG] (         protocol.py: 363) Exception caught
Traceback (most recent call last):
  File "C:\Users\awsch\miniconda3\envs\nsp\Lib\site-packages\rpyc\core\protocol.py", line 356, in _dispatch_request
    res = self._HANDLERS[handler](self, *args)
          ^^^^^^^^^^^^^^^^^^^^^^^^^^^^^^^^^^^^
  File "C:\Users\awsch\miniconda3\envs\nsp\Lib\site-packages\rpyc\core\protocol.py", line 853, in _handle_getattr
    return self._access_attr(obj, name, (), "_rpyc_getattr", "allow_getattr", getattr)
           ^^^^^^^^^^^^^^^^^^^^^^^^^^^^^^^^^^^^^^^^^^^^^^^^^^^^^^^^^^^^^^^^^^^^^^^^^^^
  File "C:\Users\awsch\miniconda3\envs\nsp\Lib\site-packages\rpyc\core\protocol.py", line 781, in _access_attr
    return accessor(obj, name, *args)
           ^^^^^^^^^^^^^^^^^^^^^^^^^^
AttributeError: 'list' object has no attribute '__array_wrap__'
2026-06-01 12:01:10.917 [   DEBUG] (         protocol.py: 363) Exception caught
Traceback (most recent call last):
  File "C:\Users\awsch\miniconda3\envs\nsp\Lib\site-packages\rpyc\core\protocol.py", line 356, in _dispatch_request
    res = self._HANDLERS[handler](self, *args)
          ^^^^^^^^^^^^^^^^^^^^^^^^^^^^^^^^^^^^
  File "C:\Users\awsch\miniconda3\envs\nsp\Lib\site-packages\rpyc\core\protocol.py", line 853, in _handle_getattr
    return self._access_attr(obj, name, (), "_rpyc_getattr", "allow_getattr", getattr)
           ^^^^^^^^^^^^^^^^^^^^^^^^^^^^^^^^^^^^^^^^^^^^^^^^^^^^^^^^^^^^^^^^^^^^^^^^^^^
  File "C:\Users\awsch\miniconda3\envs\nsp\Lib\site-packages\rpyc\core\protocol.py", line 781, in _access_attr
    return accessor(obj, name, *args)
           ^^^^^^^^^^^^^^^^^^^^^^^^^^
AttributeError: 'list' object has no attribute '__array_wrap__'
2026-06-01 12:01:10.921 [   DEBUG] (         protocol.py: 363) Exception caught
Traceback (most recent call last):
  File "C:\Users\awsch\miniconda3\envs\nsp\Lib\site-packages\rpyc\core\protocol.py", line 356, in _dispatch_request
    res = self._HANDLERS[handler](self, *args)
          ^^^^^^^^^^^^^^^^^^^^^^^^^^^^^^^^^^^^
  File "C:\Users\awsch\miniconda3\envs\nsp\Lib\site-packages\rpyc\core\protocol.py", line 853, in _handle_getattr
    return self._access_attr(obj, name, (), "_rpyc_getattr", "allow_getattr", getattr)
           ^^^^^^^^^^^^^^^^^^^^^^^^^^^^^^^^^^^^^^^^^^^^^^^^^^^^^^^^^^^^^^^^^^^^^^^^^^^
  File "C:\Users\awsch\miniconda3\envs\nsp\Lib\site-packages\rpyc\core\protocol.py", line 781, in _access_attr
    return accessor(obj, name, *args)
           ^^^^^^^^^^^^^^^^^^^^^^^^^^
AttributeError: 'list' object has no attribute 'sum'
2026-06-01 12:01:10.925 [   DEBUG] (         protocol.py: 363) Exception caught
Traceback (most recent call last):
  File "C:\Users\awsch\miniconda3\envs\nsp\Lib\site-packages\rpyc\core\protocol.py", line 356, in _dispatch_request
    res = self._HANDLERS[handler](self, *args)
          ^^^^^^^^^^^^^^^^^^^^^^^^^^^^^^^^^^^^
  File "C:\Users\awsch\miniconda3\envs\nsp\Lib\site-packages\rpyc\core\protocol.py", line 853, in _handle_getattr
    return self._access_attr(obj, name, (), "_rpyc_getattr", "allow_getattr", getattr)
           ^^^^^^^^^^^^^^^^^^^^^^^^^^^^^^^^^^^^^^^^^^^^^^^^^^^^^^^^^^^^^^^^^^^^^^^^^^^
  File "C:\Users\awsch\miniconda3\envs\nsp\Lib\site-packages\rpyc\core\protocol.py", line 781, in _access_attr
    return accessor(obj, name, *args)
           ^^^^^^^^^^^^^^^^^^^^^^^^^^
AttributeError: 'list' object has no attribute 'sum'
2026-06-01 12:01:10.928 [   DEBUG] (         protocol.py: 363) Exception caught
Traceback (most recent call last):
  File "C:\Users\awsch\miniconda3\envs\nsp\Lib\site-packages\rpyc\core\protocol.py", line 356, in _dispatch_request
    res = self._HANDLERS[handler](self, *args)
          ^^^^^^^^^^^^^^^^^^^^^^^^^^^^^^^^^^^^
  File "C:\Users\awsch\miniconda3\envs\nsp\Lib\site-packages\rpyc\core\protocol.py", line 853, in _handle_getattr
    return self._access_attr(obj, name, (), "_rpyc_getattr", "allow_getattr", getattr)
           ^^^^^^^^^^^^^^^^^^^^^^^^^^^^^^^^^^^^^^^^^^^^^^^^^^^^^^^^^^^^^^^^^^^^^^^^^^^
  File "C:\Users\awsch\miniconda3\envs\nsp\Lib\site-packages\rpyc\core\protocol.py", line 781, in _access_attr
    return accessor(obj, name, *args)
           ^^^^^^^^^^^^^^^^^^^^^^^^^^
AttributeError: 'list' object has no attribute '__array__'
2026-06-01 12:01:10.939 [   DEBUG] (         protocol.py: 363) Exception caught
Traceback (most recent call last):
  File "C:\Users\awsch\miniconda3\envs\nsp\Lib\site-packages\rpyc\core\protocol.py", line 356, in _dispatch_request
    res = self._HANDLERS[handler](self, *args)
          ^^^^^^^^^^^^^^^^^^^^^^^^^^^^^^^^^^^^
  File "C:\Users\awsch\miniconda3\envs\nsp\Lib\site-packages\rpyc\core\protocol.py", line 853, in _handle_getattr
    return self._access_attr(obj, name, (), "_rpyc_getattr", "allow_getattr", getattr)
           ^^^^^^^^^^^^^^^^^^^^^^^^^^^^^^^^^^^^^^^^^^^^^^^^^^^^^^^^^^^^^^^^^^^^^^^^^^^
  File "C:\Users\awsch\miniconda3\envs\nsp\Lib\site-packages\rpyc\core\protocol.py", line 781, in _access_attr
    return accessor(obj, name, *args)
           ^^^^^^^^^^^^^^^^^^^^^^^^^^
AttributeError: 'list' object has no attribute '__array_wrap__'
2026-06-01 12:01:10.941 [   DEBUG] (         protocol.py: 363) Exception caught
Traceback (most recent call last):
  File "C:\Users\awsch\miniconda3\envs\nsp\Lib\site-packages\rpyc\core\protocol.py", line 356, in _dispatch_request
    res = self._HANDLERS[handler](self, *args)
          ^^^^^^^^^^^^^^^^^^^^^^^^^^^^^^^^^^^^
  File "C:\Users\awsch\miniconda3\envs\nsp\Lib\site-packages\rpyc\core\protocol.py", line 853, in _handle_getattr
    return self._access_attr(obj, name, (), "_rpyc_getattr", "allow_getattr", getattr)
           ^^^^^^^^^^^^^^^^^^^^^^^^^^^^^^^^^^^^^^^^^^^^^^^^^^^^^^^^^^^^^^^^^^^^^^^^^^^
  File "C:\Users\awsch\miniconda3\envs\nsp\Lib\site-packages\rpyc\core\protocol.py", line 781, in _access_attr
    return accessor(obj, name, *args)
           ^^^^^^^^^^^^^^^^^^^^^^^^^^
AttributeError: 'list' object has no attribute '__array_wrap__'
2026-06-01 12:01:10.950 [   DEBUG] (        highlevel.py: 186) viWrite(2, b'FREQ 9628000000.00\r\n', 20, 'c_ulong(20)') -> 0
2026-06-01 12:01:11.469 [   DEBUG] (         protocol.py: 363) Exception caught
Traceback (most recent call last):
  File "C:\Users\awsch\miniconda3\envs\nsp\Lib\site-packages\rpyc\core\protocol.py", line 356, in _dispatch_request
    res = self._HANDLERS[handler](self, *args)
          ^^^^^^^^^^^^^^^^^^^^^^^^^^^^^^^^^^^^
  File "C:\Users\awsch\miniconda3\envs\nsp\Lib\site-packages\rpyc\core\protocol.py", line 853, in _handle_getattr
    return self._access_attr(obj, name, (), "_rpyc_getattr", "allow_getattr", getattr)
           ^^^^^^^^^^^^^^^^^^^^^^^^^^^^^^^^^^^^^^^^^^^^^^^^^^^^^^^^^^^^^^^^^^^^^^^^^^^
  File "C:\Users\awsch\miniconda3\envs\nsp\Lib\site-packages\rpyc\core\protocol.py", line 781, in _access_attr
    return accessor(obj, name, *args)
           ^^^^^^^^^^^^^^^^^^^^^^^^^^
AttributeError: 'list' object has no attribute 'sum'
2026-06-01 12:01:11.470 [   DEBUG] (         protocol.py: 363) Exception caught
Traceback (most recent call last):
  File "C:\Users\awsch\miniconda3\envs\nsp\Lib\site-packages\rpyc\core\protocol.py", line 356, in _dispatch_request
    res = self._HANDLERS[handler](self, *args)
          ^^^^^^^^^^^^^^^^^^^^^^^^^^^^^^^^^^^^
  File "C:\Users\awsch\miniconda3\envs\nsp\Lib\site-packages\rpyc\core\protocol.py", line 853, in _handle_getattr
    return self._access_attr(obj, name, (), "_rpyc_getattr", "allow_getattr", getattr)
           ^^^^^^^^^^^^^^^^^^^^^^^^^^^^^^^^^^^^^^^^^^^^^^^^^^^^^^^^^^^^^^^^^^^^^^^^^^^
  File "C:\Users\awsch\miniconda3\envs\nsp\Lib\site-packages\rpyc\core\protocol.py", line 781, in _access_attr
    return accessor(obj, name, *args)
           ^^^^^^^^^^^^^^^^^^^^^^^^^^
AttributeError: 'list' object has no attribute 'sum'
2026-06-01 12:01:11.471 [   DEBUG] (         protocol.py: 363) Exception caught
Traceback (most recent call last):
  File "C:\Users\awsch\miniconda3\envs\nsp\Lib\site-packages\rpyc\core\protocol.py", line 356, in _dispatch_request
    res = self._HANDLERS[handler](self, *args)
          ^^^^^^^^^^^^^^^^^^^^^^^^^^^^^^^^^^^^
  File "C:\Users\awsch\miniconda3\envs\nsp\Lib\site-packages\rpyc\core\protocol.py", line 853, in _handle_getattr
    return self._access_attr(obj, name, (), "_rpyc_getattr", "allow_getattr", getattr)
           ^^^^^^^^^^^^^^^^^^^^^^^^^^^^^^^^^^^^^^^^^^^^^^^^^^^^^^^^^^^^^^^^^^^^^^^^^^^
  File "C:\Users\awsch\miniconda3\envs\nsp\Lib\site-packages\rpyc\core\protocol.py", line 781, in _access_attr
    return accessor(obj, name, *args)
           ^^^^^^^^^^^^^^^^^^^^^^^^^^
AttributeError: 'list' object has no attribute '__array__'
2026-06-01 12:01:11.475 [   DEBUG] (         protocol.py: 363) Exception caught
Traceback (most recent call last):
  File "C:\Users\awsch\miniconda3\envs\nsp\Lib\site-packages\rpyc\core\protocol.py", line 356, in _dispatch_request
    res = self._HANDLERS[handler](self, *args)
          ^^^^^^^^^^^^^^^^^^^^^^^^^^^^^^^^^^^^
  File "C:\Users\awsch\miniconda3\envs\nsp\Lib\site-packages\rpyc\core\protocol.py", line 853, in _handle_getattr
    return self._access_attr(obj, name, (), "_rpyc_getattr", "allow_getattr", getattr)
           ^^^^^^^^^^^^^^^^^^^^^^^^^^^^^^^^^^^^^^^^^^^^^^^^^^^^^^^^^^^^^^^^^^^^^^^^^^^
  File "C:\Users\awsch\miniconda3\envs\nsp\Lib\site-packages\rpyc\core\protocol.py", line 781, in _access_attr
    return accessor(obj, name, *args)
           ^^^^^^^^^^^^^^^^^^^^^^^^^^
AttributeError: 'list' object has no attribute '__array_wrap__'
2026-06-01 12:01:11.477 [   DEBUG] (         protocol.py: 363) Exception caught
Traceback (most recent call last):
  File "C:\Users\awsch\miniconda3\envs\nsp\Lib\site-packages\rpyc\core\protocol.py", line 356, in _dispatch_request
    res = self._HANDLERS[handler](self, *args)
          ^^^^^^^^^^^^^^^^^^^^^^^^^^^^^^^^^^^^
  File "C:\Users\awsch\miniconda3\envs\nsp\Lib\site-packages\rpyc\core\protocol.py", line 853, in _handle_getattr
    return self._access_attr(obj, name, (), "_rpyc_getattr", "allow_getattr", getattr)
           ^^^^^^^^^^^^^^^^^^^^^^^^^^^^^^^^^^^^^^^^^^^^^^^^^^^^^^^^^^^^^^^^^^^^^^^^^^^
  File "C:\Users\awsch\miniconda3\envs\nsp\Lib\site-packages\rpyc\core\protocol.py", line 781, in _access_attr
    return accessor(obj, name, *args)
           ^^^^^^^^^^^^^^^^^^^^^^^^^^
AttributeError: 'list' object has no attribute '__array_wrap__'
2026-06-01 12:01:11.478 [   DEBUG] (         protocol.py: 363) Exception caught
Traceback (most recent call last):
  File "C:\Users\awsch\miniconda3\envs\nsp\Lib\site-packages\rpyc\core\protocol.py", line 356, in _dispatch_request
    res = self._HANDLERS[handler](self, *args)
          ^^^^^^^^^^^^^^^^^^^^^^^^^^^^^^^^^^^^
  File "C:\Users\awsch\miniconda3\envs\nsp\Lib\site-packages\rpyc\core\protocol.py", line 853, in _handle_getattr
    return self._access_attr(obj, name, (), "_rpyc_getattr", "allow_getattr", getattr)
           ^^^^^^^^^^^^^^^^^^^^^^^^^^^^^^^^^^^^^^^^^^^^^^^^^^^^^^^^^^^^^^^^^^^^^^^^^^^
  File "C:\Users\awsch\miniconda3\envs\nsp\Lib\site-packages\rpyc\core\protocol.py", line 781, in _access_attr
    return accessor(obj, name, *args)
           ^^^^^^^^^^^^^^^^^^^^^^^^^^
AttributeError: 'list' object has no attribute 'sum'
2026-06-01 12:01:11.479 [   DEBUG] (         protocol.py: 363) Exception caught
Traceback (most recent call last):
  File "C:\Users\awsch\miniconda3\envs\nsp\Lib\site-packages\rpyc\core\protocol.py", line 356, in _dispatch_request
    res = self._HANDLERS[handler](self, *args)
          ^^^^^^^^^^^^^^^^^^^^^^^^^^^^^^^^^^^^
  File "C:\Users\awsch\miniconda3\envs\nsp\Lib\site-packages\rpyc\core\protocol.py", line 853, in _handle_getattr
    return self._access_attr(obj, name, (), "_rpyc_getattr", "allow_getattr", getattr)
           ^^^^^^^^^^^^^^^^^^^^^^^^^^^^^^^^^^^^^^^^^^^^^^^^^^^^^^^^^^^^^^^^^^^^^^^^^^^
  File "C:\Users\awsch\miniconda3\envs\nsp\Lib\site-packages\rpyc\core\protocol.py", line 781, in _access_attr
    return accessor(obj, name, *args)
           ^^^^^^^^^^^^^^^^^^^^^^^^^^
AttributeError: 'list' object has no attribute 'sum'
2026-06-01 12:01:11.480 [   DEBUG] (         protocol.py: 363) Exception caught
Traceback (most recent call last):
  File "C:\Users\awsch\miniconda3\envs\nsp\Lib\site-packages\rpyc\core\protocol.py", line 356, in _dispatch_request
    res = self._HANDLERS[handler](self, *args)
          ^^^^^^^^^^^^^^^^^^^^^^^^^^^^^^^^^^^^
  File "C:\Users\awsch\miniconda3\envs\nsp\Lib\site-packages\rpyc\core\protocol.py", line 853, in _handle_getattr
    return self._access_attr(obj, name, (), "_rpyc_getattr", "allow_getattr", getattr)
           ^^^^^^^^^^^^^^^^^^^^^^^^^^^^^^^^^^^^^^^^^^^^^^^^^^^^^^^^^^^^^^^^^^^^^^^^^^^
  File "C:\Users\awsch\miniconda3\envs\nsp\Lib\site-packages\rpyc\core\protocol.py", line 781, in _access_attr
    return accessor(obj, name, *args)
           ^^^^^^^^^^^^^^^^^^^^^^^^^^
AttributeError: 'list' object has no attribute '__array__'
2026-06-01 12:01:11.484 [   DEBUG] (         protocol.py: 363) Exception caught
Traceback (most recent call last):
  File "C:\Users\awsch\miniconda3\envs\nsp\Lib\site-packages\rpyc\core\protocol.py", line 356, in _dispatch_request
    res = self._HANDLERS[handler](self, *args)
          ^^^^^^^^^^^^^^^^^^^^^^^^^^^^^^^^^^^^
  File "C:\Users\awsch\miniconda3\envs\nsp\Lib\site-packages\rpyc\core\protocol.py", line 853, in _handle_getattr
    return self._access_attr(obj, name, (), "_rpyc_getattr", "allow_getattr", getattr)
           ^^^^^^^^^^^^^^^^^^^^^^^^^^^^^^^^^^^^^^^^^^^^^^^^^^^^^^^^^^^^^^^^^^^^^^^^^^^
  File "C:\Users\awsch\miniconda3\envs\nsp\Lib\site-packages\rpyc\core\protocol.py", line 781, in _access_attr
    return accessor(obj, name, *args)
           ^^^^^^^^^^^^^^^^^^^^^^^^^^
AttributeError: 'list' object has no attribute '__array_wrap__'
2026-06-01 12:01:11.484 [   DEBUG] (         protocol.py: 363) Exception caught
Traceback (most recent call last):
  File "C:\Users\awsch\miniconda3\envs\nsp\Lib\site-packages\rpyc\core\protocol.py", line 356, in _dispatch_request
    res = self._HANDLERS[handler](self, *args)
          ^^^^^^^^^^^^^^^^^^^^^^^^^^^^^^^^^^^^
  File "C:\Users\awsch\miniconda3\envs\nsp\Lib\site-packages\rpyc\core\protocol.py", line 853, in _handle_getattr
    return self._access_attr(obj, name, (), "_rpyc_getattr", "allow_getattr", getattr)
           ^^^^^^^^^^^^^^^^^^^^^^^^^^^^^^^^^^^^^^^^^^^^^^^^^^^^^^^^^^^^^^^^^^^^^^^^^^^
  File "C:\Users\awsch\miniconda3\envs\nsp\Lib\site-packages\rpyc\core\protocol.py", line 781, in _access_attr
    return accessor(obj, name, *args)
           ^^^^^^^^^^^^^^^^^^^^^^^^^^
AttributeError: 'list' object has no attribute '__array_wrap__'
2026-06-01 12:01:11.491 [   DEBUG] (        highlevel.py: 186) viWrite(2, b'FREQ 9634000000.00\r\n', 20, 'c_ulong(20)') -> 0
2026-06-01 12:01:12.015 [   DEBUG] (         protocol.py: 363) Exception caught
Traceback (most recent call last):
  File "C:\Users\awsch\miniconda3\envs\nsp\Lib\site-packages\rpyc\core\protocol.py", line 356, in _dispatch_request
    res = self._HANDLERS[handler](self, *args)
          ^^^^^^^^^^^^^^^^^^^^^^^^^^^^^^^^^^^^
  File "C:\Users\awsch\miniconda3\envs\nsp\Lib\site-packages\rpyc\core\protocol.py", line 853, in _handle_getattr
    return self._access_attr(obj, name, (), "_rpyc_getattr", "allow_getattr", getattr)
           ^^^^^^^^^^^^^^^^^^^^^^^^^^^^^^^^^^^^^^^^^^^^^^^^^^^^^^^^^^^^^^^^^^^^^^^^^^^
  File "C:\Users\awsch\miniconda3\envs\nsp\Lib\site-packages\rpyc\core\protocol.py", line 781, in _access_attr
    return accessor(obj, name, *args)
           ^^^^^^^^^^^^^^^^^^^^^^^^^^
AttributeError: 'list' object has no attribute 'sum'
2026-06-01 12:01:12.021 [   DEBUG] (         protocol.py: 363) Exception caught
Traceback (most recent call last):
  File "C:\Users\awsch\miniconda3\envs\nsp\Lib\site-packages\rpyc\core\protocol.py", line 356, in _dispatch_request
    res = self._HANDLERS[handler](self, *args)
          ^^^^^^^^^^^^^^^^^^^^^^^^^^^^^^^^^^^^
  File "C:\Users\awsch\miniconda3\envs\nsp\Lib\site-packages\rpyc\core\protocol.py", line 853, in _handle_getattr
    return self._access_attr(obj, name, (), "_rpyc_getattr", "allow_getattr", getattr)
           ^^^^^^^^^^^^^^^^^^^^^^^^^^^^^^^^^^^^^^^^^^^^^^^^^^^^^^^^^^^^^^^^^^^^^^^^^^^
  File "C:\Users\awsch\miniconda3\envs\nsp\Lib\site-packages\rpyc\core\protocol.py", line 781, in _access_attr
    return accessor(obj, name, *args)
           ^^^^^^^^^^^^^^^^^^^^^^^^^^
AttributeError: 'list' object has no attribute 'sum'
2026-06-01 12:01:12.027 [   DEBUG] (         protocol.py: 363) Exception caught
Traceback (most recent call last):
  File "C:\Users\awsch\miniconda3\envs\nsp\Lib\site-packages\rpyc\core\protocol.py", line 356, in _dispatch_request
    res = self._HANDLERS[handler](self, *args)
          ^^^^^^^^^^^^^^^^^^^^^^^^^^^^^^^^^^^^
  File "C:\Users\awsch\miniconda3\envs\nsp\Lib\site-packages\rpyc\core\protocol.py", line 853, in _handle_getattr
    return self._access_attr(obj, name, (), "_rpyc_getattr", "allow_getattr", getattr)
           ^^^^^^^^^^^^^^^^^^^^^^^^^^^^^^^^^^^^^^^^^^^^^^^^^^^^^^^^^^^^^^^^^^^^^^^^^^^
  File "C:\Users\awsch\miniconda3\envs\nsp\Lib\site-packages\rpyc\core\protocol.py", line 781, in _access_attr
    return accessor(obj, name, *args)
           ^^^^^^^^^^^^^^^^^^^^^^^^^^
AttributeError: 'list' object has no attribute '__array__'
2026-06-01 12:01:12.047 [   DEBUG] (         protocol.py: 363) Exception caught
Traceback (most recent call last):
  File "C:\Users\awsch\miniconda3\envs\nsp\Lib\site-packages\rpyc\core\protocol.py", line 356, in _dispatch_request
    res = self._HANDLERS[handler](self, *args)
          ^^^^^^^^^^^^^^^^^^^^^^^^^^^^^^^^^^^^
  File "C:\Users\awsch\miniconda3\envs\nsp\Lib\site-packages\rpyc\core\protocol.py", line 853, in _handle_getattr
    return self._access_attr(obj, name, (), "_rpyc_getattr", "allow_getattr", getattr)
           ^^^^^^^^^^^^^^^^^^^^^^^^^^^^^^^^^^^^^^^^^^^^^^^^^^^^^^^^^^^^^^^^^^^^^^^^^^^
  File "C:\Users\awsch\miniconda3\envs\nsp\Lib\site-packages\rpyc\core\protocol.py", line 781, in _access_attr
    return accessor(obj, name, *args)
           ^^^^^^^^^^^^^^^^^^^^^^^^^^
AttributeError: 'list' object has no attribute '__array_wrap__'
2026-06-01 12:01:12.050 [   DEBUG] (         protocol.py: 363) Exception caught
Traceback (most recent call last):
  File "C:\Users\awsch\miniconda3\envs\nsp\Lib\site-packages\rpyc\core\protocol.py", line 356, in _dispatch_request
    res = self._HANDLERS[handler](self, *args)
          ^^^^^^^^^^^^^^^^^^^^^^^^^^^^^^^^^^^^
  File "C:\Users\awsch\miniconda3\envs\nsp\Lib\site-packages\rpyc\core\protocol.py", line 853, in _handle_getattr
    return self._access_attr(obj, name, (), "_rpyc_getattr", "allow_getattr", getattr)
           ^^^^^^^^^^^^^^^^^^^^^^^^^^^^^^^^^^^^^^^^^^^^^^^^^^^^^^^^^^^^^^^^^^^^^^^^^^^
  File "C:\Users\awsch\miniconda3\envs\nsp\Lib\site-packages\rpyc\core\protocol.py", line 781, in _access_attr
    return accessor(obj, name, *args)
           ^^^^^^^^^^^^^^^^^^^^^^^^^^
AttributeError: 'list' object has no attribute '__array_wrap__'
2026-06-01 12:01:12.052 [   DEBUG] (         protocol.py: 363) Exception caught
Traceback (most recent call last):
  File "C:\Users\awsch\miniconda3\envs\nsp\Lib\site-packages\rpyc\core\protocol.py", line 356, in _dispatch_request
    res = self._HANDLERS[handler](self, *args)
          ^^^^^^^^^^^^^^^^^^^^^^^^^^^^^^^^^^^^
  File "C:\Users\awsch\miniconda3\envs\nsp\Lib\site-packages\rpyc\core\protocol.py", line 853, in _handle_getattr
    return self._access_attr(obj, name, (), "_rpyc_getattr", "allow_getattr", getattr)
           ^^^^^^^^^^^^^^^^^^^^^^^^^^^^^^^^^^^^^^^^^^^^^^^^^^^^^^^^^^^^^^^^^^^^^^^^^^^
  File "C:\Users\awsch\miniconda3\envs\nsp\Lib\site-packages\rpyc\core\protocol.py", line 781, in _access_attr
    return accessor(obj, name, *args)
           ^^^^^^^^^^^^^^^^^^^^^^^^^^
AttributeError: 'list' object has no attribute 'sum'
2026-06-01 12:01:12.055 [   DEBUG] (         protocol.py: 363) Exception caught
Traceback (most recent call last):
  File "C:\Users\awsch\miniconda3\envs\nsp\Lib\site-packages\rpyc\core\protocol.py", line 356, in _dispatch_request
    res = self._HANDLERS[handler](self, *args)
          ^^^^^^^^^^^^^^^^^^^^^^^^^^^^^^^^^^^^
  File "C:\Users\awsch\miniconda3\envs\nsp\Lib\site-packages\rpyc\core\protocol.py", line 853, in _handle_getattr
    return self._access_attr(obj, name, (), "_rpyc_getattr", "allow_getattr", getattr)
           ^^^^^^^^^^^^^^^^^^^^^^^^^^^^^^^^^^^^^^^^^^^^^^^^^^^^^^^^^^^^^^^^^^^^^^^^^^^
  File "C:\Users\awsch\miniconda3\envs\nsp\Lib\site-packages\rpyc\core\protocol.py", line 781, in _access_attr
    return accessor(obj, name, *args)
           ^^^^^^^^^^^^^^^^^^^^^^^^^^
AttributeError: 'list' object has no attribute 'sum'
2026-06-01 12:01:12.057 [   DEBUG] (         protocol.py: 363) Exception caught
Traceback (most recent call last):
  File "C:\Users\awsch\miniconda3\envs\nsp\Lib\site-packages\rpyc\core\protocol.py", line 356, in _dispatch_request
    res = self._HANDLERS[handler](self, *args)
          ^^^^^^^^^^^^^^^^^^^^^^^^^^^^^^^^^^^^
  File "C:\Users\awsch\miniconda3\envs\nsp\Lib\site-packages\rpyc\core\protocol.py", line 853, in _handle_getattr
    return self._access_attr(obj, name, (), "_rpyc_getattr", "allow_getattr", getattr)
           ^^^^^^^^^^^^^^^^^^^^^^^^^^^^^^^^^^^^^^^^^^^^^^^^^^^^^^^^^^^^^^^^^^^^^^^^^^^
  File "C:\Users\awsch\miniconda3\envs\nsp\Lib\site-packages\rpyc\core\protocol.py", line 781, in _access_attr
    return accessor(obj, name, *args)
           ^^^^^^^^^^^^^^^^^^^^^^^^^^
AttributeError: 'list' object has no attribute '__array__'
2026-06-01 12:01:12.067 [   DEBUG] (         protocol.py: 363) Exception caught
Traceback (most recent call last):
  File "C:\Users\awsch\miniconda3\envs\nsp\Lib\site-packages\rpyc\core\protocol.py", line 356, in _dispatch_request
    res = self._HANDLERS[handler](self, *args)
          ^^^^^^^^^^^^^^^^^^^^^^^^^^^^^^^^^^^^
  File "C:\Users\awsch\miniconda3\envs\nsp\Lib\site-packages\rpyc\core\protocol.py", line 853, in _handle_getattr
    return self._access_attr(obj, name, (), "_rpyc_getattr", "allow_getattr", getattr)
           ^^^^^^^^^^^^^^^^^^^^^^^^^^^^^^^^^^^^^^^^^^^^^^^^^^^^^^^^^^^^^^^^^^^^^^^^^^^
  File "C:\Users\awsch\miniconda3\envs\nsp\Lib\site-packages\rpyc\core\protocol.py", line 781, in _access_attr
    return accessor(obj, name, *args)
           ^^^^^^^^^^^^^^^^^^^^^^^^^^
AttributeError: 'list' object has no attribute '__array_wrap__'
2026-06-01 12:01:12.071 [   DEBUG] (         protocol.py: 363) Exception caught
Traceback (most recent call last):
  File "C:\Users\awsch\miniconda3\envs\nsp\Lib\site-packages\rpyc\core\protocol.py", line 356, in _dispatch_request
    res = self._HANDLERS[handler](self, *args)
          ^^^^^^^^^^^^^^^^^^^^^^^^^^^^^^^^^^^^
  File "C:\Users\awsch\miniconda3\envs\nsp\Lib\site-packages\rpyc\core\protocol.py", line 853, in _handle_getattr
    return self._access_attr(obj, name, (), "_rpyc_getattr", "allow_getattr", getattr)
           ^^^^^^^^^^^^^^^^^^^^^^^^^^^^^^^^^^^^^^^^^^^^^^^^^^^^^^^^^^^^^^^^^^^^^^^^^^^
  File "C:\Users\awsch\miniconda3\envs\nsp\Lib\site-packages\rpyc\core\protocol.py", line 781, in _access_attr
    return accessor(obj, name, *args)
           ^^^^^^^^^^^^^^^^^^^^^^^^^^
AttributeError: 'list' object has no attribute '__array_wrap__'
2026-06-01 12:01:12.081 [   DEBUG] (        highlevel.py: 186) viWrite(2, b'FREQ 9640000000.00\r\n', 20, 'c_ulong(20)') -> 0
2026-06-01 12:01:12.593 [   DEBUG] (         protocol.py: 363) Exception caught
Traceback (most recent call last):
  File "C:\Users\awsch\miniconda3\envs\nsp\Lib\site-packages\rpyc\core\protocol.py", line 356, in _dispatch_request
    res = self._HANDLERS[handler](self, *args)
          ^^^^^^^^^^^^^^^^^^^^^^^^^^^^^^^^^^^^
  File "C:\Users\awsch\miniconda3\envs\nsp\Lib\site-packages\rpyc\core\protocol.py", line 853, in _handle_getattr
    return self._access_attr(obj, name, (), "_rpyc_getattr", "allow_getattr", getattr)
           ^^^^^^^^^^^^^^^^^^^^^^^^^^^^^^^^^^^^^^^^^^^^^^^^^^^^^^^^^^^^^^^^^^^^^^^^^^^
  File "C:\Users\awsch\miniconda3\envs\nsp\Lib\site-packages\rpyc\core\protocol.py", line 781, in _access_attr
    return accessor(obj, name, *args)
           ^^^^^^^^^^^^^^^^^^^^^^^^^^
AttributeError: 'list' object has no attribute 'sum'
2026-06-01 12:01:12.594 [   DEBUG] (         protocol.py: 363) Exception caught
Traceback (most recent call last):
  File "C:\Users\awsch\miniconda3\envs\nsp\Lib\site-packages\rpyc\core\protocol.py", line 356, in _dispatch_request
    res = self._HANDLERS[handler](self, *args)
          ^^^^^^^^^^^^^^^^^^^^^^^^^^^^^^^^^^^^
  File "C:\Users\awsch\miniconda3\envs\nsp\Lib\site-packages\rpyc\core\protocol.py", line 853, in _handle_getattr
    return self._access_attr(obj, name, (), "_rpyc_getattr", "allow_getattr", getattr)
           ^^^^^^^^^^^^^^^^^^^^^^^^^^^^^^^^^^^^^^^^^^^^^^^^^^^^^^^^^^^^^^^^^^^^^^^^^^^
  File "C:\Users\awsch\miniconda3\envs\nsp\Lib\site-packages\rpyc\core\protocol.py", line 781, in _access_attr
    return accessor(obj, name, *args)
           ^^^^^^^^^^^^^^^^^^^^^^^^^^
AttributeError: 'list' object has no attribute 'sum'
2026-06-01 12:01:12.595 [   DEBUG] (         protocol.py: 363) Exception caught
Traceback (most recent call last):
  File "C:\Users\awsch\miniconda3\envs\nsp\Lib\site-packages\rpyc\core\protocol.py", line 356, in _dispatch_request
    res = self._HANDLERS[handler](self, *args)
          ^^^^^^^^^^^^^^^^^^^^^^^^^^^^^^^^^^^^
  File "C:\Users\awsch\miniconda3\envs\nsp\Lib\site-packages\rpyc\core\protocol.py", line 853, in _handle_getattr
    return self._access_attr(obj, name, (), "_rpyc_getattr", "allow_getattr", getattr)
           ^^^^^^^^^^^^^^^^^^^^^^^^^^^^^^^^^^^^^^^^^^^^^^^^^^^^^^^^^^^^^^^^^^^^^^^^^^^
  File "C:\Users\awsch\miniconda3\envs\nsp\Lib\site-packages\rpyc\core\protocol.py", line 781, in _access_attr
    return accessor(obj, name, *args)
           ^^^^^^^^^^^^^^^^^^^^^^^^^^
AttributeError: 'list' object has no attribute '__array__'
2026-06-01 12:01:12.599 [   DEBUG] (         protocol.py: 363) Exception caught
Traceback (most recent call last):
  File "C:\Users\awsch\miniconda3\envs\nsp\Lib\site-packages\rpyc\core\protocol.py", line 356, in _dispatch_request
    res = self._HANDLERS[handler](self, *args)
          ^^^^^^^^^^^^^^^^^^^^^^^^^^^^^^^^^^^^
  File "C:\Users\awsch\miniconda3\envs\nsp\Lib\site-packages\rpyc\core\protocol.py", line 853, in _handle_getattr
    return self._access_attr(obj, name, (), "_rpyc_getattr", "allow_getattr", getattr)
           ^^^^^^^^^^^^^^^^^^^^^^^^^^^^^^^^^^^^^^^^^^^^^^^^^^^^^^^^^^^^^^^^^^^^^^^^^^^
  File "C:\Users\awsch\miniconda3\envs\nsp\Lib\site-packages\rpyc\core\protocol.py", line 781, in _access_attr
    return accessor(obj, name, *args)
           ^^^^^^^^^^^^^^^^^^^^^^^^^^
AttributeError: 'list' object has no attribute '__array_wrap__'
2026-06-01 12:01:12.600 [   DEBUG] (         protocol.py: 363) Exception caught
Traceback (most recent call last):
  File "C:\Users\awsch\miniconda3\envs\nsp\Lib\site-packages\rpyc\core\protocol.py", line 356, in _dispatch_request
    res = self._HANDLERS[handler](self, *args)
          ^^^^^^^^^^^^^^^^^^^^^^^^^^^^^^^^^^^^
  File "C:\Users\awsch\miniconda3\envs\nsp\Lib\site-packages\rpyc\core\protocol.py", line 853, in _handle_getattr
    return self._access_attr(obj, name, (), "_rpyc_getattr", "allow_getattr", getattr)
           ^^^^^^^^^^^^^^^^^^^^^^^^^^^^^^^^^^^^^^^^^^^^^^^^^^^^^^^^^^^^^^^^^^^^^^^^^^^
  File "C:\Users\awsch\miniconda3\envs\nsp\Lib\site-packages\rpyc\core\protocol.py", line 781, in _access_attr
    return accessor(obj, name, *args)
           ^^^^^^^^^^^^^^^^^^^^^^^^^^
AttributeError: 'list' object has no attribute '__array_wrap__'
2026-06-01 12:01:12.601 [   DEBUG] (         protocol.py: 363) Exception caught
Traceback (most recent call last):
  File "C:\Users\awsch\miniconda3\envs\nsp\Lib\site-packages\rpyc\core\protocol.py", line 356, in _dispatch_request
    res = self._HANDLERS[handler](self, *args)
          ^^^^^^^^^^^^^^^^^^^^^^^^^^^^^^^^^^^^
  File "C:\Users\awsch\miniconda3\envs\nsp\Lib\site-packages\rpyc\core\protocol.py", line 853, in _handle_getattr
    return self._access_attr(obj, name, (), "_rpyc_getattr", "allow_getattr", getattr)
           ^^^^^^^^^^^^^^^^^^^^^^^^^^^^^^^^^^^^^^^^^^^^^^^^^^^^^^^^^^^^^^^^^^^^^^^^^^^
  File "C:\Users\awsch\miniconda3\envs\nsp\Lib\site-packages\rpyc\core\protocol.py", line 781, in _access_attr
    return accessor(obj, name, *args)
           ^^^^^^^^^^^^^^^^^^^^^^^^^^
AttributeError: 'list' object has no attribute 'sum'
2026-06-01 12:01:12.602 [   DEBUG] (         protocol.py: 363) Exception caught
Traceback (most recent call last):
  File "C:\Users\awsch\miniconda3\envs\nsp\Lib\site-packages\rpyc\core\protocol.py", line 356, in _dispatch_request
    res = self._HANDLERS[handler](self, *args)
          ^^^^^^^^^^^^^^^^^^^^^^^^^^^^^^^^^^^^
  File "C:\Users\awsch\miniconda3\envs\nsp\Lib\site-packages\rpyc\core\protocol.py", line 853, in _handle_getattr
    return self._access_attr(obj, name, (), "_rpyc_getattr", "allow_getattr", getattr)
           ^^^^^^^^^^^^^^^^^^^^^^^^^^^^^^^^^^^^^^^^^^^^^^^^^^^^^^^^^^^^^^^^^^^^^^^^^^^
  File "C:\Users\awsch\miniconda3\envs\nsp\Lib\site-packages\rpyc\core\protocol.py", line 781, in _access_attr
    return accessor(obj, name, *args)
           ^^^^^^^^^^^^^^^^^^^^^^^^^^
AttributeError: 'list' object has no attribute 'sum'
2026-06-01 12:01:12.603 [   DEBUG] (         protocol.py: 363) Exception caught
Traceback (most recent call last):
  File "C:\Users\awsch\miniconda3\envs\nsp\Lib\site-packages\rpyc\core\protocol.py", line 356, in _dispatch_request
    res = self._HANDLERS[handler](self, *args)
          ^^^^^^^^^^^^^^^^^^^^^^^^^^^^^^^^^^^^
  File "C:\Users\awsch\miniconda3\envs\nsp\Lib\site-packages\rpyc\core\protocol.py", line 853, in _handle_getattr
    return self._access_attr(obj, name, (), "_rpyc_getattr", "allow_getattr", getattr)
           ^^^^^^^^^^^^^^^^^^^^^^^^^^^^^^^^^^^^^^^^^^^^^^^^^^^^^^^^^^^^^^^^^^^^^^^^^^^
  File "C:\Users\awsch\miniconda3\envs\nsp\Lib\site-packages\rpyc\core\protocol.py", line 781, in _access_attr
    return accessor(obj, name, *args)
           ^^^^^^^^^^^^^^^^^^^^^^^^^^
AttributeError: 'list' object has no attribute '__array__'
2026-06-01 12:01:12.607 [   DEBUG] (         protocol.py: 363) Exception caught
Traceback (most recent call last):
  File "C:\Users\awsch\miniconda3\envs\nsp\Lib\site-packages\rpyc\core\protocol.py", line 356, in _dispatch_request
    res = self._HANDLERS[handler](self, *args)
          ^^^^^^^^^^^^^^^^^^^^^^^^^^^^^^^^^^^^
  File "C:\Users\awsch\miniconda3\envs\nsp\Lib\site-packages\rpyc\core\protocol.py", line 853, in _handle_getattr
    return self._access_attr(obj, name, (), "_rpyc_getattr", "allow_getattr", getattr)
           ^^^^^^^^^^^^^^^^^^^^^^^^^^^^^^^^^^^^^^^^^^^^^^^^^^^^^^^^^^^^^^^^^^^^^^^^^^^
  File "C:\Users\awsch\miniconda3\envs\nsp\Lib\site-packages\rpyc\core\protocol.py", line 781, in _access_attr
    return accessor(obj, name, *args)
           ^^^^^^^^^^^^^^^^^^^^^^^^^^
AttributeError: 'list' object has no attribute '__array_wrap__'
2026-06-01 12:01:12.608 [   DEBUG] (         protocol.py: 363) Exception caught
Traceback (most recent call last):
  File "C:\Users\awsch\miniconda3\envs\nsp\Lib\site-packages\rpyc\core\protocol.py", line 356, in _dispatch_request
    res = self._HANDLERS[handler](self, *args)
          ^^^^^^^^^^^^^^^^^^^^^^^^^^^^^^^^^^^^
  File "C:\Users\awsch\miniconda3\envs\nsp\Lib\site-packages\rpyc\core\protocol.py", line 853, in _handle_getattr
    return self._access_attr(obj, name, (), "_rpyc_getattr", "allow_getattr", getattr)
           ^^^^^^^^^^^^^^^^^^^^^^^^^^^^^^^^^^^^^^^^^^^^^^^^^^^^^^^^^^^^^^^^^^^^^^^^^^^
  File "C:\Users\awsch\miniconda3\envs\nsp\Lib\site-packages\rpyc\core\protocol.py", line 781, in _access_attr
    return accessor(obj, name, *args)
           ^^^^^^^^^^^^^^^^^^^^^^^^^^
AttributeError: 'list' object has no attribute '__array_wrap__'
2026-06-01 12:01:12.613 [   DEBUG] (        highlevel.py: 186) viWrite(2, b'FREQ 9646000000.00\r\n', 20, 'c_ulong(20)') -> 0
2026-06-01 12:01:13.091 [   DEBUG] (         protocol.py: 363) Exception caught
Traceback (most recent call last):
  File "C:\Users\awsch\miniconda3\envs\nsp\Lib\site-packages\rpyc\core\protocol.py", line 356, in _dispatch_request
    res = self._HANDLERS[handler](self, *args)
          ^^^^^^^^^^^^^^^^^^^^^^^^^^^^^^^^^^^^
  File "C:\Users\awsch\miniconda3\envs\nsp\Lib\site-packages\rpyc\core\protocol.py", line 853, in _handle_getattr
    return self._access_attr(obj, name, (), "_rpyc_getattr", "allow_getattr", getattr)
           ^^^^^^^^^^^^^^^^^^^^^^^^^^^^^^^^^^^^^^^^^^^^^^^^^^^^^^^^^^^^^^^^^^^^^^^^^^^
  File "C:\Users\awsch\miniconda3\envs\nsp\Lib\site-packages\rpyc\core\protocol.py", line 781, in _access_attr
    return accessor(obj, name, *args)
           ^^^^^^^^^^^^^^^^^^^^^^^^^^
AttributeError: 'list' object has no attribute 'sum'
2026-06-01 12:01:13.092 [   DEBUG] (         protocol.py: 363) Exception caught
Traceback (most recent call last):
  File "C:\Users\awsch\miniconda3\envs\nsp\Lib\site-packages\rpyc\core\protocol.py", line 356, in _dispatch_request
    res = self._HANDLERS[handler](self, *args)
          ^^^^^^^^^^^^^^^^^^^^^^^^^^^^^^^^^^^^
  File "C:\Users\awsch\miniconda3\envs\nsp\Lib\site-packages\rpyc\core\protocol.py", line 853, in _handle_getattr
    return self._access_attr(obj, name, (), "_rpyc_getattr", "allow_getattr", getattr)
           ^^^^^^^^^^^^^^^^^^^^^^^^^^^^^^^^^^^^^^^^^^^^^^^^^^^^^^^^^^^^^^^^^^^^^^^^^^^
  File "C:\Users\awsch\miniconda3\envs\nsp\Lib\site-packages\rpyc\core\protocol.py", line 781, in _access_attr
    return accessor(obj, name, *args)
           ^^^^^^^^^^^^^^^^^^^^^^^^^^
AttributeError: 'list' object has no attribute 'sum'
2026-06-01 12:01:13.093 [   DEBUG] (         protocol.py: 363) Exception caught
Traceback (most recent call last):
  File "C:\Users\awsch\miniconda3\envs\nsp\Lib\site-packages\rpyc\core\protocol.py", line 356, in _dispatch_request
    res = self._HANDLERS[handler](self, *args)
          ^^^^^^^^^^^^^^^^^^^^^^^^^^^^^^^^^^^^
  File "C:\Users\awsch\miniconda3\envs\nsp\Lib\site-packages\rpyc\core\protocol.py", line 853, in _handle_getattr
    return self._access_attr(obj, name, (), "_rpyc_getattr", "allow_getattr", getattr)
           ^^^^^^^^^^^^^^^^^^^^^^^^^^^^^^^^^^^^^^^^^^^^^^^^^^^^^^^^^^^^^^^^^^^^^^^^^^^
  File "C:\Users\awsch\miniconda3\envs\nsp\Lib\site-packages\rpyc\core\protocol.py", line 781, in _access_attr
    return accessor(obj, name, *args)
           ^^^^^^^^^^^^^^^^^^^^^^^^^^
AttributeError: 'list' object has no attribute '__array__'
2026-06-01 12:01:13.096 [   DEBUG] (         protocol.py: 363) Exception caught
Traceback (most recent call last):
  File "C:\Users\awsch\miniconda3\envs\nsp\Lib\site-packages\rpyc\core\protocol.py", line 356, in _dispatch_request
    res = self._HANDLERS[handler](self, *args)
          ^^^^^^^^^^^^^^^^^^^^^^^^^^^^^^^^^^^^
  File "C:\Users\awsch\miniconda3\envs\nsp\Lib\site-packages\rpyc\core\protocol.py", line 853, in _handle_getattr
    return self._access_attr(obj, name, (), "_rpyc_getattr", "allow_getattr", getattr)
           ^^^^^^^^^^^^^^^^^^^^^^^^^^^^^^^^^^^^^^^^^^^^^^^^^^^^^^^^^^^^^^^^^^^^^^^^^^^
  File "C:\Users\awsch\miniconda3\envs\nsp\Lib\site-packages\rpyc\core\protocol.py", line 781, in _access_attr
    return accessor(obj, name, *args)
           ^^^^^^^^^^^^^^^^^^^^^^^^^^
AttributeError: 'list' object has no attribute '__array_wrap__'
2026-06-01 12:01:13.097 [   DEBUG] (         protocol.py: 363) Exception caught
Traceback (most recent call last):
  File "C:\Users\awsch\miniconda3\envs\nsp\Lib\site-packages\rpyc\core\protocol.py", line 356, in _dispatch_request
    res = self._HANDLERS[handler](self, *args)
          ^^^^^^^^^^^^^^^^^^^^^^^^^^^^^^^^^^^^
  File "C:\Users\awsch\miniconda3\envs\nsp\Lib\site-packages\rpyc\core\protocol.py", line 853, in _handle_getattr
    return self._access_attr(obj, name, (), "_rpyc_getattr", "allow_getattr", getattr)
           ^^^^^^^^^^^^^^^^^^^^^^^^^^^^^^^^^^^^^^^^^^^^^^^^^^^^^^^^^^^^^^^^^^^^^^^^^^^
  File "C:\Users\awsch\miniconda3\envs\nsp\Lib\site-packages\rpyc\core\protocol.py", line 781, in _access_attr
    return accessor(obj, name, *args)
           ^^^^^^^^^^^^^^^^^^^^^^^^^^
AttributeError: 'list' object has no attribute '__array_wrap__'
2026-06-01 12:01:13.098 [   DEBUG] (         protocol.py: 363) Exception caught
Traceback (most recent call last):
  File "C:\Users\awsch\miniconda3\envs\nsp\Lib\site-packages\rpyc\core\protocol.py", line 356, in _dispatch_request
    res = self._HANDLERS[handler](self, *args)
          ^^^^^^^^^^^^^^^^^^^^^^^^^^^^^^^^^^^^
  File "C:\Users\awsch\miniconda3\envs\nsp\Lib\site-packages\rpyc\core\protocol.py", line 853, in _handle_getattr
    return self._access_attr(obj, name, (), "_rpyc_getattr", "allow_getattr", getattr)
           ^^^^^^^^^^^^^^^^^^^^^^^^^^^^^^^^^^^^^^^^^^^^^^^^^^^^^^^^^^^^^^^^^^^^^^^^^^^
  File "C:\Users\awsch\miniconda3\envs\nsp\Lib\site-packages\rpyc\core\protocol.py", line 781, in _access_attr
    return accessor(obj, name, *args)
           ^^^^^^^^^^^^^^^^^^^^^^^^^^
AttributeError: 'list' object has no attribute 'sum'
2026-06-01 12:01:13.099 [   DEBUG] (         protocol.py: 363) Exception caught
Traceback (most recent call last):
  File "C:\Users\awsch\miniconda3\envs\nsp\Lib\site-packages\rpyc\core\protocol.py", line 356, in _dispatch_request
    res = self._HANDLERS[handler](self, *args)
          ^^^^^^^^^^^^^^^^^^^^^^^^^^^^^^^^^^^^
  File "C:\Users\awsch\miniconda3\envs\nsp\Lib\site-packages\rpyc\core\protocol.py", line 853, in _handle_getattr
    return self._access_attr(obj, name, (), "_rpyc_getattr", "allow_getattr", getattr)
           ^^^^^^^^^^^^^^^^^^^^^^^^^^^^^^^^^^^^^^^^^^^^^^^^^^^^^^^^^^^^^^^^^^^^^^^^^^^
  File "C:\Users\awsch\miniconda3\envs\nsp\Lib\site-packages\rpyc\core\protocol.py", line 781, in _access_attr
    return accessor(obj, name, *args)
           ^^^^^^^^^^^^^^^^^^^^^^^^^^
AttributeError: 'list' object has no attribute 'sum'
2026-06-01 12:01:13.100 [   DEBUG] (         protocol.py: 363) Exception caught
Traceback (most recent call last):
  File "C:\Users\awsch\miniconda3\envs\nsp\Lib\site-packages\rpyc\core\protocol.py", line 356, in _dispatch_request
    res = self._HANDLERS[handler](self, *args)
          ^^^^^^^^^^^^^^^^^^^^^^^^^^^^^^^^^^^^
  File "C:\Users\awsch\miniconda3\envs\nsp\Lib\site-packages\rpyc\core\protocol.py", line 853, in _handle_getattr
    return self._access_attr(obj, name, (), "_rpyc_getattr", "allow_getattr", getattr)
           ^^^^^^^^^^^^^^^^^^^^^^^^^^^^^^^^^^^^^^^^^^^^^^^^^^^^^^^^^^^^^^^^^^^^^^^^^^^
  File "C:\Users\awsch\miniconda3\envs\nsp\Lib\site-packages\rpyc\core\protocol.py", line 781, in _access_attr
    return accessor(obj, name, *args)
           ^^^^^^^^^^^^^^^^^^^^^^^^^^
AttributeError: 'list' object has no attribute '__array__'
2026-06-01 12:01:13.104 [   DEBUG] (         protocol.py: 363) Exception caught
Traceback (most recent call last):
  File "C:\Users\awsch\miniconda3\envs\nsp\Lib\site-packages\rpyc\core\protocol.py", line 356, in _dispatch_request
    res = self._HANDLERS[handler](self, *args)
          ^^^^^^^^^^^^^^^^^^^^^^^^^^^^^^^^^^^^
  File "C:\Users\awsch\miniconda3\envs\nsp\Lib\site-packages\rpyc\core\protocol.py", line 853, in _handle_getattr
    return self._access_attr(obj, name, (), "_rpyc_getattr", "allow_getattr", getattr)
           ^^^^^^^^^^^^^^^^^^^^^^^^^^^^^^^^^^^^^^^^^^^^^^^^^^^^^^^^^^^^^^^^^^^^^^^^^^^
  File "C:\Users\awsch\miniconda3\envs\nsp\Lib\site-packages\rpyc\core\protocol.py", line 781, in _access_attr
    return accessor(obj, name, *args)
           ^^^^^^^^^^^^^^^^^^^^^^^^^^
AttributeError: 'list' object has no attribute '__array_wrap__'
2026-06-01 12:01:13.105 [   DEBUG] (         protocol.py: 363) Exception caught
Traceback (most recent call last):
  File "C:\Users\awsch\miniconda3\envs\nsp\Lib\site-packages\rpyc\core\protocol.py", line 356, in _dispatch_request
    res = self._HANDLERS[handler](self, *args)
          ^^^^^^^^^^^^^^^^^^^^^^^^^^^^^^^^^^^^
  File "C:\Users\awsch\miniconda3\envs\nsp\Lib\site-packages\rpyc\core\protocol.py", line 853, in _handle_getattr
    return self._access_attr(obj, name, (), "_rpyc_getattr", "allow_getattr", getattr)
           ^^^^^^^^^^^^^^^^^^^^^^^^^^^^^^^^^^^^^^^^^^^^^^^^^^^^^^^^^^^^^^^^^^^^^^^^^^^
  File "C:\Users\awsch\miniconda3\envs\nsp\Lib\site-packages\rpyc\core\protocol.py", line 781, in _access_attr
    return accessor(obj, name, *args)
           ^^^^^^^^^^^^^^^^^^^^^^^^^^
AttributeError: 'list' object has no attribute '__array_wrap__'
2026-06-01 12:01:13.110 [   DEBUG] (        highlevel.py: 186) viWrite(2, b'FREQ 9652000000.00\r\n', 20, 'c_ulong(20)') -> 0
2026-06-01 12:01:13.589 [   DEBUG] (         protocol.py: 363) Exception caught
Traceback (most recent call last):
  File "C:\Users\awsch\miniconda3\envs\nsp\Lib\site-packages\rpyc\core\protocol.py", line 356, in _dispatch_request
    res = self._HANDLERS[handler](self, *args)
          ^^^^^^^^^^^^^^^^^^^^^^^^^^^^^^^^^^^^
  File "C:\Users\awsch\miniconda3\envs\nsp\Lib\site-packages\rpyc\core\protocol.py", line 853, in _handle_getattr
    return self._access_attr(obj, name, (), "_rpyc_getattr", "allow_getattr", getattr)
           ^^^^^^^^^^^^^^^^^^^^^^^^^^^^^^^^^^^^^^^^^^^^^^^^^^^^^^^^^^^^^^^^^^^^^^^^^^^
  File "C:\Users\awsch\miniconda3\envs\nsp\Lib\site-packages\rpyc\core\protocol.py", line 781, in _access_attr
    return accessor(obj, name, *args)
           ^^^^^^^^^^^^^^^^^^^^^^^^^^
AttributeError: 'list' object has no attribute 'sum'
2026-06-01 12:01:13.592 [   DEBUG] (         protocol.py: 363) Exception caught
Traceback (most recent call last):
  File "C:\Users\awsch\miniconda3\envs\nsp\Lib\site-packages\rpyc\core\protocol.py", line 356, in _dispatch_request
    res = self._HANDLERS[handler](self, *args)
          ^^^^^^^^^^^^^^^^^^^^^^^^^^^^^^^^^^^^
  File "C:\Users\awsch\miniconda3\envs\nsp\Lib\site-packages\rpyc\core\protocol.py", line 853, in _handle_getattr
    return self._access_attr(obj, name, (), "_rpyc_getattr", "allow_getattr", getattr)
           ^^^^^^^^^^^^^^^^^^^^^^^^^^^^^^^^^^^^^^^^^^^^^^^^^^^^^^^^^^^^^^^^^^^^^^^^^^^
  File "C:\Users\awsch\miniconda3\envs\nsp\Lib\site-packages\rpyc\core\protocol.py", line 781, in _access_attr
    return accessor(obj, name, *args)
           ^^^^^^^^^^^^^^^^^^^^^^^^^^
AttributeError: 'list' object has no attribute 'sum'
2026-06-01 12:01:13.595 [   DEBUG] (         protocol.py: 363) Exception caught
Traceback (most recent call last):
  File "C:\Users\awsch\miniconda3\envs\nsp\Lib\site-packages\rpyc\core\protocol.py", line 356, in _dispatch_request
    res = self._HANDLERS[handler](self, *args)
          ^^^^^^^^^^^^^^^^^^^^^^^^^^^^^^^^^^^^
  File "C:\Users\awsch\miniconda3\envs\nsp\Lib\site-packages\rpyc\core\protocol.py", line 853, in _handle_getattr
    return self._access_attr(obj, name, (), "_rpyc_getattr", "allow_getattr", getattr)
           ^^^^^^^^^^^^^^^^^^^^^^^^^^^^^^^^^^^^^^^^^^^^^^^^^^^^^^^^^^^^^^^^^^^^^^^^^^^
  File "C:\Users\awsch\miniconda3\envs\nsp\Lib\site-packages\rpyc\core\protocol.py", line 781, in _access_attr
    return accessor(obj, name, *args)
           ^^^^^^^^^^^^^^^^^^^^^^^^^^
AttributeError: 'list' object has no attribute '__array__'
2026-06-01 12:01:13.607 [   DEBUG] (         protocol.py: 363) Exception caught
Traceback (most recent call last):
  File "C:\Users\awsch\miniconda3\envs\nsp\Lib\site-packages\rpyc\core\protocol.py", line 356, in _dispatch_request
    res = self._HANDLERS[handler](self, *args)
          ^^^^^^^^^^^^^^^^^^^^^^^^^^^^^^^^^^^^
  File "C:\Users\awsch\miniconda3\envs\nsp\Lib\site-packages\rpyc\core\protocol.py", line 853, in _handle_getattr
    return self._access_attr(obj, name, (), "_rpyc_getattr", "allow_getattr", getattr)
           ^^^^^^^^^^^^^^^^^^^^^^^^^^^^^^^^^^^^^^^^^^^^^^^^^^^^^^^^^^^^^^^^^^^^^^^^^^^
  File "C:\Users\awsch\miniconda3\envs\nsp\Lib\site-packages\rpyc\core\protocol.py", line 781, in _access_attr
    return accessor(obj, name, *args)
           ^^^^^^^^^^^^^^^^^^^^^^^^^^
AttributeError: 'list' object has no attribute '__array_wrap__'
2026-06-01 12:01:13.610 [   DEBUG] (         protocol.py: 363) Exception caught
Traceback (most recent call last):
  File "C:\Users\awsch\miniconda3\envs\nsp\Lib\site-packages\rpyc\core\protocol.py", line 356, in _dispatch_request
    res = self._HANDLERS[handler](self, *args)
          ^^^^^^^^^^^^^^^^^^^^^^^^^^^^^^^^^^^^
  File "C:\Users\awsch\miniconda3\envs\nsp\Lib\site-packages\rpyc\core\protocol.py", line 853, in _handle_getattr
    return self._access_attr(obj, name, (), "_rpyc_getattr", "allow_getattr", getattr)
           ^^^^^^^^^^^^^^^^^^^^^^^^^^^^^^^^^^^^^^^^^^^^^^^^^^^^^^^^^^^^^^^^^^^^^^^^^^^
  File "C:\Users\awsch\miniconda3\envs\nsp\Lib\site-packages\rpyc\core\protocol.py", line 781, in _access_attr
    return accessor(obj, name, *args)
           ^^^^^^^^^^^^^^^^^^^^^^^^^^
AttributeError: 'list' object has no attribute '__array_wrap__'
2026-06-01 12:01:13.613 [   DEBUG] (         protocol.py: 363) Exception caught
Traceback (most recent call last):
  File "C:\Users\awsch\miniconda3\envs\nsp\Lib\site-packages\rpyc\core\protocol.py", line 356, in _dispatch_request
    res = self._HANDLERS[handler](self, *args)
          ^^^^^^^^^^^^^^^^^^^^^^^^^^^^^^^^^^^^
  File "C:\Users\awsch\miniconda3\envs\nsp\Lib\site-packages\rpyc\core\protocol.py", line 853, in _handle_getattr
    return self._access_attr(obj, name, (), "_rpyc_getattr", "allow_getattr", getattr)
           ^^^^^^^^^^^^^^^^^^^^^^^^^^^^^^^^^^^^^^^^^^^^^^^^^^^^^^^^^^^^^^^^^^^^^^^^^^^
  File "C:\Users\awsch\miniconda3\envs\nsp\Lib\site-packages\rpyc\core\protocol.py", line 781, in _access_attr
    return accessor(obj, name, *args)
           ^^^^^^^^^^^^^^^^^^^^^^^^^^
AttributeError: 'list' object has no attribute 'sum'
2026-06-01 12:01:13.616 [   DEBUG] (         protocol.py: 363) Exception caught
Traceback (most recent call last):
  File "C:\Users\awsch\miniconda3\envs\nsp\Lib\site-packages\rpyc\core\protocol.py", line 356, in _dispatch_request
    res = self._HANDLERS[handler](self, *args)
          ^^^^^^^^^^^^^^^^^^^^^^^^^^^^^^^^^^^^
  File "C:\Users\awsch\miniconda3\envs\nsp\Lib\site-packages\rpyc\core\protocol.py", line 853, in _handle_getattr
    return self._access_attr(obj, name, (), "_rpyc_getattr", "allow_getattr", getattr)
           ^^^^^^^^^^^^^^^^^^^^^^^^^^^^^^^^^^^^^^^^^^^^^^^^^^^^^^^^^^^^^^^^^^^^^^^^^^^
  File "C:\Users\awsch\miniconda3\envs\nsp\Lib\site-packages\rpyc\core\protocol.py", line 781, in _access_attr
    return accessor(obj, name, *args)
           ^^^^^^^^^^^^^^^^^^^^^^^^^^
AttributeError: 'list' object has no attribute 'sum'
2026-06-01 12:01:13.619 [   DEBUG] (         protocol.py: 363) Exception caught
Traceback (most recent call last):
  File "C:\Users\awsch\miniconda3\envs\nsp\Lib\site-packages\rpyc\core\protocol.py", line 356, in _dispatch_request
    res = self._HANDLERS[handler](self, *args)
          ^^^^^^^^^^^^^^^^^^^^^^^^^^^^^^^^^^^^
  File "C:\Users\awsch\miniconda3\envs\nsp\Lib\site-packages\rpyc\core\protocol.py", line 853, in _handle_getattr
    return self._access_attr(obj, name, (), "_rpyc_getattr", "allow_getattr", getattr)
           ^^^^^^^^^^^^^^^^^^^^^^^^^^^^^^^^^^^^^^^^^^^^^^^^^^^^^^^^^^^^^^^^^^^^^^^^^^^
  File "C:\Users\awsch\miniconda3\envs\nsp\Lib\site-packages\rpyc\core\protocol.py", line 781, in _access_attr
    return accessor(obj, name, *args)
           ^^^^^^^^^^^^^^^^^^^^^^^^^^
AttributeError: 'list' object has no attribute '__array__'
2026-06-01 12:01:13.630 [   DEBUG] (         protocol.py: 363) Exception caught
Traceback (most recent call last):
  File "C:\Users\awsch\miniconda3\envs\nsp\Lib\site-packages\rpyc\core\protocol.py", line 356, in _dispatch_request
    res = self._HANDLERS[handler](self, *args)
          ^^^^^^^^^^^^^^^^^^^^^^^^^^^^^^^^^^^^
  File "C:\Users\awsch\miniconda3\envs\nsp\Lib\site-packages\rpyc\core\protocol.py", line 853, in _handle_getattr
    return self._access_attr(obj, name, (), "_rpyc_getattr", "allow_getattr", getattr)
           ^^^^^^^^^^^^^^^^^^^^^^^^^^^^^^^^^^^^^^^^^^^^^^^^^^^^^^^^^^^^^^^^^^^^^^^^^^^
  File "C:\Users\awsch\miniconda3\envs\nsp\Lib\site-packages\rpyc\core\protocol.py", line 781, in _access_attr
    return accessor(obj, name, *args)
           ^^^^^^^^^^^^^^^^^^^^^^^^^^
AttributeError: 'list' object has no attribute '__array_wrap__'
2026-06-01 12:01:13.633 [   DEBUG] (         protocol.py: 363) Exception caught
Traceback (most recent call last):
  File "C:\Users\awsch\miniconda3\envs\nsp\Lib\site-packages\rpyc\core\protocol.py", line 356, in _dispatch_request
    res = self._HANDLERS[handler](self, *args)
          ^^^^^^^^^^^^^^^^^^^^^^^^^^^^^^^^^^^^
  File "C:\Users\awsch\miniconda3\envs\nsp\Lib\site-packages\rpyc\core\protocol.py", line 853, in _handle_getattr
    return self._access_attr(obj, name, (), "_rpyc_getattr", "allow_getattr", getattr)
           ^^^^^^^^^^^^^^^^^^^^^^^^^^^^^^^^^^^^^^^^^^^^^^^^^^^^^^^^^^^^^^^^^^^^^^^^^^^
  File "C:\Users\awsch\miniconda3\envs\nsp\Lib\site-packages\rpyc\core\protocol.py", line 781, in _access_attr
    return accessor(obj, name, *args)
           ^^^^^^^^^^^^^^^^^^^^^^^^^^
AttributeError: 'list' object has no attribute '__array_wrap__'
2026-06-01 12:01:13.642 [   DEBUG] (        highlevel.py: 186) viWrite(2, b'FREQ 9658000000.00\r\n', 20, 'c_ulong(20)') -> 0
2026-06-01 12:01:14.137 [   DEBUG] (         protocol.py: 363) Exception caught
Traceback (most recent call last):
  File "C:\Users\awsch\miniconda3\envs\nsp\Lib\site-packages\rpyc\core\protocol.py", line 356, in _dispatch_request
    res = self._HANDLERS[handler](self, *args)
          ^^^^^^^^^^^^^^^^^^^^^^^^^^^^^^^^^^^^
  File "C:\Users\awsch\miniconda3\envs\nsp\Lib\site-packages\rpyc\core\protocol.py", line 853, in _handle_getattr
    return self._access_attr(obj, name, (), "_rpyc_getattr", "allow_getattr", getattr)
           ^^^^^^^^^^^^^^^^^^^^^^^^^^^^^^^^^^^^^^^^^^^^^^^^^^^^^^^^^^^^^^^^^^^^^^^^^^^
  File "C:\Users\awsch\miniconda3\envs\nsp\Lib\site-packages\rpyc\core\protocol.py", line 781, in _access_attr
    return accessor(obj, name, *args)
           ^^^^^^^^^^^^^^^^^^^^^^^^^^
AttributeError: 'list' object has no attribute 'sum'
2026-06-01 12:01:14.139 [   DEBUG] (         protocol.py: 363) Exception caught
Traceback (most recent call last):
  File "C:\Users\awsch\miniconda3\envs\nsp\Lib\site-packages\rpyc\core\protocol.py", line 356, in _dispatch_request
    res = self._HANDLERS[handler](self, *args)
          ^^^^^^^^^^^^^^^^^^^^^^^^^^^^^^^^^^^^
  File "C:\Users\awsch\miniconda3\envs\nsp\Lib\site-packages\rpyc\core\protocol.py", line 853, in _handle_getattr
    return self._access_attr(obj, name, (), "_rpyc_getattr", "allow_getattr", getattr)
           ^^^^^^^^^^^^^^^^^^^^^^^^^^^^^^^^^^^^^^^^^^^^^^^^^^^^^^^^^^^^^^^^^^^^^^^^^^^
  File "C:\Users\awsch\miniconda3\envs\nsp\Lib\site-packages\rpyc\core\protocol.py", line 781, in _access_attr
    return accessor(obj, name, *args)
           ^^^^^^^^^^^^^^^^^^^^^^^^^^
AttributeError: 'list' object has no attribute 'sum'
2026-06-01 12:01:14.141 [   DEBUG] (         protocol.py: 363) Exception caught
Traceback (most recent call last):
  File "C:\Users\awsch\miniconda3\envs\nsp\Lib\site-packages\rpyc\core\protocol.py", line 356, in _dispatch_request
    res = self._HANDLERS[handler](self, *args)
          ^^^^^^^^^^^^^^^^^^^^^^^^^^^^^^^^^^^^
  File "C:\Users\awsch\miniconda3\envs\nsp\Lib\site-packages\rpyc\core\protocol.py", line 853, in _handle_getattr
    return self._access_attr(obj, name, (), "_rpyc_getattr", "allow_getattr", getattr)
           ^^^^^^^^^^^^^^^^^^^^^^^^^^^^^^^^^^^^^^^^^^^^^^^^^^^^^^^^^^^^^^^^^^^^^^^^^^^
  File "C:\Users\awsch\miniconda3\envs\nsp\Lib\site-packages\rpyc\core\protocol.py", line 781, in _access_attr
    return accessor(obj, name, *args)
           ^^^^^^^^^^^^^^^^^^^^^^^^^^
AttributeError: 'list' object has no attribute '__array__'
2026-06-01 12:01:14.151 [   DEBUG] (         protocol.py: 363) Exception caught
Traceback (most recent call last):
  File "C:\Users\awsch\miniconda3\envs\nsp\Lib\site-packages\rpyc\core\protocol.py", line 356, in _dispatch_request
    res = self._HANDLERS[handler](self, *args)
          ^^^^^^^^^^^^^^^^^^^^^^^^^^^^^^^^^^^^
  File "C:\Users\awsch\miniconda3\envs\nsp\Lib\site-packages\rpyc\core\protocol.py", line 853, in _handle_getattr
    return self._access_attr(obj, name, (), "_rpyc_getattr", "allow_getattr", getattr)
           ^^^^^^^^^^^^^^^^^^^^^^^^^^^^^^^^^^^^^^^^^^^^^^^^^^^^^^^^^^^^^^^^^^^^^^^^^^^
  File "C:\Users\awsch\miniconda3\envs\nsp\Lib\site-packages\rpyc\core\protocol.py", line 781, in _access_attr
    return accessor(obj, name, *args)
           ^^^^^^^^^^^^^^^^^^^^^^^^^^
AttributeError: 'list' object has no attribute '__array_wrap__'
2026-06-01 12:01:14.154 [   DEBUG] (         protocol.py: 363) Exception caught
Traceback (most recent call last):
  File "C:\Users\awsch\miniconda3\envs\nsp\Lib\site-packages\rpyc\core\protocol.py", line 356, in _dispatch_request
    res = self._HANDLERS[handler](self, *args)
          ^^^^^^^^^^^^^^^^^^^^^^^^^^^^^^^^^^^^
  File "C:\Users\awsch\miniconda3\envs\nsp\Lib\site-packages\rpyc\core\protocol.py", line 853, in _handle_getattr
    return self._access_attr(obj, name, (), "_rpyc_getattr", "allow_getattr", getattr)
           ^^^^^^^^^^^^^^^^^^^^^^^^^^^^^^^^^^^^^^^^^^^^^^^^^^^^^^^^^^^^^^^^^^^^^^^^^^^
  File "C:\Users\awsch\miniconda3\envs\nsp\Lib\site-packages\rpyc\core\protocol.py", line 781, in _access_attr
    return accessor(obj, name, *args)
           ^^^^^^^^^^^^^^^^^^^^^^^^^^
AttributeError: 'list' object has no attribute '__array_wrap__'
2026-06-01 12:01:14.156 [   DEBUG] (         protocol.py: 363) Exception caught
Traceback (most recent call last):
  File "C:\Users\awsch\miniconda3\envs\nsp\Lib\site-packages\rpyc\core\protocol.py", line 356, in _dispatch_request
    res = self._HANDLERS[handler](self, *args)
          ^^^^^^^^^^^^^^^^^^^^^^^^^^^^^^^^^^^^
  File "C:\Users\awsch\miniconda3\envs\nsp\Lib\site-packages\rpyc\core\protocol.py", line 853, in _handle_getattr
    return self._access_attr(obj, name, (), "_rpyc_getattr", "allow_getattr", getattr)
           ^^^^^^^^^^^^^^^^^^^^^^^^^^^^^^^^^^^^^^^^^^^^^^^^^^^^^^^^^^^^^^^^^^^^^^^^^^^
  File "C:\Users\awsch\miniconda3\envs\nsp\Lib\site-packages\rpyc\core\protocol.py", line 781, in _access_attr
    return accessor(obj, name, *args)
           ^^^^^^^^^^^^^^^^^^^^^^^^^^
AttributeError: 'list' object has no attribute 'sum'
2026-06-01 12:01:14.158 [   DEBUG] (         protocol.py: 363) Exception caught
Traceback (most recent call last):
  File "C:\Users\awsch\miniconda3\envs\nsp\Lib\site-packages\rpyc\core\protocol.py", line 356, in _dispatch_request
    res = self._HANDLERS[handler](self, *args)
          ^^^^^^^^^^^^^^^^^^^^^^^^^^^^^^^^^^^^
  File "C:\Users\awsch\miniconda3\envs\nsp\Lib\site-packages\rpyc\core\protocol.py", line 853, in _handle_getattr
    return self._access_attr(obj, name, (), "_rpyc_getattr", "allow_getattr", getattr)
           ^^^^^^^^^^^^^^^^^^^^^^^^^^^^^^^^^^^^^^^^^^^^^^^^^^^^^^^^^^^^^^^^^^^^^^^^^^^
  File "C:\Users\awsch\miniconda3\envs\nsp\Lib\site-packages\rpyc\core\protocol.py", line 781, in _access_attr
    return accessor(obj, name, *args)
           ^^^^^^^^^^^^^^^^^^^^^^^^^^
AttributeError: 'list' object has no attribute 'sum'
2026-06-01 12:01:14.160 [   DEBUG] (         protocol.py: 363) Exception caught
Traceback (most recent call last):
  File "C:\Users\awsch\miniconda3\envs\nsp\Lib\site-packages\rpyc\core\protocol.py", line 356, in _dispatch_request
    res = self._HANDLERS[handler](self, *args)
          ^^^^^^^^^^^^^^^^^^^^^^^^^^^^^^^^^^^^
  File "C:\Users\awsch\miniconda3\envs\nsp\Lib\site-packages\rpyc\core\protocol.py", line 853, in _handle_getattr
    return self._access_attr(obj, name, (), "_rpyc_getattr", "allow_getattr", getattr)
           ^^^^^^^^^^^^^^^^^^^^^^^^^^^^^^^^^^^^^^^^^^^^^^^^^^^^^^^^^^^^^^^^^^^^^^^^^^^
  File "C:\Users\awsch\miniconda3\envs\nsp\Lib\site-packages\rpyc\core\protocol.py", line 781, in _access_attr
    return accessor(obj, name, *args)
           ^^^^^^^^^^^^^^^^^^^^^^^^^^
AttributeError: 'list' object has no attribute '__array__'
2026-06-01 12:01:14.169 [   DEBUG] (         protocol.py: 363) Exception caught
Traceback (most recent call last):
  File "C:\Users\awsch\miniconda3\envs\nsp\Lib\site-packages\rpyc\core\protocol.py", line 356, in _dispatch_request
    res = self._HANDLERS[handler](self, *args)
          ^^^^^^^^^^^^^^^^^^^^^^^^^^^^^^^^^^^^
  File "C:\Users\awsch\miniconda3\envs\nsp\Lib\site-packages\rpyc\core\protocol.py", line 853, in _handle_getattr
    return self._access_attr(obj, name, (), "_rpyc_getattr", "allow_getattr", getattr)
           ^^^^^^^^^^^^^^^^^^^^^^^^^^^^^^^^^^^^^^^^^^^^^^^^^^^^^^^^^^^^^^^^^^^^^^^^^^^
  File "C:\Users\awsch\miniconda3\envs\nsp\Lib\site-packages\rpyc\core\protocol.py", line 781, in _access_attr
    return accessor(obj, name, *args)
           ^^^^^^^^^^^^^^^^^^^^^^^^^^
AttributeError: 'list' object has no attribute '__array_wrap__'
2026-06-01 12:01:14.171 [   DEBUG] (         protocol.py: 363) Exception caught
Traceback (most recent call last):
  File "C:\Users\awsch\miniconda3\envs\nsp\Lib\site-packages\rpyc\core\protocol.py", line 356, in _dispatch_request
    res = self._HANDLERS[handler](self, *args)
          ^^^^^^^^^^^^^^^^^^^^^^^^^^^^^^^^^^^^
  File "C:\Users\awsch\miniconda3\envs\nsp\Lib\site-packages\rpyc\core\protocol.py", line 853, in _handle_getattr
    return self._access_attr(obj, name, (), "_rpyc_getattr", "allow_getattr", getattr)
           ^^^^^^^^^^^^^^^^^^^^^^^^^^^^^^^^^^^^^^^^^^^^^^^^^^^^^^^^^^^^^^^^^^^^^^^^^^^
  File "C:\Users\awsch\miniconda3\envs\nsp\Lib\site-packages\rpyc\core\protocol.py", line 781, in _access_attr
    return accessor(obj, name, *args)
           ^^^^^^^^^^^^^^^^^^^^^^^^^^
AttributeError: 'list' object has no attribute '__array_wrap__'
2026-06-01 12:01:14.180 [   DEBUG] (        highlevel.py: 186) viWrite(2, b'FREQ 9664000000.00\r\n', 20, 'c_ulong(20)') -> 0
2026-06-01 12:01:14.681 [   DEBUG] (         protocol.py: 363) Exception caught
Traceback (most recent call last):
  File "C:\Users\awsch\miniconda3\envs\nsp\Lib\site-packages\rpyc\core\protocol.py", line 356, in _dispatch_request
    res = self._HANDLERS[handler](self, *args)
          ^^^^^^^^^^^^^^^^^^^^^^^^^^^^^^^^^^^^
  File "C:\Users\awsch\miniconda3\envs\nsp\Lib\site-packages\rpyc\core\protocol.py", line 853, in _handle_getattr
    return self._access_attr(obj, name, (), "_rpyc_getattr", "allow_getattr", getattr)
           ^^^^^^^^^^^^^^^^^^^^^^^^^^^^^^^^^^^^^^^^^^^^^^^^^^^^^^^^^^^^^^^^^^^^^^^^^^^
  File "C:\Users\awsch\miniconda3\envs\nsp\Lib\site-packages\rpyc\core\protocol.py", line 781, in _access_attr
    return accessor(obj, name, *args)
           ^^^^^^^^^^^^^^^^^^^^^^^^^^
AttributeError: 'list' object has no attribute 'sum'
2026-06-01 12:01:14.682 [   DEBUG] (         protocol.py: 363) Exception caught
Traceback (most recent call last):
  File "C:\Users\awsch\miniconda3\envs\nsp\Lib\site-packages\rpyc\core\protocol.py", line 356, in _dispatch_request
    res = self._HANDLERS[handler](self, *args)
          ^^^^^^^^^^^^^^^^^^^^^^^^^^^^^^^^^^^^
  File "C:\Users\awsch\miniconda3\envs\nsp\Lib\site-packages\rpyc\core\protocol.py", line 853, in _handle_getattr
    return self._access_attr(obj, name, (), "_rpyc_getattr", "allow_getattr", getattr)
           ^^^^^^^^^^^^^^^^^^^^^^^^^^^^^^^^^^^^^^^^^^^^^^^^^^^^^^^^^^^^^^^^^^^^^^^^^^^
  File "C:\Users\awsch\miniconda3\envs\nsp\Lib\site-packages\rpyc\core\protocol.py", line 781, in _access_attr
    return accessor(obj, name, *args)
           ^^^^^^^^^^^^^^^^^^^^^^^^^^
AttributeError: 'list' object has no attribute 'sum'
2026-06-01 12:01:14.683 [   DEBUG] (         protocol.py: 363) Exception caught
Traceback (most recent call last):
  File "C:\Users\awsch\miniconda3\envs\nsp\Lib\site-packages\rpyc\core\protocol.py", line 356, in _dispatch_request
    res = self._HANDLERS[handler](self, *args)
          ^^^^^^^^^^^^^^^^^^^^^^^^^^^^^^^^^^^^
  File "C:\Users\awsch\miniconda3\envs\nsp\Lib\site-packages\rpyc\core\protocol.py", line 853, in _handle_getattr
    return self._access_attr(obj, name, (), "_rpyc_getattr", "allow_getattr", getattr)
           ^^^^^^^^^^^^^^^^^^^^^^^^^^^^^^^^^^^^^^^^^^^^^^^^^^^^^^^^^^^^^^^^^^^^^^^^^^^
  File "C:\Users\awsch\miniconda3\envs\nsp\Lib\site-packages\rpyc\core\protocol.py", line 781, in _access_attr
    return accessor(obj, name, *args)
           ^^^^^^^^^^^^^^^^^^^^^^^^^^
AttributeError: 'list' object has no attribute '__array__'
2026-06-01 12:01:14.687 [   DEBUG] (         protocol.py: 363) Exception caught
Traceback (most recent call last):
  File "C:\Users\awsch\miniconda3\envs\nsp\Lib\site-packages\rpyc\core\protocol.py", line 356, in _dispatch_request
    res = self._HANDLERS[handler](self, *args)
          ^^^^^^^^^^^^^^^^^^^^^^^^^^^^^^^^^^^^
  File "C:\Users\awsch\miniconda3\envs\nsp\Lib\site-packages\rpyc\core\protocol.py", line 853, in _handle_getattr
    return self._access_attr(obj, name, (), "_rpyc_getattr", "allow_getattr", getattr)
           ^^^^^^^^^^^^^^^^^^^^^^^^^^^^^^^^^^^^^^^^^^^^^^^^^^^^^^^^^^^^^^^^^^^^^^^^^^^
  File "C:\Users\awsch\miniconda3\envs\nsp\Lib\site-packages\rpyc\core\protocol.py", line 781, in _access_attr
    return accessor(obj, name, *args)
           ^^^^^^^^^^^^^^^^^^^^^^^^^^
AttributeError: 'list' object has no attribute '__array_wrap__'
2026-06-01 12:01:14.688 [   DEBUG] (         protocol.py: 363) Exception caught
Traceback (most recent call last):
  File "C:\Users\awsch\miniconda3\envs\nsp\Lib\site-packages\rpyc\core\protocol.py", line 356, in _dispatch_request
    res = self._HANDLERS[handler](self, *args)
          ^^^^^^^^^^^^^^^^^^^^^^^^^^^^^^^^^^^^
  File "C:\Users\awsch\miniconda3\envs\nsp\Lib\site-packages\rpyc\core\protocol.py", line 853, in _handle_getattr
    return self._access_attr(obj, name, (), "_rpyc_getattr", "allow_getattr", getattr)
           ^^^^^^^^^^^^^^^^^^^^^^^^^^^^^^^^^^^^^^^^^^^^^^^^^^^^^^^^^^^^^^^^^^^^^^^^^^^
  File "C:\Users\awsch\miniconda3\envs\nsp\Lib\site-packages\rpyc\core\protocol.py", line 781, in _access_attr
    return accessor(obj, name, *args)
           ^^^^^^^^^^^^^^^^^^^^^^^^^^
AttributeError: 'list' object has no attribute '__array_wrap__'
2026-06-01 12:01:14.689 [   DEBUG] (         protocol.py: 363) Exception caught
Traceback (most recent call last):
  File "C:\Users\awsch\miniconda3\envs\nsp\Lib\site-packages\rpyc\core\protocol.py", line 356, in _dispatch_request
    res = self._HANDLERS[handler](self, *args)
          ^^^^^^^^^^^^^^^^^^^^^^^^^^^^^^^^^^^^
  File "C:\Users\awsch\miniconda3\envs\nsp\Lib\site-packages\rpyc\core\protocol.py", line 853, in _handle_getattr
    return self._access_attr(obj, name, (), "_rpyc_getattr", "allow_getattr", getattr)
           ^^^^^^^^^^^^^^^^^^^^^^^^^^^^^^^^^^^^^^^^^^^^^^^^^^^^^^^^^^^^^^^^^^^^^^^^^^^
  File "C:\Users\awsch\miniconda3\envs\nsp\Lib\site-packages\rpyc\core\protocol.py", line 781, in _access_attr
    return accessor(obj, name, *args)
           ^^^^^^^^^^^^^^^^^^^^^^^^^^
AttributeError: 'list' object has no attribute 'sum'
2026-06-01 12:01:14.690 [   DEBUG] (         protocol.py: 363) Exception caught
Traceback (most recent call last):
  File "C:\Users\awsch\miniconda3\envs\nsp\Lib\site-packages\rpyc\core\protocol.py", line 356, in _dispatch_request
    res = self._HANDLERS[handler](self, *args)
          ^^^^^^^^^^^^^^^^^^^^^^^^^^^^^^^^^^^^
  File "C:\Users\awsch\miniconda3\envs\nsp\Lib\site-packages\rpyc\core\protocol.py", line 853, in _handle_getattr
    return self._access_attr(obj, name, (), "_rpyc_getattr", "allow_getattr", getattr)
           ^^^^^^^^^^^^^^^^^^^^^^^^^^^^^^^^^^^^^^^^^^^^^^^^^^^^^^^^^^^^^^^^^^^^^^^^^^^
  File "C:\Users\awsch\miniconda3\envs\nsp\Lib\site-packages\rpyc\core\protocol.py", line 781, in _access_attr
    return accessor(obj, name, *args)
           ^^^^^^^^^^^^^^^^^^^^^^^^^^
AttributeError: 'list' object has no attribute 'sum'
2026-06-01 12:01:14.691 [   DEBUG] (         protocol.py: 363) Exception caught
Traceback (most recent call last):
  File "C:\Users\awsch\miniconda3\envs\nsp\Lib\site-packages\rpyc\core\protocol.py", line 356, in _dispatch_request
    res = self._HANDLERS[handler](self, *args)
          ^^^^^^^^^^^^^^^^^^^^^^^^^^^^^^^^^^^^
  File "C:\Users\awsch\miniconda3\envs\nsp\Lib\site-packages\rpyc\core\protocol.py", line 853, in _handle_getattr
    return self._access_attr(obj, name, (), "_rpyc_getattr", "allow_getattr", getattr)
           ^^^^^^^^^^^^^^^^^^^^^^^^^^^^^^^^^^^^^^^^^^^^^^^^^^^^^^^^^^^^^^^^^^^^^^^^^^^
  File "C:\Users\awsch\miniconda3\envs\nsp\Lib\site-packages\rpyc\core\protocol.py", line 781, in _access_attr
    return accessor(obj, name, *args)
           ^^^^^^^^^^^^^^^^^^^^^^^^^^
AttributeError: 'list' object has no attribute '__array__'
2026-06-01 12:01:14.694 [   DEBUG] (         protocol.py: 363) Exception caught
Traceback (most recent call last):
  File "C:\Users\awsch\miniconda3\envs\nsp\Lib\site-packages\rpyc\core\protocol.py", line 356, in _dispatch_request
    res = self._HANDLERS[handler](self, *args)
          ^^^^^^^^^^^^^^^^^^^^^^^^^^^^^^^^^^^^
  File "C:\Users\awsch\miniconda3\envs\nsp\Lib\site-packages\rpyc\core\protocol.py", line 853, in _handle_getattr
    return self._access_attr(obj, name, (), "_rpyc_getattr", "allow_getattr", getattr)
           ^^^^^^^^^^^^^^^^^^^^^^^^^^^^^^^^^^^^^^^^^^^^^^^^^^^^^^^^^^^^^^^^^^^^^^^^^^^
  File "C:\Users\awsch\miniconda3\envs\nsp\Lib\site-packages\rpyc\core\protocol.py", line 781, in _access_attr
    return accessor(obj, name, *args)
           ^^^^^^^^^^^^^^^^^^^^^^^^^^
AttributeError: 'list' object has no attribute '__array_wrap__'
2026-06-01 12:01:14.695 [   DEBUG] (         protocol.py: 363) Exception caught
Traceback (most recent call last):
  File "C:\Users\awsch\miniconda3\envs\nsp\Lib\site-packages\rpyc\core\protocol.py", line 356, in _dispatch_request
    res = self._HANDLERS[handler](self, *args)
          ^^^^^^^^^^^^^^^^^^^^^^^^^^^^^^^^^^^^
  File "C:\Users\awsch\miniconda3\envs\nsp\Lib\site-packages\rpyc\core\protocol.py", line 853, in _handle_getattr
    return self._access_attr(obj, name, (), "_rpyc_getattr", "allow_getattr", getattr)
           ^^^^^^^^^^^^^^^^^^^^^^^^^^^^^^^^^^^^^^^^^^^^^^^^^^^^^^^^^^^^^^^^^^^^^^^^^^^
  File "C:\Users\awsch\miniconda3\envs\nsp\Lib\site-packages\rpyc\core\protocol.py", line 781, in _access_attr
    return accessor(obj, name, *args)
           ^^^^^^^^^^^^^^^^^^^^^^^^^^
AttributeError: 'list' object has no attribute '__array_wrap__'
2026-06-01 12:01:14.700 [   DEBUG] (        highlevel.py: 186) viWrite(2, b'FREQ 9670000000.00\r\n', 20, 'c_ulong(20)') -> 0
2026-06-01 12:01:15.223 [   DEBUG] (         protocol.py: 363) Exception caught
Traceback (most recent call last):
  File "C:\Users\awsch\miniconda3\envs\nsp\Lib\site-packages\rpyc\core\protocol.py", line 356, in _dispatch_request
    res = self._HANDLERS[handler](self, *args)
          ^^^^^^^^^^^^^^^^^^^^^^^^^^^^^^^^^^^^
  File "C:\Users\awsch\miniconda3\envs\nsp\Lib\site-packages\rpyc\core\protocol.py", line 853, in _handle_getattr
    return self._access_attr(obj, name, (), "_rpyc_getattr", "allow_getattr", getattr)
           ^^^^^^^^^^^^^^^^^^^^^^^^^^^^^^^^^^^^^^^^^^^^^^^^^^^^^^^^^^^^^^^^^^^^^^^^^^^
  File "C:\Users\awsch\miniconda3\envs\nsp\Lib\site-packages\rpyc\core\protocol.py", line 781, in _access_attr
    return accessor(obj, name, *args)
           ^^^^^^^^^^^^^^^^^^^^^^^^^^
AttributeError: 'list' object has no attribute 'sum'
2026-06-01 12:01:15.224 [   DEBUG] (         protocol.py: 363) Exception caught
Traceback (most recent call last):
  File "C:\Users\awsch\miniconda3\envs\nsp\Lib\site-packages\rpyc\core\protocol.py", line 356, in _dispatch_request
    res = self._HANDLERS[handler](self, *args)
          ^^^^^^^^^^^^^^^^^^^^^^^^^^^^^^^^^^^^
  File "C:\Users\awsch\miniconda3\envs\nsp\Lib\site-packages\rpyc\core\protocol.py", line 853, in _handle_getattr
    return self._access_attr(obj, name, (), "_rpyc_getattr", "allow_getattr", getattr)
           ^^^^^^^^^^^^^^^^^^^^^^^^^^^^^^^^^^^^^^^^^^^^^^^^^^^^^^^^^^^^^^^^^^^^^^^^^^^
  File "C:\Users\awsch\miniconda3\envs\nsp\Lib\site-packages\rpyc\core\protocol.py", line 781, in _access_attr
    return accessor(obj, name, *args)
           ^^^^^^^^^^^^^^^^^^^^^^^^^^
AttributeError: 'list' object has no attribute 'sum'
2026-06-01 12:01:15.225 [   DEBUG] (         protocol.py: 363) Exception caught
Traceback (most recent call last):
  File "C:\Users\awsch\miniconda3\envs\nsp\Lib\site-packages\rpyc\core\protocol.py", line 356, in _dispatch_request
    res = self._HANDLERS[handler](self, *args)
          ^^^^^^^^^^^^^^^^^^^^^^^^^^^^^^^^^^^^
  File "C:\Users\awsch\miniconda3\envs\nsp\Lib\site-packages\rpyc\core\protocol.py", line 853, in _handle_getattr
    return self._access_attr(obj, name, (), "_rpyc_getattr", "allow_getattr", getattr)
           ^^^^^^^^^^^^^^^^^^^^^^^^^^^^^^^^^^^^^^^^^^^^^^^^^^^^^^^^^^^^^^^^^^^^^^^^^^^
  File "C:\Users\awsch\miniconda3\envs\nsp\Lib\site-packages\rpyc\core\protocol.py", line 781, in _access_attr
    return accessor(obj, name, *args)
           ^^^^^^^^^^^^^^^^^^^^^^^^^^
AttributeError: 'list' object has no attribute '__array__'
2026-06-01 12:01:15.229 [   DEBUG] (         protocol.py: 363) Exception caught
Traceback (most recent call last):
  File "C:\Users\awsch\miniconda3\envs\nsp\Lib\site-packages\rpyc\core\protocol.py", line 356, in _dispatch_request
    res = self._HANDLERS[handler](self, *args)
          ^^^^^^^^^^^^^^^^^^^^^^^^^^^^^^^^^^^^
  File "C:\Users\awsch\miniconda3\envs\nsp\Lib\site-packages\rpyc\core\protocol.py", line 853, in _handle_getattr
    return self._access_attr(obj, name, (), "_rpyc_getattr", "allow_getattr", getattr)
           ^^^^^^^^^^^^^^^^^^^^^^^^^^^^^^^^^^^^^^^^^^^^^^^^^^^^^^^^^^^^^^^^^^^^^^^^^^^
  File "C:\Users\awsch\miniconda3\envs\nsp\Lib\site-packages\rpyc\core\protocol.py", line 781, in _access_attr
    return accessor(obj, name, *args)
           ^^^^^^^^^^^^^^^^^^^^^^^^^^
AttributeError: 'list' object has no attribute '__array_wrap__'
2026-06-01 12:01:15.231 [   DEBUG] (         protocol.py: 363) Exception caught
Traceback (most recent call last):
  File "C:\Users\awsch\miniconda3\envs\nsp\Lib\site-packages\rpyc\core\protocol.py", line 356, in _dispatch_request
    res = self._HANDLERS[handler](self, *args)
          ^^^^^^^^^^^^^^^^^^^^^^^^^^^^^^^^^^^^
  File "C:\Users\awsch\miniconda3\envs\nsp\Lib\site-packages\rpyc\core\protocol.py", line 853, in _handle_getattr
    return self._access_attr(obj, name, (), "_rpyc_getattr", "allow_getattr", getattr)
           ^^^^^^^^^^^^^^^^^^^^^^^^^^^^^^^^^^^^^^^^^^^^^^^^^^^^^^^^^^^^^^^^^^^^^^^^^^^
  File "C:\Users\awsch\miniconda3\envs\nsp\Lib\site-packages\rpyc\core\protocol.py", line 781, in _access_attr
    return accessor(obj, name, *args)
           ^^^^^^^^^^^^^^^^^^^^^^^^^^
AttributeError: 'list' object has no attribute '__array_wrap__'
2026-06-01 12:01:15.232 [   DEBUG] (         protocol.py: 363) Exception caught
Traceback (most recent call last):
  File "C:\Users\awsch\miniconda3\envs\nsp\Lib\site-packages\rpyc\core\protocol.py", line 356, in _dispatch_request
    res = self._HANDLERS[handler](self, *args)
          ^^^^^^^^^^^^^^^^^^^^^^^^^^^^^^^^^^^^
  File "C:\Users\awsch\miniconda3\envs\nsp\Lib\site-packages\rpyc\core\protocol.py", line 853, in _handle_getattr
    return self._access_attr(obj, name, (), "_rpyc_getattr", "allow_getattr", getattr)
           ^^^^^^^^^^^^^^^^^^^^^^^^^^^^^^^^^^^^^^^^^^^^^^^^^^^^^^^^^^^^^^^^^^^^^^^^^^^
  File "C:\Users\awsch\miniconda3\envs\nsp\Lib\site-packages\rpyc\core\protocol.py", line 781, in _access_attr
    return accessor(obj, name, *args)
           ^^^^^^^^^^^^^^^^^^^^^^^^^^
AttributeError: 'list' object has no attribute 'sum'
2026-06-01 12:01:15.233 [   DEBUG] (         protocol.py: 363) Exception caught
Traceback (most recent call last):
  File "C:\Users\awsch\miniconda3\envs\nsp\Lib\site-packages\rpyc\core\protocol.py", line 356, in _dispatch_request
    res = self._HANDLERS[handler](self, *args)
          ^^^^^^^^^^^^^^^^^^^^^^^^^^^^^^^^^^^^
  File "C:\Users\awsch\miniconda3\envs\nsp\Lib\site-packages\rpyc\core\protocol.py", line 853, in _handle_getattr
    return self._access_attr(obj, name, (), "_rpyc_getattr", "allow_getattr", getattr)
           ^^^^^^^^^^^^^^^^^^^^^^^^^^^^^^^^^^^^^^^^^^^^^^^^^^^^^^^^^^^^^^^^^^^^^^^^^^^
  File "C:\Users\awsch\miniconda3\envs\nsp\Lib\site-packages\rpyc\core\protocol.py", line 781, in _access_attr
    return accessor(obj, name, *args)
           ^^^^^^^^^^^^^^^^^^^^^^^^^^
AttributeError: 'list' object has no attribute 'sum'
2026-06-01 12:01:15.234 [   DEBUG] (         protocol.py: 363) Exception caught
Traceback (most recent call last):
  File "C:\Users\awsch\miniconda3\envs\nsp\Lib\site-packages\rpyc\core\protocol.py", line 356, in _dispatch_request
    res = self._HANDLERS[handler](self, *args)
          ^^^^^^^^^^^^^^^^^^^^^^^^^^^^^^^^^^^^
  File "C:\Users\awsch\miniconda3\envs\nsp\Lib\site-packages\rpyc\core\protocol.py", line 853, in _handle_getattr
    return self._access_attr(obj, name, (), "_rpyc_getattr", "allow_getattr", getattr)
           ^^^^^^^^^^^^^^^^^^^^^^^^^^^^^^^^^^^^^^^^^^^^^^^^^^^^^^^^^^^^^^^^^^^^^^^^^^^
  File "C:\Users\awsch\miniconda3\envs\nsp\Lib\site-packages\rpyc\core\protocol.py", line 781, in _access_attr
    return accessor(obj, name, *args)
           ^^^^^^^^^^^^^^^^^^^^^^^^^^
AttributeError: 'list' object has no attribute '__array__'
2026-06-01 12:01:15.237 [   DEBUG] (         protocol.py: 363) Exception caught
Traceback (most recent call last):
  File "C:\Users\awsch\miniconda3\envs\nsp\Lib\site-packages\rpyc\core\protocol.py", line 356, in _dispatch_request
    res = self._HANDLERS[handler](self, *args)
          ^^^^^^^^^^^^^^^^^^^^^^^^^^^^^^^^^^^^
  File "C:\Users\awsch\miniconda3\envs\nsp\Lib\site-packages\rpyc\core\protocol.py", line 853, in _handle_getattr
    return self._access_attr(obj, name, (), "_rpyc_getattr", "allow_getattr", getattr)
           ^^^^^^^^^^^^^^^^^^^^^^^^^^^^^^^^^^^^^^^^^^^^^^^^^^^^^^^^^^^^^^^^^^^^^^^^^^^
  File "C:\Users\awsch\miniconda3\envs\nsp\Lib\site-packages\rpyc\core\protocol.py", line 781, in _access_attr
    return accessor(obj, name, *args)
           ^^^^^^^^^^^^^^^^^^^^^^^^^^
AttributeError: 'list' object has no attribute '__array_wrap__'
2026-06-01 12:01:15.238 [   DEBUG] (         protocol.py: 363) Exception caught
Traceback (most recent call last):
  File "C:\Users\awsch\miniconda3\envs\nsp\Lib\site-packages\rpyc\core\protocol.py", line 356, in _dispatch_request
    res = self._HANDLERS[handler](self, *args)
          ^^^^^^^^^^^^^^^^^^^^^^^^^^^^^^^^^^^^
  File "C:\Users\awsch\miniconda3\envs\nsp\Lib\site-packages\rpyc\core\protocol.py", line 853, in _handle_getattr
    return self._access_attr(obj, name, (), "_rpyc_getattr", "allow_getattr", getattr)
           ^^^^^^^^^^^^^^^^^^^^^^^^^^^^^^^^^^^^^^^^^^^^^^^^^^^^^^^^^^^^^^^^^^^^^^^^^^^
  File "C:\Users\awsch\miniconda3\envs\nsp\Lib\site-packages\rpyc\core\protocol.py", line 781, in _access_attr
    return accessor(obj, name, *args)
           ^^^^^^^^^^^^^^^^^^^^^^^^^^
AttributeError: 'list' object has no attribute '__array_wrap__'
2026-06-01 12:01:15.245 [   DEBUG] (        highlevel.py: 186) viWrite(2, b'FREQ 9676000000.00\r\n', 20, 'c_ulong(20)') -> 0
2026-06-01 12:01:15.758 [   DEBUG] (         protocol.py: 363) Exception caught
Traceback (most recent call last):
  File "C:\Users\awsch\miniconda3\envs\nsp\Lib\site-packages\rpyc\core\protocol.py", line 356, in _dispatch_request
    res = self._HANDLERS[handler](self, *args)
          ^^^^^^^^^^^^^^^^^^^^^^^^^^^^^^^^^^^^
  File "C:\Users\awsch\miniconda3\envs\nsp\Lib\site-packages\rpyc\core\protocol.py", line 853, in _handle_getattr
    return self._access_attr(obj, name, (), "_rpyc_getattr", "allow_getattr", getattr)
           ^^^^^^^^^^^^^^^^^^^^^^^^^^^^^^^^^^^^^^^^^^^^^^^^^^^^^^^^^^^^^^^^^^^^^^^^^^^
  File "C:\Users\awsch\miniconda3\envs\nsp\Lib\site-packages\rpyc\core\protocol.py", line 781, in _access_attr
    return accessor(obj, name, *args)
           ^^^^^^^^^^^^^^^^^^^^^^^^^^
AttributeError: 'list' object has no attribute 'sum'
2026-06-01 12:01:15.760 [   DEBUG] (         protocol.py: 363) Exception caught
Traceback (most recent call last):
  File "C:\Users\awsch\miniconda3\envs\nsp\Lib\site-packages\rpyc\core\protocol.py", line 356, in _dispatch_request
    res = self._HANDLERS[handler](self, *args)
          ^^^^^^^^^^^^^^^^^^^^^^^^^^^^^^^^^^^^
  File "C:\Users\awsch\miniconda3\envs\nsp\Lib\site-packages\rpyc\core\protocol.py", line 853, in _handle_getattr
    return self._access_attr(obj, name, (), "_rpyc_getattr", "allow_getattr", getattr)
           ^^^^^^^^^^^^^^^^^^^^^^^^^^^^^^^^^^^^^^^^^^^^^^^^^^^^^^^^^^^^^^^^^^^^^^^^^^^
  File "C:\Users\awsch\miniconda3\envs\nsp\Lib\site-packages\rpyc\core\protocol.py", line 781, in _access_attr
    return accessor(obj, name, *args)
           ^^^^^^^^^^^^^^^^^^^^^^^^^^
AttributeError: 'list' object has no attribute 'sum'
2026-06-01 12:01:15.763 [   DEBUG] (         protocol.py: 363) Exception caught
Traceback (most recent call last):
  File "C:\Users\awsch\miniconda3\envs\nsp\Lib\site-packages\rpyc\core\protocol.py", line 356, in _dispatch_request
    res = self._HANDLERS[handler](self, *args)
          ^^^^^^^^^^^^^^^^^^^^^^^^^^^^^^^^^^^^
  File "C:\Users\awsch\miniconda3\envs\nsp\Lib\site-packages\rpyc\core\protocol.py", line 853, in _handle_getattr
    return self._access_attr(obj, name, (), "_rpyc_getattr", "allow_getattr", getattr)
           ^^^^^^^^^^^^^^^^^^^^^^^^^^^^^^^^^^^^^^^^^^^^^^^^^^^^^^^^^^^^^^^^^^^^^^^^^^^
  File "C:\Users\awsch\miniconda3\envs\nsp\Lib\site-packages\rpyc\core\protocol.py", line 781, in _access_attr
    return accessor(obj, name, *args)
           ^^^^^^^^^^^^^^^^^^^^^^^^^^
AttributeError: 'list' object has no attribute '__array__'
2026-06-01 12:01:15.771 [   DEBUG] (         protocol.py: 363) Exception caught
Traceback (most recent call last):
  File "C:\Users\awsch\miniconda3\envs\nsp\Lib\site-packages\rpyc\core\protocol.py", line 356, in _dispatch_request
    res = self._HANDLERS[handler](self, *args)
          ^^^^^^^^^^^^^^^^^^^^^^^^^^^^^^^^^^^^
  File "C:\Users\awsch\miniconda3\envs\nsp\Lib\site-packages\rpyc\core\protocol.py", line 853, in _handle_getattr
    return self._access_attr(obj, name, (), "_rpyc_getattr", "allow_getattr", getattr)
           ^^^^^^^^^^^^^^^^^^^^^^^^^^^^^^^^^^^^^^^^^^^^^^^^^^^^^^^^^^^^^^^^^^^^^^^^^^^
  File "C:\Users\awsch\miniconda3\envs\nsp\Lib\site-packages\rpyc\core\protocol.py", line 781, in _access_attr
    return accessor(obj, name, *args)
           ^^^^^^^^^^^^^^^^^^^^^^^^^^
AttributeError: 'list' object has no attribute '__array_wrap__'
2026-06-01 12:01:15.774 [   DEBUG] (         protocol.py: 363) Exception caught
Traceback (most recent call last):
  File "C:\Users\awsch\miniconda3\envs\nsp\Lib\site-packages\rpyc\core\protocol.py", line 356, in _dispatch_request
    res = self._HANDLERS[handler](self, *args)
          ^^^^^^^^^^^^^^^^^^^^^^^^^^^^^^^^^^^^
  File "C:\Users\awsch\miniconda3\envs\nsp\Lib\site-packages\rpyc\core\protocol.py", line 853, in _handle_getattr
    return self._access_attr(obj, name, (), "_rpyc_getattr", "allow_getattr", getattr)
           ^^^^^^^^^^^^^^^^^^^^^^^^^^^^^^^^^^^^^^^^^^^^^^^^^^^^^^^^^^^^^^^^^^^^^^^^^^^
  File "C:\Users\awsch\miniconda3\envs\nsp\Lib\site-packages\rpyc\core\protocol.py", line 781, in _access_attr
    return accessor(obj, name, *args)
           ^^^^^^^^^^^^^^^^^^^^^^^^^^
AttributeError: 'list' object has no attribute '__array_wrap__'
2026-06-01 12:01:15.777 [   DEBUG] (         protocol.py: 363) Exception caught
Traceback (most recent call last):
  File "C:\Users\awsch\miniconda3\envs\nsp\Lib\site-packages\rpyc\core\protocol.py", line 356, in _dispatch_request
    res = self._HANDLERS[handler](self, *args)
          ^^^^^^^^^^^^^^^^^^^^^^^^^^^^^^^^^^^^
  File "C:\Users\awsch\miniconda3\envs\nsp\Lib\site-packages\rpyc\core\protocol.py", line 853, in _handle_getattr
    return self._access_attr(obj, name, (), "_rpyc_getattr", "allow_getattr", getattr)
           ^^^^^^^^^^^^^^^^^^^^^^^^^^^^^^^^^^^^^^^^^^^^^^^^^^^^^^^^^^^^^^^^^^^^^^^^^^^
  File "C:\Users\awsch\miniconda3\envs\nsp\Lib\site-packages\rpyc\core\protocol.py", line 781, in _access_attr
    return accessor(obj, name, *args)
           ^^^^^^^^^^^^^^^^^^^^^^^^^^
AttributeError: 'list' object has no attribute 'sum'
2026-06-01 12:01:15.779 [   DEBUG] (         protocol.py: 363) Exception caught
Traceback (most recent call last):
  File "C:\Users\awsch\miniconda3\envs\nsp\Lib\site-packages\rpyc\core\protocol.py", line 356, in _dispatch_request
    res = self._HANDLERS[handler](self, *args)
          ^^^^^^^^^^^^^^^^^^^^^^^^^^^^^^^^^^^^
  File "C:\Users\awsch\miniconda3\envs\nsp\Lib\site-packages\rpyc\core\protocol.py", line 853, in _handle_getattr
    return self._access_attr(obj, name, (), "_rpyc_getattr", "allow_getattr", getattr)
           ^^^^^^^^^^^^^^^^^^^^^^^^^^^^^^^^^^^^^^^^^^^^^^^^^^^^^^^^^^^^^^^^^^^^^^^^^^^
  File "C:\Users\awsch\miniconda3\envs\nsp\Lib\site-packages\rpyc\core\protocol.py", line 781, in _access_attr
    return accessor(obj, name, *args)
           ^^^^^^^^^^^^^^^^^^^^^^^^^^
AttributeError: 'list' object has no attribute 'sum'
2026-06-01 12:01:15.781 [   DEBUG] (         protocol.py: 363) Exception caught
Traceback (most recent call last):
  File "C:\Users\awsch\miniconda3\envs\nsp\Lib\site-packages\rpyc\core\protocol.py", line 356, in _dispatch_request
    res = self._HANDLERS[handler](self, *args)
          ^^^^^^^^^^^^^^^^^^^^^^^^^^^^^^^^^^^^
  File "C:\Users\awsch\miniconda3\envs\nsp\Lib\site-packages\rpyc\core\protocol.py", line 853, in _handle_getattr
    return self._access_attr(obj, name, (), "_rpyc_getattr", "allow_getattr", getattr)
           ^^^^^^^^^^^^^^^^^^^^^^^^^^^^^^^^^^^^^^^^^^^^^^^^^^^^^^^^^^^^^^^^^^^^^^^^^^^
  File "C:\Users\awsch\miniconda3\envs\nsp\Lib\site-packages\rpyc\core\protocol.py", line 781, in _access_attr
    return accessor(obj, name, *args)
           ^^^^^^^^^^^^^^^^^^^^^^^^^^
AttributeError: 'list' object has no attribute '__array__'
2026-06-01 12:01:15.790 [   DEBUG] (         protocol.py: 363) Exception caught
Traceback (most recent call last):
  File "C:\Users\awsch\miniconda3\envs\nsp\Lib\site-packages\rpyc\core\protocol.py", line 356, in _dispatch_request
    res = self._HANDLERS[handler](self, *args)
          ^^^^^^^^^^^^^^^^^^^^^^^^^^^^^^^^^^^^
  File "C:\Users\awsch\miniconda3\envs\nsp\Lib\site-packages\rpyc\core\protocol.py", line 853, in _handle_getattr
    return self._access_attr(obj, name, (), "_rpyc_getattr", "allow_getattr", getattr)
           ^^^^^^^^^^^^^^^^^^^^^^^^^^^^^^^^^^^^^^^^^^^^^^^^^^^^^^^^^^^^^^^^^^^^^^^^^^^
  File "C:\Users\awsch\miniconda3\envs\nsp\Lib\site-packages\rpyc\core\protocol.py", line 781, in _access_attr
    return accessor(obj, name, *args)
           ^^^^^^^^^^^^^^^^^^^^^^^^^^
AttributeError: 'list' object has no attribute '__array_wrap__'
2026-06-01 12:01:15.793 [   DEBUG] (         protocol.py: 363) Exception caught
Traceback (most recent call last):
  File "C:\Users\awsch\miniconda3\envs\nsp\Lib\site-packages\rpyc\core\protocol.py", line 356, in _dispatch_request
    res = self._HANDLERS[handler](self, *args)
          ^^^^^^^^^^^^^^^^^^^^^^^^^^^^^^^^^^^^
  File "C:\Users\awsch\miniconda3\envs\nsp\Lib\site-packages\rpyc\core\protocol.py", line 853, in _handle_getattr
    return self._access_attr(obj, name, (), "_rpyc_getattr", "allow_getattr", getattr)
           ^^^^^^^^^^^^^^^^^^^^^^^^^^^^^^^^^^^^^^^^^^^^^^^^^^^^^^^^^^^^^^^^^^^^^^^^^^^
  File "C:\Users\awsch\miniconda3\envs\nsp\Lib\site-packages\rpyc\core\protocol.py", line 781, in _access_attr
    return accessor(obj, name, *args)
           ^^^^^^^^^^^^^^^^^^^^^^^^^^
AttributeError: 'list' object has no attribute '__array_wrap__'
2026-06-01 12:01:15.804 [   DEBUG] (        highlevel.py: 186) viWrite(2, b'FREQ 9682000000.00\r\n', 20, 'c_ulong(20)') -> 0
2026-06-01 12:01:16.308 [   DEBUG] (         protocol.py: 363) Exception caught
Traceback (most recent call last):
  File "C:\Users\awsch\miniconda3\envs\nsp\Lib\site-packages\rpyc\core\protocol.py", line 356, in _dispatch_request
    res = self._HANDLERS[handler](self, *args)
          ^^^^^^^^^^^^^^^^^^^^^^^^^^^^^^^^^^^^
  File "C:\Users\awsch\miniconda3\envs\nsp\Lib\site-packages\rpyc\core\protocol.py", line 853, in _handle_getattr
    return self._access_attr(obj, name, (), "_rpyc_getattr", "allow_getattr", getattr)
           ^^^^^^^^^^^^^^^^^^^^^^^^^^^^^^^^^^^^^^^^^^^^^^^^^^^^^^^^^^^^^^^^^^^^^^^^^^^
  File "C:\Users\awsch\miniconda3\envs\nsp\Lib\site-packages\rpyc\core\protocol.py", line 781, in _access_attr
    return accessor(obj, name, *args)
           ^^^^^^^^^^^^^^^^^^^^^^^^^^
AttributeError: 'list' object has no attribute 'sum'
2026-06-01 12:01:16.314 [   DEBUG] (         protocol.py: 363) Exception caught
Traceback (most recent call last):
  File "C:\Users\awsch\miniconda3\envs\nsp\Lib\site-packages\rpyc\core\protocol.py", line 356, in _dispatch_request
    res = self._HANDLERS[handler](self, *args)
          ^^^^^^^^^^^^^^^^^^^^^^^^^^^^^^^^^^^^
  File "C:\Users\awsch\miniconda3\envs\nsp\Lib\site-packages\rpyc\core\protocol.py", line 853, in _handle_getattr
    return self._access_attr(obj, name, (), "_rpyc_getattr", "allow_getattr", getattr)
           ^^^^^^^^^^^^^^^^^^^^^^^^^^^^^^^^^^^^^^^^^^^^^^^^^^^^^^^^^^^^^^^^^^^^^^^^^^^
  File "C:\Users\awsch\miniconda3\envs\nsp\Lib\site-packages\rpyc\core\protocol.py", line 781, in _access_attr
    return accessor(obj, name, *args)
           ^^^^^^^^^^^^^^^^^^^^^^^^^^
AttributeError: 'list' object has no attribute 'sum'
2026-06-01 12:01:16.321 [   DEBUG] (         protocol.py: 363) Exception caught
Traceback (most recent call last):
  File "C:\Users\awsch\miniconda3\envs\nsp\Lib\site-packages\rpyc\core\protocol.py", line 356, in _dispatch_request
    res = self._HANDLERS[handler](self, *args)
          ^^^^^^^^^^^^^^^^^^^^^^^^^^^^^^^^^^^^
  File "C:\Users\awsch\miniconda3\envs\nsp\Lib\site-packages\rpyc\core\protocol.py", line 853, in _handle_getattr
    return self._access_attr(obj, name, (), "_rpyc_getattr", "allow_getattr", getattr)
           ^^^^^^^^^^^^^^^^^^^^^^^^^^^^^^^^^^^^^^^^^^^^^^^^^^^^^^^^^^^^^^^^^^^^^^^^^^^
  File "C:\Users\awsch\miniconda3\envs\nsp\Lib\site-packages\rpyc\core\protocol.py", line 781, in _access_attr
    return accessor(obj, name, *args)
           ^^^^^^^^^^^^^^^^^^^^^^^^^^
AttributeError: 'list' object has no attribute '__array__'
2026-06-01 12:01:16.339 [   DEBUG] (         protocol.py: 363) Exception caught
Traceback (most recent call last):
  File "C:\Users\awsch\miniconda3\envs\nsp\Lib\site-packages\rpyc\core\protocol.py", line 356, in _dispatch_request
    res = self._HANDLERS[handler](self, *args)
          ^^^^^^^^^^^^^^^^^^^^^^^^^^^^^^^^^^^^
  File "C:\Users\awsch\miniconda3\envs\nsp\Lib\site-packages\rpyc\core\protocol.py", line 853, in _handle_getattr
    return self._access_attr(obj, name, (), "_rpyc_getattr", "allow_getattr", getattr)
           ^^^^^^^^^^^^^^^^^^^^^^^^^^^^^^^^^^^^^^^^^^^^^^^^^^^^^^^^^^^^^^^^^^^^^^^^^^^
  File "C:\Users\awsch\miniconda3\envs\nsp\Lib\site-packages\rpyc\core\protocol.py", line 781, in _access_attr
    return accessor(obj, name, *args)
           ^^^^^^^^^^^^^^^^^^^^^^^^^^
AttributeError: 'list' object has no attribute '__array_wrap__'
2026-06-01 12:01:16.342 [   DEBUG] (         protocol.py: 363) Exception caught
Traceback (most recent call last):
  File "C:\Users\awsch\miniconda3\envs\nsp\Lib\site-packages\rpyc\core\protocol.py", line 356, in _dispatch_request
    res = self._HANDLERS[handler](self, *args)
          ^^^^^^^^^^^^^^^^^^^^^^^^^^^^^^^^^^^^
  File "C:\Users\awsch\miniconda3\envs\nsp\Lib\site-packages\rpyc\core\protocol.py", line 853, in _handle_getattr
    return self._access_attr(obj, name, (), "_rpyc_getattr", "allow_getattr", getattr)
           ^^^^^^^^^^^^^^^^^^^^^^^^^^^^^^^^^^^^^^^^^^^^^^^^^^^^^^^^^^^^^^^^^^^^^^^^^^^
  File "C:\Users\awsch\miniconda3\envs\nsp\Lib\site-packages\rpyc\core\protocol.py", line 781, in _access_attr
    return accessor(obj, name, *args)
           ^^^^^^^^^^^^^^^^^^^^^^^^^^
AttributeError: 'list' object has no attribute '__array_wrap__'
2026-06-01 12:01:16.345 [   DEBUG] (         protocol.py: 363) Exception caught
Traceback (most recent call last):
  File "C:\Users\awsch\miniconda3\envs\nsp\Lib\site-packages\rpyc\core\protocol.py", line 356, in _dispatch_request
    res = self._HANDLERS[handler](self, *args)
          ^^^^^^^^^^^^^^^^^^^^^^^^^^^^^^^^^^^^
  File "C:\Users\awsch\miniconda3\envs\nsp\Lib\site-packages\rpyc\core\protocol.py", line 853, in _handle_getattr
    return self._access_attr(obj, name, (), "_rpyc_getattr", "allow_getattr", getattr)
           ^^^^^^^^^^^^^^^^^^^^^^^^^^^^^^^^^^^^^^^^^^^^^^^^^^^^^^^^^^^^^^^^^^^^^^^^^^^
  File "C:\Users\awsch\miniconda3\envs\nsp\Lib\site-packages\rpyc\core\protocol.py", line 781, in _access_attr
    return accessor(obj, name, *args)
           ^^^^^^^^^^^^^^^^^^^^^^^^^^
AttributeError: 'list' object has no attribute 'sum'
2026-06-01 12:01:16.348 [   DEBUG] (         protocol.py: 363) Exception caught
Traceback (most recent call last):
  File "C:\Users\awsch\miniconda3\envs\nsp\Lib\site-packages\rpyc\core\protocol.py", line 356, in _dispatch_request
    res = self._HANDLERS[handler](self, *args)
          ^^^^^^^^^^^^^^^^^^^^^^^^^^^^^^^^^^^^
  File "C:\Users\awsch\miniconda3\envs\nsp\Lib\site-packages\rpyc\core\protocol.py", line 853, in _handle_getattr
    return self._access_attr(obj, name, (), "_rpyc_getattr", "allow_getattr", getattr)
           ^^^^^^^^^^^^^^^^^^^^^^^^^^^^^^^^^^^^^^^^^^^^^^^^^^^^^^^^^^^^^^^^^^^^^^^^^^^
  File "C:\Users\awsch\miniconda3\envs\nsp\Lib\site-packages\rpyc\core\protocol.py", line 781, in _access_attr
    return accessor(obj, name, *args)
           ^^^^^^^^^^^^^^^^^^^^^^^^^^
AttributeError: 'list' object has no attribute 'sum'
2026-06-01 12:01:16.351 [   DEBUG] (         protocol.py: 363) Exception caught
Traceback (most recent call last):
  File "C:\Users\awsch\miniconda3\envs\nsp\Lib\site-packages\rpyc\core\protocol.py", line 356, in _dispatch_request
    res = self._HANDLERS[handler](self, *args)
          ^^^^^^^^^^^^^^^^^^^^^^^^^^^^^^^^^^^^
  File "C:\Users\awsch\miniconda3\envs\nsp\Lib\site-packages\rpyc\core\protocol.py", line 853, in _handle_getattr
    return self._access_attr(obj, name, (), "_rpyc_getattr", "allow_getattr", getattr)
           ^^^^^^^^^^^^^^^^^^^^^^^^^^^^^^^^^^^^^^^^^^^^^^^^^^^^^^^^^^^^^^^^^^^^^^^^^^^
  File "C:\Users\awsch\miniconda3\envs\nsp\Lib\site-packages\rpyc\core\protocol.py", line 781, in _access_attr
    return accessor(obj, name, *args)
           ^^^^^^^^^^^^^^^^^^^^^^^^^^
AttributeError: 'list' object has no attribute '__array__'
2026-06-01 12:01:16.361 [   DEBUG] (         protocol.py: 363) Exception caught
Traceback (most recent call last):
  File "C:\Users\awsch\miniconda3\envs\nsp\Lib\site-packages\rpyc\core\protocol.py", line 356, in _dispatch_request
    res = self._HANDLERS[handler](self, *args)
          ^^^^^^^^^^^^^^^^^^^^^^^^^^^^^^^^^^^^
  File "C:\Users\awsch\miniconda3\envs\nsp\Lib\site-packages\rpyc\core\protocol.py", line 853, in _handle_getattr
    return self._access_attr(obj, name, (), "_rpyc_getattr", "allow_getattr", getattr)
           ^^^^^^^^^^^^^^^^^^^^^^^^^^^^^^^^^^^^^^^^^^^^^^^^^^^^^^^^^^^^^^^^^^^^^^^^^^^
  File "C:\Users\awsch\miniconda3\envs\nsp\Lib\site-packages\rpyc\core\protocol.py", line 781, in _access_attr
    return accessor(obj, name, *args)
           ^^^^^^^^^^^^^^^^^^^^^^^^^^
AttributeError: 'list' object has no attribute '__array_wrap__'
2026-06-01 12:01:16.365 [   DEBUG] (         protocol.py: 363) Exception caught
Traceback (most recent call last):
  File "C:\Users\awsch\miniconda3\envs\nsp\Lib\site-packages\rpyc\core\protocol.py", line 356, in _dispatch_request
    res = self._HANDLERS[handler](self, *args)
          ^^^^^^^^^^^^^^^^^^^^^^^^^^^^^^^^^^^^
  File "C:\Users\awsch\miniconda3\envs\nsp\Lib\site-packages\rpyc\core\protocol.py", line 853, in _handle_getattr
    return self._access_attr(obj, name, (), "_rpyc_getattr", "allow_getattr", getattr)
           ^^^^^^^^^^^^^^^^^^^^^^^^^^^^^^^^^^^^^^^^^^^^^^^^^^^^^^^^^^^^^^^^^^^^^^^^^^^
  File "C:\Users\awsch\miniconda3\envs\nsp\Lib\site-packages\rpyc\core\protocol.py", line 781, in _access_attr
    return accessor(obj, name, *args)
           ^^^^^^^^^^^^^^^^^^^^^^^^^^
AttributeError: 'list' object has no attribute '__array_wrap__'
2026-06-01 12:01:16.373 [   DEBUG] (        highlevel.py: 186) viWrite(2, b'FREQ 9688000000.00\r\n', 20, 'c_ulong(20)') -> 0
2026-06-01 12:01:16.879 [   DEBUG] (         protocol.py: 363) Exception caught
Traceback (most recent call last):
  File "C:\Users\awsch\miniconda3\envs\nsp\Lib\site-packages\rpyc\core\protocol.py", line 356, in _dispatch_request
    res = self._HANDLERS[handler](self, *args)
          ^^^^^^^^^^^^^^^^^^^^^^^^^^^^^^^^^^^^
  File "C:\Users\awsch\miniconda3\envs\nsp\Lib\site-packages\rpyc\core\protocol.py", line 853, in _handle_getattr
    return self._access_attr(obj, name, (), "_rpyc_getattr", "allow_getattr", getattr)
           ^^^^^^^^^^^^^^^^^^^^^^^^^^^^^^^^^^^^^^^^^^^^^^^^^^^^^^^^^^^^^^^^^^^^^^^^^^^
  File "C:\Users\awsch\miniconda3\envs\nsp\Lib\site-packages\rpyc\core\protocol.py", line 781, in _access_attr
    return accessor(obj, name, *args)
           ^^^^^^^^^^^^^^^^^^^^^^^^^^
AttributeError: 'list' object has no attribute 'sum'
2026-06-01 12:01:16.881 [   DEBUG] (         protocol.py: 363) Exception caught
Traceback (most recent call last):
  File "C:\Users\awsch\miniconda3\envs\nsp\Lib\site-packages\rpyc\core\protocol.py", line 356, in _dispatch_request
    res = self._HANDLERS[handler](self, *args)
          ^^^^^^^^^^^^^^^^^^^^^^^^^^^^^^^^^^^^
  File "C:\Users\awsch\miniconda3\envs\nsp\Lib\site-packages\rpyc\core\protocol.py", line 853, in _handle_getattr
    return self._access_attr(obj, name, (), "_rpyc_getattr", "allow_getattr", getattr)
           ^^^^^^^^^^^^^^^^^^^^^^^^^^^^^^^^^^^^^^^^^^^^^^^^^^^^^^^^^^^^^^^^^^^^^^^^^^^
  File "C:\Users\awsch\miniconda3\envs\nsp\Lib\site-packages\rpyc\core\protocol.py", line 781, in _access_attr
    return accessor(obj, name, *args)
           ^^^^^^^^^^^^^^^^^^^^^^^^^^
AttributeError: 'list' object has no attribute 'sum'
2026-06-01 12:01:16.882 [   DEBUG] (         protocol.py: 363) Exception caught
Traceback (most recent call last):
  File "C:\Users\awsch\miniconda3\envs\nsp\Lib\site-packages\rpyc\core\protocol.py", line 356, in _dispatch_request
    res = self._HANDLERS[handler](self, *args)
          ^^^^^^^^^^^^^^^^^^^^^^^^^^^^^^^^^^^^
  File "C:\Users\awsch\miniconda3\envs\nsp\Lib\site-packages\rpyc\core\protocol.py", line 853, in _handle_getattr
    return self._access_attr(obj, name, (), "_rpyc_getattr", "allow_getattr", getattr)
           ^^^^^^^^^^^^^^^^^^^^^^^^^^^^^^^^^^^^^^^^^^^^^^^^^^^^^^^^^^^^^^^^^^^^^^^^^^^
  File "C:\Users\awsch\miniconda3\envs\nsp\Lib\site-packages\rpyc\core\protocol.py", line 781, in _access_attr
    return accessor(obj, name, *args)
           ^^^^^^^^^^^^^^^^^^^^^^^^^^
AttributeError: 'list' object has no attribute '__array__'
2026-06-01 12:01:16.886 [   DEBUG] (         protocol.py: 363) Exception caught
Traceback (most recent call last):
  File "C:\Users\awsch\miniconda3\envs\nsp\Lib\site-packages\rpyc\core\protocol.py", line 356, in _dispatch_request
    res = self._HANDLERS[handler](self, *args)
          ^^^^^^^^^^^^^^^^^^^^^^^^^^^^^^^^^^^^
  File "C:\Users\awsch\miniconda3\envs\nsp\Lib\site-packages\rpyc\core\protocol.py", line 853, in _handle_getattr
    return self._access_attr(obj, name, (), "_rpyc_getattr", "allow_getattr", getattr)
           ^^^^^^^^^^^^^^^^^^^^^^^^^^^^^^^^^^^^^^^^^^^^^^^^^^^^^^^^^^^^^^^^^^^^^^^^^^^
  File "C:\Users\awsch\miniconda3\envs\nsp\Lib\site-packages\rpyc\core\protocol.py", line 781, in _access_attr
    return accessor(obj, name, *args)
           ^^^^^^^^^^^^^^^^^^^^^^^^^^
AttributeError: 'list' object has no attribute '__array_wrap__'
2026-06-01 12:01:16.887 [   DEBUG] (         protocol.py: 363) Exception caught
Traceback (most recent call last):
  File "C:\Users\awsch\miniconda3\envs\nsp\Lib\site-packages\rpyc\core\protocol.py", line 356, in _dispatch_request
    res = self._HANDLERS[handler](self, *args)
          ^^^^^^^^^^^^^^^^^^^^^^^^^^^^^^^^^^^^
  File "C:\Users\awsch\miniconda3\envs\nsp\Lib\site-packages\rpyc\core\protocol.py", line 853, in _handle_getattr
    return self._access_attr(obj, name, (), "_rpyc_getattr", "allow_getattr", getattr)
           ^^^^^^^^^^^^^^^^^^^^^^^^^^^^^^^^^^^^^^^^^^^^^^^^^^^^^^^^^^^^^^^^^^^^^^^^^^^
  File "C:\Users\awsch\miniconda3\envs\nsp\Lib\site-packages\rpyc\core\protocol.py", line 781, in _access_attr
    return accessor(obj, name, *args)
           ^^^^^^^^^^^^^^^^^^^^^^^^^^
AttributeError: 'list' object has no attribute '__array_wrap__'
2026-06-01 12:01:16.888 [   DEBUG] (         protocol.py: 363) Exception caught
Traceback (most recent call last):
  File "C:\Users\awsch\miniconda3\envs\nsp\Lib\site-packages\rpyc\core\protocol.py", line 356, in _dispatch_request
    res = self._HANDLERS[handler](self, *args)
          ^^^^^^^^^^^^^^^^^^^^^^^^^^^^^^^^^^^^
  File "C:\Users\awsch\miniconda3\envs\nsp\Lib\site-packages\rpyc\core\protocol.py", line 853, in _handle_getattr
    return self._access_attr(obj, name, (), "_rpyc_getattr", "allow_getattr", getattr)
           ^^^^^^^^^^^^^^^^^^^^^^^^^^^^^^^^^^^^^^^^^^^^^^^^^^^^^^^^^^^^^^^^^^^^^^^^^^^
  File "C:\Users\awsch\miniconda3\envs\nsp\Lib\site-packages\rpyc\core\protocol.py", line 781, in _access_attr
    return accessor(obj, name, *args)
           ^^^^^^^^^^^^^^^^^^^^^^^^^^
AttributeError: 'list' object has no attribute 'sum'
2026-06-01 12:01:16.889 [   DEBUG] (         protocol.py: 363) Exception caught
Traceback (most recent call last):
  File "C:\Users\awsch\miniconda3\envs\nsp\Lib\site-packages\rpyc\core\protocol.py", line 356, in _dispatch_request
    res = self._HANDLERS[handler](self, *args)
          ^^^^^^^^^^^^^^^^^^^^^^^^^^^^^^^^^^^^
  File "C:\Users\awsch\miniconda3\envs\nsp\Lib\site-packages\rpyc\core\protocol.py", line 853, in _handle_getattr
    return self._access_attr(obj, name, (), "_rpyc_getattr", "allow_getattr", getattr)
           ^^^^^^^^^^^^^^^^^^^^^^^^^^^^^^^^^^^^^^^^^^^^^^^^^^^^^^^^^^^^^^^^^^^^^^^^^^^
  File "C:\Users\awsch\miniconda3\envs\nsp\Lib\site-packages\rpyc\core\protocol.py", line 781, in _access_attr
    return accessor(obj, name, *args)
           ^^^^^^^^^^^^^^^^^^^^^^^^^^
AttributeError: 'list' object has no attribute 'sum'
2026-06-01 12:01:16.890 [   DEBUG] (         protocol.py: 363) Exception caught
Traceback (most recent call last):
  File "C:\Users\awsch\miniconda3\envs\nsp\Lib\site-packages\rpyc\core\protocol.py", line 356, in _dispatch_request
    res = self._HANDLERS[handler](self, *args)
          ^^^^^^^^^^^^^^^^^^^^^^^^^^^^^^^^^^^^
  File "C:\Users\awsch\miniconda3\envs\nsp\Lib\site-packages\rpyc\core\protocol.py", line 853, in _handle_getattr
    return self._access_attr(obj, name, (), "_rpyc_getattr", "allow_getattr", getattr)
           ^^^^^^^^^^^^^^^^^^^^^^^^^^^^^^^^^^^^^^^^^^^^^^^^^^^^^^^^^^^^^^^^^^^^^^^^^^^
  File "C:\Users\awsch\miniconda3\envs\nsp\Lib\site-packages\rpyc\core\protocol.py", line 781, in _access_attr
    return accessor(obj, name, *args)
           ^^^^^^^^^^^^^^^^^^^^^^^^^^
AttributeError: 'list' object has no attribute '__array__'
2026-06-01 12:01:16.894 [   DEBUG] (         protocol.py: 363) Exception caught
Traceback (most recent call last):
  File "C:\Users\awsch\miniconda3\envs\nsp\Lib\site-packages\rpyc\core\protocol.py", line 356, in _dispatch_request
    res = self._HANDLERS[handler](self, *args)
          ^^^^^^^^^^^^^^^^^^^^^^^^^^^^^^^^^^^^
  File "C:\Users\awsch\miniconda3\envs\nsp\Lib\site-packages\rpyc\core\protocol.py", line 853, in _handle_getattr
    return self._access_attr(obj, name, (), "_rpyc_getattr", "allow_getattr", getattr)
           ^^^^^^^^^^^^^^^^^^^^^^^^^^^^^^^^^^^^^^^^^^^^^^^^^^^^^^^^^^^^^^^^^^^^^^^^^^^
  File "C:\Users\awsch\miniconda3\envs\nsp\Lib\site-packages\rpyc\core\protocol.py", line 781, in _access_attr
    return accessor(obj, name, *args)
           ^^^^^^^^^^^^^^^^^^^^^^^^^^
AttributeError: 'list' object has no attribute '__array_wrap__'
2026-06-01 12:01:16.895 [   DEBUG] (         protocol.py: 363) Exception caught
Traceback (most recent call last):
  File "C:\Users\awsch\miniconda3\envs\nsp\Lib\site-packages\rpyc\core\protocol.py", line 356, in _dispatch_request
    res = self._HANDLERS[handler](self, *args)
          ^^^^^^^^^^^^^^^^^^^^^^^^^^^^^^^^^^^^
  File "C:\Users\awsch\miniconda3\envs\nsp\Lib\site-packages\rpyc\core\protocol.py", line 853, in _handle_getattr
    return self._access_attr(obj, name, (), "_rpyc_getattr", "allow_getattr", getattr)
           ^^^^^^^^^^^^^^^^^^^^^^^^^^^^^^^^^^^^^^^^^^^^^^^^^^^^^^^^^^^^^^^^^^^^^^^^^^^
  File "C:\Users\awsch\miniconda3\envs\nsp\Lib\site-packages\rpyc\core\protocol.py", line 781, in _access_attr
    return accessor(obj, name, *args)
           ^^^^^^^^^^^^^^^^^^^^^^^^^^
AttributeError: 'list' object has no attribute '__array_wrap__'
2026-06-01 12:01:16.900 [   DEBUG] (        highlevel.py: 186) viWrite(2, b'FREQ 9694000000.00\r\n', 20, 'c_ulong(20)') -> 0
2026-06-01 12:01:17.387 [   DEBUG] (         protocol.py: 363) Exception caught
Traceback (most recent call last):
  File "C:\Users\awsch\miniconda3\envs\nsp\Lib\site-packages\rpyc\core\protocol.py", line 356, in _dispatch_request
    res = self._HANDLERS[handler](self, *args)
          ^^^^^^^^^^^^^^^^^^^^^^^^^^^^^^^^^^^^
  File "C:\Users\awsch\miniconda3\envs\nsp\Lib\site-packages\rpyc\core\protocol.py", line 853, in _handle_getattr
    return self._access_attr(obj, name, (), "_rpyc_getattr", "allow_getattr", getattr)
           ^^^^^^^^^^^^^^^^^^^^^^^^^^^^^^^^^^^^^^^^^^^^^^^^^^^^^^^^^^^^^^^^^^^^^^^^^^^
  File "C:\Users\awsch\miniconda3\envs\nsp\Lib\site-packages\rpyc\core\protocol.py", line 781, in _access_attr
    return accessor(obj, name, *args)
           ^^^^^^^^^^^^^^^^^^^^^^^^^^
AttributeError: 'list' object has no attribute 'sum'
2026-06-01 12:01:17.388 [   DEBUG] (         protocol.py: 363) Exception caught
Traceback (most recent call last):
  File "C:\Users\awsch\miniconda3\envs\nsp\Lib\site-packages\rpyc\core\protocol.py", line 356, in _dispatch_request
    res = self._HANDLERS[handler](self, *args)
          ^^^^^^^^^^^^^^^^^^^^^^^^^^^^^^^^^^^^
  File "C:\Users\awsch\miniconda3\envs\nsp\Lib\site-packages\rpyc\core\protocol.py", line 853, in _handle_getattr
    return self._access_attr(obj, name, (), "_rpyc_getattr", "allow_getattr", getattr)
           ^^^^^^^^^^^^^^^^^^^^^^^^^^^^^^^^^^^^^^^^^^^^^^^^^^^^^^^^^^^^^^^^^^^^^^^^^^^
  File "C:\Users\awsch\miniconda3\envs\nsp\Lib\site-packages\rpyc\core\protocol.py", line 781, in _access_attr
    return accessor(obj, name, *args)
           ^^^^^^^^^^^^^^^^^^^^^^^^^^
AttributeError: 'list' object has no attribute 'sum'
2026-06-01 12:01:17.389 [   DEBUG] (         protocol.py: 363) Exception caught
Traceback (most recent call last):
  File "C:\Users\awsch\miniconda3\envs\nsp\Lib\site-packages\rpyc\core\protocol.py", line 356, in _dispatch_request
    res = self._HANDLERS[handler](self, *args)
          ^^^^^^^^^^^^^^^^^^^^^^^^^^^^^^^^^^^^
  File "C:\Users\awsch\miniconda3\envs\nsp\Lib\site-packages\rpyc\core\protocol.py", line 853, in _handle_getattr
    return self._access_attr(obj, name, (), "_rpyc_getattr", "allow_getattr", getattr)
           ^^^^^^^^^^^^^^^^^^^^^^^^^^^^^^^^^^^^^^^^^^^^^^^^^^^^^^^^^^^^^^^^^^^^^^^^^^^
  File "C:\Users\awsch\miniconda3\envs\nsp\Lib\site-packages\rpyc\core\protocol.py", line 781, in _access_attr
    return accessor(obj, name, *args)
           ^^^^^^^^^^^^^^^^^^^^^^^^^^
AttributeError: 'list' object has no attribute '__array__'
2026-06-01 12:01:17.393 [   DEBUG] (         protocol.py: 363) Exception caught
Traceback (most recent call last):
  File "C:\Users\awsch\miniconda3\envs\nsp\Lib\site-packages\rpyc\core\protocol.py", line 356, in _dispatch_request
    res = self._HANDLERS[handler](self, *args)
          ^^^^^^^^^^^^^^^^^^^^^^^^^^^^^^^^^^^^
  File "C:\Users\awsch\miniconda3\envs\nsp\Lib\site-packages\rpyc\core\protocol.py", line 853, in _handle_getattr
    return self._access_attr(obj, name, (), "_rpyc_getattr", "allow_getattr", getattr)
           ^^^^^^^^^^^^^^^^^^^^^^^^^^^^^^^^^^^^^^^^^^^^^^^^^^^^^^^^^^^^^^^^^^^^^^^^^^^
  File "C:\Users\awsch\miniconda3\envs\nsp\Lib\site-packages\rpyc\core\protocol.py", line 781, in _access_attr
    return accessor(obj, name, *args)
           ^^^^^^^^^^^^^^^^^^^^^^^^^^
AttributeError: 'list' object has no attribute '__array_wrap__'
2026-06-01 12:01:17.394 [   DEBUG] (         protocol.py: 363) Exception caught
Traceback (most recent call last):
  File "C:\Users\awsch\miniconda3\envs\nsp\Lib\site-packages\rpyc\core\protocol.py", line 356, in _dispatch_request
    res = self._HANDLERS[handler](self, *args)
          ^^^^^^^^^^^^^^^^^^^^^^^^^^^^^^^^^^^^
  File "C:\Users\awsch\miniconda3\envs\nsp\Lib\site-packages\rpyc\core\protocol.py", line 853, in _handle_getattr
    return self._access_attr(obj, name, (), "_rpyc_getattr", "allow_getattr", getattr)
           ^^^^^^^^^^^^^^^^^^^^^^^^^^^^^^^^^^^^^^^^^^^^^^^^^^^^^^^^^^^^^^^^^^^^^^^^^^^
  File "C:\Users\awsch\miniconda3\envs\nsp\Lib\site-packages\rpyc\core\protocol.py", line 781, in _access_attr
    return accessor(obj, name, *args)
           ^^^^^^^^^^^^^^^^^^^^^^^^^^
AttributeError: 'list' object has no attribute '__array_wrap__'
2026-06-01 12:01:17.395 [   DEBUG] (         protocol.py: 363) Exception caught
Traceback (most recent call last):
  File "C:\Users\awsch\miniconda3\envs\nsp\Lib\site-packages\rpyc\core\protocol.py", line 356, in _dispatch_request
    res = self._HANDLERS[handler](self, *args)
          ^^^^^^^^^^^^^^^^^^^^^^^^^^^^^^^^^^^^
  File "C:\Users\awsch\miniconda3\envs\nsp\Lib\site-packages\rpyc\core\protocol.py", line 853, in _handle_getattr
    return self._access_attr(obj, name, (), "_rpyc_getattr", "allow_getattr", getattr)
           ^^^^^^^^^^^^^^^^^^^^^^^^^^^^^^^^^^^^^^^^^^^^^^^^^^^^^^^^^^^^^^^^^^^^^^^^^^^
  File "C:\Users\awsch\miniconda3\envs\nsp\Lib\site-packages\rpyc\core\protocol.py", line 781, in _access_attr
    return accessor(obj, name, *args)
           ^^^^^^^^^^^^^^^^^^^^^^^^^^
AttributeError: 'list' object has no attribute 'sum'
2026-06-01 12:01:17.396 [   DEBUG] (         protocol.py: 363) Exception caught
Traceback (most recent call last):
  File "C:\Users\awsch\miniconda3\envs\nsp\Lib\site-packages\rpyc\core\protocol.py", line 356, in _dispatch_request
    res = self._HANDLERS[handler](self, *args)
          ^^^^^^^^^^^^^^^^^^^^^^^^^^^^^^^^^^^^
  File "C:\Users\awsch\miniconda3\envs\nsp\Lib\site-packages\rpyc\core\protocol.py", line 853, in _handle_getattr
    return self._access_attr(obj, name, (), "_rpyc_getattr", "allow_getattr", getattr)
           ^^^^^^^^^^^^^^^^^^^^^^^^^^^^^^^^^^^^^^^^^^^^^^^^^^^^^^^^^^^^^^^^^^^^^^^^^^^
  File "C:\Users\awsch\miniconda3\envs\nsp\Lib\site-packages\rpyc\core\protocol.py", line 781, in _access_attr
    return accessor(obj, name, *args)
           ^^^^^^^^^^^^^^^^^^^^^^^^^^
AttributeError: 'list' object has no attribute 'sum'
2026-06-01 12:01:17.397 [   DEBUG] (         protocol.py: 363) Exception caught
Traceback (most recent call last):
  File "C:\Users\awsch\miniconda3\envs\nsp\Lib\site-packages\rpyc\core\protocol.py", line 356, in _dispatch_request
    res = self._HANDLERS[handler](self, *args)
          ^^^^^^^^^^^^^^^^^^^^^^^^^^^^^^^^^^^^
  File "C:\Users\awsch\miniconda3\envs\nsp\Lib\site-packages\rpyc\core\protocol.py", line 853, in _handle_getattr
    return self._access_attr(obj, name, (), "_rpyc_getattr", "allow_getattr", getattr)
           ^^^^^^^^^^^^^^^^^^^^^^^^^^^^^^^^^^^^^^^^^^^^^^^^^^^^^^^^^^^^^^^^^^^^^^^^^^^
  File "C:\Users\awsch\miniconda3\envs\nsp\Lib\site-packages\rpyc\core\protocol.py", line 781, in _access_attr
    return accessor(obj, name, *args)
           ^^^^^^^^^^^^^^^^^^^^^^^^^^
AttributeError: 'list' object has no attribute '__array__'
2026-06-01 12:01:17.400 [   DEBUG] (         protocol.py: 363) Exception caught
Traceback (most recent call last):
  File "C:\Users\awsch\miniconda3\envs\nsp\Lib\site-packages\rpyc\core\protocol.py", line 356, in _dispatch_request
    res = self._HANDLERS[handler](self, *args)
          ^^^^^^^^^^^^^^^^^^^^^^^^^^^^^^^^^^^^
  File "C:\Users\awsch\miniconda3\envs\nsp\Lib\site-packages\rpyc\core\protocol.py", line 853, in _handle_getattr
    return self._access_attr(obj, name, (), "_rpyc_getattr", "allow_getattr", getattr)
           ^^^^^^^^^^^^^^^^^^^^^^^^^^^^^^^^^^^^^^^^^^^^^^^^^^^^^^^^^^^^^^^^^^^^^^^^^^^
  File "C:\Users\awsch\miniconda3\envs\nsp\Lib\site-packages\rpyc\core\protocol.py", line 781, in _access_attr
    return accessor(obj, name, *args)
           ^^^^^^^^^^^^^^^^^^^^^^^^^^
AttributeError: 'list' object has no attribute '__array_wrap__'
2026-06-01 12:01:17.401 [   DEBUG] (         protocol.py: 363) Exception caught
Traceback (most recent call last):
  File "C:\Users\awsch\miniconda3\envs\nsp\Lib\site-packages\rpyc\core\protocol.py", line 356, in _dispatch_request
    res = self._HANDLERS[handler](self, *args)
          ^^^^^^^^^^^^^^^^^^^^^^^^^^^^^^^^^^^^
  File "C:\Users\awsch\miniconda3\envs\nsp\Lib\site-packages\rpyc\core\protocol.py", line 853, in _handle_getattr
    return self._access_attr(obj, name, (), "_rpyc_getattr", "allow_getattr", getattr)
           ^^^^^^^^^^^^^^^^^^^^^^^^^^^^^^^^^^^^^^^^^^^^^^^^^^^^^^^^^^^^^^^^^^^^^^^^^^^
  File "C:\Users\awsch\miniconda3\envs\nsp\Lib\site-packages\rpyc\core\protocol.py", line 781, in _access_attr
    return accessor(obj, name, *args)
           ^^^^^^^^^^^^^^^^^^^^^^^^^^
AttributeError: 'list' object has no attribute '__array_wrap__'
2026-06-01 12:01:17.407 [   DEBUG] (        highlevel.py: 186) viWrite(2, b'FREQ 9700000000.00\r\n', 20, 'c_ulong(20)') -> 0
2026-06-01 12:01:17.884 [   DEBUG] (         protocol.py: 363) Exception caught
Traceback (most recent call last):
  File "C:\Users\awsch\miniconda3\envs\nsp\Lib\site-packages\rpyc\core\protocol.py", line 356, in _dispatch_request
    res = self._HANDLERS[handler](self, *args)
          ^^^^^^^^^^^^^^^^^^^^^^^^^^^^^^^^^^^^
  File "C:\Users\awsch\miniconda3\envs\nsp\Lib\site-packages\rpyc\core\protocol.py", line 853, in _handle_getattr
    return self._access_attr(obj, name, (), "_rpyc_getattr", "allow_getattr", getattr)
           ^^^^^^^^^^^^^^^^^^^^^^^^^^^^^^^^^^^^^^^^^^^^^^^^^^^^^^^^^^^^^^^^^^^^^^^^^^^
  File "C:\Users\awsch\miniconda3\envs\nsp\Lib\site-packages\rpyc\core\protocol.py", line 781, in _access_attr
    return accessor(obj, name, *args)
           ^^^^^^^^^^^^^^^^^^^^^^^^^^
AttributeError: 'list' object has no attribute 'sum'
2026-06-01 12:01:17.886 [   DEBUG] (         protocol.py: 363) Exception caught
Traceback (most recent call last):
  File "C:\Users\awsch\miniconda3\envs\nsp\Lib\site-packages\rpyc\core\protocol.py", line 356, in _dispatch_request
    res = self._HANDLERS[handler](self, *args)
          ^^^^^^^^^^^^^^^^^^^^^^^^^^^^^^^^^^^^
  File "C:\Users\awsch\miniconda3\envs\nsp\Lib\site-packages\rpyc\core\protocol.py", line 853, in _handle_getattr
    return self._access_attr(obj, name, (), "_rpyc_getattr", "allow_getattr", getattr)
           ^^^^^^^^^^^^^^^^^^^^^^^^^^^^^^^^^^^^^^^^^^^^^^^^^^^^^^^^^^^^^^^^^^^^^^^^^^^
  File "C:\Users\awsch\miniconda3\envs\nsp\Lib\site-packages\rpyc\core\protocol.py", line 781, in _access_attr
    return accessor(obj, name, *args)
           ^^^^^^^^^^^^^^^^^^^^^^^^^^
AttributeError: 'list' object has no attribute 'sum'
2026-06-01 12:01:17.889 [   DEBUG] (         protocol.py: 363) Exception caught
Traceback (most recent call last):
  File "C:\Users\awsch\miniconda3\envs\nsp\Lib\site-packages\rpyc\core\protocol.py", line 356, in _dispatch_request
    res = self._HANDLERS[handler](self, *args)
          ^^^^^^^^^^^^^^^^^^^^^^^^^^^^^^^^^^^^
  File "C:\Users\awsch\miniconda3\envs\nsp\Lib\site-packages\rpyc\core\protocol.py", line 853, in _handle_getattr
    return self._access_attr(obj, name, (), "_rpyc_getattr", "allow_getattr", getattr)
           ^^^^^^^^^^^^^^^^^^^^^^^^^^^^^^^^^^^^^^^^^^^^^^^^^^^^^^^^^^^^^^^^^^^^^^^^^^^
  File "C:\Users\awsch\miniconda3\envs\nsp\Lib\site-packages\rpyc\core\protocol.py", line 781, in _access_attr
    return accessor(obj, name, *args)
           ^^^^^^^^^^^^^^^^^^^^^^^^^^
AttributeError: 'list' object has no attribute '__array__'
2026-06-01 12:01:17.898 [   DEBUG] (         protocol.py: 363) Exception caught
Traceback (most recent call last):
  File "C:\Users\awsch\miniconda3\envs\nsp\Lib\site-packages\rpyc\core\protocol.py", line 356, in _dispatch_request
    res = self._HANDLERS[handler](self, *args)
          ^^^^^^^^^^^^^^^^^^^^^^^^^^^^^^^^^^^^
  File "C:\Users\awsch\miniconda3\envs\nsp\Lib\site-packages\rpyc\core\protocol.py", line 853, in _handle_getattr
    return self._access_attr(obj, name, (), "_rpyc_getattr", "allow_getattr", getattr)
           ^^^^^^^^^^^^^^^^^^^^^^^^^^^^^^^^^^^^^^^^^^^^^^^^^^^^^^^^^^^^^^^^^^^^^^^^^^^
  File "C:\Users\awsch\miniconda3\envs\nsp\Lib\site-packages\rpyc\core\protocol.py", line 781, in _access_attr
    return accessor(obj, name, *args)
           ^^^^^^^^^^^^^^^^^^^^^^^^^^
AttributeError: 'list' object has no attribute '__array_wrap__'
2026-06-01 12:01:17.901 [   DEBUG] (         protocol.py: 363) Exception caught
Traceback (most recent call last):
  File "C:\Users\awsch\miniconda3\envs\nsp\Lib\site-packages\rpyc\core\protocol.py", line 356, in _dispatch_request
    res = self._HANDLERS[handler](self, *args)
          ^^^^^^^^^^^^^^^^^^^^^^^^^^^^^^^^^^^^
  File "C:\Users\awsch\miniconda3\envs\nsp\Lib\site-packages\rpyc\core\protocol.py", line 853, in _handle_getattr
    return self._access_attr(obj, name, (), "_rpyc_getattr", "allow_getattr", getattr)
           ^^^^^^^^^^^^^^^^^^^^^^^^^^^^^^^^^^^^^^^^^^^^^^^^^^^^^^^^^^^^^^^^^^^^^^^^^^^
  File "C:\Users\awsch\miniconda3\envs\nsp\Lib\site-packages\rpyc\core\protocol.py", line 781, in _access_attr
    return accessor(obj, name, *args)
           ^^^^^^^^^^^^^^^^^^^^^^^^^^
AttributeError: 'list' object has no attribute '__array_wrap__'
2026-06-01 12:01:17.904 [   DEBUG] (         protocol.py: 363) Exception caught
Traceback (most recent call last):
  File "C:\Users\awsch\miniconda3\envs\nsp\Lib\site-packages\rpyc\core\protocol.py", line 356, in _dispatch_request
    res = self._HANDLERS[handler](self, *args)
          ^^^^^^^^^^^^^^^^^^^^^^^^^^^^^^^^^^^^
  File "C:\Users\awsch\miniconda3\envs\nsp\Lib\site-packages\rpyc\core\protocol.py", line 853, in _handle_getattr
    return self._access_attr(obj, name, (), "_rpyc_getattr", "allow_getattr", getattr)
           ^^^^^^^^^^^^^^^^^^^^^^^^^^^^^^^^^^^^^^^^^^^^^^^^^^^^^^^^^^^^^^^^^^^^^^^^^^^
  File "C:\Users\awsch\miniconda3\envs\nsp\Lib\site-packages\rpyc\core\protocol.py", line 781, in _access_attr
    return accessor(obj, name, *args)
           ^^^^^^^^^^^^^^^^^^^^^^^^^^
AttributeError: 'list' object has no attribute 'sum'
2026-06-01 12:01:17.907 [   DEBUG] (         protocol.py: 363) Exception caught
Traceback (most recent call last):
  File "C:\Users\awsch\miniconda3\envs\nsp\Lib\site-packages\rpyc\core\protocol.py", line 356, in _dispatch_request
    res = self._HANDLERS[handler](self, *args)
          ^^^^^^^^^^^^^^^^^^^^^^^^^^^^^^^^^^^^
  File "C:\Users\awsch\miniconda3\envs\nsp\Lib\site-packages\rpyc\core\protocol.py", line 853, in _handle_getattr
    return self._access_attr(obj, name, (), "_rpyc_getattr", "allow_getattr", getattr)
           ^^^^^^^^^^^^^^^^^^^^^^^^^^^^^^^^^^^^^^^^^^^^^^^^^^^^^^^^^^^^^^^^^^^^^^^^^^^
  File "C:\Users\awsch\miniconda3\envs\nsp\Lib\site-packages\rpyc\core\protocol.py", line 781, in _access_attr
    return accessor(obj, name, *args)
           ^^^^^^^^^^^^^^^^^^^^^^^^^^
AttributeError: 'list' object has no attribute 'sum'
2026-06-01 12:01:17.909 [   DEBUG] (         protocol.py: 363) Exception caught
Traceback (most recent call last):
  File "C:\Users\awsch\miniconda3\envs\nsp\Lib\site-packages\rpyc\core\protocol.py", line 356, in _dispatch_request
    res = self._HANDLERS[handler](self, *args)
          ^^^^^^^^^^^^^^^^^^^^^^^^^^^^^^^^^^^^
  File "C:\Users\awsch\miniconda3\envs\nsp\Lib\site-packages\rpyc\core\protocol.py", line 853, in _handle_getattr
    return self._access_attr(obj, name, (), "_rpyc_getattr", "allow_getattr", getattr)
           ^^^^^^^^^^^^^^^^^^^^^^^^^^^^^^^^^^^^^^^^^^^^^^^^^^^^^^^^^^^^^^^^^^^^^^^^^^^
  File "C:\Users\awsch\miniconda3\envs\nsp\Lib\site-packages\rpyc\core\protocol.py", line 781, in _access_attr
    return accessor(obj, name, *args)
           ^^^^^^^^^^^^^^^^^^^^^^^^^^
AttributeError: 'list' object has no attribute '__array__'
2026-06-01 12:01:17.919 [   DEBUG] (         protocol.py: 363) Exception caught
Traceback (most recent call last):
  File "C:\Users\awsch\miniconda3\envs\nsp\Lib\site-packages\rpyc\core\protocol.py", line 356, in _dispatch_request
    res = self._HANDLERS[handler](self, *args)
          ^^^^^^^^^^^^^^^^^^^^^^^^^^^^^^^^^^^^
  File "C:\Users\awsch\miniconda3\envs\nsp\Lib\site-packages\rpyc\core\protocol.py", line 853, in _handle_getattr
    return self._access_attr(obj, name, (), "_rpyc_getattr", "allow_getattr", getattr)
           ^^^^^^^^^^^^^^^^^^^^^^^^^^^^^^^^^^^^^^^^^^^^^^^^^^^^^^^^^^^^^^^^^^^^^^^^^^^
  File "C:\Users\awsch\miniconda3\envs\nsp\Lib\site-packages\rpyc\core\protocol.py", line 781, in _access_attr
    return accessor(obj, name, *args)
           ^^^^^^^^^^^^^^^^^^^^^^^^^^
AttributeError: 'list' object has no attribute '__array_wrap__'
2026-06-01 12:01:17.921 [   DEBUG] (         protocol.py: 363) Exception caught
Traceback (most recent call last):
  File "C:\Users\awsch\miniconda3\envs\nsp\Lib\site-packages\rpyc\core\protocol.py", line 356, in _dispatch_request
    res = self._HANDLERS[handler](self, *args)
          ^^^^^^^^^^^^^^^^^^^^^^^^^^^^^^^^^^^^
  File "C:\Users\awsch\miniconda3\envs\nsp\Lib\site-packages\rpyc\core\protocol.py", line 853, in _handle_getattr
    return self._access_attr(obj, name, (), "_rpyc_getattr", "allow_getattr", getattr)
           ^^^^^^^^^^^^^^^^^^^^^^^^^^^^^^^^^^^^^^^^^^^^^^^^^^^^^^^^^^^^^^^^^^^^^^^^^^^
  File "C:\Users\awsch\miniconda3\envs\nsp\Lib\site-packages\rpyc\core\protocol.py", line 781, in _access_attr
    return accessor(obj, name, *args)
           ^^^^^^^^^^^^^^^^^^^^^^^^^^
AttributeError: 'list' object has no attribute '__array_wrap__'
2026-06-01 12:01:18.062 [   DEBUG] (        highlevel.py: 186) viWrite(2, b'OUTP:STAT 0\r\n', 13, 'c_ulong(13)') -> 0
2026-06-01 12:01:18.064 [    INFO] (           server.py: 356) Client <rpyc.core.protocol.Connection 'conn34' object at 0x000001A89B109310> disconnected.
2026-06-01 12:01:18.065 [    INFO] (           server.py: 207) goodbye ('127.0.0.1', 57917)
2026-06-01 12:10:27.544 [    INFO] (           server.py: 157) accepted ('127.0.0.1', 58378) with fd 1407324
2026-06-01 12:10:27.547 [    INFO] (           server.py: 200) welcome ('127.0.0.1', 58378)
2026-06-01 12:10:27.547 [    INFO] (           server.py: 352) Client <rpyc.core.protocol.Connection 'conn35' object at 0x000001A89B81ECD0> connected.
2026-06-01 12:10:30.013 [   DEBUG] (        highlevel.py: 186) viWrite(1, b'SENSE:CORRECTION:WAVELENGTH 1041.7\r\n', 36, 'c_ulong(36)') -> 0
2026-06-01 12:10:30.019 [   DEBUG] (        highlevel.py: 186) viWrite(1, b'SENS:CORR:WAV?\r\n', 16, 'c_ulong(16)') -> 0
2026-06-01 12:10:30.020 [   DEBUG] (     messagebased.py: 435) USB0::0x1313::0x8072::1916964::0::INSTR - reading 20480 bytes (last status <StatusCode.success_max_count_read: 1073676294>)
2026-06-01 12:10:30.022 [   DEBUG] (        highlevel.py: 186) viRead(1, <ctypes.c_char_Array_20480 object at 0x000001A89B9C84D0>, 20480, 'c_ulong(13)') -> 0
2026-06-01 12:10:30.100 [   DEBUG] (        highlevel.py: 186) viWrite(2, b'FREQ 9400000000.00\r\n', 20, 'c_ulong(20)') -> 0
2026-06-01 12:10:30.103 [   DEBUG] (        highlevel.py: 186) viWrite(2, b'POW:AMPL 0.00\r\n', 15, 'c_ulong(15)') -> 0
2026-06-01 12:10:30.105 [   DEBUG] (        highlevel.py: 186) viWrite(2, b'OUTP:STAT 1\r\n', 13, 'c_ulong(13)') -> 0
2026-06-01 12:10:30.108 [   DEBUG] (        highlevel.py: 186) viWrite(2, b'FREQ 9400000000.00\r\n', 20, 'c_ulong(20)') -> 0
2026-06-01 12:10:40.290 [   DEBUG] (         protocol.py: 363) Exception caught
Traceback (most recent call last):
  File "C:\Users\awsch\miniconda3\envs\nsp\Lib\site-packages\rpyc\core\protocol.py", line 356, in _dispatch_request
    res = self._HANDLERS[handler](self, *args)
          ^^^^^^^^^^^^^^^^^^^^^^^^^^^^^^^^^^^^
  File "C:\Users\awsch\miniconda3\envs\nsp\Lib\site-packages\rpyc\core\protocol.py", line 837, in _handle_call
    return obj(*args, **dict(kwargs))
           ^^^^^^^^^^^^^^^^^^^^^^^^^^
  File "C:\Users\awsch\rosetta\src\rosetta\drivers\ni\ni_photonCounting.py", line 143, in readCtrs_singleChannel_externalTrig_externalClk
    readerStream.read_many_sample_uint32(ctrRawCts,
  File "C:\Users\awsch\miniconda3\envs\nsp\Lib\site-packages\nidaqmx\stream_readers.py", line 1485, in read_many_sample_uint32
    _, samps_per_chan_read = self._interpreter.read_counter_u32_ex(
                             ^^^^^^^^^^^^^^^^^^^^^^^^^^^^^^^^^^^^^^
  File "C:\Users\awsch\miniconda3\envs\nsp\Lib\site-packages\nidaqmx\_library_interpreter.py", line 4114, in read_counter_u32_ex
    self.check_for_error(error_code, samps_per_chan_read=samps_per_chan_read.value)
  File "C:\Users\awsch\miniconda3\envs\nsp\Lib\site-packages\nidaqmx\_library_interpreter.py", line 6037, in check_for_error
    raise DaqReadError(extended_error_info, error_code, samps_per_chan_read)
nidaqmx.errors.DaqReadError: Some or all of the samples requested have not yet been acquired.
To wait for the samples to become available use a longer read timeout or read later in your program. To make the samples available sooner, increase the sample rate. If your task uses a start trigger,  make sure that your start trigger is configured correctly. It is also possible that you configured the task for external timing, and no clock was supplied. If this is the case, supply an external clock.

Property: DAQmx_Read_RelativeTo
Corresponding Value: DAQmx_Val_CurrReadPos
Property: DAQmx_Read_Offset
Corresponding Value: 0

Task Name: _unnamedTask<586BE>

Status Code: -200284
2026-06-01 12:10:40.307 [    INFO] (           server.py: 356) Client <rpyc.core.protocol.Connection 'conn35' object at 0x000001A89B81ECD0> disconnected.
2026-06-01 12:10:40.308 [    INFO] (           server.py: 207) goodbye ('127.0.0.1', 58378)
